0 10.416666666666684
1 8.643611064888836
2 7.245801145782251
3 6.130229058101587
4 5.229283641151582
5 4.493404605784918
6 3.8859392988983843
7 3.3795255541808893
8 2.953535459361391
9 2.5922593602156625
10 2.2836084098394345
11 2.018181934943805
12 1.788592664007972
13 1.5889751353081896
14 1.414624933950811
15 1.2617319061130468
16 1.1271812915923618
17 1.0084042583751534
18 0.9032646143909897
19 0.8099721991411749
20 0.7270160953175525
21 0.6531126754330427
22 0.5871648379757903
23 0.528229749609646
24 0.47549310467085487
25 0.42824841781299
26 0.38588023435896485
27 0.3478504139980092
28 0.31368684403601116
29 0.2829740877734591
30 0.2553455855532385
31 0.23047711051354322
32 0.20808124526796554
33 0.18790269482165994
34 0.16971428882123246
35 0.15331355551862733
36 0.13851977266771823
37 0.12517141849830996
38 0.11312396007038032
39 0.1022479275618472
40 0.09242723203631771
41 0.08355769146773763
42 0.07554573564486759
43 0.06830726533106263
44 0.061766644938985066
45 0.05585581117071353
46 0.0505134827080798
47 0.04568445822362485
48 0.041318991804253156
49 0.03737223640503796
50 0.03380374723347639
51 0.0305770380480172
52 0.02765918427358322
53 0.025020467619226487
54 0.02263405755177985
55 0.020475725553035746
56 0.018523588581830872
57 0.01675787858897905
58 0.0151607353026285
59 0.013716019822898015
60 0.012409146844703864
61 0.011226933572489464
62 0.010157463605101136
63 0.009189964257522441
0 10.416666666666682
1 8.643611064888827
2 7.245801145782241
3 6.130229058101566
4 5.229283641151578
5 4.493404605784912
6 3.885939298898388
7 3.379525554180887
8 2.953535459361392
9 2.5922593602156607
10 2.2836084098394376
11 2.0181819349437973
12 1.7885926640079701
13 1.5889751353081887
14 1.414624933950812
15 1.2617319061130448
16 1.1271812915923598
17 1.0084042583751527
18 0.9032646143909895
19 0.8099721991411761
20 0.7270160953175536
21 0.6531126754330431
22 0.5871648379757903
23 0.5282297496096466
24 0.47549310467085426
25 0.42824841781299033
26 0.3858802343589648
27 0.3478504139980089
28 0.3136868440360106
29 0.2829740877734588
30 0.2553455855532383
31 0.230477110513543
32 0.2080812452679656
33 0.18790269482166017
34 0.1697142888212324
35 0.1533135555186273
36 0.13851977266771787
37 0.12517141849830984
38 0.11312396007038054
39 0.1022479275618473
40 0.0924272320363178
41 0.08355769146773769
42 0.07554573564486766
43 0.06830726533106261
44 0.0617666449389851
45 0.055855811170713525
46 0.05051348270807988
47 0.0456844582236249
48 0.04131899180425323
49 0.03737223640503799
50 0.03380374723347643
51 0.030577038048017174
52 0.0276591842735832
53 0.02502046761922651
54 0.022634057551779847
55 0.02047572555303575
56 0.01852358858183089
57 0.01675787858897906
58 0.015160735302628514
59 0.013716019822898032
60 0.012409146844703862
61 0.011226933572489483
62 0.01015746360510115
63 0.009189964257522453
0 10.41666666666666
1 8.64361106488883
2 7.24580114578223
3 6.130229058101583
4 5.229283641151564
5 4.493404605784919
6 3.8859392988983825
7 3.3795255541808857
8 2.9535354593613885
9 2.592259360215659
10 2.283608409839435
11 2.018181934943806
12 1.7885926640079708
13 1.5889751353081873
14 1.414624933950811
15 1.2617319061130454
16 1.12718129159236
17 1.0084042583751547
18 0.9032646143909888
19 0.8099721991411756
20 0.7270160953175537
21 0.6531126754330422
22 0.5871648379757899
23 0.5282297496096459
24 0.47549310467085365
25 0.4282484178129905
26 0.38588023435896457
27 0.3478504139980088
28 0.3136868440360102
29 0.2829740877734586
30 0.2553455855532384
31 0.2304771105135436
32 0.20808124526796523
33 0.1879026948216604
34 0.1697142888212326
35 0.1533135555186275
36 0.1385197726677181
37 0.1251714184983097
38 0.11312396007038036
39 0.10224792756184727
40 0.09242723203631778
41 0.08355769146773781
42 0.07554573564486758
43 0.06830726533106261
44 0.0617666449389852
45 0.05585581117071354
46 0.0505134827080799
47 0.04568445822362481
48 0.04131899180425319
49 0.037372236405037965
50 0.033803747233476455
51 0.030577038048017174
52 0.027659184273583222
53 0.025020467619226515
54 0.02263405755177986
55 0.020475725553035763
56 0.01852358858183086
57 0.016757878588979053
58 0.015160735302628514
59 0.013716019822897994
60 0.012409146844703867
61 0.011226933572489465
62 0.010157463605101145
63 0.009189964257522458
0 10.416666666666684
1 8.643611064888836
2 7.245801145782245
3 6.130229058101562
4 5.229283641151572
5 4.493404605784921
6 3.8859392988983803
7 3.3795255541808875
8 2.9535354593613916
9 2.59225936021566
10 2.283608409839431
11 2.0181819349438035
12 1.7885926640079723
13 1.588975135308192
14 1.4146249339508103
15 1.2617319061130454
16 1.1271812915923594
17 1.008404258375152
18 0.9032646143909903
19 0.8099721991411747
20 0.7270160953175535
21 0.6531126754330422
22 0.5871648379757907
23 0.5282297496096465
24 0.4754931046708533
25 0.42824841781299033
26 0.3858802343589651
27 0.3478504139980092
28 0.31368684403601044
29 0.2829740877734586
30 0.2553455855532386
31 0.23047711051354358
32 0.20808124526796548
33 0.1879026948216602
34 0.16971428882123238
35 0.15331355551862694
36 0.13851977266771792
37 0.12517141849830968
38 0.11312396007038049
39 0.10224792756184721
40 0.09242723203631766
41 0.08355769146773781
42 0.07554573564486769
43 0.06830726533106236
44 0.061766644938985066
45 0.05585581117071353
46 0.05051348270807982
47 0.04568445822362481
48 0.041318991804253136
49 0.03737223640503796
50 0.033803747233476455
51 0.030577038048017213
52 0.027659184273583264
53 0.025020467619226546
54 0.022634057551779885
55 0.02047572555303571
56 0.01852358858183089
57 0.016757878588979015
58 0.015160735302628502
59 0.013716019822897994
60 0.012409146844703886
61 0.011226933572489483
62 0.010157463605101143
63 0.009189964257522472
0 10.416666666666666
1 8.643611064888836
2 7.245801145782238
3 6.130229058101578
4 5.229283641151571
5 4.4934046057849155
6 3.885939298898378
7 3.379525554180892
8 2.953535459361392
9 2.5922593602156585
10 2.2836084098394354
11 2.0181819349438013
12 1.7885926640079717
13 1.5889751353081896
14 1.4146249339508088
15 1.2617319061130468
16 1.1271812915923594
17 1.0084042583751551
18 0.90326461439099
19 0.8099721991411756
20 0.7270160953175536
21 0.6531126754330423
22 0.5871648379757899
23 0.5282297496096457
24 0.47549310467085487
25 0.4282484178129908
26 0.3858802343589655
27 0.34785041399800887
28 0.31368684403601116
29 0.2829740877734583
30 0.2553455855532383
31 0.23047711051354322
32 0.20808124526796573
33 0.1879026948216599
34 0.16971428882123232
35 0.15331355551862744
36 0.1385197726677183
37 0.12517141849830993
38 0.11312396007038034
39 0.10224792756184732
40 0.09242723203631771
41 0.0835576914677378
42 0.07554573564486762
43 0.06830726533106249
44 0.061766644938985094
45 0.05585581117071361
46 0.05051348270807985
47 0.04568445822362486
48 0.04131899180425322
49 0.037372236405038
50 0.03380374723347645
51 0.030577038048017126
52 0.027659184273583232
53 0.02502046761922652
54 0.022634057551779833
55 0.02047572555303574
56 0.018523588581830844
57 0.016757878588979057
58 0.015160735302628518
59 0.013716019822898023
60 0.012409146844703902
61 0.011226933572489472
62 0.010157463605101145
63 0.00918996425752245
0 10.416666666666671
1 8.643611064888828
2 7.245801145782263
3 6.1302290581015715
4 5.229283641151573
5 4.49340460578493
6 3.885939298898377
7 3.379525554180888
8 2.953535459361392
9 2.5922593602156603
10 2.2836084098394314
11 2.0181819349438013
12 1.7885926640079701
13 1.5889751353081902
14 1.414624933950808
15 1.2617319061130452
16 1.1271812915923614
17 1.0084042583751553
18 0.903264614390988
19 0.8099721991411761
20 0.7270160953175536
21 0.6531126754330417
22 0.5871648379757892
23 0.5282297496096462
24 0.47549310467085426
25 0.4282484178129909
26 0.38588023435896485
27 0.34785041399800914
28 0.31368684403601066
29 0.2829740877734586
30 0.25534558555323866
31 0.23047711051354294
32 0.20808124526796573
33 0.1879026948216603
34 0.16971428882123252
35 0.15331355551862733
36 0.13851977266771806
37 0.12517141849830998
38 0.11312396007038035
39 0.10224792756184738
40 0.09242723203631778
41 0.08355769146773771
42 0.07554573564486772
43 0.06830726533106252
44 0.061766644938985114
45 0.055855811170713636
46 0.05051348270807992
47 0.04568445822362483
48 0.04131899180425321
49 0.03737223640503796
50 0.03380374723347646
51 0.030577038048017192
52 0.027659184273583194
53 0.0250204676192265
54 0.022634057551779836
55 0.02047572555303576
56 0.01852358858183087
57 0.016757878588979085
58 0.015160735302628521
59 0.013716019822898023
60 0.012409146844703867
61 0.011226933572489477
62 0.010157463605101143
63 0.00918996425752245
0 10.416666666666663
1 8.643611064888837
2 7.245801145782247
3 6.130229058101568
4 5.229283641151561
5 4.493404605784926
6 3.885939298898385
7 3.3795255541808844
8 2.953535459361396
9 2.59225936021566
10 2.2836084098394402
11 2.018181934943803
12 1.7885926640079701
13 1.5889751353081913
14 1.4146249339508106
15 1.2617319061130463
16 1.12718129159236
17 1.0084042583751534
18 0.90326461439099
19 0.8099721991411762
20 0.7270160953175547
21 0.6531126754330434
22 0.587164837975789
23 0.5282297496096462
24 0.47549310467085426
25 0.4282484178129901
26 0.38588023435896546
27 0.3478504139980095
28 0.3136868440360106
29 0.2829740877734588
30 0.2553455855532383
31 0.23047711051354278
32 0.20808124526796593
33 0.1879026948216605
34 0.16971428882123255
35 0.1533135555186273
36 0.13851977266771773
37 0.1251714184983097
38 0.11312396007038031
39 0.10224792756184725
40 0.09242723203631793
41 0.08355769146773771
42 0.07554573564486766
43 0.06830726533106254
44 0.061766644938985094
45 0.05585581117071348
46 0.05051348270807992
47 0.04568445822362477
48 0.041318991804253205
49 0.03737223640503793
50 0.033803747233476435
51 0.03057703804801722
52 0.027659184273583222
53 0.02502046761922653
54 0.02263405755177984
55 0.020475725553035784
56 0.0185235885818309
57 0.016757878588979036
58 0.015160735302628518
59 0.013716019822898032
60 0.012409146844703877
61 0.011226933572489458
62 0.010157463605101143
63 0.009189964257522464
0 10.416666666666684
1 8.643611064888828
2 7.245801145782245
3 6.130229058101576
4 5.229283641151569
5 4.493404605784923
6 3.8859392988983807
7 3.3795255541808835
8 2.9535354593613947
9 2.592259360215663
10 2.2836084098394327
11 2.0181819349438013
12 1.7885926640079717
13 1.5889751353081887
14 1.4146249339508101
15 1.2617319061130443
16 1.1271812915923605
17 1.0084042583751538
18 0.9032646143909897
19 0.8099721991411744
20 0.7270160953175555
21 0.6531126754330424
22 0.5871648379757896
23 0.5282297496096475
24 0.4754931046708538
25 0.42824841781299
26 0.3858802343589647
27 0.3478504139980084
28 0.313686844036011
29 0.28297408777345856
30 0.2553455855532382
31 0.23047711051354336
32 0.2080812452679654
33 0.18790269482166042
34 0.16971428882123216
35 0.1533135555186272
36 0.13851977266771787
37 0.12517141849831
38 0.11312396007038056
39 0.1022479275618472
40 0.09242723203631789
41 0.08355769146773774
42 0.07554573564486777
43 0.06830726533106243
44 0.061766644938984996
45 0.05585581117071346
46 0.050513482708079885
47 0.045684458223624914
48 0.04131899180425323
49 0.037372236405037944
50 0.03380374723347649
51 0.030577038048017192
52 0.027659184273583232
53 0.025020467619226525
54 0.022634057551779847
55 0.02047572555303573
56 0.018523588581830844
57 0.016757878588979053
58 0.015160735302628509
59 0.013716019822898036
60 0.012409146844703869
61 0.011226933572489446
62 0.010157463605101143
63 0.009189964257522472
0 10.416666666666666
1 8.643611064888841
2 7.245801145782231
3 6.130229058101565
4 5.229283641151561
5 4.493404605784933
6 3.885939298898388
7 3.3795255541808973
8 2.9535354593613943
9 2.5922593602156634
10 2.2836084098394314
11 2.0181819349438057
12 1.7885926640079688
13 1.588975135308188
14 1.41462493395081
15 1.2617319061130452
16 1.1271812915923611
17 1.0084042583751534
18 0.9032646143909894
19 0.8099721991411754
20 0.7270160953175554
21 0.653112675433042
22 0.5871648379757897
23 0.5282297496096466
24 0.47549310467085304
25 0.42824841781299045
26 0.385880234358965
27 0.34785041399800964
28 0.3136868440360107
29 0.2829740877734585
30 0.2553455855532388
31 0.23047711051354305
32 0.20808124526796573
33 0.1879026948216604
34 0.1697142888212325
35 0.15331355551862721
36 0.1385197726677181
37 0.12517141849830968
38 0.1131239600703803
39 0.10224792756184718
40 0.09242723203631772
41 0.08355769146773775
42 0.07554573564486773
43 0.06830726533106249
44 0.061766644938985094
45 0.05585581117071359
46 0.050513482708079954
47 0.04568445822362486
48 0.041318991804253094
49 0.037372236405038006
50 0.03380374723347636
51 0.03057703804801713
52 0.02765918427358324
53 0.025020467619226484
54 0.022634057551779885
55 0.02047572555303575
56 0.01852358858183086
57 0.01675787858897902
58 0.015160735302628514
59 0.013716019822898039
60 0.012409146844703872
61 0.011226933572489486
62 0.01015746360510115
63 0.009189964257522465
0 10.416666666666666
1 8.643611064888828
2 7.245801145782237
3 6.130229058101573
4 5.2292836411515715
5 4.493404605784921
6 3.8859392988983745
7 3.3795255541808884
8 2.953535459361391
9 2.5922593602156594
10 2.2836084098394354
11 2.0181819349438053
12 1.7885926640079712
13 1.5889751353081902
14 1.4146249339508128
15 1.2617319061130468
16 1.1271812915923618
17 1.0084042583751527
18 0.9032646143909894
19 0.8099721991411767
20 0.7270160953175548
21 0.6531126754330423
22 0.5871648379757903
23 0.5282297496096466
24 0.47549310467085404
25 0.42824841781299045
26 0.38588023435896496
27 0.3478504139980093
28 0.3136868440360105
29 0.28297408777345806
30 0.2553455855532384
31 0.23047711051354366
32 0.20808124526796518
33 0.18790269482166017
34 0.1697142888212325
35 0.15331355551862733
36 0.1385197726677182
37 0.12517141849830996
38 0.11312396007038052
39 0.10224792756184736
40 0.09242723203631775
41 0.08355769146773774
42 0.07554573564486768
43 0.06830726533106252
44 0.06176664493898508
45 0.05585581117071351
46 0.05051348270807997
47 0.0456844582236248
48 0.0413189918042532
49 0.037372236405038
50 0.03380374723347638
51 0.030577038048017167
52 0.027659184273583215
53 0.02502046761922647
54 0.02263405755177979
55 0.020475725553035732
56 0.01852358858183086
57 0.016757878588979036
58 0.015160735302628521
59 0.013716019822898008
60 0.012409146844703895
61 0.011226933572489448
62 0.010157463605101117
63 0.009189964257522455
0 10.41666666666668
1 8.643611064888837
2 7.2458011457822336
3 6.130229058101573
4 5.229283641151577
5 4.49340460578492
6 3.8859392988983816
7 3.3795255541808897
8 2.9535354593613916
9 2.5922593602156607
10 2.283608409839435
11 2.018181934943804
12 1.788592664007969
13 1.588975135308191
14 1.4146249339508106
15 1.2617319061130468
16 1.1271812915923587
17 1.0084042583751538
18 0.9032646143909909
19 0.8099721991411747
20 0.727016095317553
21 0.6531126754330412
22 0.5871648379757899
23 0.5282297496096477
24 0.47549310467085437
25 0.4282484178129914
26 0.38588023435896485
27 0.3478504139980097
28 0.3136868440360106
29 0.28297408777345884
30 0.2553455855532384
31 0.23047711051354297
32 0.2080812452679658
33 0.18790269482166025
34 0.16971428882123274
35 0.15331355551862733
36 0.1385197726677181
37 0.12517141849830976
38 0.11312396007038052
39 0.10224792756184714
40 0.09242723203631786
41 0.08355769146773773
42 0.07554573564486765
43 0.06830726533106246
44 0.06176664493898505
45 0.055855811170713546
46 0.05051348270807985
47 0.04568445822362482
48 0.041318991804253254
49 0.03737223640503796
50 0.03380374723347642
51 0.030577038048017192
52 0.02765918427358322
53 0.025020467619226536
54 0.02263405755177987
55 0.02047572555303574
56 0.018523588581830917
57 0.01675787858897906
58 0.015160735302628509
59 0.013716019822898015
60 0.012409146844703869
61 0.01122693357248946
62 0.010157463605101157
63 0.00918996425752245
0 10.416666666666684
1 8.643611064888828
2 7.2458011457822415
3 6.130229058101557
4 5.229283641151573
5 4.493404605784921
6 3.8859392988983785
7 3.3795255541808906
8 2.953535459361393
9 2.5922593602156585
10 2.283608409839432
11 2.018181934943801
12 1.788592664007972
13 1.5889751353081902
14 1.4146249339508086
15 1.2617319061130448
16 1.1271812915923607
17 1.0084042583751551
18 0.9032646143909895
19 0.809972199141175
20 0.7270160953175552
21 0.6531126754330421
22 0.5871648379757902
23 0.5282297496096472
24 0.47549310467085415
25 0.4282484178129906
26 0.3858802343589651
27 0.34785041399800903
28 0.3136868440360106
29 0.2829740877734585
30 0.2553455855532384
31 0.230477110513543
32 0.20808124526796568
33 0.18790269482166028
34 0.16971428882123252
35 0.1533135555186273
36 0.13851977266771806
37 0.12517141849830998
38 0.11312396007038018
39 0.10224792756184736
40 0.0924272320363178
41 0.08355769146773766
42 0.0755457356448677
43 0.06830726533106249
44 0.06176664493898517
45 0.0558558111707135
46 0.05051348270807988
47 0.04568445822362482
48 0.041318991804253156
49 0.037372236405037916
50 0.03380374723347644
51 0.030577038048017206
52 0.027659184273583264
53 0.02502046761922653
54 0.02263405755177986
55 0.02047572555303574
56 0.018523588581830893
57 0.016757878588979033
58 0.015160735302628509
59 0.013716019822898027
60 0.012409146844703853
61 0.011226933572489483
62 0.010157463605101136
63 0.009189964257522455
0 10.416666666666671
1 8.643611064888827
2 7.245801145782247
3 6.1302290581015635
4 5.229283641151577
5 4.4934046057849155
6 3.8859392988983807
7 3.3795255541808893
8 2.9535354593613894
9 2.5922593602156687
10 2.2836084098394327
11 2.0181819349438026
12 1.7885926640079728
13 1.5889751353081871
14 1.4146249339508121
15 1.2617319061130459
16 1.1271812915923614
17 1.0084042583751527
18 0.9032646143909886
19 0.8099721991411765
20 0.7270160953175547
21 0.6531126754330424
22 0.5871648379757902
23 0.5282297496096466
24 0.47549310467085326
25 0.42824841781298967
26 0.3858802343589642
27 0.34785041399800865
28 0.31368684403600994
29 0.2829740877734585
30 0.2553455855532383
31 0.2304771105135431
32 0.2080812452679658
33 0.18790269482166028
34 0.1697142888212325
35 0.1533135555186273
36 0.1385197726677179
37 0.12517141849830973
38 0.11312396007038036
39 0.10224792756184715
40 0.09242723203631775
41 0.08355769146773774
42 0.07554573564486781
43 0.0683072653310625
44 0.06176664493898508
45 0.05585581117071353
46 0.05051348270807986
47 0.045684458223624914
48 0.041318991804253094
49 0.03737223640503798
50 0.03380374723347643
51 0.030577038048017213
52 0.0276591842735832
53 0.025020467619226574
54 0.022634057551779874
55 0.020475725553035735
56 0.018523588581830876
57 0.016757878588979036
58 0.01516073530262851
59 0.013716019822898018
60 0.012409146844703883
61 0.011226933572489472
62 0.010157463605101143
63 0.009189964257522464
0 10.416666666666659
1 8.643611064888837
2 7.245801145782245
3 6.130229058101576
4 5.22928364115158
5 4.493404605784924
6 3.885939298898386
7 3.379525554180893
8 2.953535459361396
9 2.5922593602156585
10 2.2836084098394323
11 2.018181934943799
12 1.788592664007972
13 1.5889751353081887
14 1.4146249339508117
15 1.2617319061130463
16 1.1271812915923602
17 1.0084042583751558
18 0.90326461439099
19 0.8099721991411756
20 0.7270160953175536
21 0.6531126754330431
22 0.5871648379757903
23 0.5282297496096459
24 0.47549310467085376
25 0.4282484178129907
26 0.3858802343589642
27 0.34785041399800914
28 0.3136868440360111
29 0.2829740877734582
30 0.25534558555323855
31 0.23047711051354358
32 0.2080812452679656
33 0.18790269482166025
34 0.16971428882123255
35 0.15331355551862735
36 0.1385197726677181
37 0.12517141849830962
38 0.11312396007038028
39 0.10224792756184722
40 0.09242723203631778
41 0.08355769146773785
42 0.07554573564486769
43 0.06830726533106246
44 0.06176664493898521
45 0.05585581117071355
46 0.050513482708079815
47 0.04568445822362481
48 0.04131899180425322
49 0.03737223640503799
50 0.033803747233476435
51 0.030577038048017174
52 0.027659184273583222
53 0.025020467619226505
54 0.02263405755177988
55 0.020475725553035777
56 0.01852358858183087
57 0.016757878588979057
58 0.015160735302628518
59 0.013716019822898013
60 0.012409146844703865
61 0.011226933572489462
62 0.010157463605101126
63 0.00918996425752245
0 10.416666666666682
1 8.643611064888832
2 7.245801145782247
3 6.130229058101572
4 5.229283641151563
5 4.4934046057849235
6 3.8859392988983745
7 3.3795255541808906
8 2.95353545936139
9 2.592259360215664
10 2.2836084098394336
11 2.0181819349438017
12 1.7885926640079688
13 1.5889751353081902
14 1.4146249339508101
15 1.261731906113047
16 1.1271812915923611
17 1.0084042583751545
18 0.9032646143909893
19 0.809972199141174
20 0.7270160953175535
21 0.6531126754330429
22 0.5871648379757904
23 0.5282297496096471
24 0.47549310467085354
25 0.42824841781299017
26 0.3858802343589652
27 0.3478504139980096
28 0.31368684403601066
29 0.28297408777345867
30 0.2553455855532381
31 0.23047711051354305
32 0.208081245267966
33 0.18790269482166017
34 0.16971428882123243
35 0.15331355551862727
36 0.13851977266771798
37 0.1251714184983096
38 0.1131239600703803
39 0.10224792756184717
40 0.09242723203631778
41 0.08355769146773771
42 0.07554573564486772
43 0.06830726533106242
44 0.06176664493898521
45 0.05585581117071354
46 0.05051348270807994
47 0.04568445822362488
48 0.04131899180425323
49 0.037372236405037916
50 0.033803747233476344
51 0.030577038048017136
52 0.027659184273583222
53 0.025020467619226525
54 0.022634057551779833
55 0.020475725553035725
56 0.01852358858183092
57 0.01675787858897905
58 0.015160735302628492
59 0.013716019822898029
60 0.01240914684470386
61 0.01122693357248944
62 0.010157463605101147
63 0.00918996425752245
0 10.416666666666663
1 8.643611064888836
2 7.245801145782244
3 6.13022905810157
4 5.229283641151574
5 4.493404605784915
6 3.8859392988983763
7 3.379525554180886
8 2.9535354593613907
9 2.59225936021566
10 2.2836084098394336
11 2.0181819349438026
12 1.788592664007972
13 1.5889751353081898
14 1.4146249339508095
15 1.261731906113047
16 1.1271812915923598
17 1.0084042583751551
18 0.90326461439099
19 0.8099721991411756
20 0.7270160953175543
21 0.6531126754330416
22 0.5871648379757899
23 0.5282297496096459
24 0.47549310467085404
25 0.4282484178129898
26 0.3858802343589644
27 0.3478504139980097
28 0.31368684403601116
29 0.28297408777345906
30 0.255345585553238
31 0.23047711051354278
32 0.20808124526796543
33 0.18790269482166003
34 0.16971428882123255
35 0.15331355551862724
36 0.13851977266771803
37 0.12517141849830976
38 0.11312396007038028
39 0.10224792756184743
40 0.09242723203631786
41 0.08355769146773767
42 0.0755457356448678
43 0.06830726533106245
44 0.06176664493898509
45 0.055855811170713636
46 0.05051348270807982
47 0.0456844582236248
48 0.04131899180425321
49 0.037372236405038034
50 0.03380374723347649
51 0.030577038048017192
52 0.027659184273583288
53 0.025020467619226484
54 0.022634057551779847
55 0.020475725553035763
56 0.01852358858183087
57 0.016757878588979053
58 0.015160735302628514
59 0.013716019822898029
60 0.012409146844703876
61 0.011226933572489451
62 0.010157463605101141
63 0.00918996425752245
0 10.416666666666668
1 8.643611064888818
2 7.245801145782241
3 6.130229058101573
4 5.229283641151567
5 4.49340460578492
6 3.885939298898377
7 3.379525554180891
8 2.9535354593613894
9 2.5922593602156616
10 2.2836084098394323
11 2.0181819349438026
12 1.7885926640079692
13 1.5889751353081876
14 1.41462493395081
15 1.2617319061130483
16 1.1271812915923598
17 1.008404258375152
18 0.9032646143909885
19 0.8099721991411777
20 0.7270160953175543
21 0.6531126754330422
22 0.5871648379757899
23 0.5282297496096472
24 0.47549310467085415
25 0.4282484178129909
26 0.38588023435896496
27 0.3478504139980091
28 0.3136868440360107
29 0.28297408777345856
30 0.25534558555323805
31 0.23047711051354255
32 0.208081245267966
33 0.18790269482166055
34 0.16971428882123263
35 0.1533135555186274
36 0.13851977266771806
37 0.12517141849830968
38 0.11312396007038023
39 0.10224792756184715
40 0.09242723203631775
41 0.08355769146773769
42 0.07554573564486762
43 0.06830726533106253
44 0.06176664493898513
45 0.05585581117071365
46 0.050513482708079954
47 0.04568445822362478
48 0.04131899180425325
49 0.03737223640503796
50 0.03380374723347643
51 0.030577038048017247
52 0.02765918427358328
53 0.02502046761922653
54 0.022634057551779874
55 0.02047572555303575
56 0.01852358858183087
57 0.016757878588979043
58 0.015160735302628498
59 0.01371601982289804
60 0.012409146844703862
61 0.011226933572489462
62 0.010157463605101143
63 0.009189964257522448
0 10.416666666666668
1 8.643611064888816
2 7.2458011457822495
3 6.13022905810158
4 5.2292836411515795
5 4.493404605784931
6 3.8859392988983803
7 3.3795255541808884
8 2.953535459361392
9 2.59225936021566
10 2.283608409839439
11 2.018181934943804
12 1.7885926640079677
13 1.588975135308189
14 1.414624933950811
15 1.2617319061130439
16 1.1271812915923616
17 1.0084042583751531
18 0.9032646143909885
19 0.8099721991411754
20 0.7270160953175536
21 0.6531126754330431
22 0.58716483797579
23 0.5282297496096462
24 0.47549310467085343
25 0.4282484178129907
26 0.3858802343589644
27 0.3478504139980093
28 0.31368684403601044
29 0.2829740877734588
30 0.25534558555323866
31 0.23047711051354308
32 0.20808124526796573
33 0.1879026948216604
34 0.16971428882123266
35 0.15331355551862744
36 0.13851977266771812
37 0.12517141849830987
38 0.11312396007038024
39 0.10224792756184702
40 0.09242723203631771
41 0.08355769146773803
42 0.07554573564486773
43 0.06830726533106245
44 0.06176664493898514
45 0.05585581117071356
46 0.0505134827080799
47 0.04568445822362484
48 0.04131899180425319
49 0.03737223640503794
50 0.033803747233476455
51 0.030577038048017154
52 0.02765918427358324
53 0.025020467619226505
54 0.02263405755177986
55 0.020475725553035753
56 0.018523588581830862
57 0.016757878588979064
58 0.0151607353026285
59 0.01371601982289801
60 0.012409146844703869
61 0.011226933572489469
62 0.010157463605101136
63 0.009189964257522429
0 10.416666666666666
1 8.643611064888852
2 7.245801145782244
3 6.130229058101575
4 5.229283641151576
5 4.493404605784925
6 3.885939298898385
7 3.379525554180891
8 2.9535354593613907
9 2.5922593602156594
10 2.2836084098394362
11 2.0181819349438026
12 1.788592664007972
13 1.5889751353081873
14 1.414624933950809
15 1.2617319061130479
16 1.1271812915923607
17 1.008404258375154
18 0.9032646143909913
19 0.8099721991411754
20 0.7270160953175548
21 0.653112675433042
22 0.5871648379757891
23 0.5282297496096459
24 0.47549310467085426
25 0.4282484178129904
26 0.38588023435896435
27 0.3478504139980093
28 0.31368684403601094
29 0.28297408777345906
30 0.25534558555323905
31 0.23047711051354336
32 0.20808124526796556
33 0.18790269482166033
34 0.1697142888212327
35 0.15331355551862721
36 0.13851977266771812
37 0.12517141849830996
38 0.11312396007038017
39 0.10224792756184725
40 0.0924272320363179
41 0.08355769146773781
42 0.07554573564486773
43 0.06830726533106249
44 0.061766644938985225
45 0.05585581117071356
46 0.05051348270807979
47 0.04568445822362479
48 0.04131899180425323
49 0.03737223640503798
50 0.033803747233476414
51 0.030577038048017185
52 0.027659184273583225
53 0.02502046761922654
54 0.022634057551779826
55 0.020475725553035732
56 0.018523588581830844
57 0.01675787858897903
58 0.015160735302628518
59 0.013716019822898013
60 0.012409146844703883
61 0.011226933572489467
62 0.01015746360510115
63 0.009189964257522467
0 10.416666666666668
1 8.643611064888828
2 7.245801145782241
3 6.130229058101571
4 5.229283641151571
5 4.493404605784922
6 3.885939298898385
7 3.379525554180892
8 2.953535459361392
9 2.5922593602156576
10 2.2836084098394305
11 2.018181934943802
12 1.7885926640079708
13 1.5889751353081876
14 1.4146249339508106
15 1.2617319061130445
16 1.1271812915923618
17 1.0084042583751527
18 0.9032646143909899
19 0.8099721991411755
20 0.7270160953175547
21 0.6531126754330432
22 0.5871648379757907
23 0.5282297496096471
24 0.47549310467085426
25 0.4282484178129902
26 0.3858802343589653
27 0.3478504139980089
28 0.3136868440360107
29 0.28297408777345856
30 0.25534558555323894
31 0.23047711051354358
32 0.20808124526796554
33 0.18790269482166025
34 0.1697142888212324
35 0.1533135555186273
36 0.1385197726677181
37 0.12517141849830993
38 0.11312396007038023
39 0.10224792756184727
40 0.09242723203631789
41 0.08355769146773773
42 0.07554573564486775
43 0.06830726533106249
44 0.06176664493898513
45 0.055855811170713525
46 0.05051348270807988
47 0.04568445822362483
48 0.041318991804253226
49 0.03737223640503799
50 0.03380374723347641
51 0.030577038048017185
52 0.027659184273583225
53 0.025020467619226525
54 0.02263405755177981
55 0.02047572555303576
56 0.01852358858183087
57 0.016757878588979026
58 0.015160735302628505
59 0.01371601982289804
60 0.012409146844703869
61 0.011226933572489465
62 0.010157463605101143
63 0.009189964257522464
0 10.416666666666675
1 8.643611064888834
2 7.245801145782249
3 6.130229058101559
4 5.229283641151567
5 4.493404605784925
6 3.8859392988983843
7 3.379525554180886
8 2.953535459361393
9 2.5922593602156625
10 2.2836084098394345
11 2.018181934943801
12 1.7885926640079695
13 1.5889751353081878
14 1.4146249339508086
15 1.2617319061130463
16 1.12718129159236
17 1.0084042583751551
18 0.9032646143909905
19 0.8099721991411759
20 0.7270160953175543
21 0.6531126754330402
22 0.5871648379757904
23 0.5282297496096471
24 0.4754931046708537
25 0.42824841781299056
26 0.3858802343589648
27 0.3478504139980098
28 0.3136868440360107
29 0.28297408777345806
30 0.2553455855532382
31 0.23047711051354286
32 0.20808124526796593
33 0.18790269482166072
34 0.16971428882123238
35 0.15331355551862705
36 0.1385197726677181
37 0.12517141849830962
38 0.11312396007038039
39 0.10224792756184711
40 0.09242723203631778
41 0.08355769146773777
42 0.07554573564486768
43 0.0683072653310626
44 0.06176664493898514
45 0.055855811170713594
46 0.050513482708079885
47 0.04568445822362487
48 0.041318991804253274
49 0.03737223640503801
50 0.033803747233476435
51 0.030577038048017105
52 0.02765918427358322
53 0.02502046761922652
54 0.02263405755177987
55 0.020475725553035767
56 0.01852358858183087
57 0.016757878588979074
58 0.015160735302628488
59 0.013716019822898008
60 0.012409146844703862
61 0.011226933572489469
62 0.01015746360510115
63 0.009189964257522458
0 10.416666666666666
1 8.64361106488883
2 7.245801145782253
3 6.130229058101566
4 5.229283641151577
5 4.4934046057849155
6 3.88593929889838
7 3.379525554180889
8 2.9535354593613947
9 2.592259360215661
10 2.2836084098394327
11 2.0181819349438044
12 1.7885926640079737
13 1.588975135308188
14 1.4146249339508112
15 1.2617319061130454
16 1.1271812915923602
17 1.0084042583751538
18 0.9032646143909884
19 0.8099721991411756
20 0.7270160953175536
21 0.6531126754330416
22 0.5871648379757896
23 0.5282297496096453
24 0.47549310467085315
25 0.4282484178129907
26 0.3858802343589651
27 0.3478504139980096
28 0.3136868440360105
29 0.28297408777345884
30 0.25534558555323883
31 0.23047711051354336
32 0.20808124526796545
33 0.18790269482166
34 0.1697142888212326
35 0.1533135555186275
36 0.13851977266771803
37 0.12517141849830993
38 0.11312396007038039
39 0.10224792756184725
40 0.09242723203631782
41 0.08355769146773777
42 0.07554573564486769
43 0.06830726533106261
44 0.061766644938985156
45 0.05585581117071353
46 0.05051348270807985
47 0.04568445822362476
48 0.04131899180425325
49 0.03737223640503791
50 0.03380374723347641
51 0.030577038048017206
52 0.02765918427358325
53 0.025020467619226536
54 0.022634057551779822
55 0.02047572555303575
56 0.01852358858183087
57 0.016757878588979067
58 0.015160735302628507
59 0.013716019822898044
60 0.012409146844703877
61 0.011226933572489474
62 0.01015746360510114
63 0.009189964257522453
0 10.416666666666664
1 8.64361106488882
2 7.245801145782253
3 6.1302290581015715
4 5.229283641151571
5 4.493404605784918
6 3.8859392988983843
7 3.379525554180886
8 2.9535354593613934
9 2.59225936021566
10 2.283608409839434
11 2.0181819349438013
12 1.788592664007972
13 1.5889751353081902
14 1.4146249339508088
15 1.2617319061130474
16 1.1271812915923607
17 1.0084042583751547
18 0.9032646143909909
19 0.8099721991411744
20 0.7270160953175557
21 0.6531126754330413
22 0.5871648379757893
23 0.5282297496096466
24 0.47549310467085437
25 0.4282484178129909
26 0.385880234358965
27 0.3478504139980095
28 0.3136868440360103
29 0.28297408777345867
30 0.25534558555323905
31 0.23047711051354255
32 0.20808124526796568
33 0.1879026948216603
34 0.16971428882123238
35 0.15331355551862727
36 0.13851977266771803
37 0.1251714184983098
38 0.11312396007038035
39 0.10224792756184711
40 0.09242723203631786
41 0.0835576914677377
42 0.07554573564486763
43 0.06830726533106263
44 0.061766644938985066
45 0.05585581117071353
46 0.05051348270807977
47 0.04568445822362483
48 0.041318991804253184
49 0.03737223640503794
50 0.03380374723347644
51 0.0305770380480172
52 0.02765918427358321
53 0.025020467619226536
54 0.02263405755177986
55 0.020475725553035732
56 0.018523588581830855
57 0.016757878588979053
58 0.015160735302628486
59 0.013716019822898027
60 0.012409146844703872
61 0.011226933572489453
62 0.010157463605101134
63 0.00918996425752248
0 10.416666666666673
1 8.643611064888832
2 7.24580114578224
3 6.130229058101579
4 5.229283641151577
5 4.493404605784918
6 3.8859392988983794
7 3.379525554180886
8 2.9535354593613876
9 2.5922593602156656
10 2.283608409839433
11 2.018181934943803
12 1.7885926640079712
13 1.5889751353081891
14 1.414624933950809
15 1.2617319061130448
16 1.1271812915923605
17 1.0084042583751547
18 0.9032646143909878
19 0.8099721991411749
20 0.7270160953175543
21 0.6531126754330431
22 0.58716483797579
23 0.5282297496096469
24 0.4754931046708539
25 0.42824841781299017
26 0.3858802343589648
27 0.3478504139980097
28 0.3136868440360107
29 0.28297408777345834
30 0.2553455855532388
31 0.23047711051354322
32 0.20808124526796587
33 0.18790269482166072
34 0.16971428882123243
35 0.1533135555186272
36 0.13851977266771767
37 0.12517141849830984
38 0.11312396007038043
39 0.10224792756184722
40 0.09242723203631781
41 0.08355769146773782
42 0.07554573564486775
43 0.06830726533106252
44 0.061766644938985094
45 0.05585581117071356
46 0.05051348270807992
47 0.0456844582236248
48 0.041318991804253205
49 0.037372236405037944
50 0.033803747233476414
51 0.030577038048017192
52 0.027659184273583246
53 0.025020467619226525
54 0.022634057551779843
55 0.0204757255530357
56 0.018523588581830886
57 0.01675787858897903
58 0.015160735302628509
59 0.013716019822898036
60 0.012409146844703876
61 0.011226933572489458
62 0.010157463605101152
63 0.009189964257522455
0 10.41666666666668
1 8.643611064888825
2 7.245801145782242
3 6.130229058101567
4 5.229283641151567
5 4.493404605784916
6 3.8859392988983834
7 3.3795255541808906
8 2.9535354593613867
9 2.5922593602156616
10 2.2836084098394354
11 2.0181819349438057
12 1.7885926640079723
13 1.5889751353081891
14 1.4146249339508097
15 1.2617319061130472
16 1.1271812915923618
17 1.0084042583751547
18 0.9032646143909897
19 0.8099721991411759
20 0.7270160953175534
21 0.6531126754330427
22 0.5871648379757906
23 0.5282297496096463
24 0.4754931046708539
25 0.4282484178129911
26 0.38588023435896485
27 0.3478504139980098
28 0.3136868440360108
29 0.282974087773459
30 0.25534558555323833
31 0.23047711051354322
32 0.2080812452679661
33 0.18790269482166008
34 0.16971428882123274
35 0.15331355551862696
36 0.138519772667718
37 0.1251714184983099
38 0.1131239600703803
39 0.10224792756184725
40 0.09242723203631793
41 0.08355769146773777
42 0.07554573564486756
43 0.06830726533106254
44 0.06176664493898517
45 0.055855811170713573
46 0.050513482708079864
47 0.04568445822362481
48 0.041318991804253156
49 0.03737223640503795
50 0.03380374723347648
51 0.03057703804801722
52 0.02765918427358325
53 0.025020467619226508
54 0.022634057551779843
55 0.02047572555303575
56 0.018523588581830872
57 0.016757878588979046
58 0.015160735302628502
59 0.013716019822898027
60 0.012409146844703864
61 0.011226933572489465
62 0.010157463605101153
63 0.00918996425752244
0 10.416666666666668
1 8.643611064888841
2 7.245801145782239
3 6.13022905810157
4 5.229283641151568
5 4.493404605784922
6 3.885939298898378
7 3.379525554180896
8 2.953535459361386
9 2.5922593602156634
10 2.283608409839432
11 2.0181819349438013
12 1.7885926640079748
13 1.588975135308187
14 1.4146249339508103
15 1.2617319061130445
16 1.1271812915923614
17 1.0084042583751525
18 0.9032646143909905
19 0.8099721991411752
20 0.7270160953175561
21 0.6531126754330406
22 0.5871648379757914
23 0.5282297496096467
24 0.4754931046708531
25 0.4282484178129898
26 0.385880234358965
27 0.34785041399800914
28 0.3136868440360105
29 0.2829740877734592
30 0.2553455855532385
31 0.23047711051354267
32 0.20808124526796606
33 0.18790269482166042
34 0.1697142888212326
35 0.15331355551862735
36 0.13851977266771806
37 0.12517141849830973
38 0.11312396007038039
39 0.10224792756184703
40 0.09242723203631782
41 0.0835576914677376
42 0.07554573564486773
43 0.06830726533106245
44 0.06176664493898513
45 0.05585581117071353
46 0.05051348270807985
47 0.04568445822362478
48 0.041318991804253226
49 0.03737223640503804
50 0.033803747233476455
51 0.030577038048017233
52 0.027659184273583215
53 0.025020467619226557
54 0.022634057551779874
55 0.02047572555303573
56 0.018523588581830862
57 0.01675787858897905
58 0.015160735302628507
59 0.013716019822898036
60 0.01240914684470388
61 0.011226933572489465
62 0.010157463605101127
63 0.009189964257522458
0 10.416666666666668
1 8.643611064888816
2 7.2458011457822495
3 6.130229058101578
4 5.229283641151572
5 4.4934046057849235
6 3.8859392988983807
7 3.3795255541808835
8 2.9535354593613894
9 2.592259360215663
10 2.2836084098394345
11 2.018181934943799
12 1.7885926640079723
13 1.5889751353081878
14 1.414624933950809
15 1.2617319061130448
16 1.1271812915923594
17 1.0084042583751562
18 0.9032646143909899
19 0.8099721991411772
20 0.7270160953175544
21 0.6531126754330424
22 0.5871648379757892
23 0.528229749609647
24 0.47549310467085454
25 0.4282484178129909
26 0.3858802343589651
27 0.3478504139980093
28 0.3136868440360107
29 0.28297408777345895
30 0.2553455855532387
31 0.23047711051354286
32 0.2080812452679656
33 0.18790269482166028
34 0.16971428882123218
35 0.15331355551862755
36 0.1385197726677182
37 0.12517141849830984
38 0.11312396007038034
39 0.10224792756184714
40 0.09242723203631782
41 0.0835576914677378
42 0.07554573564486769
43 0.06830726533106248
44 0.06176664493898514
45 0.05585581117071352
46 0.050513482708079864
47 0.04568445822362475
48 0.041318991804253226
49 0.03737223640503793
50 0.03380374723347641
51 0.030577038048017174
52 0.02765918427358324
53 0.025020467619226498
54 0.02263405755177985
55 0.02047572555303575
56 0.018523588581830872
57 0.016757878588979012
58 0.015160735302628514
59 0.013716019822898018
60 0.01240914684470386
61 0.011226933572489455
62 0.010157463605101143
63 0.009189964257522477
0 10.41666666666668
1 8.643611064888828
2 7.2458011457822495
3 6.130229058101576
4 5.229283641151574
5 4.493404605784923
6 3.88593929889838
7 3.3795255541808906
8 2.9535354593613943
9 2.592259360215664
10 2.2836084098394354
11 2.0181819349438026
12 1.78859266400797
13 1.5889751353081876
14 1.4146249339508121
15 1.2617319061130454
16 1.1271812915923598
17 1.0084042583751531
18 0.9032646143909893
19 0.8099721991411751
20 0.727016095317554
21 0.6531126754330426
22 0.5871648379757899
23 0.5282297496096462
24 0.47549310467085404
25 0.4282484178129901
26 0.385880234358965
27 0.3478504139980083
28 0.3136868440360109
29 0.2829740877734584
30 0.2553455855532384
31 0.23047711051354353
32 0.20808124526796629
33 0.18790269482166028
34 0.16971428882123252
35 0.15331355551862735
36 0.13851977266771792
37 0.12517141849831
38 0.11312396007038042
39 0.10224792756184725
40 0.09242723203631789
41 0.08355769146773766
42 0.0755457356448678
43 0.06830726533106249
44 0.0617666449389851
45 0.05585581117071361
46 0.05051348270807979
47 0.04568445822362484
48 0.0413189918042533
49 0.037372236405038006
50 0.033803747233476455
51 0.030577038048017213
52 0.027659184273583225
53 0.025020467619226525
54 0.02263405755177987
55 0.020475725553035746
56 0.018523588581830848
57 0.016757878588979088
58 0.01516073530262851
59 0.013716019822898018
60 0.012409146844703864
61 0.01122693357248946
62 0.010157463605101147
63 0.009189964257522457
0 10.416666666666671
1 8.643611064888848
2 7.245801145782243
3 6.130229058101567
4 5.229283641151573
5 4.49340460578493
6 3.8859392988983825
7 3.3795255541808884
8 2.953535459361389
9 2.59225936021566
10 2.2836084098394345
11 2.018181934943797
12 1.7885926640079697
13 1.5889751353081862
14 1.4146249339508106
15 1.2617319061130479
16 1.1271812915923594
17 1.0084042583751534
18 0.9032646143909889
19 0.8099721991411759
20 0.7270160953175543
21 0.6531126754330417
22 0.5871648379757897
23 0.5282297496096465
24 0.47549310467085415
25 0.4282484178129909
26 0.38588023435896457
27 0.3478504139980094
28 0.31368684403601066
29 0.28297408777345856
30 0.2553455855532383
31 0.2304771105135431
32 0.20808124526796593
33 0.18790269482166064
34 0.16971428882123224
35 0.15331355551862744
36 0.13851977266771795
37 0.12517141849830987
38 0.11312396007038036
39 0.10224792756184732
40 0.09242723203631777
41 0.08355769146773781
42 0.07554573564486773
43 0.06830726533106245
44 0.06176664493898517
45 0.055855811170713573
46 0.05051348270807982
47 0.04568445822362485
48 0.04131899180425322
49 0.037372236405038034
50 0.03380374723347642
51 0.030577038048017185
52 0.027659184273583264
53 0.025020467619226553
54 0.022634057551779874
55 0.020475725553035718
56 0.01852358858183088
57 0.01675787858897901
58 0.015160735302628514
59 0.013716019822897989
60 0.01240914684470388
61 0.011226933572489462
62 0.010157463605101131
63 0.009189964257522465
0 10.41666666666666
1 8.643611064888837
2 7.245801145782259
3 6.13022905810156
4 5.229283641151577
5 4.493404605784924
6 3.8859392988983834
7 3.379525554180893
8 2.9535354593613943
9 2.5922593602156585
10 2.2836084098394336
11 2.0181819349438004
12 1.7885926640079681
13 1.5889751353081902
14 1.4146249339508117
15 1.2617319061130448
16 1.1271812915923605
17 1.008404258375154
18 0.9032646143909913
19 0.8099721991411754
20 0.7270160953175543
21 0.6531126754330434
22 0.5871648379757897
23 0.5282297496096471
24 0.47549310467085404
25 0.4282484178129902
26 0.3858802343589657
27 0.34785041399800914
28 0.3136868440360107
29 0.2829740877734585
30 0.25534558555323883
31 0.23047711051354308
32 0.20808124526796534
33 0.1879026948216602
34 0.16971428882123266
35 0.1533135555186273
36 0.1385197726677181
37 0.12517141849830976
38 0.11312396007038031
39 0.10224792756184727
40 0.09242723203631786
41 0.0835576914677376
42 0.07554573564486781
43 0.0683072653310624
44 0.06176664493898509
45 0.055855811170713504
46 0.0505134827080798
47 0.045684458223624935
48 0.04131899180425312
49 0.037372236405037965
50 0.03380374723347641
51 0.03057703804801715
52 0.027659184273583166
53 0.02502046761922652
54 0.022634057551779864
55 0.020475725553035753
56 0.018523588581830844
57 0.016757878588979036
58 0.015160735302628547
59 0.013716019822897997
60 0.012409146844703867
61 0.01122693357248948
62 0.010157463605101145
63 0.009189964257522465
0 10.416666666666654
1 8.643611064888846
2 7.245801145782238
3 6.130229058101576
4 5.229283641151572
5 4.4934046057849235
6 3.8859392988983736
7 3.379525554180895
8 2.953535459361392
9 2.5922593602156585
10 2.2836084098394376
11 2.0181819349438017
12 1.7885926640079695
13 1.5889751353081878
14 1.4146249339508121
15 1.261731906113047
16 1.1271812915923596
17 1.008404258375154
18 0.9032646143909876
19 0.8099721991411762
20 0.7270160953175544
21 0.653112675433042
22 0.5871648379757896
23 0.528229749609647
24 0.47549310467085243
25 0.4282484178129913
26 0.38588023435896535
27 0.34785041399800903
28 0.31368684403601094
29 0.2829740877734582
30 0.25534558555323816
31 0.2304771105135428
32 0.20808124526796593
33 0.18790269482166014
34 0.1697142888212324
35 0.15331355551862716
36 0.1385197726677182
37 0.12517141849830957
38 0.1131239600703803
39 0.10224792756184732
40 0.0924272320363179
41 0.08355769146773771
42 0.07554573564486772
43 0.06830726533106259
44 0.06176664493898507
45 0.05585581117071362
46 0.05051348270807997
47 0.045684458223624796
48 0.04131899180425321
49 0.037372236405037895
50 0.033803747233476435
51 0.030577038048017213
52 0.027659184273583257
53 0.025020467619226473
54 0.02263405755177988
55 0.02047572555303577
56 0.018523588581830876
57 0.01675787858897903
58 0.015160735302628493
59 0.01371601982289802
60 0.012409146844703853
61 0.011226933572489453
62 0.01015746360510114
63 0.009189964257522446
0 10.41666666666666
1 8.643611064888828
2 7.245801145782245
3 6.130229058101569
4 5.229283641151572
5 4.493404605784919
6 3.8859392988983776
7 3.379525554180896
8 2.95353545936139
9 2.5922593602156607
10 2.2836084098394345
11 2.0181819349438013
12 1.788592664007969
13 1.5889751353081878
14 1.414624933950812
15 1.2617319061130456
16 1.127181291592358
17 1.0084042583751536
18 0.9032646143909889
19 0.809972199141175
20 0.7270160953175537
21 0.6531126754330433
22 0.587164837975791
23 0.5282297496096462
24 0.47549310467085376
25 0.4282484178129905
26 0.38588023435896457
27 0.34785041399800926
28 0.3136868440360109
29 0.2829740877734586
30 0.25534558555323855
31 0.23047711051354328
32 0.20808124526796595
33 0.1879026948216603
34 0.16971428882123243
35 0.15331355551862727
36 0.13851977266771803
37 0.12517141849830965
38 0.11312396007038024
39 0.10224792756184711
40 0.09242723203631781
41 0.08355769146773774
42 0.07554573564486766
43 0.0683072653310626
44 0.06176664493898507
45 0.05585581117071353
46 0.05051348270807983
47 0.04568445822362487
48 0.04131899180425328
49 0.03737223640503794
50 0.033803747233476435
51 0.030577038048017206
52 0.02765918427358319
53 0.025020467619226473
54 0.022634057551779815
55 0.020475725553035784
56 0.018523588581830876
57 0.01675787858897905
58 0.015160735302628507
59 0.013716019822898013
60 0.012409146844703895
61 0.011226933572489457
62 0.010157463605101147
63 0.009189964257522477
0 10.416666666666663
1 8.64361106488884
2 7.2458011457822495
3 6.130229058101573
4 5.229283641151578
5 4.493404605784925
6 3.885939298898387
7 3.379525554180895
8 2.953535459361391
9 2.5922593602156594
10 2.2836084098394327
11 2.0181819349438057
12 1.788592664007974
13 1.5889751353081898
14 1.4146249339508095
15 1.2617319061130463
16 1.1271812915923618
17 1.008404258375154
18 0.9032646143909894
19 0.8099721991411762
20 0.7270160953175547
21 0.6531126754330417
22 0.58716483797579
23 0.5282297496096462
24 0.4754931046708538
25 0.4282484178129904
26 0.3858802343589646
27 0.3478504139980089
28 0.313686844036011
29 0.28297408777345884
30 0.25534558555323816
31 0.23047711051354336
32 0.20808124526796642
33 0.1879026948216602
34 0.16971428882123246
35 0.15331355551862702
36 0.13851977266771803
37 0.12517141849830987
38 0.11312396007038054
39 0.10224792756184715
40 0.09242723203631789
41 0.0835576914677377
42 0.0755457356448677
43 0.06830726533106249
44 0.06176664493898499
45 0.05585581117071351
46 0.05051348270807978
47 0.04568445822362485
48 0.041318991804253226
49 0.03737223640503797
50 0.03380374723347642
51 0.03057703804801715
52 0.02765918427358324
53 0.02502046761922651
54 0.02263405755177982
55 0.02047572555303573
56 0.0185235885818309
57 0.016757878588979067
58 0.0151607353026285
59 0.013716019822898013
60 0.012409146844703843
61 0.01122693357248946
62 0.010157463605101127
63 0.009189964257522444
0 10.416666666666663
1 8.643611064888818
2 7.2458011457822336
3 6.13022905810157
4 5.229283641151572
5 4.4934046057849235
6 3.8859392988983803
7 3.3795255541808964
8 2.953535459361391
9 2.5922593602156625
10 2.2836084098394336
11 2.0181819349438004
12 1.7885926640079708
13 1.588975135308191
14 1.4146249339508088
15 1.2617319061130432
16 1.127181291592359
17 1.0084042583751545
18 0.9032646143909886
19 0.8099721991411759
20 0.7270160953175555
21 0.6531126754330427
22 0.5871648379757886
23 0.5282297496096466
24 0.4754931046708535
25 0.4282484178129905
26 0.3858802343589644
27 0.3478504139980093
28 0.31368684403601094
29 0.28297408777345856
30 0.25534558555323805
31 0.23047711051354283
32 0.2080812452679661
33 0.18790269482166028
34 0.16971428882123238
35 0.1533135555186274
36 0.13851977266771792
37 0.12517141849830976
38 0.11312396007038024
39 0.10224792756184725
40 0.09242723203631781
41 0.08355769146773787
42 0.0755457356448677
43 0.06830726533106245
44 0.061766644938985024
45 0.05585581117071359
46 0.05051348270807982
47 0.0456844582236248
48 0.0413189918042532
49 0.03737223640503802
50 0.033803747233476386
51 0.030577038048017133
52 0.027659184273583232
53 0.02502046761922651
54 0.02263405755177984
55 0.02047572555303575
56 0.018523588581830886
57 0.016757878588979053
58 0.015160735302628538
59 0.013716019822898011
60 0.012409146844703886
61 0.01122693357248946
62 0.01015746360510115
63 0.00918996425752243
0 10.416666666666668
1 8.643611064888825
2 7.2458011457822336
3 6.130229058101571
4 5.2292836411515715
5 4.493404605784916
6 3.8859392988983816
7 3.379525554180893
8 2.953535459361393
9 2.5922593602156625
10 2.2836084098394354
11 2.0181819349438004
12 1.7885926640079697
13 1.5889751353081885
14 1.4146249339508101
15 1.2617319061130483
16 1.1271812915923576
17 1.0084042583751547
18 0.9032646143909882
19 0.8099721991411754
20 0.7270160953175544
21 0.6531126754330414
22 0.5871648379757898
23 0.5282297496096471
24 0.4754931046708537
25 0.42824841781299117
26 0.38588023435896457
27 0.34785041399800914
28 0.31368684403601094
29 0.28297408777345834
30 0.2553455855532381
31 0.23047711051354328
32 0.20808124526796573
33 0.18790269482166058
34 0.16971428882123232
35 0.15331355551862733
36 0.13851977266771814
37 0.12517141849830987
38 0.11312396007038043
39 0.10224792756184717
40 0.09242723203631782
41 0.0835576914677377
42 0.07554573564486768
43 0.06830726533106254
44 0.06176664493898502
45 0.05585581117071355
46 0.05051348270807988
47 0.04568445822362482
48 0.04131899180425316
49 0.037372236405038006
50 0.03380374723347646
51 0.03057703804801718
52 0.027659184273583225
53 0.02502046761922652
54 0.02263405755177982
55 0.020475725553035746
56 0.01852358858183088
57 0.016757878588979046
58 0.015160735302628521
59 0.013716019822898011
60 0.01240914684470389
61 0.011226933572489486
62 0.010157463605101127
63 0.009189964257522453
0 10.416666666666647
1 8.643611064888828
2 7.24580114578224
3 6.130229058101568
4 5.229283641151566
5 4.493404605784926
6 3.885939298898385
7 3.3795255541808933
8 2.9535354593613894
9 2.592259360215663
10 2.283608409839434
11 2.018181934943799
12 1.7885926640079697
13 1.588975135308189
14 1.414624933950811
15 1.2617319061130468
16 1.127181291592359
17 1.0084042583751536
18 0.9032646143909895
19 0.8099721991411767
20 0.7270160953175552
21 0.6531126754330421
22 0.5871648379757898
23 0.5282297496096465
24 0.47549310467085365
25 0.4282484178129908
26 0.38588023435896435
27 0.3478504139980096
28 0.3136868440360107
29 0.2829740877734582
30 0.25534558555323833
31 0.23047711051354294
32 0.20808124526796595
33 0.18790269482166042
34 0.16971428882123232
35 0.1533135555186272
36 0.1385197726677181
37 0.12517141849830998
38 0.11312396007038043
39 0.10224792756184722
40 0.09242723203631793
41 0.08355769146773785
42 0.07554573564486766
43 0.06830726533106246
44 0.06176664493898513
45 0.05585581117071353
46 0.05051348270807971
47 0.04568445822362485
48 0.04131899180425318
49 0.03737223640503796
50 0.03380374723347638
51 0.030577038048017213
52 0.027659184273583205
53 0.025020467619226525
54 0.022634057551779798
55 0.02047572555303577
56 0.018523588581830903
57 0.01675787858897904
58 0.015160735302628518
59 0.013716019822898018
60 0.0124091468447039
61 0.01122693357248946
62 0.010157463605101131
63 0.009189964257522444
0 10.416666666666673
1 8.643611064888846
2 7.245801145782241
3 6.13022905810158
4 5.229283641151571
5 4.493404605784919
6 3.8859392988983794
7 3.3795255541808897
8 2.9535354593613876
9 2.5922593602156616
10 2.2836084098394327
11 2.018181934943799
12 1.788592664007968
13 1.5889751353081887
14 1.4146249339508083
15 1.2617319061130459
16 1.1271812915923594
17 1.0084042583751556
18 0.9032646143909879
19 0.8099721991411762
20 0.727016095317554
21 0.6531126754330419
22 0.58716483797579
23 0.5282297496096476
24 0.4754931046708539
25 0.4282484178129899
26 0.3858802343589647
27 0.3478504139980089
28 0.31368684403600994
29 0.2829740877734586
30 0.25534558555323816
31 0.23047711051354353
32 0.20808124526796562
33 0.1879026948216601
34 0.16971428882123274
35 0.15331355551862727
36 0.13851977266771784
37 0.12517141849830957
38 0.11312396007038034
39 0.10224792756184725
40 0.09242723203631789
41 0.08355769146773785
42 0.07554573564486775
43 0.06830726533106246
44 0.061766644938985156
45 0.055855811170713636
46 0.05051348270807982
47 0.0456844582236248
48 0.0413189918042532
49 0.03737223640503794
50 0.033803747233476435
51 0.030577038048017178
52 0.02765918427358322
53 0.02502046761922653
54 0.022634057551779874
55 0.020475725553035767
56 0.018523588581830862
57 0.016757878588979015
58 0.015160735302628518
59 0.013716019822898023
60 0.012409146844703872
61 0.011226933572489486
62 0.010157463605101143
63 0.009189964257522458
0 10.416666666666666
1 8.643611064888837
2 7.245801145782249
3 6.130229058101565
4 5.229283641151581
5 4.493404605784926
6 3.8859392988983816
7 3.3795255541808884
8 2.9535354593613943
9 2.592259360215659
10 2.283608409839435
11 2.0181819349438044
12 1.7885926640079717
13 1.588975135308189
14 1.4146249339508103
15 1.261731906113046
16 1.1271812915923618
17 1.0084042583751556
18 0.9032646143909899
19 0.8099721991411758
20 0.7270160953175542
21 0.6531126754330417
22 0.5871648379757897
23 0.5282297496096453
24 0.4754931046708535
25 0.4282484178129909
26 0.38588023435896535
27 0.3478504139980087
28 0.3136868440360105
29 0.28297408777345906
30 0.25534558555323844
31 0.23047711051354308
32 0.20808124526796581
33 0.18790269482165994
34 0.1697142888212325
35 0.15331355551862755
36 0.13851977266771792
37 0.12517141849831004
38 0.11312396007038036
39 0.10224792756184727
40 0.09242723203631781
41 0.0835576914677378
42 0.07554573564486769
43 0.06830726533106235
44 0.06176664493898521
45 0.05585581117071353
46 0.050513482708079906
47 0.04568445822362483
48 0.04131899180425328
49 0.03737223640503792
50 0.03380374723347638
51 0.030577038048017174
52 0.027659184273583232
53 0.025020467619226508
54 0.02263405755177981
55 0.020475725553035767
56 0.018523588581830865
57 0.01675787858897908
58 0.015160735302628509
59 0.01371601982289804
60 0.012409146844703862
61 0.011226933572489462
62 0.01015746360510115
63 0.009189964257522455
0 10.416666666666679
1 8.643611064888828
2 7.245801145782247
3 6.130229058101575
4 5.22928364115158
5 4.49340460578493
6 3.885939298898379
7 3.3795255541808857
8 2.953535459361391
9 2.5922593602156607
10 2.283608409839433
11 2.018181934943798
12 1.7885926640079728
13 1.5889751353081891
14 1.414624933950814
15 1.2617319061130474
16 1.1271812915923622
17 1.0084042583751531
18 0.9032646143909907
19 0.8099721991411756
20 0.7270160953175547
21 0.6531126754330411
22 0.58716483797579
23 0.5282297496096465
24 0.4754931046708538
25 0.4282484178129908
26 0.3858802343589651
27 0.3478504139980096
28 0.3136868440360107
29 0.28297408777345884
30 0.2553455855532383
31 0.23047711051354294
32 0.20808124526796606
33 0.18790269482166022
34 0.16971428882123285
35 0.1533135555186271
36 0.13851977266771806
37 0.1251714184983098
38 0.11312396007038035
39 0.10224792756184721
40 0.09242723203631772
41 0.08355769146773762
42 0.07554573564486752
43 0.06830726533106245
44 0.06176664493898514
45 0.05585581117071346
46 0.050513482708079795
47 0.04568445822362478
48 0.04131899180425331
49 0.037372236405037916
50 0.033803747233476455
51 0.030577038048017143
52 0.027659184273583187
53 0.0250204676192265
54 0.02263405755177986
55 0.02047572555303574
56 0.018523588581830903
57 0.01675787858897906
58 0.015160735302628531
59 0.013716019822898036
60 0.012409146844703891
61 0.01122693357248946
62 0.010157463605101138
63 0.009189964257522477
0 10.41666666666668
1 8.643611064888834
2 7.245801145782244
3 6.130229058101575
4 5.229283641151577
5 4.493404605784933
6 3.885939298898373
7 3.3795255541808813
8 2.9535354593613934
9 2.5922593602156616
10 2.2836084098394336
11 2.018181934943803
12 1.7885926640079683
13 1.5889751353081902
14 1.414624933950812
15 1.2617319061130463
16 1.127181291592359
17 1.0084042583751547
18 0.9032646143909905
19 0.8099721991411756
20 0.7270160953175536
21 0.6531126754330424
22 0.587164837975789
23 0.5282297496096465
24 0.47549310467085415
25 0.42824841781299144
26 0.3858802343589656
27 0.3478504139980095
28 0.313686844036011
29 0.2829740877734588
30 0.2553455855532382
31 0.2304771105135425
32 0.20808124526796593
33 0.18790269482166042
34 0.16971428882123255
35 0.15331355551862716
36 0.1385197726677179
37 0.12517141849830968
38 0.11312396007038042
39 0.10224792756184715
40 0.09242723203631786
41 0.0835576914677377
42 0.07554573564486765
43 0.06830726533106259
44 0.06176664493898506
45 0.05585581117071352
46 0.050513482708079906
47 0.04568445822362481
48 0.041318991804253205
49 0.03737223640503799
50 0.033803747233476386
51 0.030577038048017154
52 0.027659184273583184
53 0.025020467619226494
54 0.022634057551779847
55 0.02047572555303575
56 0.018523588581830893
57 0.01675787858897903
58 0.015160735302628518
59 0.013716019822898032
60 0.012409146844703865
61 0.011226933572489472
62 0.010157463605101173
63 0.00918996425752245
0 10.41666666666666
1 8.64361106488883
2 7.245801145782241
3 6.130229058101579
4 5.2292836411515635
5 4.493404605784921
6 3.885939298898389
7 3.379525554180891
8 2.9535354593613934
9 2.592259360215664
10 2.283608409839434
11 2.018181934943802
12 1.788592664007972
13 1.5889751353081905
14 1.414624933950809
15 1.2617319061130459
16 1.1271812915923596
17 1.008404258375154
18 0.9032646143909893
19 0.8099721991411746
20 0.7270160953175545
21 0.6531126754330423
22 0.5871648379757898
23 0.5282297496096471
24 0.47549310467085437
25 0.4282484178129908
26 0.38588023435896546
27 0.34785041399800914
28 0.3136868440360102
29 0.28297408777345906
30 0.25534558555323844
31 0.23047711051354303
32 0.20808124526796554
33 0.18790269482166025
34 0.1697142888212323
35 0.15331355551862733
36 0.13851977266771784
37 0.12517141849830973
38 0.11312396007038036
39 0.10224792756184717
40 0.0924272320363179
41 0.08355769146773782
42 0.07554573564486772
43 0.06830726533106246
44 0.06176664493898513
45 0.055855811170713573
46 0.050513482708079864
47 0.04568445822362484
48 0.04131899180425322
49 0.03737223640503799
50 0.03380374723347638
51 0.030577038048017174
52 0.027659184273583232
53 0.02502046761922649
54 0.022634057551779836
55 0.020475725553035694
56 0.018523588581830897
57 0.016757878588979057
58 0.015160735302628544
59 0.013716019822898013
60 0.012409146844703877
61 0.011226933572489465
62 0.010157463605101159
63 0.009189964257522455
0 10.416666666666664
1 8.643611064888832
2 7.245801145782247
3 6.130229058101568
4 5.229283641151577
5 4.493404605784918
6 3.8859392988983803
7 3.379525554180893
8 2.953535459361388
9 2.5922593602156585
10 2.2836084098394327
11 2.0181819349437995
12 1.7885926640079695
13 1.5889751353081891
14 1.414624933950809
15 1.2617319061130474
16 1.1271812915923594
17 1.0084042583751551
18 0.9032646143909909
19 0.8099721991411761
20 0.7270160953175531
21 0.6531126754330414
22 0.5871648379757896
23 0.5282297496096456
24 0.47549310467085437
25 0.42824841781298983
26 0.38588023435896496
27 0.3478504139980091
28 0.313686844036011
29 0.2829740877734583
30 0.2553455855532387
31 0.23047711051354317
32 0.2080812452679656
33 0.18790269482166047
34 0.16971428882123274
35 0.15331355551862716
36 0.13851977266771795
37 0.12517141849830954
38 0.11312396007038028
39 0.10224792756184713
40 0.09242723203631782
41 0.08355769146773775
42 0.07554573564486769
43 0.06830726533106245
44 0.061766644938985156
45 0.05585581117071356
46 0.05051348270807994
47 0.04568445822362485
48 0.041318991804253184
49 0.03737223640503793
50 0.033803747233476435
51 0.030577038048017157
52 0.02765918427358324
53 0.02502046761922653
54 0.02263405755177986
55 0.020475725553035746
56 0.01852358858183086
57 0.016757878588979022
58 0.015160735302628481
59 0.013716019822898017
60 0.012409146844703895
61 0.011226933572489444
62 0.010157463605101159
63 0.00918996425752244
0 10.416666666666671
1 8.64361106488883
2 7.2458011457822495
3 6.130229058101583
4 5.229283641151572
5 4.493404605784922
6 3.885939298898387
7 3.379525554180892
8 2.9535354593613903
9 2.5922593602156625
10 2.283608409839433
11 2.018181934943801
12 1.7885926640079712
13 1.588975135308186
14 1.414624933950808
15 1.2617319061130454
16 1.127181291592359
17 1.0084042583751538
18 0.9032646143909887
19 0.8099721991411744
20 0.7270160953175555
21 0.6531126754330422
22 0.5871648379757898
23 0.5282297496096456
24 0.47549310467085354
25 0.4282484178129906
26 0.3858802343589644
27 0.3478504139980094
28 0.3136868440360105
29 0.28297408777345856
30 0.2553455855532383
31 0.23047711051354353
32 0.20808124526796573
33 0.1879026948216601
34 0.16971428882123266
35 0.1533135555186271
36 0.13851977266771806
37 0.12517141849830957
38 0.11312396007038021
39 0.10224792756184725
40 0.09242723203631786
41 0.08355769146773777
42 0.0755457356448677
43 0.06830726533106246
44 0.06176664493898501
45 0.055855811170713525
46 0.05051348270807984
47 0.04568445822362486
48 0.04131899180425325
49 0.037372236405037895
50 0.03380374723347643
51 0.030577038048017174
52 0.027659184273583215
53 0.025020467619226536
54 0.022634057551779874
55 0.020475725553035753
56 0.018523588581830855
57 0.01675787858897904
58 0.015160735302628514
59 0.013716019822898032
60 0.012409146844703867
61 0.011226933572489465
62 0.010157463605101133
63 0.009189964257522446
0 10.416666666666668
1 8.643611064888825
2 7.245801145782242
3 6.13022905810157
4 5.229283641151578
5 4.493404605784921
6 3.8859392988983825
7 3.3795255541808964
8 2.9535354593613956
9 2.59225936021566
10 2.283608409839433
11 2.0181819349438026
12 1.788592664007968
13 1.5889751353081878
14 1.414624933950811
15 1.2617319061130459
16 1.1271812915923622
17 1.008404258375153
18 0.9032646143909886
19 0.8099721991411749
20 0.7270160953175544
21 0.6531126754330422
22 0.5871648379757911
23 0.5282297496096462
24 0.4754931046708538
25 0.428248417812991
26 0.3858802343589648
27 0.3478504139980095
28 0.3136868440360108
29 0.28297408777345895
30 0.25534558555323805
31 0.2304771105135433
32 0.2080812452679657
33 0.1879026948216604
34 0.16971428882123246
35 0.15331355551862755
36 0.13851977266771776
37 0.12517141849830998
38 0.1131239600703803
39 0.10224792756184738
40 0.0924272320363179
41 0.08355769146773785
42 0.07554573564486779
43 0.06830726533106264
44 0.061766644938985066
45 0.05585581117071353
46 0.05051348270807983
47 0.04568445822362485
48 0.04131899180425317
49 0.037372236405038006
50 0.03380374723347641
51 0.03057703804801715
52 0.0276591842735832
53 0.025020467619226498
54 0.02263405755177982
55 0.020475725553035746
56 0.01852358858183089
57 0.01675787858897906
58 0.0151607353026285
59 0.013716019822898023
60 0.012409146844703872
61 0.011226933572489474
62 0.01015746360510115
63 0.009189964257522457
0 10.416666666666657
1 8.643611064888843
2 7.245801145782255
3 6.1302290581015635
4 5.229283641151566
5 4.4934046057849155
6 3.885939298898388
7 3.3795255541808897
8 2.9535354593613916
9 2.592259360215663
10 2.283608409839432
11 2.0181819349438013
12 1.7885926640079686
13 1.5889751353081902
14 1.414624933950809
15 1.2617319061130468
16 1.1271812915923614
17 1.0084042583751534
18 0.9032646143909903
19 0.8099721991411746
20 0.7270160953175535
21 0.6531126754330424
22 0.5871648379757897
23 0.5282297496096456
24 0.4754931046708536
25 0.4282484178129911
26 0.38588023435896457
27 0.34785041399800926
28 0.3136868440360105
29 0.2829740877734587
30 0.25534558555323855
31 0.23047711051354328
32 0.20808124526796581
33 0.1879026948216605
34 0.1697142888212326
35 0.15331355551862733
36 0.13851977266771795
37 0.12517141849830943
38 0.11312396007038031
39 0.10224792756184714
40 0.09242723203631775
41 0.0835576914677376
42 0.07554573564486777
43 0.06830726533106236
44 0.06176664493898513
45 0.055855811170713546
46 0.050513482708079885
47 0.04568445822362485
48 0.04131899180425331
49 0.03737223640503801
50 0.033803747233476455
51 0.030577038048017233
52 0.027659184273583232
53 0.02502046761922652
54 0.02263405755177984
55 0.02047572555303574
56 0.018523588581830893
57 0.016757878588979046
58 0.01516073530262851
59 0.013716019822898011
60 0.012409146844703891
61 0.011226933572489467
62 0.010157463605101152
63 0.009189964257522455
0 10.416666666666666
1 8.643611064888834
2 7.2458011457822415
3 6.1302290581015715
4 5.229283641151567
5 4.493404605784911
6 3.8859392988983816
7 3.3795255541808866
8 2.953535459361393
9 2.5922593602156634
10 2.283608409839434
11 2.018181934943802
12 1.7885926640079681
13 1.5889751353081905
14 1.414624933950808
15 1.2617319061130454
16 1.127181291592359
17 1.0084042583751536
18 0.9032646143909894
19 0.8099721991411744
20 0.727016095317554
21 0.6531126754330414
22 0.5871648379757893
23 0.5282297496096465
24 0.4754931046708531
25 0.4282484178129914
26 0.3858802343589647
27 0.3478504139980095
28 0.3136868440360114
29 0.2829740877734582
30 0.25534558555323833
31 0.23047711051354303
32 0.20808124526796554
33 0.18790269482166055
34 0.1697142888212325
35 0.1533135555186275
36 0.13851977266771795
37 0.12517141849830987
38 0.11312396007038031
39 0.10224792756184718
40 0.09242723203631782
41 0.08355769146773781
42 0.07554573564486765
43 0.06830726533106243
44 0.06176664493898506
45 0.05585581117071355
46 0.05051348270807979
47 0.0456844582236248
48 0.041318991804253274
49 0.037372236405037916
50 0.033803747233476414
51 0.03057703804801724
52 0.02765918427358322
53 0.025020467619226498
54 0.022634057551779854
55 0.020475725553035735
56 0.01852358858183089
57 0.01675787858897902
58 0.01516073530262851
59 0.01371601982289802
60 0.01240914684470387
61 0.01122693357248946
62 0.010157463605101147
63 0.009189964257522467
0 10.416666666666673
1 8.643611064888843
2 7.245801145782251
3 6.130229058101569
4 5.229283641151576
5 4.493404605784922
6 3.8859392988983803
7 3.379525554180888
8 2.953535459361391
9 2.5922593602156634
10 2.283608409839432
11 2.0181819349438017
12 1.7885926640079737
13 1.5889751353081885
14 1.4146249339508097
15 1.2617319061130472
16 1.12718129159236
17 1.0084042583751534
18 0.9032646143909909
19 0.8099721991411745
20 0.7270160953175543
21 0.653112675433042
22 0.5871648379757889
23 0.528229749609646
24 0.4754931046708538
25 0.42824841781298995
26 0.3858802343589648
27 0.3478504139980092
28 0.31368684403601094
29 0.2829740877734587
30 0.25534558555323844
31 0.23047711051354308
32 0.20808124526796565
33 0.18790269482166025
34 0.16971428882123252
35 0.15331355551862713
36 0.13851977266771784
37 0.12517141849830976
38 0.11312396007038042
39 0.10224792756184714
40 0.09242723203631756
41 0.0835576914677378
42 0.07554573564486772
43 0.06830726533106246
44 0.061766644938985094
45 0.05585581117071359
46 0.05051348270807992
47 0.045684458223624796
48 0.04131899180425322
49 0.037372236405038034
50 0.03380374723347644
51 0.03057703804801715
52 0.02765918427358319
53 0.025020467619226574
54 0.02263405755177981
55 0.02047572555303575
56 0.01852358858183086
57 0.01675787858897905
58 0.015160735302628528
59 0.013716019822897994
60 0.01240914684470387
61 0.011226933572489483
62 0.010157463605101153
63 0.009189964257522476
0 10.416666666666657
1 8.643611064888843
2 7.245801145782251
3 6.130229058101578
4 5.229283641151567
5 4.493404605784931
6 3.8859392988983767
7 3.379525554180893
8 2.9535354593613907
9 2.59225936021566
10 2.283608409839431
11 2.018181934943804
12 1.7885926640079692
13 1.5889751353081878
14 1.414624933950811
15 1.2617319061130472
16 1.1271812915923607
17 1.0084042583751536
18 0.9032646143909883
19 0.8099721991411756
20 0.7270160953175531
21 0.6531126754330424
22 0.58716483797579
23 0.5282297496096465
24 0.4754931046708534
25 0.428248417812991
26 0.385880234358965
27 0.3478504139980085
28 0.31368684403601016
29 0.2829740877734587
30 0.25534558555323833
31 0.23047711051354286
32 0.20808124526796568
33 0.18790269482166014
34 0.1697142888212326
35 0.1533135555186273
36 0.13851977266771803
37 0.12517141849830965
38 0.11312396007038016
39 0.10224792756184725
40 0.09242723203631782
41 0.08355769146773766
42 0.07554573564486773
43 0.06830726533106243
44 0.06176664493898505
45 0.055855811170713546
46 0.05051348270807997
47 0.04568445822362485
48 0.04131899180425318
49 0.03737223640503798
50 0.03380374723347643
51 0.0305770380480172
52 0.02765918427358324
53 0.025020467619226515
54 0.0226340575517798
55 0.020475725553035718
56 0.018523588581830876
57 0.016757878588979053
58 0.015160735302628518
59 0.013716019822898023
60 0.012409146844703848
61 0.011226933572489465
62 0.010157463605101159
63 0.009189964257522432
0 10.416666666666655
1 8.643611064888823
2 7.245801145782241
3 6.13022905810158
4 5.229283641151572
5 4.493404605784928
6 3.8859392988983728
7 3.379525554180892
8 2.953535459361397
9 2.59225936021566
10 2.283608409839439
11 2.0181819349437995
12 1.78859266400797
13 1.588975135308186
14 1.41462493395081
15 1.2617319061130445
16 1.1271812915923622
17 1.0084042583751542
18 0.9032646143909909
19 0.809972199141177
20 0.7270160953175536
21 0.6531126754330413
22 0.5871648379757907
23 0.528229749609646
24 0.47549310467085404
25 0.42824841781299045
26 0.38588023435896485
27 0.3478504139980091
28 0.3136868440360108
29 0.2829740877734585
30 0.25534558555323866
31 0.23047711051354294
32 0.20808124526796593
33 0.18790269482166008
34 0.16971428882123243
35 0.15331355551862713
36 0.13851977266771806
37 0.12517141849830973
38 0.11312396007038043
39 0.10224792756184725
40 0.09242723203631772
41 0.08355769146773771
42 0.0755457356448677
43 0.06830726533106246
44 0.0617666449389851
45 0.05585581117071359
46 0.050513482708079864
47 0.04568445822362485
48 0.04131899180425319
49 0.03737223640503802
50 0.033803747233476386
51 0.030577038048017233
52 0.02765918427358325
53 0.025020467619226557
54 0.02263405755177988
55 0.020475725553035767
56 0.018523588581830848
57 0.016757878588979026
58 0.015160735302628498
59 0.013716019822898039
60 0.012409146844703905
61 0.01122693357248946
62 0.010157463605101134
63 0.009189964257522448
0 10.416666666666655
1 8.643611064888825
2 7.2458011457822495
3 6.130229058101584
4 5.229283641151566
5 4.4934046057849235
6 3.8859392988983825
7 3.3795255541808906
8 2.9535354593613916
9 2.5922593602156656
10 2.283608409839437
11 2.0181819349438013
12 1.78859266400797
13 1.5889751353081902
14 1.414624933950809
15 1.2617319061130448
16 1.1271812915923614
17 1.0084042583751547
18 0.9032646143909897
19 0.8099721991411761
20 0.7270160953175536
21 0.6531126754330411
22 0.5871648379757897
23 0.5282297496096466
24 0.4754931046708536
25 0.4282484178129905
26 0.385880234358965
27 0.3478504139980092
28 0.3136868440360108
29 0.282974087773459
30 0.25534558555323816
31 0.23047711051354347
32 0.20808124526796537
33 0.18790269482166058
34 0.16971428882123213
35 0.15331355551862724
36 0.13851977266771823
37 0.12517141849830984
38 0.11312396007038035
39 0.10224792756184722
40 0.09242723203631793
41 0.08355769146773781
42 0.0755457356448677
43 0.06830726533106246
44 0.06176664493898517
45 0.05585581117071359
46 0.0505134827080799
47 0.04568445822362474
48 0.0413189918042533
49 0.03737223640503797
50 0.03380374723347646
51 0.030577038048017233
52 0.027659184273583232
53 0.02502046761922653
54 0.022634057551779874
55 0.02047572555303575
56 0.018523588581830886
57 0.01675787858897905
58 0.015160735302628507
59 0.01371601982289802
60 0.012409146844703876
61 0.011226933572489483
62 0.010157463605101153
63 0.009189964257522448
0 10.41666666666665
1 8.643611064888832
2 7.245801145782241
3 6.130229058101564
4 5.22928364115158
5 4.493404605784921
6 3.8859392988983776
7 3.3795255541808933
8 2.9535354593613876
9 2.5922593602156576
10 2.2836084098394345
11 2.0181819349438035
12 1.788592664007972
13 1.5889751353081887
14 1.414624933950809
15 1.261731906113048
16 1.1271812915923638
17 1.0084042583751545
18 0.9032646143909897
19 0.8099721991411761
20 0.7270160953175541
21 0.6531126754330424
22 0.5871648379757896
23 0.5282297496096463
24 0.4754931046708539
25 0.4282484178129907
26 0.38588023435896474
27 0.34785041399800987
28 0.3136868440360106
29 0.28297408777345884
30 0.2553455855532387
31 0.23047711051354342
32 0.20808124526796545
33 0.18790269482166042
34 0.16971428882123263
35 0.15331355551862735
36 0.13851977266771798
37 0.12517141849830998
38 0.1131239600703803
39 0.10224792756184727
40 0.0924272320363178
41 0.08355769146773781
42 0.07554573564486779
43 0.06830726533106238
44 0.061766644938984996
45 0.055855811170713546
46 0.05051348270807985
47 0.04568445822362483
48 0.041318991804253254
49 0.037372236405037916
50 0.03380374723347639
51 0.030577038048017185
52 0.027659184273583305
53 0.025020467619226484
54 0.02263405755177985
55 0.020475725553035746
56 0.01852358858183089
57 0.016757878588979046
58 0.015160735302628509
59 0.013716019822898023
60 0.012409146844703872
61 0.011226933572489467
62 0.010157463605101152
63 0.009189964257522448
0 10.416666666666663
1 8.643611064888834
2 7.245801145782255
3 6.130229058101565
4 5.229283641151573
5 4.493404605784923
6 3.8859392988983794
7 3.379525554180886
8 2.9535354593613907
9 2.5922593602156683
10 2.2836084098394327
11 2.0181819349438004
12 1.7885926640079686
13 1.5889751353081902
14 1.4146249339508095
15 1.2617319061130459
16 1.1271812915923587
17 1.0084042583751525
18 0.9032646143909889
19 0.8099721991411755
20 0.7270160953175551
21 0.6531126754330429
22 0.5871648379757908
23 0.5282297496096466
24 0.47549310467085465
25 0.4282484178129911
26 0.385880234358965
27 0.3478504139980093
28 0.3136868440360102
29 0.2829740877734584
30 0.255345585553238
31 0.23047711051354342
32 0.20808124526796581
33 0.18790269482166047
34 0.1697142888212327
35 0.15331355551862727
36 0.13851977266771803
37 0.12517141849830976
38 0.11312396007038039
39 0.1022479275618472
40 0.09242723203631785
41 0.08355769146773771
42 0.07554573564486769
43 0.0683072653310625
44 0.06176664493898513
45 0.055855811170713546
46 0.050513482708079795
47 0.04568445822362486
48 0.04131899180425318
49 0.03737223640503795
50 0.0338037472334764
51 0.030577038048017167
52 0.027659184273583246
53 0.02502046761922654
54 0.022634057551779843
55 0.02047572555303572
56 0.01852358858183087
57 0.016757878588979046
58 0.015160735302628521
59 0.013716019822898006
60 0.012409146844703862
61 0.011226933572489451
62 0.010157463605101143
63 0.009189964257522444
0 10.416666666666671
1 8.643611064888821
2 7.245801145782247
3 6.130229058101569
4 5.229283641151573
5 4.493404605784924
6 3.885939298898386
7 3.379525554180892
8 2.9535354593613903
9 2.592259360215665
10 2.283608409839433
11 2.018181934943805
12 1.7885926640079712
13 1.5889751353081898
14 1.4146249339508117
15 1.2617319061130456
16 1.1271812915923591
17 1.0084042583751534
18 0.9032646143909887
19 0.8099721991411741
20 0.7270160953175551
21 0.6531126754330432
22 0.5871648379757902
23 0.5282297496096461
24 0.4754931046708536
25 0.42824841781299117
26 0.38588023435896546
27 0.34785041399800926
28 0.31368684403601116
29 0.28297408777345856
30 0.25534558555323844
31 0.23047711051354294
32 0.2080812452679654
33 0.18790269482166025
34 0.16971428882123243
35 0.15331355551862727
36 0.1385197726677182
37 0.12517141849830982
38 0.11312396007038043
39 0.1022479275618472
40 0.09242723203631786
41 0.08355769146773785
42 0.07554573564486773
43 0.06830726533106261
44 0.061766644938985156
45 0.05585581117071355
46 0.050513482708079885
47 0.045684458223624706
48 0.0413189918042532
49 0.037372236405038034
50 0.033803747233476455
51 0.03057703804801724
52 0.027659184273583257
53 0.025020467619226515
54 0.022634057551779854
55 0.020475725553035735
56 0.018523588581830865
57 0.016757878588979057
58 0.015160735302628505
59 0.013716019822898023
60 0.01240914684470388
61 0.011226933572489457
62 0.010157463605101136
63 0.009189964257522467
0 10.416666666666668
1 8.643611064888841
2 7.24580114578223
3 6.130229058101569
4 5.229283641151578
5 4.493404605784933
6 3.8859392988983785
7 3.379525554180892
8 2.9535354593613854
9 2.5922593602156603
10 2.283608409839433
11 2.0181819349438004
12 1.7885926640079706
13 1.5889751353081882
14 1.4146249339508117
15 1.2617319061130434
16 1.127181291592362
17 1.0084042583751525
18 0.903264614390991
19 0.809972199141177
20 0.7270160953175562
21 0.6531126754330426
22 0.5871648379757897
23 0.5282297496096463
24 0.47549310467085437
25 0.4282484178129905
26 0.38588023435896474
27 0.3478504139980093
28 0.31368684403601005
29 0.282974087773458
30 0.25534558555323855
31 0.23047711051354308
32 0.20808124526796581
33 0.1879026948216605
34 0.16971428882123238
35 0.15331355551862724
36 0.13851977266771814
37 0.12517141849830968
38 0.11312396007038043
39 0.10224792756184718
40 0.09242723203631774
41 0.0835576914677377
42 0.07554573564486772
43 0.06830726533106246
44 0.061766644938985045
45 0.055855811170713636
46 0.0505134827080799
47 0.04568445822362478
48 0.04131899180425325
49 0.037372236405038
50 0.033803747233476414
51 0.030577038048017164
52 0.027659184273583198
53 0.025020467619226525
54 0.022634057551779836
55 0.020475725553035746
56 0.018523588581830865
57 0.016757878588979043
58 0.015160735302628531
59 0.013716019822898032
60 0.012409146844703883
61 0.011226933572489472
62 0.01015746360510115
63 0.009189964257522472
0 10.416666666666647
1 8.643611064888823
2 7.245801145782245
3 6.130229058101565
4 5.229283641151577
5 4.493404605784925
6 3.885939298898375
7 3.379525554180884
8 2.9535354593613934
9 2.5922593602156594
10 2.2836084098394354
11 2.018181934943802
12 1.7885926640079688
13 1.5889751353081878
14 1.414624933950809
15 1.2617319061130454
16 1.1271812915923596
17 1.0084042583751531
18 0.9032646143909888
19 0.8099721991411776
20 0.7270160953175533
21 0.6531126754330422
22 0.5871648379757897
23 0.528229749609647
24 0.47549310467085415
25 0.4282484178129902
26 0.3858802343589648
27 0.3478504139980097
28 0.3136868440360105
29 0.2829740877734582
30 0.2553455855532384
31 0.23047711051354278
32 0.20808124526796562
33 0.18790269482166025
34 0.16971428882123243
35 0.15331355551862724
36 0.13851977266771806
37 0.12517141849830987
38 0.11312396007038043
39 0.10224792756184727
40 0.09242723203631786
41 0.08355769146773785
42 0.07554573564486773
43 0.06830726533106254
44 0.061766644938985114
45 0.05585581117071353
46 0.05051348270807985
47 0.045684458223624894
48 0.041318991804253274
49 0.03737223640503799
50 0.03380374723347641
51 0.03057703804801717
52 0.02765918427358325
53 0.025020467619226536
54 0.022634057551779826
55 0.020475725553035697
56 0.018523588581830855
57 0.016757878588979053
58 0.015160735302628486
59 0.01371601982289804
60 0.012409146844703877
61 0.011226933572489477
62 0.010157463605101143
63 0.009189964257522453
0 10.416666666666648
1 8.64361106488883
2 7.245801145782233
3 6.130229058101575
4 5.229283641151574
5 4.493404605784921
6 3.8859392988983807
7 3.379525554180891
8 2.9535354593613943
9 2.5922593602156603
10 2.2836084098394376
11 2.018181934943799
12 1.788592664007974
13 1.588975135308186
14 1.4146249339508097
15 1.2617319061130479
16 1.1271812915923602
17 1.0084042583751542
18 0.9032646143909903
19 0.8099721991411761
20 0.7270160953175534
21 0.6531126754330416
22 0.5871648379757897
23 0.5282297496096465
24 0.4754931046708539
25 0.4282484178129905
26 0.38588023435896474
27 0.3478504139980098
28 0.3136868440360107
29 0.2829740877734588
30 0.2553455855532384
31 0.23047711051354297
32 0.20808124526796581
33 0.18790269482166055
34 0.1697142888212327
35 0.15331355551862735
36 0.13851977266771784
37 0.12517141849830993
38 0.11312396007038018
39 0.10224792756184711
40 0.09242723203631775
41 0.08355769146773769
42 0.07554573564486779
43 0.06830726533106252
44 0.06176664493898514
45 0.055855811170713525
46 0.05051348270807988
47 0.04568445822362487
48 0.04131899180425318
49 0.037372236405037944
50 0.0338037472334764
51 0.030577038048017154
52 0.02765918427358324
53 0.025020467619226536
54 0.022634057551779854
55 0.02047572555303574
56 0.0185235885818309
57 0.016757878588979033
58 0.015160735302628509
59 0.013716019822898039
60 0.01240914684470388
61 0.01122693357248945
62 0.010157463605101169
63 0.009189964257522465
0 10.416666666666655
1 8.643611064888837
2 7.245801145782253
3 6.13022905810157
4 5.229283641151572
5 4.4934046057849155
6 3.88593929889838
7 3.379525554180893
8 2.95353545936139
9 2.5922593602156607
10 2.2836084098394354
11 2.0181819349438057
12 1.78859266400797
13 1.5889751353081902
14 1.414624933950812
15 1.2617319061130459
16 1.1271812915923611
17 1.0084042583751547
18 0.90326461439099
19 0.809972199141174
20 0.7270160953175551
21 0.6531126754330429
22 0.5871648379757899
23 0.5282297496096464
24 0.47549310467085276
25 0.4282484178129907
26 0.38588023435896457
27 0.3478504139980084
28 0.3136868440360108
29 0.2829740877734585
30 0.25534558555323816
31 0.23047711051354317
32 0.20808124526796562
33 0.18790269482166042
34 0.16971428882123238
35 0.15331355551862744
36 0.13851977266771795
37 0.12517141849830987
38 0.11312396007038031
39 0.10224792756184733
40 0.09242723203631768
41 0.08355769146773774
42 0.07554573564486768
43 0.06830726533106249
44 0.061766644938985156
45 0.05585581117071362
46 0.05051348270807988
47 0.04568445822362476
48 0.04131899180425322
49 0.03737223640503798
50 0.03380374723347635
51 0.030577038048017143
52 0.027659184273583225
53 0.025020467619226515
54 0.022634057551779836
55 0.02047572555303571
56 0.0185235885818309
57 0.01675787858897905
58 0.0151607353026285
59 0.013716019822898023
60 0.012409146844703896
61 0.011226933572489467
62 0.01015746360510113
63 0.009189964257522455
0 10.416666666666664
1 8.64361106488883
2 7.245801145782233
3 6.130229058101569
4 5.229283641151581
5 4.493404605784932
6 3.8859392988983705
7 3.379525554180892
8 2.953535459361397
9 2.5922593602156567
10 2.2836084098394336
11 2.0181819349437986
12 1.7885926640079692
13 1.588975135308189
14 1.4146249339508095
15 1.2617319061130459
16 1.1271812915923598
17 1.0084042583751531
18 0.9032646143909892
19 0.8099721991411756
20 0.7270160953175558
21 0.653112675433042
22 0.5871648379757904
23 0.5282297496096467
24 0.47549310467085415
25 0.4282484178129911
26 0.38588023435896496
27 0.34785041399800964
28 0.3136868440360107
29 0.2829740877734583
30 0.255345585553238
31 0.2304771105135431
32 0.20808124526796595
33 0.1879026948216605
34 0.16971428882123266
35 0.15331355551862755
36 0.13851977266771812
37 0.12517141849830968
38 0.11312396007038025
39 0.10224792756184707
40 0.09242723203631785
41 0.08355769146773774
42 0.07554573564486777
43 0.06830726533106259
44 0.061766644938985156
45 0.05585581117071349
46 0.050513482708079864
47 0.04568445822362476
48 0.04131899180425325
49 0.03737223640503797
50 0.03380374723347648
51 0.03057703804801717
52 0.027659184273583208
53 0.025020467619226557
54 0.02263405755177989
55 0.02047572555303576
56 0.018523588581830876
57 0.016757878588979033
58 0.015160735302628483
59 0.013716019822898029
60 0.012409146844703855
61 0.011226933572489448
62 0.010157463605101143
63 0.00918996425752246
0 10.416666666666657
1 8.643611064888814
2 7.24580114578224
3 6.130229058101573
4 5.229283641151564
5 4.493404605784925
6 3.8859392988983767
7 3.379525554180885
8 2.95353545936139
9 2.5922593602156647
10 2.2836084098394345
11 2.018181934943799
12 1.7885926640079697
13 1.5889751353081905
14 1.4146249339508086
15 1.2617319061130472
16 1.1271812915923596
17 1.0084042583751527
18 0.9032646143909909
19 0.8099721991411772
20 0.727016095317554
21 0.6531126754330426
22 0.5871648379757888
23 0.5282297496096464
24 0.4754931046708527
25 0.4282484178129906
26 0.3858802343589644
27 0.3478504139980086
28 0.3136868440360112
29 0.2829740877734591
30 0.2553455855532387
31 0.23047711051354317
32 0.20808124526796565
33 0.18790269482166028
34 0.16971428882123232
35 0.1533135555186274
36 0.13851977266771798
37 0.12517141849830996
38 0.11312396007038043
39 0.10224792756184725
40 0.09242723203631785
41 0.08355769146773777
42 0.07554573564486772
43 0.06830726533106252
44 0.06176664493898509
45 0.05585581117071356
46 0.050513482708079885
47 0.04568445822362482
48 0.04131899180425328
49 0.03737223640503804
50 0.03380374723347643
51 0.030577038048017213
52 0.027659184273583246
53 0.025020467619226553
54 0.022634057551779833
55 0.02047572555303577
56 0.01852358858183086
57 0.01675787858897903
58 0.015160735302628525
59 0.013716019822898015
60 0.01240914684470386
61 0.011226933572489467
62 0.01015746360510114
63 0.009189964257522458
0 10.416666666666648
1 8.643611064888837
2 7.245801145782249
3 6.1302290581015635
4 5.229283641151577
5 4.493404605784917
6 3.885939298898376
7 3.379525554180896
8 2.9535354593613885
9 2.5922593602156554
10 2.2836084098394327
11 2.018181934943801
12 1.7885926640079706
13 1.5889751353081876
14 1.41462493395081
15 1.2617319061130452
16 1.1271812915923596
17 1.0084042583751545
18 0.9032646143909897
19 0.8099721991411755
20 0.727016095317554
21 0.6531126754330431
22 0.5871648379757889
23 0.5282297496096464
24 0.47549310467085476
25 0.4282484178129902
26 0.3858802343589648
27 0.3478504139980094
28 0.31368684403601127
29 0.2829740877734584
30 0.2553455855532385
31 0.2304771105135433
32 0.20808124526796523
33 0.18790269482166064
34 0.1697142888212326
35 0.15331355551862733
36 0.13851977266771773
37 0.1251714184983097
38 0.11312396007038054
39 0.10224792756184733
40 0.09242723203631774
41 0.08355769146773785
42 0.07554573564486765
43 0.06830726533106245
44 0.061766644938985156
45 0.0558558111707135
46 0.05051348270807985
47 0.04568445822362484
48 0.04131899180425326
49 0.03737223640503801
50 0.03380374723347641
51 0.030577038048017133
52 0.027659184273583232
53 0.025020467619226536
54 0.022634057551779847
55 0.020475725553035753
56 0.01852358858183089
57 0.01675787858897905
58 0.015160735302628518
59 0.013716019822898013
60 0.012409146844703877
61 0.011226933572489455
62 0.010157463605101162
63 0.009189964257522457
0 10.416666666666657
1 8.643611064888827
2 7.245801145782253
3 6.130229058101566
4 5.229283641151563
5 4.493404605784929
6 3.8859392988983834
7 3.379525554180891
8 2.9535354593613916
9 2.5922593602156585
10 2.283608409839432
11 2.0181819349438004
12 1.7885926640079748
13 1.5889751353081891
14 1.4146249339508095
15 1.2617319061130463
16 1.1271812915923614
17 1.0084042583751538
18 0.90326461439099
19 0.8099721991411756
20 0.7270160953175545
21 0.6531126754330409
22 0.5871648379757898
23 0.5282297496096463
24 0.4754931046708544
25 0.428248417812991
26 0.3858802343589652
27 0.347850413998009
28 0.31368684403601066
29 0.2829740877734588
30 0.25534558555323844
31 0.23047711051354247
32 0.20808124526796556
33 0.18790269482166055
34 0.1697142888212326
35 0.15331355551862713
36 0.1385197726677182
37 0.1251714184983099
38 0.11312396007038036
39 0.10224792756184727
40 0.09242723203631799
41 0.08355769146773773
42 0.0755457356448678
43 0.06830726533106254
44 0.061766644938985156
45 0.05585581117071356
46 0.050513482708079815
47 0.04568445822362471
48 0.041318991804253156
49 0.03737223640503795
50 0.03380374723347642
51 0.030577038048017213
52 0.027659184273583257
53 0.02502046761922653
54 0.02263405755177981
55 0.020475725553035732
56 0.01852358858183089
57 0.016757878588979036
58 0.015160735302628483
59 0.013716019822898011
60 0.01240914684470389
61 0.011226933572489484
62 0.010157463605101162
63 0.009189964257522457
0 10.41666666666666
1 8.643611064888836
2 7.245801145782245
3 6.13022905810158
4 5.229283641151574
5 4.493404605784925
6 3.8859392988983767
7 3.3795255541808853
8 2.9535354593613916
9 2.5922593602156585
10 2.2836084098394336
11 2.018181934943804
12 1.7885926640079728
13 1.588975135308189
14 1.4146249339508095
15 1.2617319061130463
16 1.1271812915923576
17 1.008404258375153
18 0.9032646143909909
19 0.8099721991411761
20 0.7270160953175545
21 0.6531126754330414
22 0.5871648379757893
23 0.5282297496096462
24 0.4754931046708539
25 0.4282484178129908
26 0.3858802343589648
27 0.3478504139980096
28 0.31368684403601044
29 0.2829740877734581
30 0.25534558555323883
31 0.2304771105135426
32 0.20808124526796554
33 0.18790269482166055
34 0.1697142888212324
35 0.1533135555186272
36 0.13851977266771798
37 0.12517141849831004
38 0.11312396007038042
39 0.10224792756184711
40 0.09242723203631772
41 0.08355769146773769
42 0.07554573564486756
43 0.06830726533106248
44 0.06176664493898505
45 0.055855811170713546
46 0.05051348270807984
47 0.04568445822362477
48 0.04131899180425326
49 0.037372236405038034
50 0.03380374723347641
51 0.03057703804801724
52 0.027659184273583187
53 0.025020467619226515
54 0.02263405755177985
55 0.020475725553035732
56 0.018523588581830848
57 0.016757878588979067
58 0.015160735302628518
59 0.013716019822898027
60 0.01240914684470384
61 0.011226933572489457
62 0.010157463605101133
63 0.009189964257522464
0 10.416666666666666
1 8.643611064888827
2 7.245801145782242
3 6.13022905810158
4 5.229283641151566
5 4.493404605784926
6 3.8859392988983745
7 3.3795255541808906
8 2.95353545936139
9 2.592259360215665
10 2.283608409839434
11 2.0181819349438026
12 1.7885926640079708
13 1.5889751353081896
14 1.4146249339508106
15 1.2617319061130448
16 1.1271812915923582
17 1.0084042583751527
18 0.9032646143909895
19 0.8099721991411754
20 0.7270160953175536
21 0.6531126754330422
22 0.5871648379757889
23 0.5282297496096467
24 0.47549310467085343
25 0.4282484178129909
26 0.38588023435896446
27 0.3478504139980089
28 0.3136868440360099
29 0.2829740877734588
30 0.2553455855532386
31 0.23047711051354297
32 0.20808124526796593
33 0.18790269482166042
34 0.16971428882123227
35 0.1533135555186271
36 0.13851977266771814
37 0.12517141849830984
38 0.11312396007038043
39 0.10224792756184733
40 0.09242723203631782
41 0.0835576914677376
42 0.07554573564486768
43 0.06830726533106245
44 0.061766644938985114
45 0.05585581117071365
46 0.05051348270807986
47 0.04568445822362482
48 0.041318991804253226
49 0.037372236405037895
50 0.0338037472334764
51 0.030577038048017185
52 0.027659184273583208
53 0.02502046761922654
54 0.02263405755177982
55 0.020475725553035708
56 0.018523588581830893
57 0.016757878588979057
58 0.015160735302628518
59 0.013716019822898018
60 0.01240914684470388
61 0.011226933572489472
62 0.010157463605101145
63 0.009189964257522465
0 10.416666666666645
1 8.643611064888841
2 7.245801145782245
3 6.130229058101569
4 5.229283641151573
5 4.493404605784917
6 3.8859392988983816
7 3.379525554180884
8 2.953535459361387
9 2.5922593602156616
10 2.2836084098394336
11 2.0181819349438
12 1.788592664007972
13 1.588975135308191
14 1.4146249339508101
15 1.2617319061130474
16 1.1271812915923598
17 1.0084042583751536
18 0.9032646143909897
19 0.8099721991411765
20 0.7270160953175548
21 0.6531126754330424
22 0.58716483797579
23 0.5282297496096461
24 0.47549310467085437
25 0.428248417812991
26 0.3858802343589648
27 0.3478504139980094
28 0.3136868440360106
29 0.2829740877734581
30 0.25534558555323855
31 0.23047711051354267
32 0.20808124526796554
33 0.1879026948216602
34 0.16971428882123235
35 0.1533135555186275
36 0.13851977266771834
37 0.1251714184983097
38 0.11312396007038034
39 0.10224792756184713
40 0.09242723203631786
41 0.08355769146773763
42 0.07554573564486777
43 0.06830726533106249
44 0.061766644938985156
45 0.05585581117071365
46 0.050513482708079906
47 0.045684458223624706
48 0.04131899180425329
49 0.03737223640503798
50 0.03380374723347642
51 0.0305770380480172
52 0.027659184273583298
53 0.02502046761922651
54 0.022634057551779885
55 0.020475725553035767
56 0.018523588581830872
57 0.016757878588979053
58 0.015160735302628493
59 0.013716019822898013
60 0.012409146844703876
61 0.011226933572489469
62 0.01015746360510115
63 0.00918996425752245
0 10.416666666666679
1 8.643611064888814
2 7.245801145782237
3 6.130229058101587
4 5.2292836411515635
5 4.493404605784921
6 3.8859392988983763
7 3.379525554180886
8 2.9535354593613845
9 2.592259360215663
10 2.283608409839435
11 2.0181819349438053
12 1.7885926640079686
13 1.5889751353081896
14 1.4146249339508103
15 1.2617319061130459
16 1.1271812915923594
17 1.0084042583751522
18 0.9032646143909894
19 0.8099721991411754
20 0.7270160953175541
21 0.6531126754330414
22 0.5871648379757896
23 0.5282297496096467
24 0.4754931046708532
25 0.4282484178129908
26 0.3858802343589646
27 0.3478504139980091
28 0.3136868440360107
29 0.28297408777345884
30 0.2553455855532384
31 0.2304771105135431
32 0.20808124526796545
33 0.18790269482166014
34 0.16971428882123218
35 0.1533135555186271
36 0.13851977266771828
37 0.12517141849831004
38 0.11312396007038021
39 0.1022479275618473
40 0.09242723203631778
41 0.08355769146773771
42 0.07554573564486779
43 0.06830726533106253
44 0.061766644938985045
45 0.05585581117071356
46 0.05051348270807988
47 0.04568445822362487
48 0.04131899180425318
49 0.03737223640503801
50 0.03380374723347641
51 0.030577038048017178
52 0.027659184273583246
53 0.02502046761922658
54 0.022634057551779874
55 0.020475725553035732
56 0.018523588581830893
57 0.016757878588979043
58 0.015160735302628498
59 0.013716019822897994
60 0.012409146844703883
61 0.011226933572489451
62 0.01015746360510116
63 0.009189964257522465
0 10.416666666666657
1 8.643611064888827
2 7.245801145782239
3 6.13022905810157
4 5.2292836411515795
5 4.493404605784925
6 3.8859392988983745
7 3.3795255541808897
8 2.9535354593613916
9 2.592259360215657
10 2.2836084098394345
11 2.0181819349437995
12 1.7885926640079743
13 1.5889751353081887
14 1.4146249339508095
15 1.2617319061130468
16 1.1271812915923598
17 1.0084042583751534
18 0.9032646143909893
19 0.8099721991411758
20 0.7270160953175536
21 0.6531126754330422
22 0.5871648379757883
23 0.5282297496096472
24 0.47549310467085437
25 0.4282484178129913
26 0.3858802343589647
27 0.34785041399800926
28 0.31368684403601055
29 0.28297408777345845
30 0.25534558555323844
31 0.23047711051354294
32 0.20808124526796565
33 0.18790269482166055
34 0.1697142888212325
35 0.15331355551862735
36 0.13851977266771784
37 0.12517141849830976
38 0.11312396007038027
39 0.1022479275618472
40 0.09242723203631778
41 0.08355769146773782
42 0.07554573564486773
43 0.06830726533106253
44 0.061766644938985094
45 0.055855811170713525
46 0.05051348270807992
47 0.04568445822362486
48 0.04131899180425323
49 0.03737223640503798
50 0.03380374723347635
51 0.0305770380480172
52 0.027659184273583205
53 0.025020467619226494
54 0.022634057551779854
55 0.02047572555303575
56 0.018523588581830855
57 0.01675787858897904
58 0.01516073530262851
59 0.013716019822898017
60 0.012409146844703862
61 0.011226933572489469
62 0.010157463605101145
63 0.009189964257522464
0 10.41666666666668
1 8.643611064888823
2 7.245801145782241
3 6.130229058101569
4 5.229283641151576
5 4.49340460578493
6 3.885939298898369
7 3.379525554180894
8 2.9535354593613934
9 2.5922593602156616
10 2.2836084098394407
11 2.018181934943804
12 1.7885926640079728
13 1.5889751353081913
14 1.4146249339508101
15 1.2617319061130459
16 1.1271812915923598
17 1.008404258375153
18 0.9032646143909895
19 0.809972199141175
20 0.7270160953175542
21 0.6531126754330422
22 0.5871648379757892
23 0.5282297496096461
24 0.4754931046708537
25 0.42824841781299017
26 0.38588023435896546
27 0.3478504139980094
28 0.3136868440360107
29 0.2829740877734586
30 0.2553455855532381
31 0.23047711051354342
32 0.20808124526796548
33 0.18790269482166047
34 0.16971428882123235
35 0.15331355551862744
36 0.1385197726677182
37 0.12517141849830987
38 0.11312396007038036
39 0.10224792756184718
40 0.09242723203631782
41 0.08355769146773759
42 0.07554573564486756
43 0.06830726533106249
44 0.06176664493898509
45 0.05585581117071359
46 0.05051348270807988
47 0.04568445822362487
48 0.04131899180425328
49 0.037372236405038
50 0.03380374723347645
51 0.030577038048017178
52 0.02765918427358324
53 0.025020467619226508
54 0.022634057551779874
55 0.020475725553035715
56 0.018523588581830865
57 0.016757878588979074
58 0.015160735302628509
59 0.013716019822898017
60 0.012409146844703869
61 0.011226933572489484
62 0.010157463605101152
63 0.009189964257522448
0 10.416666666666679
1 8.643611064888834
2 7.245801145782237
3 6.130229058101581
4 5.229283641151572
5 4.49340460578492
6 3.8859392988983825
7 3.3795255541808933
8 2.9535354593613894
9 2.5922593602156585
10 2.2836084098394327
11 2.0181819349437995
12 1.788592664007968
13 1.5889751353081865
14 1.4146249339508112
15 1.261731906113043
16 1.1271812915923591
17 1.0084042583751525
18 0.903264614390991
19 0.8099721991411759
20 0.7270160953175545
21 0.6531126754330426
22 0.5871648379757888
23 0.5282297496096459
24 0.47549310467085354
25 0.428248417812991
26 0.385880234358965
27 0.34785041399800926
28 0.3136868440360109
29 0.28297408777345845
30 0.2553455855532384
31 0.23047711051354317
32 0.20808124526796554
33 0.1879026948216605
34 0.16971428882123238
35 0.15331355551862713
36 0.13851977266771812
37 0.1251714184983098
38 0.11312396007038028
39 0.10224792756184699
40 0.09242723203631789
41 0.08355769146773774
42 0.07554573564486762
43 0.06830726533106253
44 0.06176664493898505
45 0.05585581117071366
46 0.050513482708079836
47 0.04568445822362479
48 0.04131899180425328
49 0.03737223640503796
50 0.033803747233476365
51 0.030577038048017192
52 0.027659184273583257
53 0.025020467619226498
54 0.022634057551779847
55 0.020475725553035708
56 0.018523588581830862
57 0.016757878588979036
58 0.015160735302628493
59 0.013716019822898027
60 0.012409146844703886
61 0.01122693357248946
62 0.01015746360510114
63 0.00918996425752246
0 10.416666666666655
1 8.643611064888834
2 7.2458011457822336
3 6.130229058101579
4 5.229283641151576
5 4.4934046057849235
6 3.8859392988983825
7 3.379525554180891
8 2.9535354593613916
9 2.5922593602156625
10 2.2836084098394354
11 2.0181819349438017
12 1.7885926640079717
13 1.5889751353081913
14 1.4146249339508097
15 1.2617319061130454
16 1.1271812915923622
17 1.0084042583751538
18 0.9032646143909889
19 0.8099721991411754
20 0.7270160953175535
21 0.6531126754330424
22 0.5871648379757899
23 0.5282297496096472
24 0.47549310467085415
25 0.428248417812991
26 0.38588023435896485
27 0.34785041399800914
28 0.313686844036011
29 0.282974087773459
30 0.2553455855532385
31 0.2304771105135431
32 0.20808124526796545
33 0.18790269482166005
34 0.16971428882123243
35 0.15331355551862716
36 0.13851977266771806
37 0.12517141849830976
38 0.11312396007038025
39 0.10224792756184745
40 0.09242723203631785
41 0.08355769146773769
42 0.07554573564486786
43 0.06830726533106253
44 0.06176664493898507
45 0.055855811170713594
46 0.050513482708079864
47 0.0456844582236248
48 0.04131899180425322
49 0.03737223640503795
50 0.03380374723347645
51 0.030577038048017206
52 0.027659184273583232
53 0.025020467619226515
54 0.022634057551779843
55 0.020475725553035715
56 0.01852358858183091
57 0.016757878588979053
58 0.015160735302628492
59 0.013716019822898044
60 0.012409146844703865
61 0.011226933572489469
62 0.010157463605101141
63 0.009189964257522467
0 10.416666666666675
1 8.643611064888827
2 7.245801145782253
3 6.13022905810157
4 5.229283641151565
5 4.493404605784924
6 3.885939298898385
7 3.3795255541808933
8 2.9535354593613943
9 2.592259360215663
10 2.2836084098394336
11 2.0181819349438004
12 1.7885926640079692
13 1.588975135308191
14 1.4146249339508086
15 1.2617319061130459
16 1.1271812915923596
17 1.0084042583751516
18 0.9032646143909878
19 0.8099721991411758
20 0.7270160953175551
21 0.6531126754330415
22 0.5871648379757902
23 0.5282297496096459
24 0.4754931046708529
25 0.4282484178129901
26 0.38588023435896496
27 0.34785041399800853
28 0.31368684403601066
29 0.2829740877734587
30 0.25534558555323816
31 0.23047711051354347
32 0.20808124526796581
33 0.1879026948216602
34 0.16971428882123232
35 0.15331355551862694
36 0.13851977266771795
37 0.1251714184983098
38 0.11312396007038052
39 0.1022479275618472
40 0.0924272320363178
41 0.08355769146773764
42 0.0755457356448677
43 0.06830726533106248
44 0.0617666449389851
45 0.055855811170713594
46 0.05051348270807979
47 0.04568445822362474
48 0.04131899180425326
49 0.03737223640503798
50 0.03380374723347646
51 0.03057703804801711
52 0.02765918427358324
53 0.025020467619226487
54 0.022634057551779833
55 0.02047572555303576
56 0.01852358858183086
57 0.016757878588979078
58 0.015160735302628535
59 0.013716019822897996
60 0.012409146844703864
61 0.011226933572489469
62 0.010157463605101162
63 0.00918996425752245
0 10.416666666666675
1 8.643611064888834
2 7.245801145782239
3 6.130229058101571
4 5.229283641151572
5 4.493404605784928
6 3.885939298898369
7 3.3795255541808884
8 2.9535354593613876
9 2.592259360215659
10 2.28360840983943
11 2.0181819349438035
12 1.78859266400797
13 1.5889751353081882
14 1.4146249339508095
15 1.2617319061130468
16 1.1271812915923605
17 1.0084042583751534
18 0.90326461439099
19 0.8099721991411765
20 0.7270160953175534
21 0.6531126754330415
22 0.5871648379757916
23 0.5282297496096457
24 0.47549310467085354
25 0.4282484178129908
26 0.38588023435896457
27 0.3478504139980088
28 0.3136868440360106
29 0.2829740877734587
30 0.25534558555323805
31 0.23047711051354308
32 0.20808124526796587
33 0.1879026948216602
34 0.1697142888212324
35 0.15331355551862713
36 0.138519772667718
37 0.12517141849830948
38 0.11312396007038032
39 0.1022479275618472
40 0.0924272320363178
41 0.08355769146773767
42 0.07554573564486788
43 0.06830726533106253
44 0.061766644938985156
45 0.05585581117071354
46 0.050513482708079885
47 0.04568445822362481
48 0.04131899180425321
49 0.037372236405038
50 0.03380374723347645
51 0.03057703804801716
52 0.027659184273583257
53 0.025020467619226525
54 0.022634057551779874
55 0.02047572555303575
56 0.018523588581830886
57 0.016757878588979043
58 0.01516073530262851
59 0.013716019822898013
60 0.012409146844703862
61 0.011226933572489457
62 0.010157463605101133
63 0.009189964257522453
0 10.41666666666666
1 8.643611064888821
2 7.2458011457822415
3 6.130229058101576
4 5.229283641151571
5 4.493404605784925
6 3.885939298898385
7 3.379525554180886
8 2.953535459361392
9 2.592259360215659
10 2.283608409839433
11 2.0181819349438044
12 1.7885926640079697
13 1.588975135308187
14 1.414624933950808
15 1.261731906113047
16 1.1271812915923598
17 1.0084042583751534
18 0.9032646143909905
19 0.8099721991411744
20 0.7270160953175543
21 0.6531126754330424
22 0.5871648379757896
23 0.5282297496096467
24 0.4754931046708535
25 0.4282484178129904
26 0.38588023435896485
27 0.34785041399800887
28 0.31368684403601094
29 0.28297408777345884
30 0.2553455855532387
31 0.23047711051354286
32 0.20808124526796573
33 0.18790269482166047
34 0.1697142888212328
35 0.153313555518627
36 0.13851977266771798
37 0.12517141849831
38 0.11312396007038049
39 0.10224792756184733
40 0.09242723203631782
41 0.08355769146773785
42 0.07554573564486772
43 0.06830726533106243
44 0.06176664493898514
45 0.055855811170713476
46 0.050513482708079836
47 0.04568445822362479
48 0.04131899180425325
49 0.037372236405037965
50 0.03380374723347639
51 0.030577038048017174
52 0.02765918427358324
53 0.02502046761922654
54 0.02263405755177986
55 0.020475725553035753
56 0.01852358858183085
57 0.016757878588979036
58 0.015160735302628521
59 0.013716019822898013
60 0.012409146844703872
61 0.011226933572489469
62 0.010157463605101136
63 0.009189964257522467
0 10.416666666666668
1 8.643611064888827
2 7.245801145782229
3 6.130229058101578
4 5.229283641151582
5 4.4934046057849155
6 3.8859392988983776
7 3.379525554180891
8 2.9535354593613916
9 2.592259360215659
10 2.2836084098394354
11 2.0181819349438013
12 1.788592664007968
13 1.5889751353081882
14 1.4146249339508128
15 1.2617319061130445
16 1.1271812915923616
17 1.008404258375154
18 0.9032646143909909
19 0.8099721991411767
20 0.7270160953175536
21 0.653112675433042
22 0.5871648379757893
23 0.5282297496096472
24 0.47549310467085326
25 0.4282484178129911
26 0.3858802343589655
27 0.3478504139980091
28 0.31368684403601044
29 0.28297408777345884
30 0.25534558555323866
31 0.23047711051354322
32 0.20808124526796565
33 0.18790269482166028
34 0.16971428882123274
35 0.15331355551862713
36 0.138519772667718
37 0.12517141849830998
38 0.11312396007038046
39 0.1022479275618473
40 0.09242723203631771
41 0.08355769146773763
42 0.07554573564486765
43 0.06830726533106254
44 0.06176664493898505
45 0.05585581117071351
46 0.05051348270807978
47 0.04568445822362486
48 0.04131899180425321
49 0.037372236405037916
50 0.03380374723347641
51 0.0305770380480172
52 0.02765918427358325
53 0.025020467619226525
54 0.02263405755177983
55 0.02047572555303574
56 0.0185235885818309
57 0.016757878588979067
58 0.015160735302628528
59 0.013716019822898036
60 0.01240914684470386
61 0.011226933572489453
62 0.01015746360510115
63 0.009189964257522441
0 10.416666666666673
1 8.643611064888852
2 7.245801145782263
3 6.130229058101575
4 5.229283641151566
5 4.493404605784923
6 3.8859392988983825
7 3.3795255541808844
8 2.9535354593613894
9 2.592259360215664
10 2.2836084098394376
11 2.0181819349437986
12 1.7885926640079712
13 1.5889751353081887
14 1.4146249339508106
15 1.2617319061130448
16 1.1271812915923607
17 1.0084042583751531
18 0.9032646143909895
19 0.8099721991411751
20 0.7270160953175544
21 0.6531126754330423
22 0.5871648379757893
23 0.528229749609646
24 0.47549310467085404
25 0.4282484178129911
26 0.38588023435896496
27 0.34785041399800914
28 0.3136868440360111
29 0.2829740877734591
30 0.2553455855532384
31 0.23047711051354303
32 0.20808124526796504
33 0.18790269482166055
34 0.1697142888212325
35 0.1533135555186272
36 0.13851977266771814
37 0.12517141849830993
38 0.11312396007038046
39 0.10224792756184718
40 0.09242723203631775
41 0.08355769146773777
42 0.07554573564486777
43 0.06830726533106238
44 0.06176664493898521
45 0.0558558111707135
46 0.05051348270807988
47 0.04568445822362478
48 0.041318991804253254
49 0.03737223640503797
50 0.03380374723347644
51 0.03057703804801722
52 0.02765918427358322
53 0.02502046761922653
54 0.02263405755177985
55 0.0204757255530357
56 0.018523588581830872
57 0.01675787858897906
58 0.015160735302628521
59 0.013716019822898006
60 0.012409146844703886
61 0.01122693357248946
62 0.010157463605101138
63 0.00918996425752246
0 10.416666666666673
1 8.643611064888827
2 7.2458011457822415
3 6.130229058101579
4 5.229283641151577
5 4.49340460578492
6 3.8859392988983843
7 3.379525554180894
8 2.95353545936139
9 2.5922593602156625
10 2.2836084098394336
11 2.018181934943804
12 1.7885926640079701
13 1.5889751353081896
14 1.4146249339508121
15 1.2617319061130456
16 1.12718129159236
17 1.0084042583751531
18 0.90326461439099
19 0.8099721991411759
20 0.7270160953175536
21 0.6531126754330412
22 0.5871648379757896
23 0.5282297496096459
24 0.4754931046708533
25 0.4282484178129907
26 0.38588023435896546
27 0.3478504139980093
28 0.31368684403601166
29 0.2829740877734584
30 0.2553455855532389
31 0.2304771105135433
32 0.2080812452679655
33 0.18790269482166028
34 0.1697142888212324
35 0.1533135555186272
36 0.13851977266771812
37 0.12517141849830993
38 0.11312396007038042
39 0.10224792756184722
40 0.09242723203631789
41 0.08355769146773769
42 0.07554573564486769
43 0.06830726533106234
44 0.06176664493898517
45 0.05585581117071361
46 0.05051348270807985
47 0.04568445822362484
48 0.0413189918042532
49 0.037372236405037965
50 0.03380374723347639
51 0.030577038048017192
52 0.02765918427358322
53 0.025020467619226508
54 0.022634057551779864
55 0.020475725553035732
56 0.018523588581830903
57 0.016757878588979064
58 0.015160735302628505
59 0.013716019822898011
60 0.012409146844703858
61 0.011226933572489483
62 0.010157463605101143
63 0.009189964257522458
0 10.416666666666659
1 8.643611064888834
2 7.245801145782249
3 6.130229058101586
4 5.229283641151576
5 4.493404605784917
6 3.8859392988983834
7 3.379525554180889
8 2.9535354593613956
9 2.592259360215664
10 2.2836084098394345
11 2.0181819349438026
12 1.7885926640079695
13 1.5889751353081878
14 1.4146249339508112
15 1.2617319061130452
16 1.1271812915923591
17 1.0084042583751527
18 0.90326461439099
19 0.8099721991411765
20 0.7270160953175548
21 0.6531126754330415
22 0.58716483797579
23 0.528229749609647
24 0.47549310467085365
25 0.4282484178129908
26 0.3858802343589648
27 0.3478504139980095
28 0.3136868440360102
29 0.28297408777345856
30 0.25534558555323844
31 0.23047711051354342
32 0.20808124526796606
33 0.18790269482166028
34 0.16971428882123243
35 0.15331355551862724
36 0.13851977266771828
37 0.12517141849830996
38 0.11312396007038056
39 0.10224792756184722
40 0.09242723203631781
41 0.08355769146773781
42 0.0755457356448677
43 0.06830726533106259
44 0.06176664493898513
45 0.055855811170713636
46 0.05051348270807979
47 0.04568445822362467
48 0.04131899180425312
49 0.03737223640503793
50 0.03380374723347641
51 0.030577038048017192
52 0.027659184273583222
53 0.025020467619226498
54 0.02263405755177986
55 0.02047572555303572
56 0.01852358858183084
57 0.016757878588979057
58 0.015160735302628531
59 0.013716019822898023
60 0.012409146844703862
61 0.011226933572489469
62 0.010157463605101131
63 0.009189964257522455
0 10.416666666666675
1 8.643611064888827
2 7.245801145782237
3 6.13022905810157
4 5.229283641151573
5 4.493404605784922
6 3.88593929889838
7 3.3795255541808906
8 2.953535459361388
9 2.592259360215665
10 2.2836084098394345
11 2.018181934943801
12 1.7885926640079712
13 1.5889751353081891
14 1.414624933950811
15 1.261731906113048
16 1.12718129159236
17 1.0084042583751551
18 0.9032646143909897
19 0.8099721991411761
20 0.7270160953175545
21 0.6531126754330424
22 0.5871648379757897
23 0.5282297496096469
24 0.47549310467085404
25 0.4282484178129905
26 0.38588023435896496
27 0.34785041399800987
28 0.31368684403601066
29 0.28297408777345845
30 0.25534558555323844
31 0.23047711051354308
32 0.208081245267966
33 0.18790269482166042
34 0.16971428882123224
35 0.1533135555186273
36 0.13851977266771795
37 0.12517141849830973
38 0.11312396007038039
39 0.1022479275618474
40 0.09242723203631771
41 0.08355769146773767
42 0.07554573564486781
43 0.06830726533106256
44 0.061766644938985225
45 0.055855811170713573
46 0.05051348270807988
47 0.04568445822362481
48 0.041318991804253274
49 0.037372236405037944
50 0.033803747233476414
51 0.030577038048017167
52 0.027659184273583215
53 0.025020467619226487
54 0.022634057551779847
55 0.020475725553035718
56 0.01852358858183087
57 0.01675787858897903
58 0.015160735302628525
59 0.013716019822898013
60 0.012409146844703869
61 0.011226933572489464
62 0.010157463605101131
63 0.009189964257522457
0 10.416666666666668
1 8.643611064888837
2 7.245801145782241
3 6.130229058101576
4 5.229283641151576
5 4.493404605784914
6 3.8859392988983816
7 3.3795255541808844
8 2.953535459361396
9 2.592259360215659
10 2.2836084098394345
11 2.018181934943804
12 1.788592664007969
13 1.5889751353081876
14 1.4146249339508095
15 1.2617319061130483
16 1.1271812915923585
17 1.0084042583751534
18 0.9032646143909894
19 0.8099721991411755
20 0.7270160953175543
21 0.6531126754330419
22 0.5871648379757892
23 0.5282297496096462
24 0.4754931046708528
25 0.4282484178129914
26 0.38588023435896457
27 0.3478504139980091
28 0.31368684403601044
29 0.2829740877734587
30 0.2553455855532381
31 0.23047711051354275
32 0.20808124526796581
33 0.18790269482166033
34 0.16971428882123238
35 0.15331355551862746
36 0.13851977266771806
37 0.12517141849830984
38 0.11312396007038027
39 0.10224792756184711
40 0.0924272320363178
41 0.08355769146773767
42 0.0755457356448677
43 0.06830726533106253
44 0.061766644938985156
45 0.05585581117071355
46 0.05051348270807986
47 0.04568445822362481
48 0.041318991804253226
49 0.03737223640503792
50 0.03380374723347636
51 0.030577038048017213
52 0.02765918427358322
53 0.0250204676192265
54 0.02263405755177986
55 0.020475725553035753
56 0.018523588581830893
57 0.016757878588979043
58 0.015160735302628488
59 0.013716019822898036
60 0.01240914684470386
61 0.011226933572489467
62 0.01015746360510114
63 0.009189964257522464
0 10.416666666666668
1 8.643611064888828
2 7.2458011457822495
3 6.130229058101578
4 5.229283641151572
5 4.493404605784924
6 3.8859392988983785
7 3.379525554180892
8 2.9535354593613916
9 2.5922593602156594
10 2.2836084098394354
11 2.018181934943802
12 1.7885926640079692
13 1.5889751353081905
14 1.4146249339508132
15 1.2617319061130463
16 1.1271812915923607
17 1.0084042583751531
18 0.9032646143909897
19 0.8099721991411762
20 0.7270160953175536
21 0.6531126754330421
22 0.5871648379757891
23 0.5282297496096457
24 0.47549310467085415
25 0.4282484178129904
26 0.3858802343589656
27 0.3478504139980097
28 0.3136868440360106
29 0.2829740877734588
30 0.2553455855532383
31 0.23047711051354317
32 0.20808124526796543
33 0.18790269482166008
34 0.1697142888212326
35 0.15331355551862735
36 0.138519772667718
37 0.1251714184983098
38 0.11312396007038043
39 0.10224792756184733
40 0.09242723203631795
41 0.0835576914677378
42 0.07554573564486779
43 0.06830726533106248
44 0.06176664493898513
45 0.05585581117071347
46 0.05051348270807985
47 0.04568445822362476
48 0.041318991804253226
49 0.037372236405038
50 0.033803747233476455
51 0.03057703804801722
52 0.027659184273583295
53 0.02502046761922654
54 0.02263405755177985
55 0.020475725553035718
56 0.018523588581830865
57 0.016757878588979064
58 0.015160735302628495
59 0.013716019822898036
60 0.01240914684470388
61 0.011226933572489465
62 0.010157463605101145
63 0.009189964257522464
0 10.41666666666663
1 8.643611064888832
2 7.245801145782236
3 6.130229058101573
4 5.229283641151571
5 4.493404605784926
6 3.8859392988983834
7 3.379525554180891
8 2.9535354593613943
9 2.592259360215663
10 2.283608409839434
11 2.018181934943805
12 1.788592664007972
13 1.5889751353081938
14 1.414624933950809
15 1.2617319061130454
16 1.1271812915923587
17 1.0084042583751527
18 0.903264614390989
19 0.8099721991411745
20 0.7270160953175543
21 0.6531126754330423
22 0.5871648379757902
23 0.5282297496096467
24 0.4754931046708538
25 0.4282484178129902
26 0.38588023435896457
27 0.34785041399800964
28 0.3136868440360103
29 0.28297408777345884
30 0.2553455855532384
31 0.23047711051354336
32 0.20808124526796545
33 0.1879026948216605
34 0.16971428882123235
35 0.15331355551862755
36 0.13851977266771795
37 0.12517141849830976
38 0.11312396007038046
39 0.10224792756184721
40 0.09242723203631775
41 0.08355769146773785
42 0.07554573564486763
43 0.06830726533106261
44 0.06176664493898513
45 0.05585581117071353
46 0.0505134827080799
47 0.04568445822362485
48 0.04131899180425323
49 0.037372236405038
50 0.03380374723347641
51 0.030577038048017192
52 0.02765918427358325
53 0.025020467619226536
54 0.02263405755177985
55 0.02047572555303575
56 0.01852358858183089
57 0.016757878588979064
58 0.015160735302628504
59 0.013716019822898023
60 0.012409146844703853
61 0.01122693357248948
62 0.010157463605101143
63 0.009189964257522484
0 10.416666666666687
1 8.643611064888834
2 7.245801145782251
3 6.130229058101566
4 5.229283641151574
5 4.493404605784925
6 3.885939298898378
7 3.379525554180886
8 2.95353545936139
9 2.5922593602156603
10 2.2836084098394345
11 2.018181934943798
12 1.78859266400797
13 1.5889751353081898
14 1.4146249339508097
15 1.2617319061130474
16 1.1271812915923587
17 1.0084042583751545
18 0.9032646143909888
19 0.8099721991411741
20 0.7270160953175548
21 0.6531126754330423
22 0.58716483797579
23 0.5282297496096479
24 0.47549310467085437
25 0.42824841781299056
26 0.385880234358965
27 0.34785041399801003
28 0.31368684403601066
29 0.28297408777345845
30 0.2553455855532385
31 0.23047711051354275
32 0.2080812452679658
33 0.18790269482166022
34 0.16971428882123232
35 0.15331355551862735
36 0.1385197726677179
37 0.12517141849830993
38 0.11312396007038034
39 0.10224792756184732
40 0.09242723203631789
41 0.08355769146773785
42 0.07554573564486773
43 0.06830726533106252
44 0.061766644938985156
45 0.05585581117071366
46 0.05051348270807983
47 0.04568445822362483
48 0.04131899180425319
49 0.03737223640503802
50 0.03380374723347645
51 0.030577038048017192
52 0.027659184273583257
53 0.025020467619226515
54 0.022634057551779874
55 0.02047572555303574
56 0.018523588581830844
57 0.016757878588979043
58 0.015160735302628525
59 0.013716019822897997
60 0.01240914684470388
61 0.01122693357248946
62 0.010157463605101153
63 0.00918996425752245
0 10.416666666666652
1 8.643611064888821
2 7.245801145782245
3 6.1302290581015635
4 5.229283641151573
5 4.493404605784923
6 3.885939298898376
7 3.3795255541808826
8 2.953535459361393
9 2.592259360215665
10 2.2836084098394345
11 2.0181819349437986
12 1.7885926640079706
13 1.5889751353081873
14 1.4146249339508128
15 1.2617319061130456
16 1.1271812915923602
17 1.008404258375154
18 0.9032646143909903
19 0.8099721991411754
20 0.7270160953175547
21 0.6531126754330424
22 0.5871648379757891
23 0.528229749609646
24 0.47549310467085404
25 0.42824841781299006
26 0.38588023435896457
27 0.3478504139980088
28 0.3136868440360107
29 0.28297408777345856
30 0.2553455855532385
31 0.23047711051354267
32 0.20808124526796562
33 0.1879026948216601
34 0.16971428882123235
35 0.15331355551862724
36 0.13851977266771795
37 0.1251714184983099
38 0.11312396007038036
39 0.10224792756184722
40 0.0924272320363179
41 0.08355769146773782
42 0.07554573564486775
43 0.06830726533106253
44 0.06176664493898507
45 0.05585581117071365
46 0.05051348270807981
47 0.0456844582236248
48 0.04131899180425319
49 0.03737223640503793
50 0.03380374723347648
51 0.030577038048017178
52 0.02765918427358317
53 0.025020467619226546
54 0.022634057551779854
55 0.02047572555303573
56 0.018523588581830886
57 0.016757878588979046
58 0.015160735302628498
59 0.013716019822898006
60 0.012409146844703869
61 0.011226933572489464
62 0.01015746360510114
63 0.009189964257522451
0 10.416666666666675
1 8.643611064888821
2 7.245801145782255
3 6.130229058101578
4 5.229283641151577
5 4.493404605784923
6 3.8859392988983794
7 3.3795255541808884
8 2.9535354593613956
9 2.5922593602156656
10 2.2836084098394367
11 2.0181819349438004
12 1.7885926640079717
13 1.5889751353081922
14 1.4146249339508106
15 1.2617319061130474
16 1.1271812915923598
17 1.008404258375153
18 0.9032646143909889
19 0.8099721991411755
20 0.7270160953175543
21 0.6531126754330423
22 0.5871648379757904
23 0.5282297496096462
24 0.47549310467085365
25 0.4282484178129909
26 0.38588023435896457
27 0.3478504139980091
28 0.3136868440360104
29 0.28297408777345884
30 0.2553455855532385
31 0.2304771105135433
32 0.20808124526796573
33 0.18790269482166028
34 0.16971428882123263
35 0.15331355551862705
36 0.13851977266771798
37 0.12517141849830998
38 0.11312396007038031
39 0.1022479275618472
40 0.0924272320363179
41 0.08355769146773769
42 0.07554573564486779
43 0.06830726533106245
44 0.06176664493898514
45 0.05585581117071356
46 0.050513482708079815
47 0.045684458223624755
48 0.041318991804253184
49 0.037372236405037916
50 0.03380374723347642
51 0.0305770380480172
52 0.02765918427358319
53 0.02502046761922653
54 0.022634057551779836
55 0.020475725553035753
56 0.01852358858183085
57 0.016757878588979033
58 0.01516073530262849
59 0.013716019822898013
60 0.012409146844703869
61 0.011226933572489477
62 0.010157463605101159
63 0.009189964257522455
0 10.416666666666675
1 8.643611064888823
2 7.245801145782253
3 6.130229058101578
4 5.229283641151571
5 4.493404605784928
6 3.885939298898386
7 3.3795255541808875
8 2.9535354593613885
9 2.5922593602156585
10 2.2836084098394327
11 2.0181819349438017
12 1.7885926640079728
13 1.5889751353081887
14 1.4146249339508088
15 1.261731906113046
16 1.1271812915923616
17 1.0084042583751531
18 0.90326461439099
19 0.8099721991411754
20 0.7270160953175551
21 0.6531126754330417
22 0.58716483797579
23 0.5282297496096455
24 0.47549310467085326
25 0.4282484178129909
26 0.38588023435896457
27 0.3478504139980097
28 0.31368684403601027
29 0.28297408777345834
30 0.25534558555323855
31 0.23047711051354294
32 0.20808124526796595
33 0.18790269482166064
34 0.16971428882123252
35 0.1533135555186273
36 0.1385197726677181
37 0.12517141849830984
38 0.11312396007038054
39 0.10224792756184725
40 0.0924272320363177
41 0.0835576914677378
42 0.07554573564486769
43 0.06830726533106254
44 0.06176664493898506
45 0.05585581117071356
46 0.05051348270807986
47 0.04568445822362472
48 0.04131899180425321
49 0.037372236405037874
50 0.03380374723347641
51 0.030577038048017164
52 0.02765918427358324
53 0.025020467619226536
54 0.022634057551779854
55 0.020475725553035763
56 0.018523588581830848
57 0.01675787858897905
58 0.01516073530262851
59 0.013716019822898032
60 0.012409146844703872
61 0.011226933572489483
62 0.010157463605101133
63 0.009189964257522457
0 10.416666666666664
1 8.643611064888828
2 7.2458011457822495
3 6.130229058101565
4 5.229283641151571
5 4.493404605784919
6 3.8859392988983767
7 3.379525554180889
8 2.9535354593613916
9 2.5922593602156563
10 2.283608409839435
11 2.0181819349438057
12 1.7885926640079686
13 1.5889751353081898
14 1.414624933950812
15 1.2617319061130454
16 1.1271812915923587
17 1.0084042583751542
18 0.9032646143909879
19 0.8099721991411759
20 0.7270160953175536
21 0.6531126754330415
22 0.5871648379757899
23 0.5282297496096462
24 0.4754931046708538
25 0.4282484178129901
26 0.38588023435896446
27 0.3478504139980091
28 0.3136868440360108
29 0.2829740877734584
30 0.25534558555323816
31 0.23047711051354317
32 0.20808124526796531
33 0.1879026948216601
34 0.16971428882123255
35 0.15331355551862721
36 0.13851977266771767
37 0.12517141849830976
38 0.11312396007038059
39 0.10224792756184703
40 0.0924272320363178
41 0.08355769146773777
42 0.07554573564486775
43 0.06830726533106256
44 0.061766644938985184
45 0.05585581117071356
46 0.05051348270807981
47 0.04568445822362478
48 0.04131899180425319
49 0.03737223640503789
50 0.03380374723347642
51 0.030577038048017143
52 0.027659184273583187
53 0.02502046761922651
54 0.022634057551779826
55 0.020475725553035718
56 0.018523588581830876
57 0.016757878588979067
58 0.015160735302628514
59 0.013716019822898006
60 0.012409146844703858
61 0.0112269335724895
62 0.010157463605101153
63 0.009189964257522477
0 10.416666666666668
1 8.643611064888853
2 7.245801145782251
3 6.130229058101565
4 5.229283641151574
5 4.493404605784915
6 3.885939298898375
7 3.379525554180885
8 2.9535354593613943
9 2.5922593602156647
10 2.2836084098394362
11 2.0181819349438013
12 1.7885926640079697
13 1.588975135308188
14 1.41462493395081
15 1.2617319061130439
16 1.1271812915923618
17 1.0084042583751527
18 0.903264614390989
19 0.8099721991411762
20 0.7270160953175544
21 0.6531126754330434
22 0.5871648379757891
23 0.5282297496096462
24 0.4754931046708536
25 0.4282484178129906
26 0.38588023435896535
27 0.3478504139980094
28 0.3136868440360109
29 0.2829740877734583
30 0.2553455855532389
31 0.2304771105135428
32 0.20808124526796556
33 0.1879026948216601
34 0.16971428882123243
35 0.15331355551862727
36 0.1385197726677182
37 0.12517141849830982
38 0.1131239600703802
39 0.10224792756184718
40 0.09242723203631767
41 0.08355769146773782
42 0.07554573564486775
43 0.06830726533106253
44 0.061766644938985114
45 0.05585581117071356
46 0.05051348270807988
47 0.04568445822362486
48 0.041318991804253184
49 0.03737223640503799
50 0.033803747233476386
51 0.030577038048017192
52 0.027659184273583194
53 0.025020467619226505
54 0.022634057551779854
55 0.020475725553035767
56 0.01852358858183086
57 0.016757878588979043
58 0.015160735302628495
59 0.01371601982289802
60 0.012409146844703853
61 0.011226933572489484
62 0.010157463605101162
63 0.009189964257522464
0 10.41666666666666
1 8.643611064888827
2 7.245801145782249
3 6.130229058101569
4 5.229283641151577
5 4.493404605784917
6 3.8859392988983745
7 3.379525554180896
8 2.9535354593613916
9 2.592259360215664
10 2.2836084098394354
11 2.018181934943801
12 1.788592664007972
13 1.5889751353081902
14 1.414624933950809
15 1.2617319061130454
16 1.1271812915923611
17 1.0084042583751534
18 0.9032646143909903
19 0.8099721991411746
20 0.7270160953175541
21 0.6531126754330427
22 0.5871648379757913
23 0.5282297496096467
24 0.47549310467085404
25 0.42824841781299033
26 0.3858802343589646
27 0.3478504139980093
28 0.3136868440360111
29 0.28297408777345834
30 0.25534558555323833
31 0.23047711051354303
32 0.20808124526796537
33 0.18790269482166022
34 0.16971428882123238
35 0.1533135555186274
36 0.13851977266771826
37 0.12517141849830987
38 0.11312396007038036
39 0.1022479275618473
40 0.09242723203631775
41 0.08355769146773782
42 0.0755457356448677
43 0.06830726533106238
44 0.06176664493898514
45 0.055855811170713594
46 0.050513482708079795
47 0.04568445822362485
48 0.041318991804253274
49 0.037372236405037916
50 0.0338037472334764
51 0.030577038048017157
52 0.02765918427358319
53 0.025020467619226546
54 0.022634057551779874
55 0.02047572555303573
56 0.018523588581830872
57 0.016757878588979067
58 0.0151607353026285
59 0.013716019822898008
60 0.012409146844703862
61 0.01122693357248948
62 0.01015746360510114
63 0.009189964257522441
0 10.416666666666671
1 8.643611064888834
2 7.245801145782249
3 6.1302290581015715
4 5.229283641151582
5 4.493404605784924
6 3.8859392988983816
7 3.379525554180892
8 2.953535459361388
9 2.5922593602156647
10 2.283608409839433
11 2.0181819349437995
12 1.7885926640079732
13 1.5889751353081882
14 1.414624933950809
15 1.261731906113045
16 1.127181291592358
17 1.0084042583751525
18 0.9032646143909884
19 0.8099721991411746
20 0.7270160953175538
21 0.6531126754330427
22 0.5871648379757896
23 0.5282297496096464
24 0.47549310467085415
25 0.42824841781299056
26 0.38588023435896474
27 0.3478504139980098
28 0.3136868440360102
29 0.28297408777345845
30 0.25534558555323855
31 0.2304771105135429
32 0.20808124526796595
33 0.1879026948216605
34 0.16971428882123255
35 0.1533135555186274
36 0.1385197726677179
37 0.1251714184983099
38 0.11312396007038039
39 0.10224792756184727
40 0.0924272320363178
41 0.08355769146773787
42 0.0755457356448676
43 0.06830726533106246
44 0.06176664493898503
45 0.055855811170713504
46 0.05051348270807985
47 0.04568445822362478
48 0.04131899180425322
49 0.03737223640503794
50 0.03380374723347649
51 0.03057703804801714
52 0.027659184273583222
53 0.02502046761922658
54 0.02263405755177986
55 0.02047572555303571
56 0.018523588581830886
57 0.016757878588979012
58 0.015160735302628521
59 0.013716019822898001
60 0.012409146844703872
61 0.011226933572489457
62 0.010157463605101143
63 0.009189964257522457
0 10.416666666666666
1 8.643611064888852
2 7.245801145782251
3 6.130229058101573
4 5.2292836411515795
5 4.493404605784926
6 3.885939298898377
7 3.379525554180892
8 2.953535459361391
9 2.5922593602156576
10 2.2836084098394367
11 2.0181819349438017
12 1.7885926640079692
13 1.5889751353081867
14 1.414624933950809
15 1.2617319061130463
16 1.1271812915923591
17 1.0084042583751547
18 0.9032646143909893
19 0.8099721991411756
20 0.7270160953175543
21 0.6531126754330415
22 0.5871648379757899
23 0.5282297496096466
24 0.4754931046708536
25 0.42824841781299
26 0.3858802343589652
27 0.3478504139980101
28 0.31368684403601016
29 0.2829740877734586
30 0.2553455855532385
31 0.23047711051354328
32 0.20808124526796554
33 0.18790269482166033
34 0.16971428882123263
35 0.15331355551862744
36 0.13851977266771823
37 0.12517141849830973
38 0.11312396007038027
39 0.10224792756184713
40 0.09242723203631777
41 0.08355769146773774
42 0.07554573564486765
43 0.06830726533106259
44 0.061766644938985
45 0.05585581117071346
46 0.05051348270807985
47 0.04568445822362481
48 0.04131899180425325
49 0.03737223640503793
50 0.03380374723347637
51 0.030577038048017192
52 0.027659184273583194
53 0.025020467619226525
54 0.02263405755177986
55 0.02047572555303572
56 0.01852358858183088
57 0.01675787858897905
58 0.015160735302628507
59 0.013716019822898032
60 0.012409146844703872
61 0.011226933572489477
62 0.010157463605101145
63 0.009189964257522464
0 10.416666666666648
1 8.643611064888832
2 7.2458011457822415
3 6.1302290581015715
4 5.2292836411515715
5 4.493404605784923
6 3.8859392988983803
7 3.3795255541808857
8 2.953535459361391
9 2.592259360215659
10 2.2836084098394336
11 2.018181934943803
12 1.7885926640079717
13 1.588975135308188
14 1.4146249339508101
15 1.261731906113045
16 1.127181291592359
17 1.008404258375154
18 0.9032646143909889
19 0.8099721991411758
20 0.7270160953175551
21 0.6531126754330423
22 0.5871648379757894
23 0.5282297496096466
24 0.47549310467085404
25 0.4282484178129897
26 0.38588023435896485
27 0.3478504139980094
28 0.3136868440360103
29 0.2829740877734585
30 0.2553455855532385
31 0.23047711051354275
32 0.20808124526796556
33 0.18790269482166
34 0.1697142888212322
35 0.1533135555186274
36 0.13851977266771828
37 0.12517141849830965
38 0.11312396007038042
39 0.10224792756184736
40 0.09242723203631778
41 0.08355769146773774
42 0.07554573564486773
43 0.06830726533106238
44 0.06176664493898524
45 0.055855811170713594
46 0.050513482708079836
47 0.04568445822362482
48 0.04131899180425326
49 0.03737223640503798
50 0.03380374723347644
51 0.030577038048017192
52 0.027659184273583215
53 0.0250204676192265
54 0.02263405755177987
55 0.02047572555303576
56 0.0185235885818309
57 0.016757878588979036
58 0.015160735302628502
59 0.013716019822897997
60 0.012409146844703864
61 0.011226933572489477
62 0.010157463605101159
63 0.009189964257522467
0 10.416666666666664
1 8.64361106488883
2 7.245801145782241
3 6.130229058101569
4 5.2292836411515795
5 4.493404605784916
6 3.8859392988983834
7 3.3795255541808853
8 2.953535459361397
9 2.5922593602156647
10 2.283608409839431
11 2.0181819349438
12 1.7885926640079712
13 1.588975135308187
14 1.4146249339508103
15 1.2617319061130479
16 1.1271812915923614
17 1.0084042583751545
18 0.9032646143909884
19 0.8099721991411768
20 0.7270160953175547
21 0.6531126754330423
22 0.5871648379757903
23 0.5282297496096472
24 0.47549310467085454
25 0.428248417812991
26 0.3858802343589648
27 0.3478504139980097
28 0.3136868440360109
29 0.28297408777345867
30 0.2553455855532384
31 0.2304771105135427
32 0.20808124526796581
33 0.18790269482166055
34 0.16971428882123232
35 0.15331355551862758
36 0.13851977266771795
37 0.12517141849830996
38 0.1131239600703803
39 0.10224792756184736
40 0.09242723203631786
41 0.08355769146773787
42 0.07554573564486787
43 0.06830726533106239
44 0.06176664493898514
45 0.055855811170713573
46 0.05051348270807988
47 0.04568445822362481
48 0.041318991804253226
49 0.037372236405037944
50 0.0338037472334764
51 0.030577038048017192
52 0.027659184273583225
53 0.025020467619226525
54 0.022634057551779864
55 0.02047572555303574
56 0.018523588581830872
57 0.016757878588979026
58 0.01516073530262848
59 0.013716019822898015
60 0.012409146844703872
61 0.011226933572489458
62 0.010157463605101131
63 0.009189964257522465
0 10.41666666666666
1 8.643611064888823
2 7.245801145782241
3 6.1302290581015715
4 5.22928364115158
5 4.493404605784919
6 3.8859392988983807
7 3.3795255541808973
8 2.953535459361392
9 2.5922593602156625
10 2.283608409839431
11 2.0181819349437995
12 1.7885926640079717
13 1.5889751353081896
14 1.4146249339508128
15 1.2617319061130472
16 1.12718129159236
17 1.0084042583751534
18 0.9032646143909889
19 0.8099721991411754
20 0.727016095317554
21 0.6531126754330427
22 0.5871648379757911
23 0.5282297496096462
24 0.4754931046708535
25 0.4282484178129908
26 0.3858802343589656
27 0.3478504139980094
28 0.31368684403601144
29 0.28297408777345934
30 0.255345585553238
31 0.23047711051354305
32 0.20808124526796606
33 0.1879026948216603
34 0.16971428882123274
35 0.1533135555186272
36 0.13851977266771792
37 0.12517141849830993
38 0.11312396007038025
39 0.10224792756184727
40 0.0924272320363177
41 0.08355769146773785
42 0.07554573564486759
43 0.06830726533106249
44 0.06176664493898503
45 0.05585581117071356
46 0.050513482708079836
47 0.045684458223624914
48 0.04131899180425322
49 0.03737223640503798
50 0.03380374723347641
51 0.030577038048017213
52 0.027659184273583246
53 0.02502046761922654
54 0.02263405755177985
55 0.020475725553035753
56 0.018523588581830914
57 0.016757878588979057
58 0.0151607353026285
59 0.013716019822898013
60 0.01240914684470389
61 0.011226933572489465
62 0.010157463605101159
63 0.009189964257522453
0 10.416666666666668
1 8.643611064888834
2 7.24580114578224
3 6.130229058101557
4 5.229283641151572
5 4.493404605784913
6 3.8859392988983834
7 3.3795255541808893
8 2.9535354593613943
9 2.5922593602156625
10 2.2836084098394362
11 2.0181819349438004
12 1.7885926640079677
13 1.5889751353081885
14 1.4146249339508121
15 1.2617319061130454
16 1.1271812915923605
17 1.0084042583751542
18 0.9032646143909899
19 0.8099721991411758
20 0.7270160953175543
21 0.6531126754330415
22 0.5871648379757892
23 0.5282297496096462
24 0.47549310467085326
25 0.42824841781299045
26 0.3858802343589647
27 0.3478504139980093
28 0.3136868440360108
29 0.2829740877734592
30 0.25534558555323905
31 0.23047711051354322
32 0.20808124526796568
33 0.1879026948216604
34 0.16971428882123213
35 0.153313555518627
36 0.13851977266771798
37 0.12517141849830996
38 0.1131239600703803
39 0.1022479275618472
40 0.09242723203631786
41 0.08355769146773771
42 0.0755457356448676
43 0.06830726533106248
44 0.06176664493898514
45 0.05585581117071361
46 0.05051348270807979
47 0.04568445822362482
48 0.041318991804253254
49 0.03737223640503795
50 0.0338037472334764
51 0.03057703804801722
52 0.02765918427358325
53 0.02502046761922653
54 0.02263405755177988
55 0.020475725553035746
56 0.018523588581830838
57 0.016757878588979012
58 0.01516073530262849
59 0.013716019822898018
60 0.012409146844703872
61 0.011226933572489474
62 0.01015746360510114
63 0.009189964257522448
0 10.416666666666682
1 8.643611064888841
2 7.245801145782259
3 6.130229058101576
4 5.229283641151581
5 4.4934046057849235
6 3.885939298898379
7 3.379525554180885
8 2.9535354593613907
9 2.592259360215664
10 2.2836084098394385
11 2.0181819349438013
12 1.7885926640079732
13 1.5889751353081916
14 1.4146249339508075
15 1.2617319061130479
16 1.1271812915923607
17 1.0084042583751542
18 0.9032646143909893
19 0.8099721991411758
20 0.7270160953175543
21 0.6531126754330412
22 0.5871648379757911
23 0.5282297496096462
24 0.47549310467085354
25 0.4282484178129901
26 0.3858802343589645
27 0.3478504139980088
28 0.313686844036011
29 0.2829740877734587
30 0.2553455855532384
31 0.23047711051354328
32 0.20808124526796593
33 0.1879026948216603
34 0.1697142888212325
35 0.15331355551862727
36 0.13851977266771812
37 0.12517141849830982
38 0.11312396007038035
39 0.10224792756184717
40 0.09242723203631789
41 0.08355769146773781
42 0.07554573564486766
43 0.0683072653310625
44 0.06176664493898501
45 0.055855811170713546
46 0.050513482708079815
47 0.04568445822362484
48 0.04131899180425319
49 0.03737223640503794
50 0.033803747233476504
51 0.03057703804801718
52 0.02765918427358325
53 0.025020467619226508
54 0.02263405755177986
55 0.02047572555303572
56 0.01852358858183088
57 0.016757878588979036
58 0.015160735302628505
59 0.013716019822898039
60 0.012409146844703858
61 0.011226933572489455
62 0.010157463605101126
63 0.00918996425752247
0 10.416666666666673
1 8.643611064888846
2 7.245801145782241
3 6.130229058101584
4 5.229283641151562
5 4.493404605784918
6 3.8859392988983767
7 3.3795255541808897
8 2.9535354593613916
9 2.5922593602156625
10 2.2836084098394336
11 2.018181934943802
12 1.7885926640079695
13 1.588975135308191
14 1.414624933950812
15 1.2617319061130452
16 1.12718129159236
17 1.0084042583751536
18 0.9032646143909895
19 0.8099721991411752
20 0.7270160953175536
21 0.6531126754330431
22 0.5871648379757899
23 0.5282297496096461
24 0.47549310467085365
25 0.4282484178129906
26 0.385880234358965
27 0.3478504139980089
28 0.31368684403601055
29 0.282974087773459
30 0.2553455855532382
31 0.23047711051354328
32 0.20808124526796543
33 0.1879026948216603
34 0.1697142888212326
35 0.15331355551862724
36 0.13851977266771806
37 0.1251714184983098
38 0.11312396007038034
39 0.1022479275618473
40 0.09242723203631797
41 0.08355769146773771
42 0.07554573564486779
43 0.06830726533106249
44 0.06176664493898514
45 0.055855811170713573
46 0.05051348270807988
47 0.04568445822362483
48 0.04131899180425319
49 0.03737223640503799
50 0.03380374723347635
51 0.030577038048017105
52 0.02765918427358328
53 0.025020467619226487
54 0.022634057551779836
55 0.020475725553035735
56 0.018523588581830886
57 0.016757878588979067
58 0.015160735302628521
59 0.01371601982289804
60 0.012409146844703855
61 0.011226933572489465
62 0.010157463605101167
63 0.009189964257522453
0 10.416666666666659
1 8.643611064888827
2 7.245801145782249
3 6.130229058101578
4 5.2292836411515795
5 4.493404605784923
6 3.8859392988983803
7 3.379525554180896
8 2.9535354593613934
9 2.592259360215661
10 2.283608409839442
11 2.0181819349437995
12 1.7885926640079712
13 1.588975135308189
14 1.4146249339508095
15 1.2617319061130443
16 1.1271812915923596
17 1.0084042583751547
18 0.9032646143909897
19 0.8099721991411744
20 0.7270160953175542
21 0.6531126754330422
22 0.5871648379757903
23 0.5282297496096461
24 0.4754931046708534
25 0.42824841781299033
26 0.38588023435896496
27 0.34785041399800926
28 0.3136868440360109
29 0.2829740877734586
30 0.25534558555323805
31 0.2304771105135428
32 0.2080812452679657
33 0.18790269482166033
34 0.1697142888212324
35 0.15331355551862733
36 0.13851977266771798
37 0.1251714184983097
38 0.11312396007038034
39 0.10224792756184727
40 0.0924272320363178
41 0.08355769146773763
42 0.07554573564486779
43 0.06830726533106252
44 0.061766644938985184
45 0.05585581117071353
46 0.05051348270807983
47 0.045684458223624796
48 0.041318991804253205
49 0.037372236405037965
50 0.0338037472334764
51 0.030577038048017192
52 0.027659184273583246
53 0.02502046761922652
54 0.02263405755177985
55 0.02047572555303575
56 0.018523588581830838
57 0.016757878588979057
58 0.015160735302628514
59 0.013716019822898
60 0.012409146844703886
61 0.011226933572489474
62 0.01015746360510115
63 0.009189964257522446
0 10.416666666666666
1 8.643611064888832
2 7.245801145782241
3 6.130229058101576
4 5.229283641151574
5 4.493404605784919
6 3.8859392988983785
7 3.3795255541808897
8 2.953535459361388
9 2.5922593602156585
10 2.2836084098394296
11 2.0181819349438017
12 1.7885926640079695
13 1.5889751353081885
14 1.4146249339508101
15 1.2617319061130454
16 1.1271812915923607
17 1.008404258375154
18 0.9032646143909897
19 0.8099721991411756
20 0.7270160953175554
21 0.6531126754330427
22 0.5871648379757903
23 0.5282297496096464
24 0.475493104670855
25 0.42824841781299006
26 0.3858802343589647
27 0.3478504139980087
28 0.3136868440360108
29 0.282974087773459
30 0.2553455855532383
31 0.2304771105135433
32 0.20808124526796545
33 0.18790269482166028
34 0.16971428882123255
35 0.15331355551862724
36 0.13851977266771787
37 0.1251714184983097
38 0.11312396007038046
39 0.10224792756184733
40 0.0924272320363178
41 0.08355769146773777
42 0.0755457356448677
43 0.06830726533106254
44 0.06176664493898513
45 0.05585581117071354
46 0.05051348270807981
47 0.04568445822362476
48 0.04131899180425318
49 0.03737223640503794
50 0.033803747233476455
51 0.030577038048017154
52 0.027659184273583194
53 0.025020467619226536
54 0.022634057551779826
55 0.020475725553035725
56 0.018523588581830886
57 0.01675787858897904
58 0.015160735302628535
59 0.013716019822898013
60 0.012409146844703877
61 0.01122693357248946
62 0.01015746360510114
63 0.009189964257522465
0 10.416666666666648
1 8.643611064888828
2 7.24580114578224
3 6.13022905810158
4 5.229283641151571
5 4.493404605784917
6 3.885939298898378
7 3.379525554180886
8 2.9535354593613934
9 2.5922593602156607
10 2.283608409839433
11 2.018181934943801
12 1.788592664007968
13 1.588975135308188
14 1.414624933950811
15 1.2617319061130454
16 1.1271812915923618
17 1.008404258375155
18 0.9032646143909905
19 0.8099721991411762
20 0.7270160953175535
21 0.6531126754330421
22 0.5871648379757894
23 0.5282297496096459
24 0.47549310467085404
25 0.4282484178129907
26 0.3858802343589647
27 0.3478504139980092
28 0.3136868440360106
29 0.28297408777345884
30 0.2553455855532384
31 0.23047711051354317
32 0.20808124526796595
33 0.18790269482166028
34 0.1697142888212326
35 0.15331355551862713
36 0.13851977266771784
37 0.12517141849830982
38 0.11312396007038034
39 0.10224792756184727
40 0.09242723203631785
41 0.08355769146773777
42 0.07554573564486777
43 0.06830726533106246
44 0.061766644938985094
45 0.05585581117071351
46 0.050513482708079864
47 0.04568445822362484
48 0.04131899180425317
49 0.03737223640503799
50 0.03380374723347642
51 0.030577038048017122
52 0.0276591842735832
53 0.025020467619226505
54 0.02263405755177988
55 0.020475725553035735
56 0.01852358858183087
57 0.016757878588979033
58 0.015160735302628535
59 0.013716019822898001
60 0.012409146844703869
61 0.011226933572489465
62 0.01015746360510115
63 0.009189964257522438
0 10.416666666666671
1 8.643611064888846
2 7.245801145782251
3 6.130229058101569
4 5.229283641151568
5 4.493404605784923
6 3.885939298898375
7 3.3795255541808844
8 2.95353545936139
9 2.5922593602156607
10 2.2836084098394314
11 2.018181934943798
12 1.7885926640079703
13 1.5889751353081898
14 1.4146249339508128
15 1.2617319061130452
16 1.1271812915923598
17 1.008404258375154
18 0.9032646143909885
19 0.8099721991411765
20 0.7270160953175547
21 0.6531126754330421
22 0.58716483797579
23 0.5282297496096469
24 0.4754931046708539
25 0.42824841781299117
26 0.3858802343589658
27 0.3478504139980094
28 0.3136868440360106
29 0.28297408777345834
30 0.2553455855532388
31 0.2304771105135431
32 0.2080812452679656
33 0.1879026948216603
34 0.16971428882123232
35 0.15331355551862727
36 0.1385197726677181
37 0.12517141849830996
38 0.11312396007038013
39 0.10224792756184721
40 0.09242723203631772
41 0.08355769146773771
42 0.0755457356448677
43 0.06830726533106243
44 0.061766644938985066
45 0.05585581117071349
46 0.050513482708079746
47 0.0456844582236248
48 0.041318991804253205
49 0.03737223640503804
50 0.03380374723347636
51 0.030577038048017167
52 0.0276591842735832
53 0.025020467619226484
54 0.02263405755177982
55 0.02047572555303571
56 0.018523588581830876
57 0.016757878588979026
58 0.0151607353026285
59 0.013716019822898027
60 0.012409146844703865
61 0.011226933572489472
62 0.010157463605101153
63 0.009189964257522465
0 10.416666666666664
1 8.64361106488885
2 7.245801145782247
3 6.130229058101581
4 5.229283641151572
5 4.493404605784922
6 3.8859392988983834
7 3.379525554180893
8 2.953535459361391
9 2.592259360215655
10 2.2836084098394336
11 2.018181934943803
12 1.7885926640079708
13 1.5889751353081898
14 1.4146249339508106
15 1.2617319061130443
16 1.1271812915923611
17 1.008404258375153
18 0.9032646143909889
19 0.8099721991411761
20 0.7270160953175538
21 0.6531126754330424
22 0.5871648379757892
23 0.5282297496096463
24 0.47549310467085365
25 0.42824841781299045
26 0.38588023435896457
27 0.34785041399800926
28 0.3136868440360107
29 0.28297408777345895
30 0.2553455855532383
31 0.2304771105135431
32 0.2080812452679662
33 0.18790269482166042
34 0.1697142888212326
35 0.15331355551862735
36 0.1385197726677178
37 0.1251714184983098
38 0.11312396007038013
39 0.10224792756184732
40 0.09242723203631797
41 0.08355769146773771
42 0.07554573564486786
43 0.06830726533106242
44 0.061766644938985024
45 0.05585581117071359
46 0.05051348270807982
47 0.04568445822362479
48 0.041318991804253274
49 0.03737223640503793
50 0.03380374723347641
51 0.03057703804801718
52 0.027659184273583246
53 0.025020467619226536
54 0.022634057551779847
55 0.02047572555303571
56 0.018523588581830893
57 0.016757878588979095
58 0.015160735302628525
59 0.013716019822898029
60 0.012409146844703869
61 0.011226933572489465
62 0.010157463605101131
63 0.009189964257522464
0 10.416666666666648
1 8.643611064888836
2 7.245801145782253
3 6.1302290581015715
4 5.229283641151578
5 4.493404605784924
6 3.8859392988983816
7 3.379525554180886
8 2.953535459361391
9 2.5922593602156616
10 2.283608409839433
11 2.0181819349438026
12 1.78859266400797
13 1.5889751353081905
14 1.4146249339508112
15 1.2617319061130459
16 1.1271812915923594
17 1.0084042583751547
18 0.903264614390989
19 0.8099721991411747
20 0.7270160953175555
21 0.6531126754330433
22 0.5871648379757897
23 0.528229749609646
24 0.4754931046708539
25 0.428248417812991
26 0.3858802343589651
27 0.3478504139980097
28 0.31368684403601055
29 0.28297408777345867
30 0.2553455855532385
31 0.23047711051354278
32 0.20808124526796556
33 0.1879026948216605
34 0.16971428882123263
35 0.15331355551862724
36 0.1385197726677182
37 0.1251714184983096
38 0.11312396007038021
39 0.1022479275618471
40 0.09242723203631775
41 0.0835576914677377
42 0.07554573564486772
43 0.06830726533106245
44 0.061766644938985184
45 0.05585581117071346
46 0.050513482708079815
47 0.04568445822362483
48 0.041318991804253156
49 0.03737223640503802
50 0.03380374723347638
51 0.030577038048017167
52 0.027659184273583208
53 0.025020467619226498
54 0.02263405755177985
55 0.020475725553035746
56 0.018523588581830855
57 0.016757878588979067
58 0.015160735302628509
59 0.013716019822898008
60 0.012409146844703862
61 0.011226933572489467
62 0.010157463605101147
63 0.009189964257522457
0 10.416666666666694
1 8.643611064888837
2 7.245801145782251
3 6.130229058101576
4 5.229283641151577
5 4.493404605784921
6 3.885939298898377
7 3.379525554180892
8 2.953535459361386
9 2.592259360215663
10 2.283608409839435
11 2.0181819349438004
12 1.7885926640079712
13 1.5889751353081878
14 1.414624933950809
15 1.2617319061130472
16 1.1271812915923602
17 1.0084042583751556
18 0.9032646143909919
19 0.8099721991411761
20 0.7270160953175545
21 0.6531126754330434
22 0.5871648379757888
23 0.5282297496096459
24 0.47549310467085376
25 0.4282484178129908
26 0.38588023435896496
27 0.3478504139980093
28 0.31368684403601094
29 0.28297408777345867
30 0.2553455855532386
31 0.23047711051354317
32 0.20808124526796565
33 0.1879026948216602
34 0.16971428882123238
35 0.15331355551862735
36 0.138519772667718
37 0.12517141849831007
38 0.11312396007038039
39 0.10224792756184743
40 0.09242723203631771
41 0.08355769146773777
42 0.07554573564486763
43 0.06830726533106249
44 0.06176664493898517
45 0.05585581117071355
46 0.050513482708079864
47 0.04568445822362484
48 0.041318991804253316
49 0.037372236405037944
50 0.03380374723347639
51 0.030577038048017174
52 0.02765918427358324
53 0.025020467619226508
54 0.022634057551779864
55 0.02047572555303576
56 0.018523588581830855
57 0.016757878588979078
58 0.015160735302628493
59 0.013716019822898029
60 0.012409146844703877
61 0.01122693357248949
62 0.010157463605101141
63 0.009189964257522458
0 10.416666666666684
1 8.64361106488884
2 7.245801145782253
3 6.130229058101568
4 5.22928364115158
5 4.4934046057849235
6 3.8859392988983785
7 3.3795255541808866
8 2.953535459361391
9 2.5922593602156554
10 2.2836084098394362
11 2.0181819349438017
12 1.78859266400797
13 1.5889751353081873
14 1.4146249339508095
15 1.2617319061130474
16 1.1271812915923582
17 1.0084042583751538
18 0.903264614390989
19 0.8099721991411756
20 0.7270160953175555
21 0.6531126754330427
22 0.5871648379757893
23 0.5282297496096461
24 0.47549310467085426
25 0.4282484178129907
26 0.38588023435896385
27 0.3478504139980094
28 0.3136868440360109
29 0.28297408777345867
30 0.25534558555323833
31 0.23047711051354317
32 0.20808124526796593
33 0.18790269482166097
34 0.16971428882123243
35 0.15331355551862727
36 0.13851977266771778
37 0.12517141849831
38 0.11312396007038042
39 0.10224792756184715
40 0.0924272320363179
41 0.08355769146773763
42 0.07554573564486779
43 0.06830726533106245
44 0.0617666449389852
45 0.055855811170713594
46 0.05051348270807992
47 0.0456844582236248
48 0.04131899180425318
49 0.037372236405038006
50 0.03380374723347646
51 0.03057703804801716
52 0.027659184273583194
53 0.025020467619226536
54 0.02263405755177985
55 0.02047572555303574
56 0.018523588581830855
57 0.016757878588979064
58 0.015160735302628492
59 0.01371601982289804
60 0.012409146844703869
61 0.011226933572489465
62 0.010157463605101143
63 0.009189964257522436
0 10.416666666666654
1 8.64361106488883
2 7.245801145782249
3 6.1302290581015715
4 5.229283641151567
5 4.493404605784932
6 3.8859392988983825
7 3.379525554180891
8 2.9535354593613885
9 2.5922593602156594
10 2.2836084098394354
11 2.0181819349438013
12 1.7885926640079723
13 1.5889751353081916
14 1.4146249339508086
15 1.2617319061130443
16 1.1271812915923614
17 1.0084042583751536
18 0.90326461439099
19 0.8099721991411767
20 0.7270160953175554
21 0.6531126754330412
22 0.5871648379757902
23 0.5282297496096472
24 0.4754931046708537
25 0.4282484178129903
26 0.38588023435896446
27 0.3478504139980093
28 0.3136868440360105
29 0.2829740877734586
30 0.2553455855532381
31 0.23047711051354317
32 0.20808124526796554
33 0.18790269482165997
34 0.16971428882123266
35 0.1533135555186272
36 0.13851977266771798
37 0.12517141849830982
38 0.11312396007038034
39 0.10224792756184725
40 0.09242723203631786
41 0.08355769146773791
42 0.0755457356448678
43 0.0683072653310625
44 0.06176664493898505
45 0.05585581117071356
46 0.05051348270807988
47 0.045684458223624894
48 0.04131899180425321
49 0.03737223640503789
50 0.0338037472334764
51 0.030577038048017167
52 0.02765918427358317
53 0.025020467619226508
54 0.022634057551779843
55 0.02047572555303574
56 0.018523588581830865
57 0.016757878588979053
58 0.015160735302628495
59 0.013716019822898023
60 0.01240914684470388
61 0.011226933572489464
62 0.010157463605101136
63 0.00918996425752245
0 10.41666666666666
1 8.643611064888827
2 7.245801145782241
3 6.130229058101579
4 5.229283641151577
5 4.49340460578492
6 3.885939298898389
7 3.379525554180889
8 2.9535354593613907
9 2.592259360215661
10 2.2836084098394362
11 2.0181819349438004
12 1.788592664007968
13 1.5889751353081887
14 1.4146249339508112
15 1.2617319061130459
16 1.1271812915923605
17 1.008404258375153
18 0.9032646143909899
19 0.8099721991411749
20 0.7270160953175552
21 0.6531126754330432
22 0.5871648379757888
23 0.5282297496096462
24 0.4754931046708535
25 0.42824841781299033
26 0.38588023435896446
27 0.34785041399800926
28 0.3136868440360111
29 0.2829740877734591
30 0.2553455855532384
31 0.23047711051354317
32 0.20808124526796606
33 0.18790269482166055
34 0.16971428882123243
35 0.15331355551862727
36 0.13851977266771812
37 0.12517141849830987
38 0.11312396007038025
39 0.10224792756184714
40 0.09242723203631789
41 0.0835576914677377
42 0.07554573564486766
43 0.06830726533106248
44 0.06176664493898508
45 0.05585581117071351
46 0.050513482708079836
47 0.0456844582236248
48 0.0413189918042532
49 0.03737223640503798
50 0.033803747233476344
51 0.0305770380480172
52 0.027659184273583257
53 0.025020467619226536
54 0.0226340575517798
55 0.02047572555303572
56 0.018523588581830872
57 0.01675787858897906
58 0.015160735302628514
59 0.013716019822898018
60 0.012409146844703865
61 0.011226933572489469
62 0.010157463605101147
63 0.009189964257522444
0 10.416666666666664
1 8.643611064888827
2 7.24580114578224
3 6.130229058101573
4 5.2292836411515795
5 4.493404605784922
6 3.8859392988983745
7 3.379525554180891
8 2.95353545936139
9 2.5922593602156607
10 2.283608409839438
11 2.018181934943807
12 1.788592664007972
13 1.5889751353081905
14 1.4146249339508083
15 1.2617319061130479
16 1.1271812915923585
17 1.0084042583751538
18 0.90326461439099
19 0.8099721991411754
20 0.7270160953175533
21 0.6531126754330424
22 0.5871648379757903
23 0.5282297496096455
24 0.47549310467085376
25 0.4282484178129913
26 0.3858802343589655
27 0.3478504139980098
28 0.3136868440360109
29 0.28297408777345884
30 0.2553455855532385
31 0.23047711051354358
32 0.20808124526796545
33 0.1879026948216604
34 0.16971428882123263
35 0.15331355551862733
36 0.13851977266771784
37 0.12517141849830984
38 0.11312396007038039
39 0.10224792756184713
40 0.09242723203631778
41 0.08355769146773777
42 0.07554573564486766
43 0.0683072653310625
44 0.061766644938985225
45 0.0558558111707135
46 0.05051348270807986
47 0.04568445822362488
48 0.041318991804253184
49 0.03737223640503793
50 0.03380374723347643
51 0.030577038048017174
52 0.02765918427358327
53 0.025020467619226525
54 0.02263405755177987
55 0.020475725553035704
56 0.01852358858183083
57 0.016757878588979064
58 0.0151607353026285
59 0.013716019822898001
60 0.012409146844703876
61 0.011226933572489458
62 0.010157463605101124
63 0.009189964257522441
0 10.41666666666669
1 8.643611064888823
2 7.245801145782249
3 6.130229058101578
4 5.229283641151567
5 4.49340460578492
6 3.8859392988983816
7 3.3795255541808906
8 2.953535459361396
9 2.592259360215661
10 2.283608409839431
11 2.0181819349438013
12 1.7885926640079737
13 1.588975135308186
14 1.4146249339508106
15 1.261731906113043
16 1.1271812915923614
17 1.008404258375154
18 0.9032646143909889
19 0.8099721991411749
20 0.727016095317553
21 0.6531126754330417
22 0.5871648379757897
23 0.5282297496096462
24 0.47549310467085415
25 0.4282484178129904
26 0.3858802343589648
27 0.3478504139980096
28 0.31368684403601066
29 0.28297408777345856
30 0.2553455855532383
31 0.2304771105135433
32 0.20808124526796545
33 0.18790269482166033
34 0.1697142888212326
35 0.15331355551862696
36 0.1385197726677182
37 0.12517141849830987
38 0.11312396007038039
39 0.1022479275618472
40 0.09242723203631795
41 0.08355769146773777
42 0.07554573564486783
43 0.06830726533106234
44 0.06176664493898513
45 0.055855811170713476
46 0.0505134827080799
47 0.04568445822362476
48 0.04131899180425321
49 0.03737223640503791
50 0.033803747233476344
51 0.03057703804801722
52 0.02765918427358319
53 0.02502046761922653
54 0.02263405755177984
55 0.02047572555303571
56 0.018523588581830876
57 0.01675787858897904
58 0.015160735302628497
59 0.013716019822898013
60 0.01240914684470388
61 0.01122693357248948
62 0.010157463605101138
63 0.009189964257522451
0 10.416666666666671
1 8.643611064888827
2 7.245801145782234
3 6.130229058101576
4 5.229283641151569
5 4.493404605784921
6 3.8859392988983794
7 3.3795255541808893
8 2.9535354593613934
9 2.5922593602156576
10 2.283608409839432
11 2.018181934943803
12 1.7885926640079681
13 1.5889751353081891
14 1.4146249339508112
15 1.2617319061130468
16 1.12718129159236
17 1.0084042583751527
18 0.9032646143909894
19 0.8099721991411749
20 0.7270160953175543
21 0.6531126754330407
22 0.5871648379757888
23 0.5282297496096463
24 0.47549310467085426
25 0.42824841781299056
26 0.3858802343589652
27 0.34785041399800926
28 0.31368684403601144
29 0.28297408777345884
30 0.2553455855532387
31 0.23047711051354286
32 0.2080812452679661
33 0.18790269482166042
34 0.1697142888212326
35 0.15331355551862724
36 0.1385197726677181
37 0.1251714184983098
38 0.11312396007038054
39 0.10224792756184733
40 0.09242723203631782
41 0.08355769146773771
42 0.07554573564486766
43 0.06830726533106246
44 0.061766644938985184
45 0.05585581117071354
46 0.05051348270807978
47 0.04568445822362482
48 0.04131899180425317
49 0.03737223640503791
50 0.03380374723347641
51 0.030577038048017154
52 0.027659184273583232
53 0.0250204676192265
54 0.022634057551779826
55 0.020475725553035746
56 0.01852358858183086
57 0.016757878588979043
58 0.015160735302628531
59 0.01371601982289802
60 0.012409146844703883
61 0.01122693357248946
62 0.01015746360510115
63 0.009189964257522458
0 10.416666666666655
1 8.643611064888834
2 7.245801145782253
3 6.13022905810158
4 5.229283641151571
5 4.4934046057849235
6 3.885939298898379
7 3.379525554180883
8 2.9535354593613916
9 2.5922593602156634
10 2.283608409839437
11 2.018181934943803
12 1.78859266400797
13 1.5889751353081887
14 1.414624933950809
15 1.2617319061130468
16 1.1271812915923587
17 1.008404258375154
18 0.9032646143909909
19 0.8099721991411767
20 0.7270160953175545
21 0.6531126754330434
22 0.58716483797579
23 0.5282297496096463
24 0.47549310467085404
25 0.4282484178129905
26 0.3858802343589648
27 0.34785041399800964
28 0.3136868440360109
29 0.2829740877734586
30 0.2553455855532388
31 0.23047711051354347
32 0.20808124526796543
33 0.18790269482166033
34 0.16971428882123238
35 0.1533135555186273
36 0.13851977266771812
37 0.1251714184983099
38 0.1131239600703803
39 0.10224792756184718
40 0.09242723203631778
41 0.08355769146773787
42 0.07554573564486781
43 0.06830726533106243
44 0.061766644938985184
45 0.055855811170713636
46 0.050513482708079954
47 0.04568445822362483
48 0.041318991804253274
49 0.03737223640503801
50 0.033803747233476414
51 0.030577038048017174
52 0.027659184273583225
53 0.025020467619226494
54 0.022634057551779836
55 0.02047572555303576
56 0.018523588581830893
57 0.01675787858897902
58 0.0151607353026285
59 0.013716019822898017
60 0.012409146844703877
61 0.011226933572489477
62 0.010157463605101147
63 0.009189964257522448
0 10.416666666666664
1 8.643611064888853
2 7.245801145782239
3 6.130229058101578
4 5.229283641151577
5 4.493404605784926
6 3.8859392988983816
7 3.3795255541808893
8 2.953535459361391
9 2.592259360215659
10 2.2836084098394336
11 2.018181934943801
12 1.7885926640079723
13 1.588975135308189
14 1.414624933950811
15 1.2617319061130439
16 1.1271812915923596
17 1.0084042583751536
18 0.9032646143909894
19 0.8099721991411758
20 0.7270160953175557
21 0.6531126754330432
22 0.5871648379757896
23 0.5282297496096469
24 0.4754931046708539
25 0.4282484178129908
26 0.38588023435896546
27 0.3478504139980093
28 0.3136868440360109
29 0.28297408777345845
30 0.2553455855532383
31 0.23047711051354342
32 0.20808124526796595
33 0.18790269482166025
34 0.1697142888212326
35 0.15331355551862713
36 0.138519772667718
37 0.12517141849830987
38 0.11312396007038036
39 0.10224792756184722
40 0.09242723203631775
41 0.08355769146773777
42 0.07554573564486772
43 0.0683072653310625
44 0.0617666449389851
45 0.05585581117071349
46 0.05051348270807986
47 0.04568445822362481
48 0.041318991804253205
49 0.03737223640503796
50 0.03380374723347646
51 0.030577038048017133
52 0.027659184273583246
53 0.025020467619226553
54 0.02263405755177987
55 0.02047572555303573
56 0.01852358858183087
57 0.016757878588979053
58 0.015160735302628505
59 0.013716019822898027
60 0.01240914684470388
61 0.011226933572489474
62 0.010157463605101159
63 0.009189964257522453
0 10.416666666666668
1 8.643611064888825
2 7.245801145782255
3 6.1302290581015635
4 5.2292836411515795
5 4.493404605784928
6 3.8859392988983816
7 3.379525554180891
8 2.953535459361389
9 2.592259360215661
10 2.2836084098394305
11 2.0181819349438
12 1.7885926640079703
13 1.588975135308185
14 1.4146249339508103
15 1.2617319061130456
16 1.1271812915923598
17 1.0084042583751527
18 0.9032646143909905
19 0.8099721991411749
20 0.7270160953175534
21 0.6531126754330434
22 0.5871648379757888
23 0.5282297496096463
24 0.4754931046708539
25 0.4282484178129913
26 0.38588023435896546
27 0.3478504139980088
28 0.3136868440360108
29 0.2829740877734584
30 0.25534558555323844
31 0.230477110513543
32 0.2080812452679656
33 0.1879026948216602
34 0.1697142888212328
35 0.1533135555186272
36 0.13851977266771806
37 0.12517141849830984
38 0.1131239600703803
39 0.1022479275618473
40 0.09242723203631777
41 0.08355769146773781
42 0.07554573564486772
43 0.06830726533106254
44 0.061766644938985156
45 0.05585581117071356
46 0.0505134827080799
47 0.04568445822362486
48 0.041318991804253274
49 0.03737223640503795
50 0.0338037472334764
51 0.03057703804801718
52 0.0276591842735832
53 0.02502046761922653
54 0.022634057551779843
55 0.020475725553035746
56 0.018523588581830872
57 0.016757878588979033
58 0.015160735302628514
59 0.013716019822898048
60 0.012409146844703872
61 0.011226933572489465
62 0.010157463605101152
63 0.009189964257522465
0 10.416666666666654
1 8.643611064888836
2 7.245801145782257
3 6.1302290581015715
4 5.229283641151569
5 4.493404605784921
6 3.8859392988983803
7 3.3795255541808884
8 2.9535354593613894
9 2.592259360215658
10 2.2836084098394345
11 2.0181819349438004
12 1.7885926640079681
13 1.5889751353081902
14 1.414624933950809
15 1.2617319061130459
16 1.1271812915923605
17 1.008404258375154
18 0.9032646143909907
19 0.8099721991411758
20 0.7270160953175541
21 0.6531126754330422
22 0.5871648379757892
23 0.5282297496096463
24 0.47549310467085415
25 0.428248417812991
26 0.3858802343589642
27 0.3478504139980094
28 0.31368684403601055
29 0.28297408777345934
30 0.25534558555323883
31 0.23047711051354294
32 0.20808124526796554
33 0.18790269482166003
34 0.1697142888212326
35 0.15331355551862727
36 0.1385197726677181
37 0.12517141849830982
38 0.11312396007038017
39 0.10224792756184714
40 0.09242723203631768
41 0.08355769146773777
42 0.07554573564486769
43 0.06830726533106246
44 0.06176664493898508
45 0.05585581117071367
46 0.0505134827080799
47 0.04568445822362486
48 0.04131899180425331
49 0.037372236405037916
50 0.033803747233476435
51 0.030577038048017185
52 0.027659184273583305
53 0.025020467619226515
54 0.022634057551779826
55 0.020475725553035746
56 0.018523588581830872
57 0.016757878588979064
58 0.015160735302628507
59 0.013716019822898013
60 0.012409146844703867
61 0.011226933572489443
62 0.01015746360510114
63 0.009189964257522453
0 10.416666666666682
1 8.643611064888821
2 7.2458011457822495
3 6.130229058101576
4 5.229283641151576
5 4.493404605784925
6 3.885939298898378
7 3.379525554180889
8 2.95353545936139
9 2.592259360215664
10 2.283608409839437
11 2.0181819349438004
12 1.7885926640079708
13 1.5889751353081878
14 1.4146249339508095
15 1.2617319061130452
16 1.1271812915923598
17 1.0084042583751531
18 0.90326461439099
19 0.8099721991411759
20 0.7270160953175537
21 0.6531126754330427
22 0.5871648379757898
23 0.5282297496096464
24 0.47549310467085454
25 0.4282484178129906
26 0.3858802343589653
27 0.3478504139980096
28 0.3136868440360109
29 0.28297408777345845
30 0.2553455855532385
31 0.23047711051354294
32 0.20808124526796543
33 0.18790269482166025
34 0.1697142888212329
35 0.1533135555186275
36 0.13851977266771787
37 0.12517141849830984
38 0.11312396007038028
39 0.10224792756184725
40 0.09242723203631781
41 0.08355769146773767
42 0.07554573564486773
43 0.06830726533106249
44 0.06176664493898508
45 0.055855811170713573
46 0.05051348270807985
47 0.04568445822362482
48 0.041318991804253274
49 0.03737223640503798
50 0.03380374723347642
51 0.030577038048017136
52 0.027659184273583222
53 0.025020467619226515
54 0.022634057551779836
55 0.020475725553035725
56 0.018523588581830848
57 0.01675787858897904
58 0.015160735302628486
59 0.013716019822898018
60 0.012409146844703872
61 0.011226933572489458
62 0.010157463605101147
63 0.009189964257522451
0 10.416666666666664
1 8.64361106488884
2 7.245801145782247
3 6.130229058101567
4 5.229283641151572
5 4.493404605784928
6 3.885939298898385
7 3.3795255541808933
8 2.9535354593613943
9 2.592259360215663
10 2.283608409839435
11 2.018181934943802
12 1.7885926640079712
13 1.5889751353081887
14 1.4146249339508095
15 1.261731906113047
16 1.1271812915923602
17 1.008404258375155
18 0.9032646143909887
19 0.8099721991411756
20 0.7270160953175545
21 0.6531126754330427
22 0.5871648379757894
23 0.5282297496096461
24 0.47549310467085265
25 0.4282484178129901
26 0.38588023435896474
27 0.3478504139980094
28 0.31368684403601016
29 0.28297408777345884
30 0.255345585553238
31 0.23047711051354317
32 0.20808124526796531
33 0.1879026948216604
34 0.16971428882123224
35 0.15331355551862733
36 0.13851977266771787
37 0.1251714184983097
38 0.11312396007038042
39 0.10224792756184736
40 0.09242723203631789
41 0.08355769146773777
42 0.07554573564486779
43 0.06830726533106254
44 0.0617666449389851
45 0.05585581117071359
46 0.05051348270807982
47 0.04568445822362481
48 0.041318991804253226
49 0.03737223640503789
50 0.03380374723347644
51 0.030577038048017154
52 0.027659184273583246
53 0.025020467619226536
54 0.02263405755177983
55 0.020475725553035725
56 0.01852358858183088
57 0.016757878588979036
58 0.015160735302628514
59 0.013716019822898017
60 0.012409146844703886
61 0.01122693357248948
62 0.01015746360510115
63 0.009189964257522458
0 10.416666666666666
1 8.64361106488884
2 7.245801145782241
3 6.130229058101581
4 5.229283641151573
5 4.493404605784917
6 3.885939298898377
7 3.379525554180892
8 2.9535354593613876
9 2.592259360215658
10 2.2836084098394327
11 2.018181934943802
12 1.7885926640079712
13 1.5889751353081882
14 1.4146249339508086
15 1.2617319061130456
16 1.1271812915923598
17 1.0084042583751538
18 0.9032646143909895
19 0.8099721991411755
20 0.7270160953175543
21 0.6531126754330432
22 0.5871648379757896
23 0.5282297496096464
24 0.47549310467085365
25 0.4282484178129911
26 0.3858802343589642
27 0.3478504139980089
28 0.3136868440360112
29 0.28297408777345856
30 0.2553455855532386
31 0.2304771105135433
32 0.2080812452679657
33 0.1879026948216603
34 0.1697142888212327
35 0.15331355551862724
36 0.13851977266771814
37 0.12517141849830965
38 0.1131239600703803
39 0.10224792756184732
40 0.09242723203631774
41 0.08355769146773785
42 0.07554573564486781
43 0.06830726533106249
44 0.06176664493898496
45 0.05585581117071356
46 0.05051348270807997
47 0.04568445822362482
48 0.041318991804253316
49 0.037372236405037895
50 0.033803747233476414
51 0.030577038048017192
52 0.027659184273583198
53 0.025020467619226515
54 0.02263405755177983
55 0.020475725553035784
56 0.01852358858183087
57 0.016757878588979046
58 0.015160735302628488
59 0.013716019822897997
60 0.012409146844703844
61 0.011226933572489455
62 0.010157463605101152
63 0.009189964257522465
0 10.416666666666673
1 8.643611064888825
2 7.245801145782257
3 6.130229058101563
4 5.229283641151569
5 4.493404605784925
6 3.8859392988983883
7 3.379525554180894
8 2.9535354593613956
9 2.5922593602156616
10 2.283608409839429
11 2.018181934943804
12 1.7885926640079712
13 1.5889751353081885
14 1.4146249339508097
15 1.2617319061130454
16 1.1271812915923602
17 1.0084042583751538
18 0.9032646143909894
19 0.8099721991411739
20 0.7270160953175548
21 0.6531126754330424
22 0.5871648379757893
23 0.5282297496096469
24 0.4754931046708537
25 0.42824841781299056
26 0.3858802343589648
27 0.3478504139980087
28 0.3136868440360106
29 0.2829740877734584
30 0.255345585553238
31 0.23047711051354342
32 0.20808124526796554
33 0.1879026948216603
34 0.16971428882123274
35 0.15331355551862744
36 0.13851977266771812
37 0.1251714184983098
38 0.1131239600703803
39 0.10224792756184711
40 0.09242723203631789
41 0.0835576914677378
42 0.07554573564486769
43 0.06830726533106252
44 0.061766644938985114
45 0.05585581117071354
46 0.05051348270807982
47 0.04568445822362478
48 0.04131899180425318
49 0.037372236405038
50 0.03380374723347643
51 0.03057703804801717
52 0.027659184273583177
53 0.025020467619226553
54 0.022634057551779874
55 0.02047572555303574
56 0.018523588581830893
57 0.016757878588979012
58 0.015160735302628521
59 0.013716019822898011
60 0.012409146844703886
61 0.011226933572489483
62 0.010157463605101145
63 0.009189964257522469
0 10.416666666666652
1 8.643611064888821
2 7.245801145782245
3 6.13022905810157
4 5.229283641151573
5 4.493404605784923
6 3.885939298898387
7 3.379525554180889
8 2.953535459361391
9 2.5922593602156603
10 2.2836084098394336
11 2.018181934943801
12 1.7885926640079717
13 1.588975135308191
14 1.4146249339508095
15 1.2617319061130468
16 1.1271812915923591
17 1.0084042583751527
18 0.9032646143909889
19 0.8099721991411751
20 0.7270160953175531
21 0.6531126754330426
22 0.5871648379757893
23 0.5282297496096469
24 0.47549310467085376
25 0.42824841781299056
26 0.3858802343589646
27 0.3478504139980091
28 0.31368684403601005
29 0.28297408777345884
30 0.2553455855532383
31 0.2304771105135433
32 0.20808124526796562
33 0.18790269482166025
34 0.16971428882123232
35 0.15331355551862735
36 0.1385197726677183
37 0.12517141849831
38 0.11312396007038059
39 0.10224792756184727
40 0.09242723203631775
41 0.08355769146773791
42 0.07554573564486773
43 0.0683072653310626
44 0.06176664493898508
45 0.05585581117071355
46 0.050513482708079954
47 0.045684458223624776
48 0.04131899180425329
49 0.037372236405037944
50 0.033803747233476386
51 0.030577038048017167
52 0.027659184273583205
53 0.025020467619226553
54 0.022634057551779826
55 0.02047572555303575
56 0.01852358858183089
57 0.016757878588979046
58 0.015160735302628538
59 0.013716019822898006
60 0.012409146844703869
61 0.011226933572489465
62 0.01015746360510116
63 0.009189964257522477
0 10.416666666666648
1 8.643611064888828
2 7.245801145782249
3 6.1302290581015715
4 5.229283641151573
5 4.493404605784923
6 3.8859392988983843
7 3.379525554180893
8 2.953535459361393
9 2.5922593602156594
10 2.2836084098394354
11 2.018181934943798
12 1.7885926640079708
13 1.5889751353081885
14 1.4146249339508112
15 1.2617319061130472
16 1.12718129159236
17 1.008404258375154
18 0.9032646143909897
19 0.8099721991411762
20 0.7270160953175555
21 0.6531126754330424
22 0.5871648379757893
23 0.5282297496096471
24 0.4754931046708537
25 0.42824841781299045
26 0.3858802343589652
27 0.3478504139980094
28 0.3136868440360106
29 0.28297408777345845
30 0.25534558555323866
31 0.23047711051354328
32 0.20808124526796568
33 0.1879026948216604
34 0.16971428882123252
35 0.1533135555186276
36 0.13851977266771814
37 0.12517141849830993
38 0.11312396007038042
39 0.1022479275618471
40 0.09242723203631775
41 0.08355769146773781
42 0.07554573564486756
43 0.0683072653310626
44 0.061766644938985114
45 0.05585581117071353
46 0.0505134827080799
47 0.04568445822362484
48 0.04131899180425322
49 0.03737223640503802
50 0.03380374723347641
51 0.030577038048017226
52 0.027659184273583274
53 0.025020467619226546
54 0.022634057551779836
55 0.020475725553035746
56 0.018523588581830872
57 0.016757878588979067
58 0.015160735302628509
59 0.013716019822898027
60 0.012409146844703876
61 0.011226933572489472
62 0.010157463605101143
63 0.009189964257522451
0 10.416666666666668
1 8.643611064888837
2 7.245801145782249
3 6.130229058101575
4 5.229283641151574
5 4.493404605784918
6 3.885939298898389
7 3.379525554180891
8 2.953535459361393
9 2.592259360215664
10 2.2836084098394354
11 2.018181934943802
12 1.7885926640079703
13 1.5889751353081905
14 1.4146249339508121
15 1.2617319061130474
16 1.1271812915923571
17 1.0084042583751531
18 0.9032646143909887
19 0.8099721991411765
20 0.7270160953175543
21 0.6531126754330431
22 0.5871648379757902
23 0.5282297496096452
24 0.47549310467085354
25 0.42824841781299156
26 0.38588023435896474
27 0.3478504139980092
28 0.3136868440360106
29 0.28297408777345906
30 0.25534558555323816
31 0.23047711051354322
32 0.20808124526796534
33 0.1879026948216602
34 0.16971428882123232
35 0.15331355551862727
36 0.13851977266771798
37 0.1251714184983098
38 0.11312396007038046
39 0.10224792756184717
40 0.0924272320363179
41 0.08355769146773791
42 0.07554573564486765
43 0.06830726533106253
44 0.06176664493898513
45 0.055855811170713546
46 0.050513482708079954
47 0.04568445822362477
48 0.041318991804253184
49 0.037372236405038055
50 0.03380374723347646
51 0.030577038048017192
52 0.027659184273583173
53 0.025020467619226553
54 0.022634057551779847
55 0.02047572555303573
56 0.018523588581830865
57 0.01675787858897905
58 0.015160735302628514
59 0.013716019822898
60 0.012409146844703867
61 0.011226933572489467
62 0.010157463605101133
63 0.009189964257522455
0 10.416666666666666
1 8.643611064888841
2 7.2458011457822495
3 6.130229058101569
4 5.229283641151571
5 4.4934046057849235
6 3.8859392988983803
7 3.379525554180888
8 2.9535354593613916
9 2.5922593602156585
10 2.283608409839433
11 2.0181819349438044
12 1.7885926640079701
13 1.588975135308189
14 1.414624933950811
15 1.2617319061130436
16 1.127181291592362
17 1.008404258375154
18 0.9032646143909913
19 0.8099721991411767
20 0.7270160953175547
21 0.6531126754330426
22 0.5871648379757893
23 0.5282297496096469
24 0.47549310467085326
25 0.4282484178129907
26 0.3858802343589646
27 0.34785041399800926
28 0.3136868440360105
29 0.28297408777345895
30 0.2553455855532384
31 0.230477110513543
32 0.20808124526796595
33 0.1879026948216602
34 0.16971428882123252
35 0.1533135555186272
36 0.13851977266771826
37 0.12517141849830973
38 0.11312396007038021
39 0.10224792756184736
40 0.0924272320363177
41 0.08355769146773769
42 0.07554573564486788
43 0.06830726533106253
44 0.06176664493898508
45 0.055855811170713546
46 0.050513482708079815
47 0.04568445822362481
48 0.04131899180425326
49 0.03737223640503794
50 0.033803747233476386
51 0.030577038048017185
52 0.02765918427358324
53 0.025020467619226498
54 0.022634057551779815
55 0.020475725553035753
56 0.018523588581830876
57 0.01675787858897905
58 0.015160735302628538
59 0.013716019822898023
60 0.012409146844703869
61 0.011226933572489465
62 0.010157463605101136
63 0.00918996425752246
0 10.416666666666668
1 8.64361106488885
2 7.2458011457822415
3 6.130229058101587
4 5.229283641151577
5 4.493404605784923
6 3.8859392988983754
7 3.379525554180891
8 2.953535459361391
9 2.5922593602156607
10 2.283608409839437
11 2.0181819349438035
12 1.7885926640079717
13 1.588975135308189
14 1.4146249339508092
15 1.261731906113046
16 1.1271812915923596
17 1.0084042583751531
18 0.9032646143909923
19 0.8099721991411759
20 0.7270160953175533
21 0.6531126754330424
22 0.5871648379757907
23 0.5282297496096469
24 0.4754931046708536
25 0.4282484178129907
26 0.3858802343589644
27 0.3478504139980093
28 0.3136868440360107
29 0.2829740877734584
30 0.25534558555323833
31 0.23047711051354294
32 0.20808124526796554
33 0.18790269482166017
34 0.1697142888212325
35 0.1533135555186275
36 0.13851977266771814
37 0.1251714184983099
38 0.11312396007038035
39 0.10224792756184714
40 0.09242723203631786
41 0.08355769146773771
42 0.0755457356448678
43 0.06830726533106242
44 0.061766644938985156
45 0.055855811170713525
46 0.05051348270807993
47 0.04568445822362485
48 0.04131899180425319
49 0.03737223640503795
50 0.033803747233476386
51 0.030577038048017254
52 0.02765918427358321
53 0.025020467619226498
54 0.02263405755177986
55 0.02047572555303576
56 0.01852358858183086
57 0.016757878588979043
58 0.015160735302628521
59 0.013716019822898
60 0.01240914684470388
61 0.011226933572489472
62 0.010157463605101134
63 0.009189964257522464
0 10.416666666666664
1 8.643611064888828
2 7.245801145782241
3 6.130229058101571
4 5.2292836411515715
5 4.493404605784928
6 3.885939298898387
7 3.379525554180891
8 2.9535354593613916
9 2.592259360215663
10 2.283608409839438
11 2.018181934943799
12 1.7885926640079717
13 1.5889751353081887
14 1.4146249339508121
15 1.2617319061130436
16 1.1271812915923591
17 1.0084042583751527
18 0.9032646143909895
19 0.8099721991411751
20 0.7270160953175547
21 0.6531126754330427
22 0.5871648379757904
23 0.5282297496096469
24 0.4754931046708523
25 0.4282484178129911
26 0.3858802343589653
27 0.3478504139980094
28 0.31368684403601027
29 0.2829740877734581
30 0.25534558555323855
31 0.23047711051354322
32 0.20808124526796568
33 0.18790269482166033
34 0.16971428882123282
35 0.15331355551862746
36 0.1385197726677177
37 0.1251714184983098
38 0.11312396007038025
39 0.10224792756184697
40 0.0924272320363179
41 0.08355769146773777
42 0.07554573564486777
43 0.06830726533106249
44 0.06176664493898502
45 0.05585581117071359
46 0.05051348270807988
47 0.04568445822362482
48 0.04131899180425319
49 0.03737223640503793
50 0.03380374723347645
51 0.030577038048017213
52 0.02765918427358325
53 0.025020467619226536
54 0.02263405755177985
55 0.020475725553035763
56 0.018523588581830886
57 0.016757878588979064
58 0.01516073530262851
59 0.013716019822898011
60 0.012409146844703855
61 0.011226933572489451
62 0.010157463605101152
63 0.009189964257522464
0 10.416666666666671
1 8.643611064888825
2 7.245801145782242
3 6.1302290581015635
4 5.229283641151582
5 4.493404605784916
6 3.8859392988983754
7 3.379525554180891
8 2.9535354593613934
9 2.592259360215659
10 2.2836084098394305
11 2.018181934943796
12 1.7885926640079703
13 1.5889751353081878
14 1.4146249339508083
15 1.2617319061130463
16 1.1271812915923614
17 1.0084042583751538
18 0.9032646143909893
19 0.8099721991411765
20 0.7270160953175548
21 0.6531126754330424
22 0.5871648379757892
23 0.5282297496096461
24 0.47549310467085415
25 0.42824841781299045
26 0.3858802343589651
27 0.3478504139980091
28 0.31368684403601066
29 0.28297408777345867
30 0.2553455855532384
31 0.23047711051354317
32 0.20808124526796615
33 0.1879026948216601
34 0.16971428882123263
35 0.1533135555186273
36 0.13851977266771823
37 0.12517141849830976
38 0.11312396007038021
39 0.10224792756184722
40 0.0924272320363178
41 0.08355769146773771
42 0.07554573564486772
43 0.06830726533106236
44 0.06176664493898507
45 0.05585581117071356
46 0.05051348270807982
47 0.04568445822362473
48 0.041318991804253205
49 0.037372236405037916
50 0.03380374723347636
51 0.030577038048017174
52 0.02765918427358322
53 0.02502046761922654
54 0.02263405755177987
55 0.020475725553035746
56 0.018523588581830844
57 0.016757878588979036
58 0.015160735302628495
59 0.013716019822898001
60 0.012409146844703864
61 0.011226933572489457
62 0.01015746360510118
63 0.009189964257522464
0 10.416666666666654
1 8.64361106488884
2 7.245801145782247
3 6.1302290581015635
4 5.229283641151571
5 4.49340460578493
6 3.8859392988983714
7 3.3795255541808884
8 2.9535354593613956
9 2.592259360215659
10 2.2836084098394327
11 2.0181819349438013
12 1.7885926640079737
13 1.588975135308188
14 1.4146249339508097
15 1.2617319061130454
16 1.1271812915923625
17 1.0084042583751558
18 0.9032646143909905
19 0.8099721991411759
20 0.7270160953175548
21 0.6531126754330433
22 0.5871648379757892
23 0.528229749609647
24 0.47549310467085326
25 0.42824841781299033
26 0.3858802343589652
27 0.34785041399800876
28 0.3136868440360106
29 0.2829740877734584
30 0.2553455855532384
31 0.23047711051354247
32 0.20808124526796537
33 0.1879026948216602
34 0.16971428882123266
35 0.15331355551862727
36 0.13851977266771803
37 0.1251714184983099
38 0.11312396007038027
39 0.10224792756184725
40 0.09242723203631774
41 0.0835576914677376
42 0.07554573564486769
43 0.06830726533106253
44 0.06176664493898513
45 0.05585581117071356
46 0.05051348270807999
47 0.04568445822362483
48 0.04131899180425326
49 0.03737223640503805
50 0.03380374723347638
51 0.030577038048017154
52 0.02765918427358328
53 0.025020467619226498
54 0.02263405755177985
55 0.02047572555303576
56 0.01852358858183089
57 0.016757878588979078
58 0.015160735302628535
59 0.013716019822898036
60 0.012409146844703862
61 0.011226933572489477
62 0.010157463605101147
63 0.009189964257522444
0 10.416666666666668
1 8.643611064888828
2 7.245801145782235
3 6.130229058101587
4 5.229283641151566
5 4.493404605784919
6 3.8859392988983767
7 3.379525554180895
8 2.9535354593613943
9 2.5922593602156594
10 2.283608409839432
11 2.018181934943802
12 1.7885926640079712
13 1.588975135308189
14 1.4146249339508088
15 1.2617319061130459
16 1.1271812915923611
17 1.0084042583751538
18 0.9032646143909882
19 0.8099721991411761
20 0.7270160953175528
21 0.6531126754330432
22 0.5871648379757899
23 0.5282297496096459
24 0.47549310467085415
25 0.4282484178129906
26 0.38588023435896474
27 0.3478504139980092
28 0.31368684403601094
29 0.28297408777345834
30 0.25534558555323855
31 0.230477110513543
32 0.2080812452679658
33 0.18790269482165994
34 0.1697142888212326
35 0.15331355551862733
36 0.13851977266771803
37 0.1251714184983098
38 0.11312396007038043
39 0.10224792756184699
40 0.09242723203631786
41 0.08355769146773785
42 0.07554573564486779
43 0.06830726533106259
44 0.061766644938985114
45 0.055855811170713546
46 0.05051348270807997
47 0.04568445822362478
48 0.04131899180425321
49 0.03737223640503792
50 0.03380374723347644
51 0.030577038048017213
52 0.027659184273583274
53 0.02502046761922652
54 0.022634057551779833
55 0.020475725553035746
56 0.018523588581830848
57 0.016757878588979057
58 0.015160735302628521
59 0.013716019822898013
60 0.012409146844703876
61 0.01122693357248946
62 0.010157463605101145
63 0.009189964257522458
0 10.416666666666659
1 8.643611064888832
2 7.245801145782238
3 6.130229058101575
4 5.229283641151574
5 4.493404605784921
6 3.8859392988983705
7 3.3795255541808906
8 2.9535354593613903
9 2.5922593602156683
10 2.283608409839432
11 2.018181934943801
12 1.7885926640079708
13 1.588975135308191
14 1.414624933950812
15 1.2617319061130463
16 1.1271812915923596
17 1.0084042583751527
18 0.9032646143909893
19 0.8099721991411759
20 0.7270160953175527
21 0.6531126754330421
22 0.5871648379757896
23 0.5282297496096469
24 0.4754931046708536
25 0.42824841781299056
26 0.38588023435896496
27 0.3478504139980092
28 0.3136868440360105
29 0.2829740877734595
30 0.25534558555323844
31 0.2304771105135429
32 0.20808124526796593
33 0.1879026948216601
34 0.16971428882123238
35 0.15331355551862724
36 0.13851977266771787
37 0.12517141849830982
38 0.1131239600703803
39 0.1022479275618472
40 0.09242723203631781
41 0.08355769146773781
42 0.07554573564486765
43 0.06830726533106253
44 0.06176664493898506
45 0.05585581117071352
46 0.05051348270807984
47 0.04568445822362476
48 0.04131899180425319
49 0.03737223640503797
50 0.033803747233476435
51 0.0305770380480172
52 0.02765918427358324
53 0.025020467619226553
54 0.02263405755177985
55 0.020475725553035725
56 0.018523588581830848
57 0.016757878588979026
58 0.015160735302628528
59 0.013716019822898027
60 0.012409146844703872
61 0.011226933572489448
62 0.010157463605101143
63 0.009189964257522469
0 10.416666666666659
1 8.643611064888843
2 7.245801145782241
3 6.130229058101573
4 5.229283641151573
5 4.49340460578491
6 3.8859392988983825
7 3.379525554180891
8 2.953535459361392
9 2.5922593602156607
10 2.2836084098394376
11 2.0181819349437977
12 1.7885926640079737
13 1.5889751353081891
14 1.4146249339508092
15 1.261731906113048
16 1.1271812915923614
17 1.0084042583751545
18 0.9032646143909885
19 0.8099721991411758
20 0.7270160953175554
21 0.6531126754330427
22 0.5871648379757889
23 0.5282297496096464
24 0.4754931046708537
25 0.4282484178129909
26 0.3858802343589646
27 0.3478504139980095
28 0.3136868440360104
29 0.28297408777345856
30 0.25534558555323866
31 0.23047711051354294
32 0.2080812452679661
33 0.18790269482165997
34 0.16971428882123252
35 0.1533135555186271
36 0.13851977266771787
37 0.12517141849830993
38 0.11312396007038043
39 0.10224792756184709
40 0.09242723203631785
41 0.08355769146773794
42 0.07554573564486754
43 0.06830726533106243
44 0.06176664493898501
45 0.05585581117071366
46 0.05051348270807988
47 0.04568445822362478
48 0.041318991804253205
49 0.03737223640503791
50 0.03380374723347642
51 0.0305770380480172
52 0.027659184273583205
53 0.025020467619226536
54 0.02263405755177988
55 0.02047572555303571
56 0.018523588581830865
57 0.016757878588979036
58 0.015160735302628544
59 0.013716019822898023
60 0.012409146844703855
61 0.011226933572489453
62 0.010157463605101138
63 0.00918996425752244
0 10.41666666666666
1 8.643611064888832
2 7.2458011457822495
3 6.130229058101569
4 5.229283641151569
5 4.493404605784923
6 3.885939298898388
7 3.3795255541808884
8 2.9535354593613907
9 2.5922593602156665
10 2.2836084098394327
11 2.018181934943802
12 1.7885926640079723
13 1.588975135308189
14 1.4146249339508106
15 1.2617319061130452
16 1.1271812915923605
17 1.0084042583751534
18 0.9032646143909885
19 0.8099721991411761
20 0.7270160953175533
21 0.6531126754330422
22 0.5871648379757894
23 0.528229749609647
24 0.4754931046708539
25 0.4282484178129908
26 0.38588023435896546
27 0.3478504139980088
28 0.3136868440360106
29 0.2829740877734587
30 0.25534558555323805
31 0.23047711051354353
32 0.20808124526796565
33 0.18790269482166025
34 0.16971428882123243
35 0.1533135555186273
36 0.1385197726677182
37 0.1251714184983098
38 0.1131239600703802
39 0.10224792756184717
40 0.09242723203631785
41 0.08355769146773769
42 0.07554573564486762
43 0.06830726533106249
44 0.06176664493898521
45 0.05585581117071353
46 0.050513482708079954
47 0.04568445822362482
48 0.041318991804253184
49 0.037372236405037916
50 0.033803747233476455
51 0.030577038048017154
52 0.02765918427358322
53 0.025020467619226505
54 0.022634057551779843
55 0.020475725553035725
56 0.01852358858183084
57 0.016757878588979046
58 0.015160735302628498
59 0.013716019822898003
60 0.012409146844703896
61 0.011226933572489467
62 0.010157463605101134
63 0.009189964257522446
0 10.41666666666666
1 8.643611064888837
2 7.2458011457822495
3 6.130229058101566
4 5.229283641151576
5 4.493404605784929
6 3.8859392988983776
7 3.3795255541808884
8 2.95353545936139
9 2.5922593602156603
10 2.283608409839431
11 2.018181934943803
12 1.7885926640079712
13 1.588975135308186
14 1.414624933950811
15 1.2617319061130463
16 1.1271812915923602
17 1.008404258375153
18 0.9032646143909895
19 0.8099721991411758
20 0.7270160953175555
21 0.6531126754330427
22 0.5871648379757897
23 0.5282297496096465
24 0.4754931046708539
25 0.428248417812991
26 0.3858802343589645
27 0.34785041399800964
28 0.3136868440360108
29 0.2829740877734584
30 0.2553455855532385
31 0.2304771105135431
32 0.20808124526796543
33 0.18790269482166022
34 0.1697142888212326
35 0.15331355551862724
36 0.1385197726677179
37 0.1251714184983099
38 0.11312396007038046
39 0.10224792756184727
40 0.09242723203631789
41 0.08355769146773782
42 0.07554573564486766
43 0.06830726533106243
44 0.061766644938985024
45 0.05585581117071359
46 0.05051348270807985
47 0.04568445822362474
48 0.04131899180425329
49 0.03737223640503798
50 0.03380374723347649
51 0.030577038048017192
52 0.02765918427358324
53 0.025020467619226515
54 0.02263405755177984
55 0.020475725553035746
56 0.018523588581830876
57 0.016757878588979074
58 0.015160735302628514
59 0.013716019822898011
60 0.012409146844703869
61 0.011226933572489451
62 0.01015746360510114
63 0.00918996425752246
0 10.416666666666648
1 8.643611064888836
2 7.24580114578224
3 6.130229058101575
4 5.229283641151573
5 4.493404605784924
6 3.88593929889838
7 3.3795255541808857
8 2.95353545936139
9 2.59225936021566
10 2.283608409839433
11 2.0181819349438035
12 1.7885926640079703
13 1.5889751353081913
14 1.4146249339508126
15 1.2617319061130445
16 1.1271812915923587
17 1.0084042583751534
18 0.9032646143909909
19 0.8099721991411756
20 0.7270160953175542
21 0.653112675433042
22 0.5871648379757906
23 0.5282297496096462
24 0.47549310467085365
25 0.42824841781299017
26 0.38588023435896496
27 0.3478504139980095
28 0.3136868440360104
29 0.28297408777345884
30 0.2553455855532382
31 0.23047711051354303
32 0.20808124526796562
33 0.18790269482166022
34 0.16971428882123238
35 0.1533135555186274
36 0.13851977266771806
37 0.12517141849830973
38 0.11312396007038032
39 0.10224792756184703
40 0.0924272320363178
41 0.08355769146773763
42 0.0755457356448677
43 0.0683072653310625
44 0.06176664493898508
45 0.05585581117071356
46 0.050513482708079815
47 0.04568445822362473
48 0.04131899180425319
49 0.03737223640503791
50 0.033803747233476435
51 0.030577038048017178
52 0.02765918427358324
53 0.025020467619226505
54 0.022634057551779843
55 0.020475725553035753
56 0.01852358858183087
57 0.016757878588979074
58 0.015160735302628528
59 0.013716019822898017
60 0.01240914684470389
61 0.011226933572489451
62 0.010157463605101152
63 0.009189964257522448
0 10.41666666666666
1 8.643611064888825
2 7.245801145782238
3 6.130229058101575
4 5.229283641151578
5 4.493404605784923
6 3.885939298898377
7 3.3795255541808884
8 2.953535459361386
9 2.5922593602156634
10 2.2836084098394354
11 2.0181819349438
12 1.7885926640079708
13 1.5889751353081896
14 1.4146249339508101
15 1.261731906113047
16 1.1271812915923618
17 1.0084042583751547
18 0.9032646143909905
19 0.8099721991411756
20 0.7270160953175548
21 0.6531126754330429
22 0.5871648379757898
23 0.5282297496096469
24 0.47549310467085326
25 0.4282484178129906
26 0.38588023435896485
27 0.3478504139980092
28 0.3136868440360107
29 0.2829740877734587
30 0.2553455855532382
31 0.23047711051354308
32 0.20808124526796568
33 0.18790269482166047
34 0.16971428882123243
35 0.15331355551862735
36 0.13851977266771792
37 0.12517141849831
38 0.11312396007038025
39 0.10224792756184725
40 0.09242723203631775
41 0.08355769146773777
42 0.07554573564486779
43 0.06830726533106253
44 0.06176664493898504
45 0.05585581117071355
46 0.05051348270807982
47 0.04568445822362478
48 0.041318991804253184
49 0.03737223640503798
50 0.033803747233476476
51 0.03057703804801726
52 0.027659184273583208
53 0.025020467619226546
54 0.02263405755177986
55 0.020475725553035753
56 0.018523588581830914
57 0.016757878588979067
58 0.015160735302628518
59 0.013716019822898029
60 0.012409146844703877
61 0.011226933572489474
62 0.010157463605101141
63 0.009189964257522464
0 10.416666666666671
1 8.643611064888834
2 7.245801145782257
3 6.130229058101566
4 5.229283641151569
5 4.493404605784924
6 3.8859392988983776
7 3.3795255541808866
8 2.9535354593613947
9 2.5922593602156607
10 2.2836084098394327
11 2.0181819349438044
12 1.7885926640079681
13 1.5889751353081887
14 1.414624933950809
15 1.2617319061130463
16 1.1271812915923605
17 1.008404258375152
18 0.9032646143909895
19 0.8099721991411774
20 0.7270160953175538
21 0.6531126754330421
22 0.5871648379757889
23 0.5282297496096465
24 0.47549310467085326
25 0.4282484178129908
26 0.38588023435896496
27 0.3478504139980096
28 0.3136868440360103
29 0.28297408777345895
30 0.25534558555323833
31 0.23047711051354317
32 0.2080812452679661
33 0.18790269482166008
34 0.16971428882123232
35 0.15331355551862727
36 0.13851977266771837
37 0.12517141849830987
38 0.11312396007038052
39 0.10224792756184725
40 0.09242723203631778
41 0.08355769146773781
42 0.07554573564486777
43 0.06830726533106254
44 0.061766644938985
45 0.05585581117071367
46 0.05051348270807981
47 0.04568445822362484
48 0.04131899180425326
49 0.03737223640503796
50 0.033803747233476455
51 0.030577038048017136
52 0.02765918427358322
53 0.025020467619226498
54 0.02263405755177985
55 0.02047572555303576
56 0.018523588581830914
57 0.016757878588979043
58 0.015160735302628521
59 0.013716019822898001
60 0.012409146844703872
61 0.011226933572489451
62 0.01015746360510115
63 0.00918996425752245
0 10.41666666666666
1 8.643611064888843
2 7.245801145782249
3 6.130229058101578
4 5.229283641151571
5 4.493404605784928
6 3.8859392988983803
7 3.379525554180891
8 2.9535354593613894
9 2.592259360215661
10 2.2836084098394336
11 2.0181819349438026
12 1.78859266400797
13 1.588975135308186
14 1.41462493395081
15 1.2617319061130472
16 1.1271812915923594
17 1.008404258375153
18 0.9032646143909888
19 0.809972199141175
20 0.7270160953175538
21 0.6531126754330415
22 0.5871648379757893
23 0.5282297496096464
24 0.4754931046708539
25 0.4282484178129908
26 0.38588023435896446
27 0.3478504139980095
28 0.3136868440360102
29 0.28297408777345867
30 0.2553455855532383
31 0.23047711051354305
32 0.20808124526796615
33 0.1879026948216604
34 0.16971428882123255
35 0.1533135555186272
36 0.13851977266771803
37 0.12517141849830982
38 0.11312396007038028
39 0.10224792756184725
40 0.09242723203631785
41 0.08355769146773769
42 0.07554573564486779
43 0.06830726533106245
44 0.061766644938985184
45 0.055855811170713546
46 0.050513482708079885
47 0.04568445822362478
48 0.04131899180425322
49 0.03737223640503794
50 0.033803747233476414
51 0.03057703804801718
52 0.027659184273583222
53 0.025020467619226515
54 0.02263405755177985
55 0.020475725553035746
56 0.01852358858183088
57 0.01675787858897905
58 0.015160735302628502
59 0.013716019822898032
60 0.012409146844703869
61 0.011226933572489474
62 0.010157463605101143
63 0.009189964257522464
0 10.416666666666655
1 8.64361106488883
2 7.245801145782257
3 6.130229058101571
4 5.22928364115157
5 4.493404605784918
6 3.8859392988983843
7 3.3795255541808906
8 2.9535354593613934
9 2.5922593602156607
10 2.2836084098394367
11 2.0181819349438
12 1.7885926640079717
13 1.5889751353081896
14 1.4146249339508101
15 1.2617319061130448
16 1.1271812915923576
17 1.0084042583751514
18 0.9032646143909925
19 0.8099721991411754
20 0.7270160953175536
21 0.653112675433042
22 0.5871648379757899
23 0.5282297496096464
24 0.47549310467085426
25 0.4282484178129908
26 0.385880234358965
27 0.34785041399800887
28 0.3136868440360111
29 0.2829740877734584
30 0.2553455855532385
31 0.23047711051354342
32 0.20808124526796543
33 0.1879026948216604
34 0.1697142888212328
35 0.1533135555186272
36 0.1385197726677178
37 0.12517141849830968
38 0.11312396007038042
39 0.10224792756184699
40 0.09242723203631789
41 0.0835576914677378
42 0.07554573564486756
43 0.06830726533106246
44 0.061766644938985114
45 0.055855811170713504
46 0.05051348270807988
47 0.04568445822362482
48 0.04131899180425319
49 0.03737223640503795
50 0.03380374723347638
51 0.030577038048017213
52 0.027659184273583246
53 0.025020467619226546
54 0.022634057551779826
55 0.02047572555303573
56 0.01852358858183085
57 0.01675787858897903
58 0.01516073530262851
59 0.013716019822898008
60 0.012409146844703877
61 0.011226933572489465
62 0.01015746360510115
63 0.00918996425752246
0 10.416666666666664
1 8.643611064888843
2 7.245801145782251
3 6.130229058101575
4 5.229283641151578
5 4.493404605784924
6 3.8859392988983843
7 3.379525554180894
8 2.95353545936139
9 2.592259360215659
10 2.2836084098394362
11 2.0181819349438004
12 1.78859266400797
13 1.5889751353081867
14 1.414624933950811
15 1.2617319061130468
16 1.127181291592359
17 1.008404258375155
18 0.9032646143909889
19 0.8099721991411746
20 0.7270160953175544
21 0.6531126754330432
22 0.5871648379757902
23 0.5282297496096469
24 0.47549310467085426
25 0.42824841781299056
26 0.38588023435896496
27 0.347850413998009
28 0.3136868440360105
29 0.2829740877734588
30 0.25534558555323844
31 0.23047711051354317
32 0.20808124526796568
33 0.18790269482166017
34 0.1697142888212327
35 0.15331355551862735
36 0.13851977266771792
37 0.12517141849830996
38 0.1131239600703803
39 0.1022479275618471
40 0.0924272320363178
41 0.08355769146773764
42 0.07554573564486756
43 0.06830726533106246
44 0.06176664493898513
45 0.055855811170713525
46 0.05051348270807978
47 0.04568445822362478
48 0.041318991804253205
49 0.03737223640503796
50 0.033803747233476435
51 0.03057703804801724
52 0.02765918427358323
53 0.025020467619226553
54 0.022634057551779864
55 0.020475725553035753
56 0.01852358858183091
57 0.016757878588979036
58 0.015160735302628514
59 0.013716019822898013
60 0.012409146844703883
61 0.011226933572489477
62 0.010157463605101143
63 0.009189964257522448
0 10.416666666666654
1 8.643611064888841
2 7.245801145782249
3 6.1302290581015715
4 5.229283641151571
5 4.493404605784924
6 3.8859392988983825
7 3.3795255541808897
8 2.953535459361389
9 2.5922593602156603
10 2.2836084098394314
11 2.018181934943801
12 1.7885926640079708
13 1.5889751353081887
14 1.4146249339508092
15 1.2617319061130454
16 1.1271812915923605
17 1.0084042583751534
18 0.903264614390991
19 0.8099721991411768
20 0.7270160953175548
21 0.6531126754330423
22 0.5871648379757897
23 0.5282297496096462
24 0.4754931046708539
25 0.4282484178129909
26 0.38588023435896485
27 0.34785041399800926
28 0.3136868440360108
29 0.28297408777345906
30 0.25534558555323816
31 0.2304771105135427
32 0.20808124526796562
33 0.18790269482166033
34 0.16971428882123255
35 0.15331355551862724
36 0.1385197726677182
37 0.12517141849830968
38 0.11312396007038035
39 0.10224792756184747
40 0.09242723203631786
41 0.0835576914677378
42 0.0755457356448678
43 0.0683072653310625
44 0.06176664493898499
45 0.05585581117071353
46 0.050513482708079864
47 0.04568445822362483
48 0.04131899180425323
49 0.037372236405038006
50 0.03380374723347641
51 0.0305770380480172
52 0.027659184273583257
53 0.025020467619226525
54 0.02263405755177987
55 0.020475725553035735
56 0.018523588581830844
57 0.016757878588979057
58 0.015160735302628488
59 0.01371601982289802
60 0.012409146844703858
61 0.011226933572489469
62 0.010157463605101152
63 0.009189964257522464
0 10.416666666666664
1 8.64361106488883
2 7.2458011457822415
3 6.130229058101571
4 5.22928364115157
5 4.493404605784917
6 3.8859392988983794
7 3.379525554180882
8 2.95353545936139
9 2.5922593602156625
10 2.2836084098394336
11 2.0181819349438
12 1.7885926640079723
13 1.588975135308188
14 1.414624933950809
15 1.261731906113046
16 1.1271812915923596
17 1.0084042583751538
18 0.9032646143909887
19 0.8099721991411759
20 0.7270160953175533
21 0.6531126754330423
22 0.5871648379757899
23 0.5282297496096463
24 0.47549310467085415
25 0.4282484178129905
26 0.3858802343589653
27 0.3478504139980098
28 0.3136868440360106
29 0.282974087773459
30 0.25534558555323833
31 0.23047711051354358
32 0.2080812452679658
33 0.18790269482166033
34 0.1697142888212326
35 0.15331355551862727
36 0.13851977266771806
37 0.12517141849830957
38 0.1131239600703803
39 0.10224792756184736
40 0.09242723203631767
41 0.08355769146773769
42 0.07554573564486775
43 0.06830726533106243
44 0.061766644938985184
45 0.055855811170713504
46 0.05051348270807984
47 0.04568445822362481
48 0.04131899180425314
49 0.037372236405037965
50 0.03380374723347639
51 0.030577038048017185
52 0.027659184273583246
53 0.02502046761922654
54 0.02263405755177988
55 0.020475725553035718
56 0.01852358858183092
57 0.016757878588979064
58 0.015160735302628483
59 0.013716019822898001
60 0.012409146844703855
61 0.011226933572489464
62 0.010157463605101147
63 0.009189964257522467
0 10.416666666666679
1 8.643611064888841
2 7.245801145782277
3 6.130229058101569
4 5.229283641151571
5 4.493404605784926
6 3.8859392988983843
7 3.3795255541808933
8 2.9535354593613916
9 2.592259360215664
10 2.2836084098394345
11 2.0181819349438
12 1.7885926640079712
13 1.588975135308191
14 1.4146249339508121
15 1.2617319061130459
16 1.1271812915923582
17 1.0084042583751538
18 0.9032646143909899
19 0.8099721991411772
20 0.7270160953175554
21 0.6531126754330415
22 0.5871648379757899
23 0.5282297496096465
24 0.47549310467085454
25 0.4282484178129908
26 0.3858802343589642
27 0.3478504139980095
28 0.3136868440360103
29 0.2829740877734585
30 0.2553455855532383
31 0.23047711051354305
32 0.20808124526796565
33 0.18790269482166028
34 0.1697142888212327
35 0.15331355551862746
36 0.1385197726677179
37 0.12517141849830987
38 0.11312396007038052
39 0.1022479275618472
40 0.09242723203631764
41 0.0835576914677378
42 0.07554573564486762
43 0.06830726533106249
44 0.06176664493898521
45 0.05585581117071365
46 0.05051348270807985
47 0.045684458223624734
48 0.04131899180425326
49 0.037372236405038006
50 0.03380374723347641
51 0.030577038048017233
52 0.02765918427358324
53 0.025020467619226487
54 0.02263405755177986
55 0.020475725553035704
56 0.01852358858183089
57 0.016757878588979022
58 0.015160735302628509
59 0.013716019822898006
60 0.012409146844703869
61 0.011226933572489474
62 0.010157463605101136
63 0.009189964257522457
0 10.416666666666675
1 8.643611064888841
2 7.245801145782247
3 6.130229058101572
4 5.229283641151567
5 4.493404605784921
6 3.8859392988983807
7 3.379525554180893
8 2.95353545936139
9 2.5922593602156607
10 2.2836084098394323
11 2.0181819349438
12 1.7885926640079717
13 1.5889751353081896
14 1.41462493395081
15 1.2617319061130454
16 1.1271812915923596
17 1.008404258375153
18 0.90326461439099
19 0.8099721991411759
20 0.7270160953175545
21 0.6531126754330417
22 0.5871648379757883
23 0.528229749609646
24 0.47549310467085465
25 0.4282484178129909
26 0.3858802343589646
27 0.3478504139980088
28 0.3136868440360106
29 0.2829740877734593
30 0.25534558555323833
31 0.23047711051354294
32 0.20808124526796581
33 0.18790269482166025
34 0.16971428882123218
35 0.15331355551862721
36 0.13851977266771823
37 0.12517141849830968
38 0.11312396007038046
39 0.10224792756184725
40 0.09242723203631782
41 0.08355769146773777
42 0.07554573564486772
43 0.06830726533106263
44 0.061766644938985156
45 0.055855811170713594
46 0.050513482708079774
47 0.04568445822362475
48 0.04131899180425326
49 0.037372236405037916
50 0.03380374723347645
51 0.030577038048017157
52 0.02765918427358325
53 0.025020467619226525
54 0.02263405755177986
55 0.020475725553035704
56 0.0185235885818309
57 0.016757878588979064
58 0.015160735302628518
59 0.013716019822898008
60 0.012409146844703895
61 0.011226933572489453
62 0.010157463605101162
63 0.009189964257522444
0 10.416666666666682
1 8.64361106488883
2 7.245801145782242
3 6.1302290581015715
4 5.229283641151568
5 4.493404605784919
6 3.8859392988983794
7 3.379525554180889
8 2.953535459361391
9 2.592259360215659
10 2.283608409839431
11 2.018181934943802
12 1.788592664007968
13 1.588975135308192
14 1.4146249339508103
15 1.261731906113046
16 1.1271812915923567
17 1.008404258375154
18 0.9032646143909907
19 0.8099721991411756
20 0.7270160953175538
21 0.6531126754330422
22 0.5871648379757891
23 0.5282297496096465
24 0.47549310467085415
25 0.42824841781298983
26 0.3858802343589651
27 0.3478504139980094
28 0.31368684403601066
29 0.28297408777345884
30 0.25534558555323883
31 0.23047711051354294
32 0.20808124526796556
33 0.18790269482166042
34 0.1697142888212327
35 0.15331355551862727
36 0.138519772667718
37 0.12517141849830973
38 0.11312396007038021
39 0.10224792756184747
40 0.0924272320363179
41 0.08355769146773774
42 0.0755457356448677
43 0.06830726533106252
44 0.061766644938985114
45 0.05585581117071353
46 0.050513482708079774
47 0.045684458223624755
48 0.0413189918042532
49 0.037372236405038
50 0.033803747233476414
51 0.030577038048017164
52 0.02765918427358324
53 0.02502046761922651
54 0.022634057551779854
55 0.02047572555303574
56 0.018523588581830844
57 0.016757878588979046
58 0.015160735302628504
59 0.013716019822898003
60 0.012409146844703877
61 0.011226933572489477
62 0.01015746360510115
63 0.009189964257522469
0 10.41666666666666
1 8.643611064888834
2 7.245801145782247
3 6.130229058101569
4 5.229283641151573
5 4.493404605784928
6 3.8859392988983785
7 3.3795255541808884
8 2.95353545936139
9 2.5922593602156647
10 2.283608409839438
11 2.0181819349438017
12 1.7885926640079703
13 1.5889751353081896
14 1.4146249339508117
15 1.261731906113046
16 1.1271812915923594
17 1.008404258375153
18 0.9032646143909879
19 0.8099721991411749
20 0.727016095317554
21 0.6531126754330426
22 0.5871648379757911
23 0.5282297496096467
24 0.4754931046708537
25 0.42824841781299194
26 0.38588023435896485
27 0.3478504139980091
28 0.31368684403601094
29 0.28297408777345834
30 0.2553455855532387
31 0.2304771105135431
32 0.20808124526796581
33 0.1879026948216604
34 0.16971428882123255
35 0.1533135555186272
36 0.138519772667718
37 0.12517141849830968
38 0.11312396007038056
39 0.10224792756184727
40 0.09242723203631789
41 0.08355769146773769
42 0.0755457356448677
43 0.06830726533106256
44 0.06176664493898506
45 0.055855811170713525
46 0.05051348270807992
47 0.04568445822362484
48 0.04131899180425321
49 0.03737223640503798
50 0.03380374723347642
51 0.030577038048017105
52 0.02765918427358322
53 0.02502046761922653
54 0.022634057551779822
55 0.02047572555303571
56 0.01852358858183089
57 0.01675787858897902
58 0.015160735302628535
59 0.013716019822898006
60 0.012409146844703855
61 0.011226933572489467
62 0.01015746360510114
63 0.009189964257522469
0 10.416666666666666
1 8.64361106488884
2 7.245801145782244
3 6.13022905810157
4 5.229283641151569
5 4.493404605784924
6 3.8859392988983807
7 3.379525554180889
8 2.953535459361391
9 2.592259360215661
10 2.283608409839434
11 2.018181934943801
12 1.7885926640079697
13 1.5889751353081902
14 1.4146249339508072
15 1.2617319061130456
16 1.1271812915923598
17 1.0084042583751558
18 0.9032646143909884
19 0.8099721991411762
20 0.7270160953175545
21 0.6531126754330421
22 0.58716483797579
23 0.5282297496096472
24 0.4754931046708539
25 0.4282484178129906
26 0.3858802343589647
27 0.3478504139980094
28 0.31368684403601055
29 0.2829740877734584
30 0.25534558555323794
31 0.2304771105135431
32 0.20808124526796526
33 0.18790269482166042
34 0.16971428882123252
35 0.15331355551862696
36 0.13851977266771798
37 0.1251714184983095
38 0.11312396007038046
39 0.10224792756184738
40 0.09242723203631786
41 0.08355769146773798
42 0.07554573564486756
43 0.06830726533106239
44 0.06176664493898513
45 0.05585581117071352
46 0.05051348270807985
47 0.04568445822362487
48 0.04131899180425322
49 0.03737223640503799
50 0.0338037472334764
51 0.03057703804801713
52 0.027659184273583274
53 0.025020467619226546
54 0.022634057551779843
55 0.02047572555303575
56 0.01852358858183085
57 0.016757878588979026
58 0.015160735302628518
59 0.013716019822898027
60 0.012409146844703848
61 0.011226933572489472
62 0.010157463605101145
63 0.009189964257522451
0 10.416666666666668
1 8.64361106488884
2 7.245801145782253
3 6.130229058101576
4 5.2292836411515715
5 4.493404605784922
6 3.8859392988983794
7 3.379525554180895
8 2.9535354593613956
9 2.59225936021566
10 2.2836084098394327
11 2.0181819349438026
12 1.7885926640079701
13 1.5889751353081878
14 1.4146249339508117
15 1.2617319061130463
16 1.1271812915923587
17 1.0084042583751556
18 0.9032646143909899
19 0.8099721991411758
20 0.7270160953175547
21 0.6531126754330434
22 0.5871648379757913
23 0.5282297496096457
24 0.4754931046708539
25 0.4282484178129914
26 0.385880234358965
27 0.3478504139980098
28 0.3136868440360108
29 0.2829740877734585
30 0.25534558555323833
31 0.2304771105135433
32 0.2080812452679657
33 0.18790269482166047
34 0.16971428882123246
35 0.15331355551862746
36 0.1385197726677176
37 0.12517141849830984
38 0.11312396007038028
39 0.10224792756184703
40 0.09242723203631767
41 0.08355769146773771
42 0.07554573564486779
43 0.06830726533106249
44 0.061766644938985
45 0.05585581117071359
46 0.05051348270807993
47 0.04568445822362478
48 0.04131899180425319
49 0.03737223640503789
50 0.033803747233476455
51 0.030577038048017112
52 0.027659184273583225
53 0.02502046761922653
54 0.02263405755177986
55 0.020475725553035763
56 0.018523588581830876
57 0.01675787858897902
58 0.015160735302628493
59 0.013716019822897996
60 0.012409146844703865
61 0.011226933572489467
62 0.010157463605101152
63 0.009189964257522453
0 10.416666666666657
1 8.643611064888843
2 7.245801145782227
3 6.130229058101567
4 5.229283641151578
5 4.4934046057849235
6 3.885939298898379
7 3.3795255541808884
8 2.953535459361391
9 2.59225936021566
10 2.2836084098394327
11 2.018181934943802
12 1.7885926640079675
13 1.5889751353081905
14 1.4146249339508097
15 1.2617319061130459
16 1.1271812915923594
17 1.0084042583751538
18 0.9032646143909899
19 0.8099721991411747
20 0.7270160953175547
21 0.6531126754330422
22 0.5871648379757896
23 0.5282297496096466
24 0.47549310467085404
25 0.4282484178129908
26 0.38588023435896485
27 0.3478504139980097
28 0.3136868440360106
29 0.2829740877734583
30 0.2553455855532382
31 0.23047711051354322
32 0.20808124526796593
33 0.1879026948216602
34 0.16971428882123263
35 0.15331355551862746
36 0.13851977266771798
37 0.12517141849830962
38 0.11312396007038016
39 0.1022479275618473
40 0.09242723203631789
41 0.08355769146773763
42 0.07554573564486772
43 0.0683072653310624
44 0.0617666449389851
45 0.055855811170713573
46 0.050513482708079815
47 0.04568445822362479
48 0.04131899180425322
49 0.03737223640503792
50 0.033803747233476386
51 0.030577038048017154
52 0.027659184273583264
53 0.025020467619226525
54 0.022634057551779885
55 0.020475725553035718
56 0.018523588581830848
57 0.01675787858897906
58 0.015160735302628514
59 0.013716019822898004
60 0.012409146844703896
61 0.0112269335724895
62 0.01015746360510114
63 0.009189964257522455
0 10.416666666666652
1 8.64361106488883
2 7.245801145782245
3 6.130229058101584
4 5.22928364115158
5 4.493404605784922
6 3.885939298898376
7 3.3795255541808933
8 2.953535459361389
9 2.5922593602156616
10 2.2836084098394327
11 2.0181819349438035
12 1.788592664007968
13 1.5889751353081905
14 1.4146249339508121
15 1.2617319061130432
16 1.12718129159236
17 1.0084042583751538
18 0.9032646143909899
19 0.8099721991411758
20 0.7270160953175547
21 0.6531126754330431
22 0.5871648379757888
23 0.5282297496096463
24 0.4754931046708537
25 0.4282484178129901
26 0.3858802343589657
27 0.3478504139980088
28 0.3136868440360109
29 0.28297408777345845
30 0.25534558555323866
31 0.2304771105135431
32 0.2080812452679658
33 0.18790269482166047
34 0.16971428882123243
35 0.15331355551862733
36 0.13851977266771798
37 0.12517141849830984
38 0.11312396007038052
39 0.10224792756184707
40 0.09242723203631782
41 0.08355769146773774
42 0.07554573564486769
43 0.06830726533106248
44 0.061766644938985225
45 0.05585581117071362
46 0.05051348270807978
47 0.04568445822362475
48 0.04131899180425315
49 0.037372236405037916
50 0.033803747233476414
51 0.03057703804801717
52 0.027659184273583222
53 0.025020467619226525
54 0.022634057551779833
55 0.020475725553035732
56 0.018523588581830865
57 0.01675787858897904
58 0.015160735302628502
59 0.013716019822898015
60 0.012409146844703876
61 0.011226933572489483
62 0.010157463605101147
63 0.009189964257522465
0 10.416666666666657
1 8.643611064888832
2 7.245801145782253
3 6.130229058101578
4 5.229283641151564
5 4.493404605784926
6 3.8859392988983807
7 3.3795255541808964
8 2.9535354593613916
9 2.592259360215663
10 2.283608409839432
11 2.0181819349438053
12 1.7885926640079737
13 1.5889751353081853
14 1.414624933950812
15 1.2617319061130459
16 1.1271812915923602
17 1.008404258375153
18 0.9032646143909889
19 0.8099721991411754
20 0.727016095317554
21 0.6531126754330417
22 0.5871648379757897
23 0.528229749609646
24 0.47549310467085354
25 0.4282484178129901
26 0.38588023435896474
27 0.3478504139980083
28 0.31368684403601116
29 0.28297408777345845
30 0.2553455855532386
31 0.23047711051354328
32 0.20808124526796581
33 0.18790269482166042
34 0.16971428882123266
35 0.1533135555186273
36 0.13851977266771784
37 0.12517141849830973
38 0.11312396007038027
39 0.10224792756184733
40 0.09242723203631789
41 0.08355769146773775
42 0.07554573564486783
43 0.06830726533106248
44 0.06176664493898517
45 0.0558558111707135
46 0.050513482708079906
47 0.04568445822362484
48 0.04131899180425322
49 0.037372236405038055
50 0.033803747233476344
51 0.0305770380480172
52 0.02765918427358323
53 0.02502046761922652
54 0.0226340575517799
55 0.02047572555303575
56 0.018523588581830844
57 0.01675787858897904
58 0.015160735302628485
59 0.013716019822898013
60 0.012409146844703865
61 0.01122693357248946
62 0.010157463605101136
63 0.00918996425752246
0 10.416666666666691
1 8.643611064888832
2 7.245801145782238
3 6.130229058101568
4 5.229283641151577
5 4.493404605784921
6 3.8859392988983745
7 3.379525554180892
8 2.9535354593613916
9 2.5922593602156616
10 2.283608409839432
11 2.0181819349438035
12 1.7885926640079692
13 1.5889751353081898
14 1.414624933950809
15 1.2617319061130479
16 1.1271812915923611
17 1.008404258375155
18 0.9032646143909894
19 0.8099721991411781
20 0.7270160953175543
21 0.6531126754330433
22 0.5871648379757902
23 0.5282297496096457
24 0.47549310467085304
25 0.428248417812991
26 0.38588023435896496
27 0.3478504139980097
28 0.3136868440360111
29 0.28297408777345884
30 0.25534558555323866
31 0.23047711051354322
32 0.2080812452679658
33 0.1879026948216604
34 0.16971428882123243
35 0.15331355551862755
36 0.1385197726677178
37 0.1251714184983099
38 0.11312396007038043
39 0.10224792756184725
40 0.09242723203631789
41 0.08355769146773762
42 0.07554573564486773
43 0.06830726533106253
44 0.06176664493898499
45 0.05585581117071353
46 0.05051348270807978
47 0.04568445822362484
48 0.04131899180425328
49 0.03737223640503797
50 0.033803747233476435
51 0.030577038048017213
52 0.027659184273583257
53 0.025020467619226525
54 0.022634057551779843
55 0.0204757255530357
56 0.018523588581830848
57 0.016757878588979022
58 0.015160735302628525
59 0.013716019822898023
60 0.012409146844703886
61 0.011226933572489462
62 0.010157463605101157
63 0.00918996425752245
0 10.41666666666668
1 8.64361106488882
2 7.245801145782241
3 6.1302290581015715
4 5.2292836411515875
5 4.49340460578492
6 3.885939298898387
7 3.379525554180893
8 2.9535354593613916
9 2.5922593602156607
10 2.283608409839435
11 2.0181819349438004
12 1.7885926640079692
13 1.5889751353081882
14 1.4146249339508095
15 1.2617319061130448
16 1.1271812915923605
17 1.0084042583751536
18 0.9032646143909893
19 0.8099721991411759
20 0.7270160953175542
21 0.6531126754330414
22 0.5871648379757897
23 0.5282297496096476
24 0.47549310467085365
25 0.42824841781299017
26 0.3858802343589646
27 0.3478504139980093
28 0.313686844036011
29 0.28297408777345867
30 0.25534558555323855
31 0.2304771105135425
32 0.2080812452679657
33 0.1879026948216602
34 0.16971428882123252
35 0.1533135555186274
36 0.1385197726677182
37 0.12517141849830998
38 0.11312396007038034
39 0.10224792756184707
40 0.0924272320363179
41 0.08355769146773775
42 0.07554573564486759
43 0.0683072653310625
44 0.061766644938985094
45 0.05585581117071351
46 0.050513482708079774
47 0.045684458223624796
48 0.04131899180425323
49 0.03737223640503793
50 0.03380374723347642
51 0.03057703804801717
52 0.02765918427358322
53 0.025020467619226515
54 0.02263405755177988
55 0.020475725553035746
56 0.01852358858183088
57 0.016757878588979026
58 0.015160735302628509
59 0.01371601982289804
60 0.01240914684470385
61 0.011226933572489472
62 0.010157463605101143
63 0.009189964257522455
0 10.416666666666654
1 8.643611064888834
2 7.245801145782259
3 6.130229058101581
4 5.229283641151574
5 4.493404605784922
6 3.8859392988983825
7 3.379525554180896
8 2.953535459361387
9 2.592259360215663
10 2.2836084098394327
11 2.0181819349437986
12 1.78859266400797
13 1.5889751353081876
14 1.4146249339508075
15 1.2617319061130485
16 1.127181291592362
17 1.0084042583751531
18 0.9032646143909895
19 0.8099721991411785
20 0.7270160953175537
21 0.6531126754330412
22 0.58716483797579
23 0.5282297496096457
24 0.4754931046708537
25 0.4282484178129909
26 0.38588023435896546
27 0.3478504139980094
28 0.31368684403601116
29 0.2829740877734588
30 0.2553455855532387
31 0.23047711051354305
32 0.20808124526796568
33 0.1879026948216604
34 0.16971428882123243
35 0.15331355551862735
36 0.138519772667718
37 0.12517141849830998
38 0.11312396007038042
39 0.10224792756184736
40 0.09242723203631802
41 0.08355769146773781
42 0.07554573564486772
43 0.06830726533106245
44 0.06176664493898503
45 0.05585581117071361
46 0.05051348270807988
47 0.04568445822362477
48 0.041318991804253254
49 0.03737223640503799
50 0.03380374723347638
51 0.030577038048017226
52 0.02765918427358322
53 0.02502046761922649
54 0.02263405755177986
55 0.020475725553035725
56 0.01852358858183088
57 0.016757878588979057
58 0.015160735302628492
59 0.013716019822898015
60 0.01240914684470388
61 0.011226933572489469
62 0.010157463605101136
63 0.009189964257522453
0 10.416666666666666
1 8.643611064888832
2 7.2458011457822264
3 6.130229058101566
4 5.22928364115157
5 4.4934046057849235
6 3.8859392988983843
7 3.379525554180889
8 2.9535354593613903
9 2.59225936021566
10 2.283608409839435
11 2.018181934943802
12 1.7885926640079728
13 1.5889751353081896
14 1.4146249339508128
15 1.261731906113048
16 1.1271812915923594
17 1.0084042583751527
18 0.9032646143909897
19 0.8099721991411758
20 0.7270160953175536
21 0.6531126754330431
22 0.5871648379757899
23 0.528229749609646
24 0.47549310467085326
25 0.4282484178129911
26 0.38588023435896474
27 0.34785041399800987
28 0.3136868440360109
29 0.2829740877734583
30 0.2553455855532382
31 0.2304771105135431
32 0.20808124526796556
33 0.18790269482166042
34 0.16971428882123266
35 0.1533135555186275
36 0.1385197726677181
37 0.12517141849830965
38 0.11312396007038035
39 0.10224792756184738
40 0.09242723203631777
41 0.08355769146773766
42 0.07554573564486773
43 0.06830726533106245
44 0.06176664493898517
45 0.05585581117071349
46 0.0505134827080799
47 0.04568445822362475
48 0.041318991804253205
49 0.037372236405037916
50 0.03380374723347644
51 0.030577038048017206
52 0.02765918427358322
53 0.02502046761922652
54 0.022634057551779836
55 0.02047572555303571
56 0.01852358858183086
57 0.016757878588979046
58 0.015160735302628493
59 0.01371601982289802
60 0.012409146844703855
61 0.011226933572489451
62 0.010157463605101147
63 0.009189964257522465
0 10.416666666666664
1 8.643611064888836
2 7.245801145782249
3 6.130229058101578
4 5.229283641151574
5 4.4934046057849315
6 3.8859392988983816
7 3.379525554180887
8 2.953535459361391
9 2.5922593602156607
10 2.283608409839431
11 2.0181819349438004
12 1.7885926640079701
13 1.588975135308192
14 1.4146249339508141
15 1.2617319061130443
16 1.1271812915923622
17 1.008404258375152
18 0.9032646143909894
19 0.8099721991411739
20 0.7270160953175547
21 0.6531126754330415
22 0.5871648379757897
23 0.5282297496096453
24 0.47549310467085343
25 0.4282484178129899
26 0.38588023435896535
27 0.34785041399800926
28 0.3136868440360098
29 0.28297408777345895
30 0.25534558555323866
31 0.2304771105135433
32 0.20808124526796568
33 0.1879026948216603
34 0.1697142888212325
35 0.15331355551862713
36 0.13851977266771806
37 0.1251714184983098
38 0.11312396007038052
39 0.10224792756184733
40 0.09242723203631786
41 0.08355769146773787
42 0.07554573564486769
43 0.06830726533106253
44 0.06176664493898508
45 0.05585581117071353
46 0.05051348270807979
47 0.0456844582236248
48 0.04131899180425322
49 0.03737223640503795
50 0.033803747233476435
51 0.030577038048017164
52 0.027659184273583215
53 0.02502046761922651
54 0.02263405755177988
55 0.020475725553035735
56 0.0185235885818309
57 0.016757878588979043
58 0.015160735302628502
59 0.013716019822898013
60 0.012409146844703876
61 0.011226933572489477
62 0.01015746360510114
63 0.009189964257522438
0 10.416666666666659
1 8.643611064888836
2 7.245801145782251
3 6.130229058101569
4 5.229283641151581
5 4.493404605784924
6 3.885939298898386
7 3.379525554180881
8 2.9535354593613956
9 2.5922593602156656
10 2.2836084098394336
11 2.018181934943803
12 1.7885926640079712
13 1.5889751353081905
14 1.4146249339508117
15 1.2617319061130459
16 1.1271812915923594
17 1.0084042583751538
18 0.9032646143909883
19 0.8099721991411759
20 0.7270160953175545
21 0.6531126754330427
22 0.5871648379757898
23 0.5282297496096466
24 0.47549310467085315
25 0.4282484178129913
26 0.3858802343589648
27 0.3478504139980094
28 0.31368684403601094
29 0.2829740877734587
30 0.25534558555323844
31 0.230477110513543
32 0.2080812452679658
33 0.18790269482166047
34 0.16971428882123252
35 0.15331355551862735
36 0.138519772667718
37 0.1251714184983098
38 0.11312396007038034
39 0.1022479275618472
40 0.09242723203631771
41 0.08355769146773774
42 0.07554573564486775
43 0.06830726533106252
44 0.061766644938985156
45 0.05585581117071348
46 0.0505134827080799
47 0.04568445822362476
48 0.041318991804253226
49 0.03737223640503797
50 0.033803747233476386
51 0.030577038048017178
52 0.027659184273583187
53 0.025020467619226553
54 0.02263405755177987
55 0.02047572555303575
56 0.018523588581830876
57 0.01675787858897906
58 0.015160735302628528
59 0.013716019822898017
60 0.012409146844703869
61 0.011226933572489472
62 0.01015746360510115
63 0.00918996425752246
0 10.416666666666664
1 8.64361106488883
2 7.245801145782239
3 6.1302290581015635
4 5.229283641151572
5 4.49340460578492
6 3.8859392988983785
7 3.379525554180891
8 2.9535354593613867
9 2.5922593602156616
10 2.2836084098394385
11 2.0181819349438
12 1.7885926640079723
13 1.5889751353081887
14 1.4146249339508121
15 1.2617319061130472
16 1.1271812915923574
17 1.0084042583751547
18 0.9032646143909893
19 0.8099721991411749
20 0.7270160953175543
21 0.6531126754330426
22 0.5871648379757893
23 0.528229749609646
24 0.4754931046708539
25 0.42824841781299045
26 0.3858802343589652
27 0.3478504139980091
28 0.3136868440360105
29 0.282974087773459
30 0.2553455855532379
31 0.2304771105135436
32 0.20808124526796587
33 0.18790269482166003
34 0.1697142888212323
35 0.1533135555186271
36 0.13851977266771795
37 0.12517141849830976
38 0.11312396007038043
39 0.10224792756184715
40 0.09242723203631785
41 0.08355769146773769
42 0.07554573564486756
43 0.0683072653310625
44 0.061766644938985094
45 0.055855811170713573
46 0.05051348270807979
47 0.0456844582236248
48 0.041318991804253226
49 0.03737223640503797
50 0.03380374723347643
51 0.030577038048017213
52 0.027659184273583257
53 0.02502046761922653
54 0.022634057551779847
55 0.02047572555303575
56 0.018523588581830848
57 0.016757878588979015
58 0.015160735302628525
59 0.013716019822897989
60 0.01240914684470388
61 0.011226933572489458
62 0.010157463605101153
63 0.009189964257522451
0 10.416666666666666
1 8.643611064888821
2 7.245801145782241
3 6.130229058101573
4 5.22928364115158
5 4.493404605784923
6 3.8859392988983807
7 3.3795255541808844
8 2.9535354593613863
9 2.5922593602156616
10 2.2836084098394354
11 2.0181819349438044
12 1.78859266400797
13 1.5889751353081913
14 1.4146249339508112
15 1.2617319061130485
16 1.1271812915923596
17 1.0084042583751531
18 0.9032646143909884
19 0.8099721991411758
20 0.7270160953175555
21 0.6531126754330426
22 0.5871648379757891
23 0.528229749609648
24 0.4754931046708538
25 0.4282484178129903
26 0.38588023435896457
27 0.34785041399800887
28 0.31368684403601044
29 0.2829740877734585
30 0.25534558555323844
31 0.2304771105135433
32 0.20808124526796554
33 0.18790269482166042
34 0.16971428882123252
35 0.15331355551862716
36 0.13851977266771803
37 0.1251714184983097
38 0.11312396007038036
39 0.10224792756184733
40 0.09242723203631771
41 0.08355769146773788
42 0.0755457356448679
43 0.06830726533106252
44 0.061766644938985114
45 0.05585581117071359
46 0.05051348270807985
47 0.04568445822362484
48 0.04131899180425319
49 0.03737223640503805
50 0.033803747233476435
51 0.030577038048017147
52 0.027659184273583232
53 0.025020467619226508
54 0.02263405755177985
55 0.02047572555303572
56 0.01852358858183088
57 0.01675787858897905
58 0.015160735302628492
59 0.013716019822897985
60 0.012409146844703865
61 0.011226933572489472
62 0.010157463605101145
63 0.009189964257522464
0 10.41666666666669
1 8.643611064888834
2 7.245801145782247
3 6.130229058101575
4 5.229283641151577
5 4.49340460578493
6 3.8859392988983816
7 3.3795255541808933
8 2.953535459361392
9 2.5922593602156607
10 2.2836084098394362
11 2.018181934943797
12 1.788592664007972
13 1.5889751353081898
14 1.4146249339508095
15 1.2617319061130472
16 1.1271812915923611
17 1.0084042583751547
18 0.9032646143909888
19 0.8099721991411759
20 0.7270160953175538
21 0.6531126754330424
22 0.5871648379757896
23 0.5282297496096466
24 0.47549310467085365
25 0.42824841781299056
26 0.38588023435896535
27 0.3478504139980095
28 0.31368684403601094
29 0.28297408777345884
30 0.25534558555323855
31 0.23047711051354278
32 0.20808124526796565
33 0.1879026948216604
34 0.16971428882123263
35 0.15331355551862758
36 0.13851977266771814
37 0.12517141849830968
38 0.11312396007038035
39 0.1022479275618474
40 0.09242723203631775
41 0.08355769146773771
42 0.07554573564486773
43 0.0683072653310625
44 0.06176664493898524
45 0.05585581117071351
46 0.050513482708079795
47 0.04568445822362476
48 0.04131899180425319
49 0.03737223640503794
50 0.0338037472334764
51 0.030577038048017213
52 0.02765918427358322
53 0.025020467619226557
54 0.02263405755177987
55 0.02047572555303571
56 0.018523588581830848
57 0.01675787858897906
58 0.015160735302628514
59 0.013716019822898023
60 0.012409146844703876
61 0.011226933572489469
62 0.010157463605101131
63 0.009189964257522464
0 10.416666666666673
1 8.643611064888834
2 7.245801145782249
3 6.130229058101566
4 5.229283641151572
5 4.4934046057849155
6 3.8859392988983834
7 3.3795255541808813
8 2.9535354593613943
9 2.592259360215663
10 2.2836084098394376
11 2.0181819349438013
12 1.7885926640079737
13 1.588975135308188
14 1.4146249339508128
15 1.2617319061130452
16 1.1271812915923598
17 1.0084042583751534
18 0.9032646143909885
19 0.8099721991411759
20 0.7270160953175537
21 0.6531126754330412
22 0.58716483797579
23 0.5282297496096465
24 0.4754931046708538
25 0.4282484178129908
26 0.3858802343589652
27 0.34785041399800887
28 0.3136868440360103
29 0.28297408777345867
30 0.2553455855532383
31 0.23047711051354353
32 0.2080812452679656
33 0.18790269482166042
34 0.16971428882123235
35 0.15331355551862733
36 0.138519772667718
37 0.12517141849830982
38 0.11312396007038035
39 0.10224792756184707
40 0.09242723203631774
41 0.08355769146773771
42 0.07554573564486772
43 0.06830726533106246
44 0.0617666449389851
45 0.05585581117071353
46 0.05051348270807994
47 0.04568445822362486
48 0.041318991804253254
49 0.03737223640503791
50 0.03380374723347639
51 0.030577038048017126
52 0.027659184273583222
53 0.025020467619226553
54 0.02263405755177982
55 0.020475725553035725
56 0.018523588581830886
57 0.016757878588979022
58 0.015160735302628509
59 0.013716019822898023
60 0.01240914684470388
61 0.011226933572489467
62 0.01015746360510115
63 0.00918996425752246
0 10.416666666666673
1 8.643611064888816
2 7.24580114578224
3 6.13022905810157
4 5.22928364115158
5 4.493404605784922
6 3.8859392988983825
7 3.379525554180892
8 2.9535354593613894
9 2.5922593602156576
10 2.283608409839433
11 2.0181819349437995
12 1.7885926640079661
13 1.5889751353081891
14 1.4146249339508101
15 1.2617319061130454
16 1.1271812915923587
17 1.008404258375154
18 0.9032646143909886
19 0.8099721991411762
20 0.7270160953175537
21 0.6531126754330415
22 0.5871648379757896
23 0.5282297496096454
24 0.47549310467085376
25 0.4282484178129914
26 0.3858802343589648
27 0.3478504139980094
28 0.31368684403601144
29 0.28297408777345856
30 0.25534558555323855
31 0.23047711051354305
32 0.2080812452679658
33 0.1879026948216603
34 0.16971428882123266
35 0.153313555518627
36 0.13851977266771806
37 0.12517141849830973
38 0.11312396007038039
39 0.10224792756184709
40 0.09242723203631799
41 0.08355769146773781
42 0.0755457356448677
43 0.06830726533106243
44 0.06176664493898514
45 0.055855811170713546
46 0.05051348270807988
47 0.04568445822362487
48 0.041318991804253205
49 0.03737223640503802
50 0.03380374723347643
51 0.030577038048017192
52 0.027659184273583274
53 0.025020467619226525
54 0.02263405755177987
55 0.020475725553035732
56 0.018523588581830865
57 0.016757878588979036
58 0.015160735302628505
59 0.013716019822898013
60 0.012409146844703858
61 0.011226933572489465
62 0.01015746360510115
63 0.009189964257522453
0 10.416666666666671
1 8.643611064888843
2 7.245801145782239
3 6.130229058101568
4 5.229283641151578
5 4.493404605784929
6 3.8859392988983794
7 3.379525554180884
8 2.953535459361388
9 2.5922593602156607
10 2.2836084098394327
11 2.0181819349438044
12 1.7885926640079677
13 1.5889751353081887
14 1.4146249339508103
15 1.2617319061130452
16 1.1271812915923605
17 1.0084042583751542
18 0.9032646143909905
19 0.8099721991411755
20 0.7270160953175551
21 0.6531126754330414
22 0.5871648379757891
23 0.5282297496096459
24 0.47549310467085415
25 0.4282484178129903
26 0.38588023435896457
27 0.3478504139980093
28 0.313686844036011
29 0.28297408777345917
30 0.25534558555323844
31 0.23047711051354317
32 0.20808124526796581
33 0.18790269482166028
34 0.16971428882123255
35 0.15331355551862727
36 0.1385197726677178
37 0.12517141849830965
38 0.11312396007038032
39 0.10224792756184713
40 0.09242723203631781
41 0.08355769146773775
42 0.07554573564486762
43 0.0683072653310625
44 0.06176664493898506
45 0.05585581117071359
46 0.05051348270807985
47 0.04568445822362481
48 0.041318991804253184
49 0.037372236405037874
50 0.03380374723347644
51 0.030577038048017213
52 0.02765918427358325
53 0.02502046761922651
54 0.022634057551779847
55 0.020475725553035732
56 0.018523588581830865
57 0.01675787858897905
58 0.015160735302628497
59 0.013716019822898027
60 0.012409146844703883
61 0.011226933572489469
62 0.010157463605101152
63 0.009189964257522448
0 10.41666666666668
1 8.643611064888852
2 7.2458011457822495
3 6.130229058101578
4 5.22928364115158
5 4.493404605784926
6 3.8859392988983785
7 3.379525554180892
8 2.953535459361393
9 2.5922593602156607
10 2.2836084098394362
11 2.0181819349438004
12 1.7885926640079701
13 1.5889751353081898
14 1.4146249339508106
15 1.2617319061130459
16 1.1271812915923596
17 1.008404258375153
18 0.9032646143909897
19 0.8099721991411759
20 0.7270160953175554
21 0.6531126754330426
22 0.5871648379757903
23 0.5282297496096465
24 0.47549310467085365
25 0.42824841781298995
26 0.38588023435896435
27 0.3478504139980095
28 0.31368684403601044
29 0.28297408777345906
30 0.2553455855532385
31 0.23047711051354353
32 0.208081245267966
33 0.18790269482166022
34 0.16971428882123243
35 0.15331355551862716
36 0.13851977266771784
37 0.12517141849830987
38 0.11312396007038021
39 0.10224792756184736
40 0.09242723203631774
41 0.08355769146773782
42 0.07554573564486763
43 0.06830726533106246
44 0.061766644938984996
45 0.055855811170713546
46 0.050513482708079885
47 0.04568445822362475
48 0.04131899180425322
49 0.03737223640503798
50 0.033803747233476504
51 0.030577038048017147
52 0.027659184273583222
53 0.02502046761922651
54 0.02263405755177985
55 0.020475725553035753
56 0.018523588581830903
57 0.016757878588978984
58 0.015160735302628521
59 0.013716019822898029
60 0.012409146844703867
61 0.011226933572489458
62 0.010157463605101141
63 0.009189964257522467
0 10.41666666666666
1 8.643611064888837
2 7.245801145782244
3 6.130229058101566
4 5.229283641151578
5 4.493404605784917
6 3.8859392988983825
7 3.379525554180891
8 2.953535459361392
9 2.5922593602156625
10 2.283608409839432
11 2.0181819349438
12 1.7885926640079686
13 1.588975135308187
14 1.414624933950811
15 1.2617319061130494
16 1.1271812915923591
17 1.0084042583751527
18 0.9032646143909876
19 0.8099721991411748
20 0.7270160953175543
21 0.6531126754330427
22 0.5871648379757904
23 0.5282297496096461
24 0.4754931046708535
25 0.4282484178129905
26 0.3858802343589642
27 0.3478504139980095
28 0.3136868440360106
29 0.28297408777345884
30 0.25534558555323866
31 0.23047711051354342
32 0.20808124526796587
33 0.18790269482166005
34 0.1697142888212322
35 0.15331355551862727
36 0.13851977266771798
37 0.12517141849830962
38 0.1131239600703803
39 0.10224792756184718
40 0.09242723203631789
41 0.0835576914677378
42 0.07554573564486775
43 0.06830726533106264
44 0.06176664493898507
45 0.055855811170713573
46 0.05051348270807979
47 0.045684458223624894
48 0.041318991804253156
49 0.03737223640503794
50 0.03380374723347639
51 0.030577038048017206
52 0.027659184273583305
53 0.025020467619226567
54 0.022634057551779895
55 0.02047572555303576
56 0.0185235885818309
57 0.01675787858897903
58 0.015160735302628505
59 0.013716019822898017
60 0.012409146844703855
61 0.01122693357248946
62 0.010157463605101124
63 0.009189964257522448
0 10.41666666666666
1 8.64361106488884
2 7.2458011457822336
3 6.130229058101568
4 5.229283641151582
5 4.493404605784925
6 3.885939298898379
7 3.3795255541808857
8 2.9535354593613947
9 2.592259360215659
10 2.2836084098394327
11 2.0181819349438013
12 1.7885926640079672
13 1.5889751353081927
14 1.4146249339508101
15 1.261731906113044
16 1.12718129159236
17 1.008404258375154
18 0.9032646143909897
19 0.8099721991411767
20 0.7270160953175534
21 0.6531126754330433
22 0.587164837975791
23 0.5282297496096469
24 0.4754931046708537
25 0.42824841781299006
26 0.3858802343589648
27 0.34785041399800964
28 0.3136868440360103
29 0.2829740877734588
30 0.25534558555323833
31 0.2304771105135427
32 0.20808124526796593
33 0.1879026948216605
34 0.1697142888212324
35 0.15331355551862733
36 0.13851977266771792
37 0.12517141849830996
38 0.11312396007038024
39 0.10224792756184711
40 0.09242723203631781
41 0.0835576914677378
42 0.07554573564486783
43 0.06830726533106246
44 0.061766644938985156
45 0.05585581117071355
46 0.050513482708079864
47 0.04568445822362483
48 0.041318991804253184
49 0.03737223640503798
50 0.03380374723347641
51 0.030577038048017167
52 0.027659184273583246
53 0.025020467619226494
54 0.022634057551779826
55 0.02047572555303573
56 0.0185235885818309
57 0.01675787858897902
58 0.01516073530262854
59 0.013716019822898032
60 0.012409146844703876
61 0.011226933572489472
62 0.01015746360510115
63 0.00918996425752247
0 10.416666666666664
1 8.643611064888836
2 7.24580114578224
3 6.1302290581015715
4 5.229283641151577
5 4.493404605784916
6 3.885939298898377
7 3.379525554180892
8 2.953535459361387
9 2.5922593602156616
10 2.2836084098394354
11 2.0181819349438044
12 1.7885926640079723
13 1.5889751353081898
14 1.4146249339508126
15 1.2617319061130456
16 1.1271812915923585
17 1.0084042583751538
18 0.9032646143909885
19 0.8099721991411758
20 0.7270160953175555
21 0.6531126754330417
22 0.5871648379757897
23 0.5282297496096466
24 0.47549310467085454
25 0.42824841781299045
26 0.3858802343589645
27 0.3478504139980096
28 0.3136868440360109
29 0.28297408777345906
30 0.2553455855532386
31 0.23047711051354366
32 0.20808124526796554
33 0.18790269482166033
34 0.16971428882123266
35 0.1533135555186271
36 0.13851977266771784
37 0.12517141849830987
38 0.11312396007038039
39 0.10224792756184727
40 0.09242723203631775
41 0.08355769146773782
42 0.0755457356448677
43 0.06830726533106252
44 0.06176664493898507
45 0.05585581117071361
46 0.050513482708079704
47 0.04568445822362486
48 0.04131899180425323
49 0.03737223640503794
50 0.03380374723347643
51 0.030577038048017178
52 0.02765918427358324
53 0.025020467619226515
54 0.022634057551779895
55 0.02047572555303572
56 0.018523588581830897
57 0.016757878588979036
58 0.015160735302628535
59 0.013716019822898017
60 0.012409146844703872
61 0.011226933572489457
62 0.01015746360510114
63 0.009189964257522455
0 10.416666666666679
1 8.643611064888825
2 7.245801145782249
3 6.130229058101578
4 5.229283641151573
5 4.493404605784923
6 3.885939298898377
7 3.3795255541808933
8 2.9535354593613943
9 2.5922593602156585
10 2.2836084098394367
11 2.018181934943799
12 1.7885926640079708
13 1.588975135308188
14 1.4146249339508117
15 1.2617319061130456
16 1.1271812915923614
17 1.0084042583751558
18 0.9032646143909895
19 0.8099721991411762
20 0.7270160953175547
21 0.6531126754330414
22 0.5871648379757894
23 0.5282297496096475
24 0.47549310467085404
25 0.42824841781299
26 0.38588023435896374
27 0.3478504139980092
28 0.3136868440360102
29 0.2829740877734583
30 0.25534558555323883
31 0.23047711051354264
32 0.20808124526796581
33 0.18790269482166047
34 0.16971428882123238
35 0.15331355551862724
36 0.13851977266771812
37 0.12517141849830973
38 0.11312396007038032
39 0.10224792756184722
40 0.09242723203631797
41 0.0835576914677378
42 0.07554573564486756
43 0.06830726533106249
44 0.061766644938985045
45 0.05585581117071347
46 0.050513482708079815
47 0.04568445822362479
48 0.04131899180425329
49 0.037372236405037916
50 0.03380374723347643
51 0.03057703804801718
52 0.02765918427358327
53 0.025020467619226525
54 0.02263405755177982
55 0.020475725553035777
56 0.01852358858183085
57 0.016757878588979074
58 0.01516073530262851
59 0.013716019822898023
60 0.012409146844703857
61 0.011226933572489455
62 0.01015746360510115
63 0.009189964257522457
0 10.416666666666664
1 8.64361106488885
2 7.245801145782233
3 6.130229058101571
4 5.229283641151576
5 4.493404605784929
6 3.88593929889838
7 3.3795255541808857
8 2.953535459361388
9 2.5922593602156594
10 2.283608409839435
11 2.0181819349438026
12 1.7885926640079717
13 1.5889751353081896
14 1.41462493395081
15 1.2617319061130463
16 1.12718129159236
17 1.0084042583751525
18 0.9032646143909882
19 0.8099721991411758
20 0.7270160953175537
21 0.6531126754330422
22 0.5871648379757902
23 0.5282297496096465
24 0.4754931046708533
25 0.428248417812991
26 0.38588023435896496
27 0.34785041399800964
28 0.3136868440360105
29 0.28297408777345895
30 0.2553455855532389
31 0.23047711051354317
32 0.20808124526796593
33 0.18790269482165994
34 0.16971428882123274
35 0.1533135555186272
36 0.1385197726677179
37 0.12517141849830987
38 0.11312396007038039
39 0.10224792756184727
40 0.09242723203631775
41 0.08355769146773791
42 0.07554573564486772
43 0.06830726533106242
44 0.0617666449389851
45 0.05585581117071352
46 0.05051348270807985
47 0.0456844582236248
48 0.04131899180425328
49 0.03737223640503795
50 0.033803747233476435
51 0.030577038048017174
52 0.027659184273583208
53 0.025020467619226515
54 0.022634057551779847
55 0.02047572555303573
56 0.01852358858183089
57 0.016757878588979057
58 0.015160735302628531
59 0.013716019822898013
60 0.012409146844703883
61 0.011226933572489457
62 0.010157463605101157
63 0.009189964257522467
0 10.416666666666652
1 8.643611064888823
2 7.245801145782251
3 6.13022905810157
4 5.229283641151582
5 4.493404605784922
6 3.885939298898376
7 3.3795255541808906
8 2.953535459361387
9 2.5922593602156634
10 2.2836084098394336
11 2.018181934943803
12 1.7885926640079712
13 1.5889751353081902
14 1.4146249339508117
15 1.2617319061130443
16 1.1271812915923614
17 1.0084042583751542
18 0.9032646143909897
19 0.8099721991411759
20 0.7270160953175543
21 0.6531126754330431
22 0.5871648379757902
23 0.5282297496096459
24 0.47549310467085365
25 0.42824841781299045
26 0.385880234358965
27 0.34785041399800964
28 0.3136868440360108
29 0.28297408777345834
30 0.2553455855532381
31 0.23047711051354328
32 0.20808124526796562
33 0.18790269482166025
34 0.16971428882123255
35 0.15331355551862735
36 0.13851977266771792
37 0.12517141849830982
38 0.11312396007038034
39 0.10224792756184713
40 0.0924272320363178
41 0.08355769146773788
42 0.07554573564486779
43 0.06830726533106236
44 0.061766644938985045
45 0.05585581117071359
46 0.05051348270807999
47 0.04568445822362483
48 0.041318991804253274
49 0.037372236405037965
50 0.03380374723347643
51 0.030577038048017178
52 0.027659184273583257
53 0.025020467619226487
54 0.02263405755177981
55 0.020475725553035732
56 0.018523588581830876
57 0.016757878588979064
58 0.015160735302628493
59 0.013716019822898001
60 0.01240914684470388
61 0.011226933572489465
62 0.01015746360510114
63 0.009189964257522464
0 10.416666666666671
1 8.643611064888841
2 7.245801145782243
3 6.130229058101576
4 5.22928364115157
5 4.493404605784925
6 3.8859392988983825
7 3.379525554180893
8 2.95353545936139
9 2.5922593602156625
10 2.2836084098394314
11 2.0181819349438026
12 1.7885926640079723
13 1.5889751353081905
14 1.4146249339508086
15 1.261731906113048
16 1.127181291592359
17 1.0084042583751534
18 0.9032646143909889
19 0.8099721991411745
20 0.727016095317554
21 0.6531126754330424
22 0.5871648379757896
23 0.5282297496096456
24 0.4754931046708544
25 0.4282484178129896
26 0.38588023435896474
27 0.3478504139980091
28 0.3136868440360103
29 0.2829740877734585
30 0.25534558555323855
31 0.2304771105135428
32 0.2080812452679658
33 0.18790269482166033
34 0.16971428882123243
35 0.1533135555186271
36 0.13851977266771806
37 0.12517141849830982
38 0.11312396007038046
39 0.10224792756184707
40 0.09242723203631774
41 0.08355769146773777
42 0.0755457356448676
43 0.0683072653310624
44 0.06176664493898527
45 0.05585581117071345
46 0.05051348270807984
47 0.04568445822362474
48 0.041318991804253274
49 0.03737223640503804
50 0.03380374723347643
51 0.030577038048017147
52 0.027659184273583225
53 0.025020467619226563
54 0.022634057551779864
55 0.020475725553035694
56 0.018523588581830855
57 0.016757878588979012
58 0.015160735302628509
59 0.013716019822898023
60 0.012409146844703862
61 0.011226933572489465
62 0.010157463605101147
63 0.009189964257522472
0 10.416666666666675
1 8.643611064888827
2 7.245801145782249
3 6.130229058101581
4 5.229283641151581
5 4.493404605784926
6 3.885939298898374
7 3.3795255541808893
8 2.953535459361391
9 2.592259360215659
10 2.2836084098394354
11 2.0181819349438004
12 1.7885926640079728
13 1.5889751353081882
14 1.4146249339508092
15 1.261731906113045
16 1.1271812915923605
17 1.0084042583751542
18 0.903264614390988
19 0.8099721991411752
20 0.7270160953175537
21 0.6531126754330422
22 0.5871648379757899
23 0.5282297496096453
24 0.4754931046708539
25 0.4282484178129896
26 0.38588023435896474
27 0.3478504139980091
28 0.3136868440360111
29 0.2829740877734586
30 0.2553455855532388
31 0.2304771105135433
32 0.20808124526796543
33 0.1879026948216604
34 0.1697142888212323
35 0.1533135555186272
36 0.1385197726677182
37 0.12517141849830993
38 0.11312396007038018
39 0.1022479275618473
40 0.09242723203631778
41 0.0835576914677377
42 0.07554573564486775
43 0.0683072653310625
44 0.061766644938985156
45 0.05585581117071349
46 0.05051348270807983
47 0.04568445822362472
48 0.04131899180425322
49 0.037372236405038
50 0.03380374723347643
51 0.030577038048017213
52 0.02765918427358327
53 0.025020467619226498
54 0.02263405755177986
55 0.020475725553035732
56 0.018523588581830865
57 0.01675787858897906
58 0.015160735302628525
59 0.013716019822898001
60 0.012409146844703869
61 0.011226933572489474
62 0.010157463605101131
63 0.009189964257522436
0 10.416666666666652
1 8.643611064888825
2 7.245801145782255
3 6.130229058101573
4 5.229283641151576
5 4.493404605784926
6 3.8859392988983834
7 3.379525554180891
8 2.953535459361385
9 2.5922593602156554
10 2.283608409839433
11 2.018181934943804
12 1.7885926640079732
13 1.5889751353081878
14 1.4146249339508097
15 1.2617319061130463
16 1.1271812915923634
17 1.0084042583751525
18 0.9032646143909879
19 0.8099721991411755
20 0.7270160953175548
21 0.6531126754330416
22 0.5871648379757906
23 0.5282297496096476
24 0.47549310467085326
25 0.4282484178129911
26 0.38588023435896535
27 0.347850413998009
28 0.313686844036011
29 0.28297408777345884
30 0.2553455855532388
31 0.23047711051354328
32 0.20808124526796548
33 0.18790269482166017
34 0.16971428882123266
35 0.15331355551862713
36 0.13851977266771795
37 0.12517141849830968
38 0.11312396007038046
39 0.10224792756184725
40 0.09242723203631782
41 0.08355769146773766
42 0.07554573564486773
43 0.06830726533106246
44 0.061766644938985114
45 0.055855811170713594
46 0.05051348270807977
47 0.04568445822362478
48 0.04131899180425328
49 0.03737223640503799
50 0.03380374723347644
51 0.030577038048017185
52 0.027659184273583257
53 0.025020467619226487
54 0.022634057551779854
55 0.020475725553035732
56 0.01852358858183089
57 0.01675787858897904
58 0.015160735302628481
59 0.01371601982289801
60 0.012409146844703848
61 0.01122693357248946
62 0.010157463605101143
63 0.009189964257522451
0 10.416666666666671
1 8.643611064888853
2 7.24580114578224
3 6.130229058101566
4 5.229283641151576
5 4.493404605784926
6 3.8859392988983807
7 3.379525554180896
8 2.953535459361396
9 2.59225936021566
10 2.2836084098394305
11 2.0181819349438066
12 1.7885926640079703
13 1.5889751353081913
14 1.4146249339508095
15 1.2617319061130445
16 1.1271812915923587
17 1.0084042583751534
18 0.9032646143909894
19 0.8099721991411758
20 0.7270160953175542
21 0.6531126754330424
22 0.5871648379757891
23 0.528229749609647
24 0.4754931046708531
25 0.42824841781299056
26 0.3858802343589647
27 0.34785041399800926
28 0.31368684403600994
29 0.28297408777345845
30 0.25534558555323816
31 0.23047711051354353
32 0.208081245267966
33 0.1879026948216601
34 0.16971428882123263
35 0.15331355551862724
36 0.13851977266771812
37 0.1251714184983098
38 0.11312396007038034
39 0.10224792756184722
40 0.09242723203631782
41 0.08355769146773785
42 0.07554573564486768
43 0.0683072653310626
44 0.06176664493898514
45 0.05585581117071348
46 0.05051348270807992
47 0.045684458223624776
48 0.041318991804253205
49 0.037372236405037965
50 0.03380374723347646
51 0.030577038048017192
52 0.02765918427358324
53 0.025020467619226563
54 0.02263405755177982
55 0.020475725553035725
56 0.018523588581830855
57 0.01675787858897905
58 0.015160735302628535
59 0.013716019822898023
60 0.01240914684470388
61 0.011226933572489484
62 0.010157463605101127
63 0.009189964257522455
0 10.416666666666673
1 8.643611064888834
2 7.245801145782241
3 6.130229058101575
4 5.229283641151577
5 4.493404605784923
6 3.885939298898387
7 3.379525554180887
8 2.9535354593613885
9 2.5922593602156545
10 2.283608409839435
11 2.018181934943799
12 1.7885926640079697
13 1.5889751353081878
14 1.4146249339508086
15 1.2617319061130459
16 1.1271812915923605
17 1.0084042583751531
18 0.9032646143909893
19 0.8099721991411761
20 0.727016095317554
21 0.6531126754330427
22 0.5871648379757897
23 0.5282297496096467
24 0.4754931046708538
25 0.4282484178129905
26 0.3858802343589644
27 0.34785041399800914
28 0.3136868440360109
29 0.2829740877734586
30 0.2553455855532382
31 0.23047711051354322
32 0.20808124526796565
33 0.1879026948216604
34 0.16971428882123235
35 0.15331355551862727
36 0.13851977266771773
37 0.12517141849830982
38 0.11312396007038014
39 0.10224792756184722
40 0.09242723203631789
41 0.08355769146773798
42 0.07554573564486777
43 0.06830726533106236
44 0.061766644938985184
45 0.055855811170713525
46 0.050513482708079885
47 0.0456844582236248
48 0.04131899180425323
49 0.037372236405038034
50 0.033803747233476386
51 0.030577038048017167
52 0.027659184273583295
53 0.025020467619226525
54 0.022634057551779854
55 0.020475725553035725
56 0.018523588581830876
57 0.016757878588979053
58 0.015160735302628505
59 0.01371601982289802
60 0.012409146844703855
61 0.011226933572489443
62 0.01015746360510114
63 0.00918996425752246
0 10.416666666666666
1 8.643611064888816
2 7.2458011457822495
3 6.130229058101588
4 5.229283641151573
5 4.493404605784925
6 3.885939298898376
7 3.379525554180894
8 2.9535354593613943
9 2.5922593602156603
10 2.283608409839435
11 2.0181819349438053
12 1.7885926640079717
13 1.5889751353081896
14 1.4146249339508086
15 1.2617319061130463
16 1.1271812915923605
17 1.008404258375153
18 0.9032646143909903
19 0.8099721991411747
20 0.7270160953175547
21 0.6531126754330432
22 0.5871648379757899
23 0.5282297496096462
24 0.47549310467085415
25 0.4282484178129902
26 0.385880234358965
27 0.34785041399800926
28 0.3136868440360107
29 0.2829740877734583
30 0.2553455855532384
31 0.23047711051354292
32 0.20808124526796573
33 0.18790269482166033
34 0.16971428882123216
35 0.1533135555186275
36 0.13851977266771795
37 0.12517141849830987
38 0.11312396007038011
39 0.10224792756184733
40 0.09242723203631786
41 0.08355769146773774
42 0.07554573564486772
43 0.06830726533106256
44 0.06176664493898513
45 0.055855811170713594
46 0.050513482708079836
47 0.04568445822362482
48 0.04131899180425325
49 0.03737223640503797
50 0.03380374723347636
51 0.030577038048017167
52 0.027659184273583184
53 0.02502046761922653
54 0.0226340575517798
55 0.02047572555303575
56 0.018523588581830897
57 0.016757878588979012
58 0.01516073530262851
59 0.013716019822898017
60 0.01240914684470389
61 0.011226933572489469
62 0.010157463605101138
63 0.009189964257522476
0 10.416666666666675
1 8.643611064888834
2 7.245801145782255
3 6.130229058101576
4 5.229283641151571
5 4.493404605784921
6 3.885939298898387
7 3.3795255541808933
8 2.953535459361396
9 2.5922593602156634
10 2.283608409839433
11 2.018181934943801
12 1.7885926640079688
13 1.5889751353081878
14 1.414624933950811
15 1.2617319061130434
16 1.1271812915923596
17 1.008404258375154
18 0.9032646143909899
19 0.8099721991411746
20 0.7270160953175543
21 0.653112675433041
22 0.5871648379757891
23 0.5282297496096469
24 0.47549310467085343
25 0.4282484178129913
26 0.385880234358965
27 0.3478504139980095
28 0.31368684403601116
29 0.28297408777345884
30 0.25534558555323816
31 0.23047711051354347
32 0.20808124526796581
33 0.18790269482166047
34 0.16971428882123232
35 0.15331355551862716
36 0.13851977266771803
37 0.12517141849830993
38 0.11312396007038054
39 0.10224792756184745
40 0.09242723203631782
41 0.08355769146773785
42 0.0755457356448678
43 0.06830726533106252
44 0.061766644938985024
45 0.055855811170713594
46 0.05051348270807994
47 0.04568445822362483
48 0.04131899180425322
49 0.03737223640503798
50 0.033803747233476414
51 0.03057703804801717
52 0.027659184273583246
53 0.025020467619226505
54 0.02263405755177986
55 0.02047572555303572
56 0.018523588581830886
57 0.016757878588979043
58 0.015160735302628514
59 0.013716019822898027
60 0.01240914684470387
61 0.011226933572489464
62 0.01015746360510113
63 0.009189964257522455
0 10.416666666666679
1 8.643611064888821
2 7.245801145782251
3 6.130229058101575
4 5.229283641151567
5 4.493404605784917
6 3.8859392988983794
7 3.379525554180884
8 2.9535354593613947
9 2.5922593602156634
10 2.283608409839435
11 2.0181819349438
12 1.7885926640079717
13 1.5889751353081882
14 1.4146249339508117
15 1.261731906113046
16 1.12718129159236
17 1.0084042583751565
18 0.9032646143909899
19 0.8099721991411754
20 0.7270160953175544
21 0.6531126754330417
22 0.5871648379757908
23 0.5282297496096463
24 0.4754931046708537
25 0.428248417812991
26 0.38588023435896457
27 0.3478504139980097
28 0.31368684403601127
29 0.2829740877734587
30 0.25534558555323866
31 0.23047711051354294
32 0.20808124526796581
33 0.18790269482166017
34 0.1697142888212326
35 0.1533135555186273
36 0.13851977266771812
37 0.1251714184983096
38 0.11312396007038034
39 0.10224792756184711
40 0.0924272320363179
41 0.08355769146773782
42 0.07554573564486762
43 0.0683072653310624
44 0.06176664493898503
45 0.055855811170713573
46 0.0505134827080799
47 0.04568445822362473
48 0.04131899180425331
49 0.03737223640503793
50 0.03380374723347639
51 0.030577038048017206
52 0.02765918427358324
53 0.025020467619226508
54 0.022634057551779864
55 0.020475725553035725
56 0.01852358858183089
57 0.01675787858897904
58 0.015160735302628509
59 0.013716019822898029
60 0.012409146844703851
61 0.01122693357248946
62 0.010157463605101133
63 0.009189964257522453
0 10.416666666666668
1 8.643611064888827
2 7.245801145782265
3 6.130229058101578
4 5.22928364115158
5 4.493404605784924
6 3.885939298898388
7 3.3795255541808866
8 2.9535354593613916
9 2.592259360215659
10 2.2836084098394314
11 2.0181819349438013
12 1.7885926640079732
13 1.5889751353081887
14 1.414624933950812
15 1.2617319061130474
16 1.1271812915923611
17 1.0084042583751538
18 0.9032646143909883
19 0.8099721991411767
20 0.7270160953175544
21 0.6531126754330434
22 0.5871648379757904
23 0.5282297496096464
24 0.4754931046708538
25 0.4282484178129908
26 0.385880234358965
27 0.34785041399800914
28 0.3136868440360107
29 0.28297408777345867
30 0.2553455855532384
31 0.23047711051354292
32 0.20808124526796587
33 0.18790269482165978
34 0.16971428882123243
35 0.15331355551862755
36 0.13851977266771814
37 0.12517141849830973
38 0.11312396007038018
39 0.10224792756184736
40 0.09242723203631789
41 0.08355769146773769
42 0.0755457356448677
43 0.06830726533106248
44 0.06176664493898521
45 0.05585581117071351
46 0.050513482708079885
47 0.04568445822362484
48 0.04131899180425326
49 0.037372236405038006
50 0.033803747233476455
51 0.030577038048017143
52 0.027659184273583246
53 0.02502046761922651
54 0.022634057551779864
55 0.020475725553035704
56 0.018523588581830862
57 0.01675787858897906
58 0.015160735302628497
59 0.013716019822898013
60 0.012409146844703869
61 0.011226933572489464
62 0.010157463605101145
63 0.009189964257522467
0 10.416666666666675
1 8.64361106488883
2 7.245801145782241
3 6.13022905810157
4 5.229283641151569
5 4.493404605784923
6 3.8859392988983834
7 3.379525554180892
8 2.9535354593613956
9 2.5922593602156576
10 2.283608409839434
11 2.018181934943799
12 1.788592664007972
13 1.5889751353081896
14 1.41462493395081
15 1.2617319061130448
16 1.1271812915923602
17 1.008404258375154
18 0.9032646143909885
19 0.8099721991411759
20 0.7270160953175543
21 0.6531126754330419
22 0.5871648379757899
23 0.5282297496096457
24 0.47549310467085376
25 0.4282484178129908
26 0.38588023435896457
27 0.3478504139980092
28 0.31368684403601027
29 0.2829740877734586
30 0.2553455855532383
31 0.23047711051354303
32 0.20808124526796568
33 0.1879026948216604
34 0.1697142888212324
35 0.1533135555186274
36 0.13851977266771798
37 0.1251714184983097
38 0.1131239600703803
39 0.1022479275618471
40 0.09242723203631793
41 0.08355769146773777
42 0.07554573564486777
43 0.06830726533106259
44 0.0617666449389851
45 0.05585581117071347
46 0.05051348270807981
47 0.04568445822362483
48 0.04131899180425318
49 0.03737223640503793
50 0.0338037472334764
51 0.03057703804801713
52 0.02765918427358324
53 0.025020467619226553
54 0.022634057551779847
55 0.020475725553035708
56 0.018523588581830886
57 0.01675787858897905
58 0.0151607353026285
59 0.013716019822898023
60 0.012409146844703869
61 0.011226933572489469
62 0.010157463605101152
63 0.009189964257522448
0 10.416666666666659
1 8.64361106488884
2 7.245801145782259
3 6.130229058101579
4 5.2292836411515635
5 4.493404605784922
6 3.8859392988983754
7 3.379525554180889
8 2.9535354593613885
9 2.592259360215664
10 2.283608409839434
11 2.0181819349438017
12 1.788592664007972
13 1.5889751353081916
14 1.4146249339508126
15 1.261731906113046
16 1.12718129159236
17 1.0084042583751534
18 0.9032646143909892
19 0.8099721991411759
20 0.7270160953175534
21 0.6531126754330413
22 0.58716483797579
23 0.528229749609646
24 0.4754931046708537
25 0.4282484178129908
26 0.385880234358965
27 0.34785041399800926
28 0.3136868440360103
29 0.2829740877734593
30 0.2553455855532381
31 0.23047711051354353
32 0.20808124526796581
33 0.18790269482166047
34 0.1697142888212327
35 0.1533135555186274
36 0.1385197726677182
37 0.1251714184983097
38 0.11312396007038031
39 0.10224792756184714
40 0.09242723203631772
41 0.0835576914677376
42 0.07554573564486775
43 0.06830726533106252
44 0.061766644938985
45 0.05585581117071352
46 0.050513482708079954
47 0.04568445822362479
48 0.04131899180425325
49 0.03737223640503794
50 0.03380374723347641
51 0.03057703804801718
52 0.027659184273583225
53 0.02502046761922647
54 0.02263405755177987
55 0.020475725553035732
56 0.018523588581830893
57 0.016757878588979053
58 0.015160735302628518
59 0.013716019822898013
60 0.012409146844703844
61 0.011226933572489462
62 0.010157463605101157
63 0.009189964257522451
0 10.416666666666654
1 8.643611064888827
2 7.245801145782253
3 6.130229058101569
4 5.229283641151582
5 4.493404605784916
6 3.8859392988983763
7 3.379525554180888
8 2.9535354593613876
9 2.5922593602156585
10 2.283608409839432
11 2.018181934943801
12 1.7885926640079695
13 1.5889751353081867
14 1.4146249339508106
15 1.2617319061130445
16 1.1271812915923614
17 1.008404258375153
18 0.9032646143909895
19 0.8099721991411754
20 0.7270160953175544
21 0.6531126754330424
22 0.5871648379757908
23 0.5282297496096469
24 0.47549310467085315
25 0.42824841781299006
26 0.3858802343589653
27 0.3478504139980092
28 0.31368684403601116
29 0.28297408777345895
30 0.2553455855532387
31 0.23047711051354286
32 0.20808124526796573
33 0.18790269482166014
34 0.1697142888212329
35 0.1533135555186276
36 0.13851977266771834
37 0.12517141849830973
38 0.11312396007038034
39 0.1022479275618474
40 0.09242723203631772
41 0.08355769146773774
42 0.0755457356448678
43 0.06830726533106239
44 0.06176664493898513
45 0.055855811170713594
46 0.05051348270807985
47 0.04568445822362478
48 0.041318991804253226
49 0.03737223640503798
50 0.033803747233476414
51 0.0305770380480172
52 0.027659184273583257
53 0.02502046761922652
54 0.02263405755177983
55 0.020475725553035715
56 0.01852358858183085
57 0.01675787858897908
58 0.01516073530262849
59 0.013716019822898018
60 0.012409146844703876
61 0.011226933572489486
62 0.010157463605101152
63 0.009189964257522455
0 10.416666666666682
1 8.643611064888832
2 7.245801145782235
3 6.1302290581015715
4 5.229283641151578
5 4.493404605784916
6 3.885939298898374
7 3.379525554180891
8 2.9535354593613894
9 2.592259360215665
10 2.2836084098394345
11 2.018181934943805
12 1.7885926640079723
13 1.588975135308191
14 1.4146249339508101
15 1.2617319061130448
16 1.1271812915923622
17 1.0084042583751551
18 0.9032646143909899
19 0.8099721991411749
20 0.7270160953175551
21 0.6531126754330424
22 0.5871648379757898
23 0.5282297496096469
24 0.47549310467085404
25 0.42824841781298995
26 0.38588023435896535
27 0.3478504139980091
28 0.313686844036011
29 0.282974087773459
30 0.2553455855532382
31 0.23047711051354317
32 0.2080812452679658
33 0.1879026948216605
34 0.1697142888212327
35 0.15331355551862733
36 0.13851977266771803
37 0.12517141849830993
38 0.11312396007038036
39 0.10224792756184727
40 0.0924272320363178
41 0.08355769146773788
42 0.07554573564486765
43 0.06830726533106246
44 0.06176664493898514
45 0.055855811170713573
46 0.05051348270807976
47 0.04568445822362479
48 0.04131899180425326
49 0.03737223640503795
50 0.03380374723347642
51 0.030577038048017233
52 0.027659184273583246
53 0.025020467619226525
54 0.02263405755177982
55 0.02047572555303575
56 0.01852358858183085
57 0.01675787858897906
58 0.015160735302628509
59 0.013716019822898013
60 0.012409146844703855
61 0.011226933572489477
62 0.01015746360510115
63 0.009189964257522453
0 10.41666666666666
1 8.643611064888832
2 7.245801145782251
3 6.130229058101579
4 5.2292836411515795
5 4.4934046057849235
6 3.8859392988983754
7 3.379525554180886
8 2.95353545936139
9 2.592259360215664
10 2.283608409839433
11 2.0181819349438026
12 1.7885926640079701
13 1.588975135308191
14 1.414624933950809
15 1.2617319061130474
16 1.1271812915923596
17 1.0084042583751531
18 0.9032646143909899
19 0.8099721991411749
20 0.7270160953175547
21 0.6531126754330441
22 0.5871648379757904
23 0.5282297496096465
24 0.47549310467085437
25 0.4282484178129903
26 0.385880234358965
27 0.3478504139980094
28 0.31368684403601066
29 0.28297408777345884
30 0.25534558555323833
31 0.23047711051354294
32 0.20808124526796573
33 0.18790269482166047
34 0.16971428882123238
35 0.1533135555186274
36 0.13851977266771803
37 0.1251714184983097
38 0.11312396007038017
39 0.10224792756184727
40 0.09242723203631786
41 0.08355769146773785
42 0.07554573564486763
43 0.06830726533106246
44 0.06176664493898504
45 0.05585581117071359
46 0.050513482708079864
47 0.045684458223624796
48 0.041318991804253184
49 0.03737223640503804
50 0.0338037472334764
51 0.03057703804801717
52 0.027659184273583205
53 0.025020467619226484
54 0.022634057551779843
55 0.020475725553035735
56 0.0185235885818309
57 0.016757878588979064
58 0.015160735302628504
59 0.013716019822898015
60 0.01240914684470385
61 0.011226933572489474
62 0.010157463605101136
63 0.00918996425752245
0 10.416666666666664
1 8.643611064888834
2 7.245801145782247
3 6.130229058101576
4 5.229283641151566
5 4.4934046057849155
6 3.8859392988983825
7 3.3795255541808933
8 2.953535459361393
9 2.592259360215663
10 2.283608409839437
11 2.018181934943804
12 1.7885926640079723
13 1.5889751353081916
14 1.414624933950812
15 1.2617319061130463
16 1.12718129159236
17 1.0084042583751545
18 0.9032646143909897
19 0.8099721991411754
20 0.7270160953175542
21 0.6531126754330429
22 0.5871648379757908
23 0.5282297496096473
24 0.4754931046708535
25 0.42824841781299033
26 0.38588023435896457
27 0.3478504139980094
28 0.3136868440360103
29 0.28297408777345895
30 0.2553455855532383
31 0.23047711051354305
32 0.20808124526796554
33 0.18790269482166072
34 0.16971428882123238
35 0.1533135555186273
36 0.138519772667718
37 0.12517141849830973
38 0.11312396007038039
39 0.10224792756184738
40 0.09242723203631781
41 0.08355769146773788
42 0.07554573564486772
43 0.0683072653310625
44 0.061766644938985094
45 0.05585581117071366
46 0.0505134827080799
47 0.04568445822362478
48 0.0413189918042533
49 0.03737223640503799
50 0.03380374723347642
51 0.030577038048017147
52 0.027659184273583264
53 0.02502046761922652
54 0.0226340575517798
55 0.02047572555303576
56 0.01852358858183092
57 0.01675787858897905
58 0.015160735302628528
59 0.013716019822898027
60 0.01240914684470388
61 0.011226933572489477
62 0.010157463605101136
63 0.009189964257522464
0 10.416666666666657
1 8.643611064888834
2 7.245801145782237
3 6.130229058101579
4 5.229283641151573
5 4.493404605784925
6 3.8859392988983785
7 3.3795255541808893
8 2.9535354593613934
9 2.5922593602156647
10 2.2836084098394362
11 2.018181934943801
12 1.7885926640079723
13 1.5889751353081876
14 1.4146249339508112
15 1.2617319061130448
16 1.1271812915923585
17 1.008404258375153
18 0.9032646143909907
19 0.8099721991411754
20 0.7270160953175534
21 0.6531126754330424
22 0.5871648379757896
23 0.528229749609646
24 0.47549310467085415
25 0.42824841781299045
26 0.3858802343589651
27 0.3478504139980091
28 0.31368684403601005
29 0.28297408777345867
30 0.25534558555323805
31 0.23047711051354353
32 0.20808124526796568
33 0.1879026948216608
34 0.16971428882123243
35 0.15331355551862735
36 0.13851977266771795
37 0.12517141849830954
38 0.11312396007038052
39 0.10224792756184718
40 0.09242723203631782
41 0.0835576914677378
42 0.07554573564486773
43 0.06830726533106248
44 0.061766644938985114
45 0.055855811170713456
46 0.05051348270807982
47 0.04568445822362474
48 0.0413189918042532
49 0.03737223640503794
50 0.03380374723347635
51 0.030577038048017164
52 0.02765918427358321
53 0.025020467619226515
54 0.022634057551779833
55 0.020475725553035746
56 0.018523588581830886
57 0.01675787858897904
58 0.015160735302628544
59 0.013716019822898001
60 0.012409146844703886
61 0.011226933572489469
62 0.010157463605101153
63 0.009189964257522469
0 10.416666666666655
1 8.643611064888832
2 7.245801145782232
3 6.130229058101581
4 5.2292836411515715
5 4.493404605784921
6 3.8859392988983763
7 3.3795255541808857
8 2.9535354593613947
9 2.592259360215664
10 2.2836084098394367
11 2.018181934943801
12 1.7885926640079708
13 1.588975135308191
14 1.4146249339508101
15 1.2617319061130468
16 1.127181291592359
17 1.0084042583751522
18 0.9032646143909889
19 0.8099721991411758
20 0.7270160953175544
21 0.6531126754330422
22 0.5871648379757911
23 0.5282297496096463
24 0.4754931046708536
25 0.4282484178129899
26 0.3858802343589646
27 0.3478504139980095
28 0.31368684403601066
29 0.2829740877734585
30 0.2553455855532387
31 0.23047711051354347
32 0.20808124526796593
33 0.18790269482166022
34 0.16971428882123255
35 0.1533135555186274
36 0.13851977266771798
37 0.1251714184983099
38 0.11312396007038027
39 0.102247927561847
40 0.09242723203631774
41 0.08355769146773773
42 0.07554573564486765
43 0.06830726533106249
44 0.061766644938985114
45 0.05585581117071359
46 0.05051348270807985
47 0.04568445822362482
48 0.041318991804253254
49 0.03737223640503794
50 0.033803747233476414
51 0.030577038048017192
52 0.027659184273583257
53 0.02502046761922653
54 0.02263405755177989
55 0.020475725553035735
56 0.01852358858183088
57 0.016757878588979046
58 0.015160735302628531
59 0.013716019822898048
60 0.012409146844703872
61 0.011226933572489453
62 0.010157463605101131
63 0.009189964257522443
0 10.416666666666668
1 8.643611064888828
2 7.245801145782244
3 6.13022905810158
4 5.22928364115158
5 4.493404605784925
6 3.885939298898377
7 3.3795255541808906
8 2.953535459361392
9 2.59225936021566
10 2.2836084098394367
11 2.0181819349438
12 1.7885926640079708
13 1.5889751353081876
14 1.414624933950812
15 1.2617319061130468
16 1.1271812915923596
17 1.008404258375153
18 0.9032646143909897
19 0.8099721991411751
20 0.7270160953175544
21 0.6531126754330413
22 0.5871648379757891
23 0.5282297496096476
24 0.47549310467085415
25 0.4282484178129902
26 0.38588023435896496
27 0.3478504139980098
28 0.3136868440360112
29 0.28297408777345917
30 0.2553455855532387
31 0.23047711051354317
32 0.2080812452679656
33 0.18790269482166055
34 0.1697142888212326
35 0.15331355551862735
36 0.13851977266771823
37 0.12517141849830998
38 0.11312396007038028
39 0.10224792756184721
40 0.09242723203631763
41 0.08355769146773763
42 0.07554573564486773
43 0.06830726533106253
44 0.061766644938985156
45 0.05585581117071359
46 0.05051348270807972
47 0.04568445822362486
48 0.0413189918042533
49 0.03737223640503793
50 0.03380374723347644
51 0.03057703804801718
52 0.02765918427358323
53 0.02502046761922653
54 0.022634057551779847
55 0.020475725553035715
56 0.018523588581830844
57 0.01675787858897903
58 0.015160735302628518
59 0.01371601982289802
60 0.012409146844703867
61 0.011226933572489477
62 0.010157463605101147
63 0.009189964257522446
0 10.416666666666664
1 8.64361106488884
2 7.245801145782247
3 6.130229058101566
4 5.229283641151577
5 4.493404605784917
6 3.8859392988983834
7 3.379525554180887
8 2.953535459361391
9 2.592259360215659
10 2.2836084098394314
11 2.0181819349438
12 1.7885926640079706
13 1.5889751353081898
14 1.4146249339508117
15 1.2617319061130456
16 1.1271812915923602
17 1.0084042583751547
18 0.9032646143909876
19 0.8099721991411768
20 0.7270160953175537
21 0.6531126754330429
22 0.5871648379757892
23 0.5282297496096459
24 0.4754931046708536
25 0.42824841781299
26 0.3858802343589655
27 0.3478504139980093
28 0.31368684403601094
29 0.2829740877734587
30 0.2553455855532385
31 0.23047711051354328
32 0.20808124526796587
33 0.18790269482166067
34 0.1697142888212326
35 0.15331355551862727
36 0.138519772667718
37 0.12517141849830973
38 0.11312396007038042
39 0.10224792756184722
40 0.09242723203631786
41 0.08355769146773777
42 0.07554573564486763
43 0.06830726533106246
44 0.06176664493898517
45 0.05585581117071362
46 0.0505134827080798
47 0.04568445822362485
48 0.04131899180425322
49 0.03737223640503795
50 0.033803747233476435
51 0.030577038048017157
52 0.027659184273583232
53 0.025020467619226553
54 0.02263405755177985
55 0.020475725553035767
56 0.018523588581830893
57 0.016757878588979064
58 0.015160735302628502
59 0.013716019822898029
60 0.012409146844703864
61 0.01122693357248948
62 0.010157463605101127
63 0.009189964257522464
0 10.416666666666666
1 8.643611064888825
2 7.245801145782241
3 6.130229058101572
4 5.229283641151584
5 4.493404605784931
6 3.8859392988983785
7 3.3795255541808933
8 2.953535459361386
9 2.5922593602156603
10 2.2836084098394354
11 2.0181819349438004
12 1.788592664007972
13 1.5889751353081905
14 1.41462493395081
15 1.2617319061130445
16 1.12718129159236
17 1.0084042583751538
18 0.9032646143909897
19 0.8099721991411758
20 0.727016095317554
21 0.6531126754330441
22 0.58716483797579
23 0.5282297496096457
24 0.4754931046708535
25 0.428248417812991
26 0.385880234358965
27 0.3478504139980093
28 0.3136868440360105
29 0.28297408777345917
30 0.25534558555323866
31 0.23047711051354322
32 0.20808124526796568
33 0.18790269482166072
34 0.1697142888212326
35 0.1533135555186274
36 0.138519772667718
37 0.12517141849830984
38 0.11312396007038031
39 0.10224792756184722
40 0.09242723203631782
41 0.08355769146773773
42 0.0755457356448677
43 0.06830726533106259
44 0.061766644938985094
45 0.05585581117071356
46 0.05051348270807979
47 0.04568445822362487
48 0.041318991804253205
49 0.03737223640503799
50 0.03380374723347645
51 0.030577038048017206
52 0.027659184273583246
53 0.025020467619226536
54 0.022634057551779826
55 0.02047572555303576
56 0.018523588581830897
57 0.01675787858897902
58 0.01516073530262854
59 0.013716019822898029
60 0.012409146844703877
61 0.011226933572489484
62 0.010157463605101134
63 0.009189964257522446
0 10.416666666666666
1 8.643611064888823
2 7.245801145782257
3 6.130229058101566
4 5.229283641151569
5 4.49340460578492
6 3.8859392988983834
7 3.3795255541808906
8 2.9535354593613934
9 2.592259360215664
10 2.283608409839433
11 2.0181819349437995
12 1.7885926640079717
13 1.5889751353081902
14 1.414624933950812
15 1.2617319061130454
16 1.1271812915923585
17 1.0084042583751525
18 0.9032646143909883
19 0.8099721991411746
20 0.7270160953175543
21 0.6531126754330414
22 0.5871648379757896
23 0.5282297496096457
24 0.47549310467085404
25 0.4282484178129911
26 0.38588023435896446
27 0.3478504139980093
28 0.3136868440360103
29 0.28297408777345867
30 0.2553455855532382
31 0.23047711051354336
32 0.2080812452679661
33 0.18790269482166042
34 0.1697142888212326
35 0.1533135555186273
36 0.13851977266771787
37 0.1251714184983098
38 0.1131239600703803
39 0.1022479275618472
40 0.09242723203631795
41 0.0835576914677378
42 0.07554573564486773
43 0.06830726533106254
44 0.061766644938985045
45 0.05585581117071347
46 0.0505134827080799
47 0.04568445822362481
48 0.04131899180425318
49 0.037372236405037916
50 0.03380374723347649
51 0.030577038048017213
52 0.027659184273583187
53 0.025020467619226477
54 0.0226340575517799
55 0.020475725553035763
56 0.018523588581830876
57 0.016757878588979067
58 0.015160735302628521
59 0.013716019822898048
60 0.012409146844703886
61 0.011226933572489462
62 0.010157463605101152
63 0.009189964257522453
0 10.416666666666687
1 8.643611064888836
2 7.245801145782253
3 6.130229058101573
4 5.2292836411515795
5 4.493404605784929
6 3.8859392988983785
7 3.379525554180887
8 2.953535459361392
9 2.592259360215661
10 2.2836084098394345
11 2.0181819349438026
12 1.7885926640079712
13 1.5889751353081887
14 1.4146249339508088
15 1.2617319061130474
16 1.127181291592359
17 1.008404258375152
18 0.9032646143909903
19 0.809972199141175
20 0.7270160953175544
21 0.6531126754330434
22 0.5871648379757898
23 0.5282297496096473
24 0.4754931046708539
25 0.4282484178129906
26 0.38588023435896496
27 0.3478504139980089
28 0.31368684403601066
29 0.28297408777345884
30 0.2553455855532385
31 0.23047711051354286
32 0.20808124526796537
33 0.18790269482166047
34 0.1697142888212326
35 0.15331355551862755
36 0.138519772667718
37 0.1251714184983097
38 0.11312396007038017
39 0.1022479275618474
40 0.09242723203631782
41 0.08355769146773777
42 0.07554573564486794
43 0.06830726533106243
44 0.06176664493898504
45 0.05585581117071366
46 0.05051348270807985
47 0.04568445822362482
48 0.041318991804253205
49 0.03737223640503802
50 0.03380374723347643
51 0.0305770380480172
52 0.027659184273583222
53 0.02502046761922652
54 0.022634057551779854
55 0.02047572555303574
56 0.018523588581830872
57 0.016757878588979036
58 0.015160735302628502
59 0.013716019822898029
60 0.012409146844703877
61 0.011226933572489483
62 0.010157463605101157
63 0.009189964257522469
0 10.41666666666668
1 8.643611064888812
2 7.245801145782247
3 6.130229058101571
4 5.229283641151578
5 4.493404605784925
6 3.8859392988983776
7 3.3795255541808893
8 2.9535354593613974
9 2.5922593602156603
10 2.2836084098394367
11 2.018181934943804
12 1.7885926640079681
13 1.5889751353081898
14 1.4146249339508103
15 1.261731906113043
16 1.1271812915923574
17 1.0084042583751525
18 0.9032646143909885
19 0.8099721991411768
20 0.7270160953175542
21 0.6531126754330424
22 0.5871648379757903
23 0.528229749609646
24 0.4754931046708535
25 0.42824841781299006
26 0.3858802343589648
27 0.3478504139980093
28 0.3136868440360105
29 0.2829740877734593
30 0.25534558555323855
31 0.2304771105135427
32 0.2080812452679658
33 0.1879026948216604
34 0.16971428882123246
35 0.15331355551862733
36 0.1385197726677179
37 0.12517141849830957
38 0.11312396007038039
39 0.10224792756184706
40 0.09242723203631775
41 0.08355769146773775
42 0.0755457356448677
43 0.06830726533106238
44 0.0617666449389851
45 0.055855811170713594
46 0.050513482708079815
47 0.04568445822362482
48 0.04131899180425325
49 0.03737223640503797
50 0.033803747233476455
51 0.0305770380480172
52 0.02765918427358321
53 0.025020467619226498
54 0.022634057551779885
55 0.020475725553035725
56 0.018523588581830855
57 0.01675787858897908
58 0.015160735302628505
59 0.013716019822897996
60 0.012409146844703872
61 0.011226933572489458
62 0.010157463605101141
63 0.009189964257522467
0 10.416666666666682
1 8.643611064888832
2 7.245801145782233
3 6.130229058101576
4 5.229283641151571
5 4.493404605784928
6 3.8859392988983776
7 3.3795255541808853
8 2.9535354593613956
9 2.5922593602156634
10 2.283608409839435
11 2.0181819349438013
12 1.7885926640079688
13 1.5889751353081916
14 1.414624933950809
15 1.261731906113046
16 1.1271812915923607
17 1.008404258375154
18 0.9032646143909889
19 0.8099721991411759
20 0.7270160953175534
21 0.6531126754330426
22 0.5871648379757892
23 0.5282297496096464
24 0.4754931046708539
25 0.4282484178129902
26 0.3858802343589648
27 0.3478504139980094
28 0.31368684403601055
29 0.28297408777345884
30 0.2553455855532382
31 0.23047711051354297
32 0.20808124526796568
33 0.18790269482166072
34 0.16971428882123252
35 0.1533135555186274
36 0.13851977266771814
37 0.12517141849830993
38 0.11312396007038043
39 0.10224792756184725
40 0.09242723203631785
41 0.08355769146773775
42 0.07554573564486766
43 0.06830726533106253
44 0.0617666449389851
45 0.05585581117071353
46 0.05051348270807985
47 0.0456844582236248
48 0.04131899180425323
49 0.037372236405038
50 0.03380374723347644
51 0.030577038048017206
52 0.027659184273583264
53 0.025020467619226525
54 0.022634057551779843
55 0.020475725553035735
56 0.018523588581830897
57 0.016757878588979057
58 0.01516073530262849
59 0.013716019822898004
60 0.012409146844703883
61 0.011226933572489484
62 0.01015746360510116
63 0.00918996425752247
0 10.416666666666647
1 8.643611064888821
2 7.245801145782245
3 6.13022905810158
4 5.229283641151582
5 4.493404605784924
6 3.8859392988983843
7 3.3795255541808884
8 2.953535459361385
9 2.5922593602156576
10 2.283608409839433
11 2.018181934943801
12 1.7885926640079732
13 1.588975135308189
14 1.4146249339508117
15 1.2617319061130456
16 1.1271812915923611
17 1.008404258375154
18 0.9032646143909889
19 0.8099721991411758
20 0.7270160953175531
21 0.6531126754330426
22 0.5871648379757906
23 0.5282297496096465
24 0.4754931046708538
25 0.4282484178129904
26 0.3858802343589653
27 0.3478504139980094
28 0.3136868440360106
29 0.28297408777345895
30 0.25534558555323816
31 0.23047711051354297
32 0.20808124526796565
33 0.18790269482166014
34 0.1697142888212325
35 0.15331355551862724
36 0.13851977266771803
37 0.12517141849830984
38 0.11312396007038021
39 0.1022479275618473
40 0.09242723203631763
41 0.08355769146773769
42 0.07554573564486756
43 0.06830726533106243
44 0.0617666449389852
45 0.055855811170713594
46 0.050513482708079774
47 0.04568445822362484
48 0.04131899180425325
49 0.03737223640503787
50 0.033803747233476365
51 0.03057703804801716
52 0.0276591842735832
53 0.025020467619226536
54 0.02263405755177982
55 0.02047572555303574
56 0.018523588581830897
57 0.01675787858897905
58 0.01516073530262848
59 0.01371601982289804
60 0.012409146844703883
61 0.011226933572489451
62 0.01015746360510113
63 0.009189964257522453
0 10.416666666666673
1 8.643611064888843
2 7.245801145782255
3 6.130229058101579
4 5.229283641151574
5 4.493404605784924
6 3.8859392988983843
7 3.3795255541808897
8 2.9535354593613934
9 2.592259360215661
10 2.2836084098394296
11 2.0181819349438004
12 1.7885926640079728
13 1.5889751353081913
14 1.4146249339508121
15 1.2617319061130472
16 1.1271812915923578
17 1.0084042583751556
18 0.903264614390989
19 0.8099721991411752
20 0.7270160953175536
21 0.6531126754330411
22 0.5871648379757911
23 0.528229749609646
24 0.4754931046708528
25 0.4282484178129907
26 0.385880234358965
27 0.3478504139980087
28 0.31368684403601027
29 0.2829740877734583
30 0.25534558555323844
31 0.23047711051354328
32 0.20808124526796573
33 0.18790269482166025
34 0.16971428882123266
35 0.1533135555186274
36 0.13851977266771792
37 0.12517141849830968
38 0.11312396007038035
39 0.10224792756184722
40 0.09242723203631782
41 0.08355769146773785
42 0.07554573564486766
43 0.06830726533106246
44 0.0617666449389852
45 0.05585581117071359
46 0.05051348270807979
47 0.045684458223624796
48 0.041318991804253254
49 0.037372236405037944
50 0.03380374723347645
51 0.030577038048017206
52 0.027659184273583257
53 0.02502046761922651
54 0.022634057551779885
55 0.020475725553035767
56 0.018523588581830865
57 0.01675787858897905
58 0.015160735302628525
59 0.013716019822898018
60 0.012409146844703876
61 0.011226933572489469
62 0.010157463605101145
63 0.009189964257522446
0 10.416666666666648
1 8.643611064888834
2 7.245801145782242
3 6.130229058101571
4 5.229283641151578
5 4.49340460578492
6 3.8859392988983834
7 3.379525554180886
8 2.9535354593613894
9 2.5922593602156603
10 2.2836084098394354
11 2.018181934943802
12 1.7885926640079706
13 1.5889751353081902
14 1.4146249339508083
15 1.261731906113047
16 1.1271812915923591
17 1.0084042583751542
18 0.903264614390988
19 0.809972199141175
20 0.7270160953175538
21 0.6531126754330436
22 0.5871648379757903
23 0.5282297496096466
24 0.4754931046708536
25 0.428248417812991
26 0.3858802343589653
27 0.34785041399800903
28 0.31368684403601066
29 0.28297408777345856
30 0.2553455855532386
31 0.23047711051354322
32 0.20808124526796568
33 0.18790269482166042
34 0.1697142888212326
35 0.15331355551862713
36 0.13851977266771803
37 0.12517141849830984
38 0.1131239600703803
39 0.10224792756184696
40 0.09242723203631777
41 0.08355769146773777
42 0.07554573564486762
43 0.06830726533106243
44 0.06176664493898524
45 0.05585581117071353
46 0.050513482708079906
47 0.04568445822362481
48 0.041318991804253226
49 0.03737223640503794
50 0.033803747233476414
51 0.0305770380480172
52 0.027659184273583246
53 0.025020467619226525
54 0.022634057551779836
55 0.02047572555303574
56 0.018523588581830844
57 0.016757878588979015
58 0.015160735302628509
59 0.01371601982289802
60 0.012409146844703865
61 0.011226933572489455
62 0.01015746360510115
63 0.009189964257522453
0 10.416666666666659
1 8.643611064888843
2 7.2458011457822495
3 6.130229058101572
4 5.229283641151572
5 4.49340460578492
6 3.885939298898377
7 3.379525554180888
8 2.9535354593613894
9 2.5922593602156625
10 2.283608409839433
11 2.0181819349437995
12 1.788592664007969
13 1.5889751353081902
14 1.4146249339508092
15 1.2617319061130474
16 1.1271812915923587
17 1.0084042583751536
18 0.90326461439099
19 0.8099721991411749
20 0.7270160953175532
21 0.6531126754330432
22 0.5871648379757902
23 0.5282297496096466
24 0.47549310467085304
25 0.42824841781299045
26 0.38588023435896396
27 0.3478504139980095
28 0.31368684403601066
29 0.2829740877734591
30 0.2553455855532384
31 0.23047711051354336
32 0.20808124526796593
33 0.18790269482166047
34 0.1697142888212327
35 0.15331355551862716
36 0.13851977266771812
37 0.1251714184983097
38 0.11312396007038025
39 0.10224792756184743
40 0.0924272320363179
41 0.08355769146773774
42 0.07554573564486762
43 0.06830726533106242
44 0.06176664493898494
45 0.05585581117071355
46 0.050513482708079864
47 0.04568445822362483
48 0.041318991804253274
49 0.037372236405037965
50 0.03380374723347648
51 0.030577038048017185
52 0.027659184273583184
53 0.025020467619226536
54 0.022634057551779815
55 0.020475725553035763
56 0.018523588581830886
57 0.016757878588979046
58 0.015160735302628535
59 0.013716019822898004
60 0.01240914684470389
61 0.011226933572489491
62 0.010157463605101157
63 0.009189964257522458
0 10.416666666666684
1 8.643611064888823
2 7.24580114578224
3 6.1302290581015715
4 5.229283641151573
5 4.493404605784928
6 3.885939298898375
7 3.379525554180892
8 2.9535354593613885
9 2.5922593602156585
10 2.283608409839435
11 2.018181934943802
12 1.788592664007974
13 1.5889751353081891
14 1.4146249339508095
15 1.2617319061130472
16 1.1271812915923607
17 1.0084042583751531
18 0.9032646143909899
19 0.8099721991411755
20 0.7270160953175558
21 0.6531126754330412
22 0.5871648379757891
23 0.5282297496096465
24 0.47549310467085426
25 0.42824841781299045
26 0.385880234358965
27 0.3478504139980093
28 0.3136868440360102
29 0.28297408777345895
30 0.2553455855532382
31 0.23047711051354317
32 0.20808124526796587
33 0.18790269482166042
34 0.16971428882123263
35 0.15331355551862733
36 0.13851977266771792
37 0.1251714184983098
38 0.11312396007038039
39 0.10224792756184718
40 0.09242723203631785
41 0.08355769146773771
42 0.07554573564486775
43 0.06830726533106246
44 0.061766644938985114
45 0.05585581117071354
46 0.050513482708079836
47 0.04568445822362483
48 0.04131899180425321
49 0.037372236405037944
50 0.033803747233476455
51 0.03057703804801713
52 0.027659184273583295
53 0.025020467619226553
54 0.022634057551779836
55 0.020475725553035725
56 0.018523588581830834
57 0.016757878588979043
58 0.015160735302628498
59 0.013716019822897997
60 0.01240914684470389
61 0.011226933572489469
62 0.010157463605101153
63 0.009189964257522446
0 10.416666666666682
1 8.643611064888852
2 7.245801145782253
3 6.130229058101579
4 5.229283641151574
5 4.493404605784917
6 3.885939298898385
7 3.379525554180894
8 2.9535354593613903
9 2.5922593602156616
10 2.283608409839429
11 2.0181819349438013
12 1.7885926640079703
13 1.5889751353081902
14 1.4146249339508117
15 1.2617319061130459
16 1.1271812915923585
17 1.0084042583751527
18 0.9032646143909905
19 0.8099721991411762
20 0.7270160953175541
21 0.6531126754330422
22 0.5871648379757904
23 0.5282297496096463
24 0.47549310467085415
25 0.4282484178129911
26 0.38588023435896485
27 0.347850413998009
28 0.3136868440360103
29 0.28297408777345834
30 0.255345585553238
31 0.23047711051354292
32 0.20808124526796595
33 0.1879026948216604
34 0.1697142888212326
35 0.15331355551862735
36 0.1385197726677181
37 0.12517141849830998
38 0.11312396007038036
39 0.10224792756184682
40 0.09242723203631797
41 0.08355769146773767
42 0.07554573564486779
43 0.06830726533106238
44 0.0617666449389851
45 0.05585581117071365
46 0.05051348270807984
47 0.04568445822362482
48 0.041318991804253274
49 0.03737223640503791
50 0.03380374723347636
51 0.030577038048017206
52 0.027659184273583257
53 0.025020467619226487
54 0.022634057551779854
55 0.02047572555303571
56 0.018523588581830865
57 0.01675787858897905
58 0.015160735302628509
59 0.013716019822898008
60 0.012409146844703865
61 0.011226933572489448
62 0.010157463605101143
63 0.009189964257522465
0 10.416666666666675
1 8.643611064888816
2 7.245801145782235
3 6.130229058101578
4 5.229283641151576
5 4.493404605784922
6 3.8859392988983843
7 3.3795255541808857
8 2.953535459361396
9 2.5922593602156594
10 2.283608409839433
11 2.0181819349438
12 1.7885926640079686
13 1.5889751353081882
14 1.414624933950812
15 1.2617319061130485
16 1.1271812915923611
17 1.0084042583751527
18 0.9032646143909889
19 0.809972199141177
20 0.7270160953175545
21 0.6531126754330417
22 0.58716483797579
23 0.5282297496096469
24 0.47549310467085404
25 0.42824841781299
26 0.38588023435896457
27 0.34785041399800865
28 0.31368684403601055
29 0.282974087773459
30 0.2553455855532385
31 0.2304771105135431
32 0.20808124526796568
33 0.18790269482166042
34 0.1697142888212326
35 0.1533135555186271
36 0.13851977266771812
37 0.12517141849830984
38 0.1131239600703803
39 0.10224792756184733
40 0.09242723203631785
41 0.08355769146773785
42 0.0755457356448678
43 0.06830726533106243
44 0.0617666449389851
45 0.055855811170713573
46 0.05051348270807984
47 0.04568445822362488
48 0.04131899180425322
49 0.03737223640503799
50 0.03380374723347645
51 0.030577038048017185
52 0.027659184273583232
53 0.02502046761922651
54 0.02263405755177984
55 0.02047572555303574
56 0.018523588581830872
57 0.016757878588979078
58 0.015160735302628509
59 0.013716019822898039
60 0.01240914684470389
61 0.011226933572489465
62 0.01015746360510114
63 0.009189964257522457
0 10.416666666666673
1 8.643611064888848
2 7.2458011457822264
3 6.130229058101575
4 5.229283641151574
5 4.49340460578493
6 3.8859392988983776
7 3.379525554180889
8 2.953535459361392
9 2.5922593602156634
10 2.283608409839431
11 2.018181934943803
12 1.7885926640079743
13 1.588975135308187
14 1.4146249339508132
15 1.261731906113045
16 1.12718129159236
17 1.008404258375152
18 0.903264614390989
19 0.8099721991411759
20 0.7270160953175552
21 0.6531126754330414
22 0.5871648379757907
23 0.5282297496096461
24 0.47549310467085404
25 0.4282484178129905
26 0.38588023435896474
27 0.3478504139980096
28 0.3136868440360106
29 0.2829740877734585
30 0.2553455855532382
31 0.23047711051354294
32 0.20808124526796581
33 0.18790269482166042
34 0.16971428882123255
35 0.1533135555186271
36 0.13851977266771803
37 0.1251714184983099
38 0.11312396007038023
39 0.10224792756184727
40 0.09242723203631789
41 0.0835576914677378
42 0.07554573564486775
43 0.06830726533106246
44 0.06176664493898513
45 0.05585581117071356
46 0.05051348270807985
47 0.04568445822362476
48 0.041318991804253184
49 0.03737223640503793
50 0.03380374723347645
51 0.030577038048017185
52 0.02765918427358328
53 0.02502046761922652
54 0.022634057551779847
55 0.020475725553035694
56 0.018523588581830886
57 0.01675787858897905
58 0.01516073530262849
59 0.013716019822898023
60 0.012409146844703869
61 0.011226933572489467
62 0.010157463605101134
63 0.009189964257522453
0 10.416666666666668
1 8.643611064888836
2 7.245801145782239
3 6.130229058101579
4 5.229283641151578
5 4.493404605784928
6 3.8859392988983834
7 3.379525554180884
8 2.9535354593613956
9 2.59225936021566
10 2.2836084098394345
11 2.018181934943799
12 1.788592664007972
13 1.5889751353081876
14 1.4146249339508132
15 1.2617319061130494
16 1.1271812915923622
17 1.008404258375154
18 0.9032646143909894
19 0.8099721991411762
20 0.7270160953175545
21 0.653112675433042
22 0.5871648379757888
23 0.528229749609647
24 0.47549310467085354
25 0.4282484178129908
26 0.385880234358965
27 0.347850413998009
28 0.31368684403601116
29 0.28297408777345856
30 0.25534558555323855
31 0.23047711051354336
32 0.20808124526796573
33 0.18790269482166008
34 0.16971428882123232
35 0.1533135555186275
36 0.1385197726677181
37 0.1251714184983099
38 0.11312396007038017
39 0.10224792756184718
40 0.09242723203631802
41 0.0835576914677378
42 0.0755457356448679
43 0.06830726533106248
44 0.06176664493898506
45 0.055855811170713476
46 0.050513482708079836
47 0.04568445822362479
48 0.041318991804253274
49 0.03737223640503794
50 0.03380374723347633
51 0.030577038048017206
52 0.02765918427358325
53 0.02502046761922653
54 0.022634057551779843
55 0.02047572555303576
56 0.01852358858183089
57 0.016757878588979078
58 0.015160735302628495
59 0.013716019822898004
60 0.012409146844703883
61 0.011226933572489462
62 0.010157463605101143
63 0.009189964257522446
0 10.416666666666671
1 8.643611064888834
2 7.245801145782242
3 6.130229058101572
4 5.229283641151572
5 4.493404605784909
6 3.885939298898387
7 3.3795255541808844
8 2.95353545936139
9 2.592259360215663
10 2.283608409839431
11 2.018181934943802
12 1.788592664007968
13 1.5889751353081878
14 1.4146249339508101
15 1.2617319061130459
16 1.1271812915923594
17 1.0084042583751534
18 0.9032646143909882
19 0.8099721991411754
20 0.7270160953175548
21 0.6531126754330426
22 0.5871648379757902
23 0.5282297496096467
24 0.47549310467085426
25 0.428248417812991
26 0.38588023435896474
27 0.3478504139980093
28 0.31368684403601066
29 0.2829740877734585
30 0.25534558555323866
31 0.23047711051354275
32 0.208081245267966
33 0.18790269482165994
34 0.1697142888212324
35 0.15331355551862735
36 0.13851977266771787
37 0.1251714184983099
38 0.11312396007038025
39 0.10224792756184709
40 0.09242723203631775
41 0.08355769146773771
42 0.07554573564486779
43 0.06830726533106263
44 0.06176664493898514
45 0.05585581117071359
46 0.0505134827080798
47 0.04568445822362482
48 0.041318991804253254
49 0.03737223640503796
50 0.03380374723347641
51 0.03057703804801718
52 0.02765918427358325
53 0.025020467619226505
54 0.02263405755177986
55 0.020475725553035735
56 0.01852358858183088
57 0.016757878588979015
58 0.015160735302628481
59 0.013716019822898008
60 0.012409146844703877
61 0.011226933572489457
62 0.010157463605101136
63 0.009189964257522464
0 10.416666666666679
1 8.643611064888828
2 7.245801145782261
3 6.130229058101562
4 5.229283641151565
5 4.493404605784928
6 3.885939298898385
7 3.3795255541808884
8 2.9535354593613885
9 2.5922593602156616
10 2.2836084098394376
11 2.018181934943797
12 1.7885926640079728
13 1.588975135308193
14 1.4146249339508101
15 1.2617319061130452
16 1.1271812915923611
17 1.0084042583751531
18 0.9032646143909895
19 0.8099721991411767
20 0.7270160953175543
21 0.6531126754330432
22 0.58716483797579
23 0.5282297496096462
24 0.47549310467085326
25 0.4282484178129902
26 0.3858802343589648
27 0.34785041399800964
28 0.3136868440360108
29 0.28297408777345867
30 0.2553455855532386
31 0.230477110513543
32 0.20808124526796568
33 0.18790269482166028
34 0.1697142888212325
35 0.15331355551862733
36 0.13851977266771828
37 0.12517141849830987
38 0.11312396007038046
39 0.1022479275618472
40 0.09242723203631782
41 0.08355769146773782
42 0.07554573564486777
43 0.06830726533106246
44 0.06176664493898509
45 0.055855811170713594
46 0.05051348270807981
47 0.04568445822362481
48 0.04131899180425322
49 0.03737223640503794
50 0.03380374723347636
51 0.030577038048017206
52 0.027659184273583215
53 0.025020467619226508
54 0.022634057551779847
55 0.02047572555303573
56 0.0185235885818309
57 0.016757878588979043
58 0.015160735302628507
59 0.013716019822898
60 0.012409146844703869
61 0.011226933572489438
62 0.01015746360510116
63 0.009189964257522448
0 10.416666666666652
1 8.64361106488885
2 7.2458011457822495
3 6.1302290581015715
4 5.229283641151576
5 4.493404605784923
6 3.88593929889838
7 3.379525554180891
8 2.95353545936139
9 2.5922593602156634
10 2.283608409839434
11 2.0181819349438044
12 1.7885926640079712
13 1.588975135308191
14 1.4146249339508132
15 1.2617319061130454
16 1.127181291592362
17 1.0084042583751525
18 0.9032646143909887
19 0.8099721991411758
20 0.7270160953175536
21 0.6531126754330431
22 0.587164837975789
23 0.5282297496096469
24 0.47549310467085365
25 0.42824841781299006
26 0.38588023435896496
27 0.34785041399801
28 0.3136868440360106
29 0.2829740877734587
30 0.2553455855532386
31 0.23047711051354294
32 0.2080812452679658
33 0.18790269482166075
34 0.1697142888212324
35 0.15331355551862713
36 0.13851977266771837
37 0.1251714184983099
38 0.11312396007038043
39 0.1022479275618472
40 0.09242723203631781
41 0.08355769146773775
42 0.07554573564486786
43 0.06830726533106246
44 0.06176664493898514
45 0.055855811170713546
46 0.05051348270807973
47 0.04568445822362472
48 0.041318991804253226
49 0.03737223640503799
50 0.0338037472334765
51 0.03057703804801724
52 0.027659184273583246
53 0.02502046761922651
54 0.022634057551779874
55 0.020475725553035753
56 0.018523588581830876
57 0.016757878588979015
58 0.015160735302628504
59 0.013716019822898004
60 0.012409146844703872
61 0.011226933572489484
62 0.01015746360510114
63 0.009189964257522458
0 10.416666666666668
1 8.643611064888828
2 7.245801145782253
3 6.130229058101576
4 5.229283641151569
5 4.493404605784924
6 3.885939298898378
7 3.3795255541808884
8 2.9535354593613894
9 2.592259360215659
10 2.2836084098394323
11 2.0181819349438026
12 1.788592664007974
13 1.5889751353081885
14 1.4146249339508117
15 1.2617319061130452
16 1.12718129159236
17 1.0084042583751556
18 0.9032646143909892
19 0.8099721991411765
20 0.7270160953175541
21 0.6531126754330415
22 0.5871648379757916
23 0.5282297496096466
24 0.47549310467085415
25 0.4282484178129904
26 0.38588023435896474
27 0.34785041399800903
28 0.3136868440360109
29 0.282974087773459
30 0.2553455855532387
31 0.23047711051354336
32 0.20808124526796568
33 0.18790269482166047
34 0.16971428882123255
35 0.15331355551862727
36 0.13851977266771806
37 0.12517141849830973
38 0.1131239600703803
39 0.10224792756184713
40 0.0924272320363179
41 0.08355769146773782
42 0.07554573564486775
43 0.06830726533106253
44 0.0617666449389852
45 0.05585581117071359
46 0.05051348270807985
47 0.045684458223624706
48 0.041318991804253254
49 0.037372236405037944
50 0.03380374723347648
51 0.030577038048017167
52 0.027659184273583232
53 0.025020467619226536
54 0.022634057551779854
55 0.020475725553035725
56 0.01852358858183087
57 0.016757878588979026
58 0.015160735302628509
59 0.013716019822898018
60 0.012409146844703891
61 0.01122693357248946
62 0.010157463605101145
63 0.009189964257522448
0 10.416666666666657
1 8.643611064888825
2 7.245801145782239
3 6.130229058101575
4 5.229283641151571
5 4.493404605784925
6 3.8859392988983807
7 3.3795255541808906
8 2.953535459361389
9 2.5922593602156607
10 2.2836084098394367
11 2.0181819349438013
12 1.7885926640079737
13 1.5889751353081882
14 1.414624933950811
15 1.2617319061130456
16 1.1271812915923585
17 1.0084042583751538
18 0.9032646143909909
19 0.8099721991411752
20 0.7270160953175531
21 0.6531126754330421
22 0.5871648379757896
23 0.5282297496096469
24 0.47549310467085326
25 0.42824841781299045
26 0.3858802343589648
27 0.3478504139980092
28 0.31368684403601066
29 0.2829740877734584
30 0.2553455855532382
31 0.23047711051354308
32 0.2080812452679662
33 0.1879026948216603
34 0.16971428882123232
35 0.15331355551862721
36 0.13851977266771812
37 0.12517141849830996
38 0.11312396007038039
39 0.10224792756184732
40 0.09242723203631772
41 0.08355769146773766
42 0.07554573564486777
43 0.06830726533106246
44 0.06176664493898509
45 0.05585581117071355
46 0.050513482708079836
47 0.04568445822362477
48 0.04131899180425322
49 0.03737223640503797
50 0.033803747233476414
51 0.030577038048017147
52 0.02765918427358324
53 0.02502046761922653
54 0.022634057551779864
55 0.02047572555303575
56 0.01852358858183091
57 0.01675787858897903
58 0.015160735302628505
59 0.013716019822898036
60 0.01240914684470387
61 0.011226933572489451
62 0.01015746360510115
63 0.009189964257522469
0 10.416666666666663
1 8.643611064888836
2 7.245801145782261
3 6.130229058101568
4 5.229283641151578
5 4.4934046057849235
6 3.8859392988983843
7 3.379525554180887
8 2.9535354593613947
9 2.592259360215663
10 2.283608409839433
11 2.0181819349438035
12 1.7885926640079712
13 1.5889751353081933
14 1.4146249339508126
15 1.2617319061130474
16 1.12718129159236
17 1.0084042583751531
18 0.9032646143909899
19 0.8099721991411758
20 0.7270160953175532
21 0.6531126754330422
22 0.5871648379757902
23 0.5282297496096464
24 0.47549310467085426
25 0.4282484178129904
26 0.38588023435896474
27 0.34785041399800876
28 0.3136868440360105
29 0.2829740877734586
30 0.2553455855532384
31 0.2304771105135433
32 0.20808124526796568
33 0.18790269482166022
34 0.1697142888212325
35 0.15331355551862744
36 0.13851977266771792
37 0.12517141849831
38 0.11312396007038043
39 0.10224792756184713
40 0.09242723203631793
41 0.0835576914677378
42 0.07554573564486773
43 0.06830726533106248
44 0.06176664493898496
45 0.05585581117071365
46 0.0505134827080799
47 0.0456844582236248
48 0.041318991804253226
49 0.03737223640503798
50 0.03380374723347644
51 0.030577038048017157
52 0.027659184273583163
53 0.025020467619226563
54 0.022634057551779805
55 0.02047572555303573
56 0.018523588581830834
57 0.016757878588979057
58 0.015160735302628486
59 0.013716019822898013
60 0.012409146844703877
61 0.011226933572489464
62 0.010157463605101143
63 0.009189964257522467
0 10.416666666666664
1 8.643611064888837
2 7.245801145782247
3 6.130229058101576
4 5.229283641151581
5 4.4934046057849155
6 3.8859392988983803
7 3.3795255541808835
8 2.953535459361389
9 2.592259360215659
10 2.2836084098394345
11 2.0181819349438035
12 1.7885926640079701
13 1.5889751353081887
14 1.4146249339508086
15 1.261731906113047
16 1.12718129159236
17 1.008404258375154
18 0.9032646143909897
19 0.8099721991411765
20 0.7270160953175538
21 0.6531126754330412
22 0.5871648379757902
23 0.5282297496096465
24 0.4754931046708539
25 0.42824841781299045
26 0.3858802343589653
27 0.3478504139980101
28 0.3136868440360104
29 0.2829740877734587
30 0.2553455855532386
31 0.2304771105135436
32 0.20808124526796548
33 0.1879026948216603
34 0.1697142888212328
35 0.1533135555186274
36 0.13851977266771812
37 0.12517141849830965
38 0.11312396007038042
39 0.1022479275618472
40 0.09242723203631799
41 0.08355769146773782
42 0.07554573564486773
43 0.06830726533106246
44 0.06176664493898527
45 0.05585581117071353
46 0.050513482708079885
47 0.04568445822362485
48 0.041318991804253226
49 0.037372236405037965
50 0.03380374723347646
51 0.030577038048017213
52 0.027659184273583246
53 0.02502046761922654
54 0.022634057551779854
55 0.020475725553035753
56 0.018523588581830886
57 0.01675787858897908
58 0.015160735302628497
59 0.01371601982289802
60 0.012409146844703858
61 0.011226933572489469
62 0.01015746360510114
63 0.009189964257522453
0 10.416666666666666
1 8.643611064888836
2 7.245801145782244
3 6.130229058101578
4 5.229283641151578
5 4.493404605784916
6 3.8859392988983794
7 3.379525554180892
8 2.953535459361397
9 2.5922593602156585
10 2.283608409839434
11 2.0181819349438013
12 1.7885926640079697
13 1.5889751353081887
14 1.4146249339508106
15 1.2617319061130452
16 1.12718129159236
17 1.008404258375155
18 0.9032646143909899
19 0.8099721991411758
20 0.7270160953175541
21 0.6531126754330429
22 0.5871648379757902
23 0.528229749609646
24 0.4754931046708535
25 0.4282484178129907
26 0.3858802343589647
27 0.34785041399800887
28 0.31368684403601127
29 0.2829740877734584
30 0.25534558555323833
31 0.23047711051354286
32 0.20808124526796545
33 0.1879026948216605
34 0.16971428882123255
35 0.15331355551862727
36 0.13851977266771795
37 0.12517141849830982
38 0.11312396007038039
39 0.10224792756184727
40 0.09242723203631775
41 0.08355769146773767
42 0.0755457356448677
43 0.06830726533106254
44 0.061766644938984996
45 0.055855811170713573
46 0.05051348270807985
47 0.04568445822362483
48 0.04131899180425321
49 0.03737223640503795
50 0.03380374723347643
51 0.030577038048017192
52 0.027659184273583232
53 0.02502046761922651
54 0.022634057551779864
55 0.020475725553035732
56 0.01852358858183085
57 0.016757878588979005
58 0.015160735302628509
59 0.013716019822898044
60 0.012409146844703883
61 0.011226933572489457
62 0.010157463605101157
63 0.009189964257522448
0 10.41666666666666
1 8.643611064888809
2 7.245801145782245
3 6.13022905810157
4 5.229283641151574
5 4.493404605784926
6 3.8859392988983825
7 3.379525554180886
8 2.9535354593613867
9 2.5922593602156603
10 2.2836084098394336
11 2.018181934943803
12 1.7885926640079688
13 1.5889751353081878
14 1.4146249339508092
15 1.2617319061130474
16 1.1271812915923607
17 1.0084042583751553
18 0.9032646143909894
19 0.8099721991411742
20 0.727016095317554
21 0.6531126754330436
22 0.5871648379757892
23 0.5282297496096459
24 0.4754931046708531
25 0.4282484178129905
26 0.38588023435896496
27 0.3478504139980085
28 0.3136868440360103
29 0.28297408777345884
30 0.25534558555323805
31 0.23047711051354328
32 0.2080812452679662
33 0.18790269482166028
34 0.1697142888212324
35 0.1533135555186273
36 0.13851977266771798
37 0.12517141849830987
38 0.11312396007038042
39 0.10224792756184718
40 0.09242723203631768
41 0.0835576914677378
42 0.07554573564486769
43 0.06830726533106248
44 0.06176664493898517
45 0.05585581117071362
46 0.05051348270807986
47 0.04568445822362476
48 0.041318991804253136
49 0.03737223640503798
50 0.03380374723347642
51 0.03057703804801722
52 0.027659184273583274
53 0.02502046761922652
54 0.0226340575517799
55 0.020475725553035735
56 0.01852358858183087
57 0.016757878588979053
58 0.01516073530262854
59 0.01371601982289804
60 0.012409146844703864
61 0.01122693357248945
62 0.010157463605101153
63 0.00918996425752246
0 10.416666666666641
1 8.643611064888832
2 7.24580114578223
3 6.130229058101569
4 5.229283641151577
5 4.493404605784932
6 3.885939298898379
7 3.3795255541808897
8 2.9535354593613903
9 2.592259360215661
10 2.2836084098394314
11 2.0181819349438026
12 1.7885926640079686
13 1.5889751353081898
14 1.4146249339508117
15 1.2617319061130432
16 1.1271812915923605
17 1.0084042583751527
18 0.9032646143909897
19 0.8099721991411761
20 0.7270160953175545
21 0.6531126754330424
22 0.5871648379757892
23 0.5282297496096457
24 0.4754931046708532
25 0.42824841781299056
26 0.38588023435896496
27 0.347850413998009
28 0.31368684403601044
29 0.282974087773459
30 0.25534558555323855
31 0.2304771105135433
32 0.20808124526796573
33 0.18790269482166008
34 0.1697142888212325
35 0.15331355551862735
36 0.138519772667718
37 0.12517141849830976
38 0.11312396007038052
39 0.10224792756184725
40 0.09242723203631775
41 0.08355769146773775
42 0.07554573564486773
43 0.06830726533106238
44 0.06176664493898513
45 0.05585581117071346
46 0.0505134827080799
47 0.04568445822362481
48 0.04131899180425336
49 0.03737223640503805
50 0.03380374723347649
51 0.030577038048017174
52 0.027659184273583205
53 0.025020467619226546
54 0.022634057551779864
55 0.020475725553035735
56 0.01852358858183087
57 0.01675787858897904
58 0.015160735302628531
59 0.013716019822898027
60 0.012409146844703877
61 0.011226933572489455
62 0.010157463605101152
63 0.00918996425752246
0 10.416666666666666
1 8.64361106488883
2 7.245801145782245
3 6.130229058101573
4 5.2292836411515715
5 4.493404605784921
6 3.8859392988983825
7 3.379525554180885
8 2.95353545936139
9 2.592259360215664
10 2.283608409839431
11 2.018181934943802
12 1.7885926640079717
13 1.5889751353081873
14 1.414624933950809
15 1.2617319061130436
16 1.1271812915923605
17 1.0084042583751534
18 0.90326461439099
19 0.809972199141175
20 0.7270160953175552
21 0.6531126754330413
22 0.5871648379757904
23 0.5282297496096465
24 0.47549310467085426
25 0.4282484178129913
26 0.3858802343589653
27 0.3478504139980094
28 0.31368684403601044
29 0.28297408777345895
30 0.2553455855532385
31 0.2304771105135433
32 0.2080812452679656
33 0.18790269482166025
34 0.16971428882123232
35 0.15331355551862733
36 0.13851977266771798
37 0.1251714184983097
38 0.11312396007038023
39 0.10224792756184725
40 0.09242723203631782
41 0.08355769146773757
42 0.07554573564486772
43 0.06830726533106245
44 0.06176664493898521
45 0.055855811170713594
46 0.050513482708079954
47 0.04568445822362473
48 0.04131899180425316
49 0.037372236405037965
50 0.03380374723347641
51 0.03057703804801722
52 0.0276591842735832
53 0.025020467619226557
54 0.022634057551779843
55 0.020475725553035746
56 0.01852358858183089
57 0.01675787858897904
58 0.015160735302628535
59 0.013716019822898032
60 0.012409146844703886
61 0.011226933572489462
62 0.010157463605101127
63 0.009189964257522446
0 10.41666666666666
1 8.64361106488884
2 7.245801145782249
3 6.13022905810158
4 5.22928364115158
5 4.493404605784918
6 3.8859392988983785
7 3.379525554180889
8 2.9535354593613903
9 2.592259360215664
10 2.2836084098394354
11 2.0181819349438013
12 1.7885926640079712
13 1.5889751353081878
14 1.4146249339508121
15 1.2617319061130452
16 1.1271812915923611
17 1.008404258375153
18 0.9032646143909888
19 0.8099721991411762
20 0.7270160953175545
21 0.6531126754330422
22 0.58716483797579
23 0.5282297496096462
24 0.4754931046708533
25 0.4282484178129914
26 0.38588023435896496
27 0.34785041399800865
28 0.3136868440360103
29 0.2829740877734586
30 0.25534558555323866
31 0.23047711051354322
32 0.20808124526796606
33 0.18790269482166067
34 0.1697142888212324
35 0.15331355551862755
36 0.1385197726677181
37 0.12517141849830996
38 0.11312396007038046
39 0.10224792756184722
40 0.0924272320363178
41 0.08355769146773785
42 0.0755457356448677
43 0.0683072653310625
44 0.061766644938985114
45 0.055855811170713594
46 0.05051348270807988
47 0.04568445822362475
48 0.04131899180425319
49 0.037372236405038006
50 0.033803747233476386
51 0.030577038048017206
52 0.02765918427358317
53 0.025020467619226557
54 0.022634057551779843
55 0.020475725553035694
56 0.018523588581830848
57 0.016757878588979046
58 0.015160735302628525
59 0.013716019822898017
60 0.012409146844703876
61 0.011226933572489453
62 0.010157463605101143
63 0.00918996425752247
0 10.416666666666663
1 8.643611064888827
2 7.245801145782245
3 6.130229058101583
4 5.229283641151581
5 4.49340460578492
6 3.885939298898385
7 3.3795255541808906
8 2.9535354593613894
9 2.5922593602156594
10 2.283608409839435
11 2.0181819349438026
12 1.7885926640079697
13 1.5889751353081887
14 1.4146249339508117
15 1.2617319061130463
16 1.1271812915923616
17 1.0084042583751527
18 0.9032646143909899
19 0.8099721991411736
20 0.7270160953175542
21 0.6531126754330424
22 0.5871648379757884
23 0.5282297496096471
24 0.47549310467085437
25 0.42824841781299017
26 0.385880234358964
27 0.3478504139980092
28 0.3136868440360108
29 0.28297408777345845
30 0.2553455855532384
31 0.23047711051354283
32 0.2080812452679656
33 0.18790269482165994
34 0.1697142888212327
35 0.15331355551862727
36 0.13851977266771803
37 0.12517141849830973
38 0.11312396007038032
39 0.102247927561847
40 0.09242723203631789
41 0.08355769146773774
42 0.07554573564486773
43 0.06830726533106238
44 0.06176664493898504
45 0.055855811170713573
46 0.05051348270807983
47 0.04568445822362483
48 0.04131899180425317
49 0.03737223640503798
50 0.03380374723347645
51 0.030577038048017174
52 0.027659184273583184
53 0.025020467619226494
54 0.02263405755177981
55 0.020475725553035735
56 0.018523588581830893
57 0.016757878588979036
58 0.015160735302628504
59 0.013716019822898027
60 0.012409146844703858
61 0.011226933572489467
62 0.010157463605101143
63 0.009189964257522444
0 10.416666666666673
1 8.643611064888841
2 7.245801145782244
3 6.130229058101584
4 5.229283641151571
5 4.493404605784926
6 3.8859392988983834
7 3.3795255541808875
8 2.953535459361393
9 2.5922593602156576
10 2.283608409839429
11 2.018181934943802
12 1.7885926640079695
13 1.588975135308191
14 1.4146249339508128
15 1.2617319061130448
16 1.1271812915923602
17 1.0084042583751542
18 0.9032646143909887
19 0.8099721991411767
20 0.7270160953175532
21 0.6531126754330427
22 0.5871648379757896
23 0.5282297496096462
24 0.4754931046708536
25 0.4282484178129909
26 0.3858802343589652
27 0.3478504139980091
28 0.31368684403601044
29 0.2829740877734584
30 0.25534558555323816
31 0.2304771105135429
32 0.20808124526796587
33 0.18790269482166058
34 0.16971428882123252
35 0.15331355551862716
36 0.1385197726677181
37 0.12517141849831
38 0.11312396007038056
39 0.10224792756184738
40 0.0924272320363178
41 0.0835576914677378
42 0.07554573564486779
43 0.06830726533106252
44 0.06176664493898502
45 0.055855811170713546
46 0.05051348270807975
47 0.04568445822362482
48 0.041318991804253226
49 0.037372236405038006
50 0.03380374723347641
51 0.03057703804801718
52 0.02765918427358328
53 0.025020467619226498
54 0.02263405755177986
55 0.020475725553035718
56 0.018523588581830862
57 0.016757878588979064
58 0.015160735302628509
59 0.013716019822898051
60 0.012409146844703877
61 0.011226933572489474
62 0.010157463605101134
63 0.009189964257522469
0 10.416666666666668
1 8.64361106488883
2 7.245801145782237
3 6.130229058101566
4 5.2292836411515715
5 4.493404605784918
6 3.885939298898377
7 3.3795255541808875
8 2.9535354593613934
9 2.5922593602156616
10 2.283608409839433
11 2.0181819349438026
12 1.78859266400797
13 1.5889751353081898
14 1.4146249339508106
15 1.261731906113047
16 1.1271812915923611
17 1.0084042583751551
18 0.9032646143909873
19 0.8099721991411758
20 0.7270160953175545
21 0.6531126754330431
22 0.5871648379757903
23 0.528229749609647
24 0.47549310467085415
25 0.4282484178129909
26 0.3858802343589648
27 0.3478504139980093
28 0.3136868440360108
29 0.28297408777345834
30 0.25534558555323866
31 0.23047711051354308
32 0.20808124526796568
33 0.1879026948216602
34 0.16971428882123232
35 0.15331355551862733
36 0.13851977266771795
37 0.12517141849831004
38 0.11312396007038036
39 0.10224792756184727
40 0.09242723203631789
41 0.08355769146773777
42 0.07554573564486773
43 0.06830726533106245
44 0.06176664493898509
45 0.05585581117071351
46 0.05051348270807992
47 0.045684458223624894
48 0.04131899180425322
49 0.03737223640503798
50 0.03380374723347639
51 0.030577038048017213
52 0.02765918427358327
53 0.025020467619226498
54 0.02263405755177987
55 0.02047572555303575
56 0.01852358858183088
57 0.01675787858897906
58 0.015160735302628518
59 0.013716019822897997
60 0.01240914684470385
61 0.011226933572489457
62 0.010157463605101141
63 0.009189964257522448
0 10.416666666666668
1 8.643611064888837
2 7.245801145782251
3 6.130229058101579
4 5.229283641151568
5 4.493404605784921
6 3.8859392988983785
7 3.379525554180889
8 2.9535354593613903
9 2.5922593602156634
10 2.2836084098394336
11 2.0181819349438004
12 1.7885926640079723
13 1.5889751353081916
14 1.4146249339508128
15 1.2617319061130452
16 1.1271812915923605
17 1.0084042583751542
18 0.90326461439099
19 0.8099721991411754
20 0.7270160953175535
21 0.6531126754330426
22 0.5871648379757893
23 0.5282297496096465
24 0.47549310467085326
25 0.42824841781298995
26 0.38588023435896474
27 0.3478504139980091
28 0.31368684403601055
29 0.2829740877734588
30 0.25534558555323833
31 0.23047711051354317
32 0.20808124526796565
33 0.1879026948216605
34 0.16971428882123263
35 0.15331355551862727
36 0.13851977266771812
37 0.12517141849830982
38 0.11312396007038046
39 0.10224792756184727
40 0.09242723203631775
41 0.08355769146773782
42 0.07554573564486758
43 0.06830726533106246
44 0.06176664493898508
45 0.05585581117071361
46 0.05051348270807979
47 0.04568445822362485
48 0.04131899180425319
49 0.03737223640503792
50 0.03380374723347646
51 0.030577038048017192
52 0.02765918427358323
53 0.02502046761922654
54 0.0226340575517799
55 0.02047572555303575
56 0.018523588581830855
57 0.016757878588979036
58 0.015160735302628505
59 0.013716019822898015
60 0.012409146844703869
61 0.011226933572489462
62 0.01015746360510114
63 0.009189964257522448
0 10.416666666666664
1 8.643611064888828
2 7.245801145782243
3 6.130229058101579
4 5.229283641151571
5 4.493404605784921
6 3.88593929889838
7 3.3795255541808897
8 2.9535354593613947
9 2.592259360215661
10 2.283608409839434
11 2.018181934943799
12 1.7885926640079728
13 1.5889751353081882
14 1.4146249339508117
15 1.2617319061130474
16 1.1271812915923598
17 1.0084042583751531
18 0.9032646143909888
19 0.8099721991411747
20 0.7270160953175543
21 0.6531126754330424
22 0.5871648379757902
23 0.5282297496096456
24 0.4754931046708538
25 0.4282484178129901
26 0.38588023435896485
27 0.34785041399800876
28 0.3136868440360106
29 0.2829740877734583
30 0.25534558555323844
31 0.230477110513543
32 0.20808124526796556
33 0.18790269482166033
34 0.16971428882123246
35 0.1533135555186272
36 0.13851977266771806
37 0.12517141849830984
38 0.11312396007038034
39 0.10224792756184709
40 0.09242723203631781
41 0.08355769146773791
42 0.07554573564486768
43 0.06830726533106245
44 0.0617666449389851
45 0.05585581117071359
46 0.050513482708079795
47 0.04568445822362478
48 0.04131899180425321
49 0.037372236405038034
50 0.033803747233476455
51 0.03057703804801717
52 0.027659184273583194
53 0.025020467619226508
54 0.02263405755177983
55 0.02047572555303576
56 0.018523588581830862
57 0.016757878588979064
58 0.015160735302628509
59 0.013716019822898013
60 0.01240914684470388
61 0.011226933572489469
62 0.010157463605101131
63 0.009189964257522469
0 10.416666666666666
1 8.643611064888821
2 7.245801145782241
3 6.13022905810157
4 5.229283641151573
5 4.493404605784923
6 3.8859392988983816
7 3.379525554180892
8 2.9535354593613947
9 2.592259360215659
10 2.283608409839433
11 2.0181819349438044
12 1.7885926640079686
13 1.5889751353081887
14 1.4146249339508095
15 1.2617319061130479
16 1.1271812915923587
17 1.0084042583751518
18 0.9032646143909885
19 0.809972199141175
20 0.7270160953175562
21 0.6531126754330415
22 0.5871648379757889
23 0.5282297496096463
24 0.475493104670853
25 0.4282484178129902
26 0.3858802343589651
27 0.3478504139980096
28 0.3136868440360107
29 0.2829740877734585
30 0.25534558555323833
31 0.23047711051354353
32 0.20808124526796554
33 0.18790269482166042
34 0.16971428882123238
35 0.15331355551862727
36 0.13851977266771792
37 0.12517141849830976
38 0.11312396007038035
39 0.10224792756184721
40 0.09242723203631793
41 0.0835576914677377
42 0.07554573564486765
43 0.0683072653310626
44 0.061766644938985094
45 0.05585581117071356
46 0.05051348270807994
47 0.0456844582236248
48 0.041318991804253274
49 0.037372236405038
50 0.03380374723347645
51 0.030577038048017185
52 0.027659184273583246
53 0.02502046761922654
54 0.02263405755177989
55 0.020475725553035767
56 0.01852358858183088
57 0.016757878588979026
58 0.015160735302628521
59 0.01371601982289802
60 0.012409146844703876
61 0.011226933572489472
62 0.010157463605101145
63 0.009189964257522455
0 10.416666666666655
1 8.643611064888837
2 7.245801145782257
3 6.13022905810157
4 5.229283641151572
5 4.493404605784917
6 3.885939298898385
7 3.3795255541808893
8 2.9535354593613854
9 2.5922593602156616
10 2.2836084098394362
11 2.0181819349438004
12 1.7885926640079697
13 1.5889751353081896
14 1.4146249339508126
15 1.2617319061130459
16 1.1271812915923607
17 1.0084042583751553
18 0.9032646143909903
19 0.8099721991411768
20 0.7270160953175544
21 0.6531126754330426
22 0.58716483797579
23 0.5282297496096457
24 0.4754931046708532
25 0.4282484178129909
26 0.38588023435896457
27 0.3478504139980094
28 0.3136868440360109
29 0.2829740877734585
30 0.25534558555323816
31 0.23047711051354286
32 0.208081245267966
33 0.18790269482166055
34 0.1697142888212327
35 0.15331355551862724
36 0.13851977266771814
37 0.12517141849830965
38 0.11312396007038042
39 0.10224792756184733
40 0.09242723203631771
41 0.08355769146773766
42 0.0755457356448676
43 0.06830726533106245
44 0.06176664493898517
45 0.055855811170713573
46 0.050513482708079864
47 0.04568445822362486
48 0.04131899180425325
49 0.03737223640503797
50 0.0338037472334764
51 0.030577038048017192
52 0.02765918427358324
53 0.025020467619226563
54 0.022634057551779847
55 0.020475725553035718
56 0.018523588581830848
57 0.016757878588979067
58 0.015160735302628505
59 0.01371601982289804
60 0.012409146844703876
61 0.011226933572489477
62 0.010157463605101157
63 0.009189964257522453
0 10.416666666666668
1 8.64361106488883
2 7.2458011457822495
3 6.130229058101564
4 5.229283641151585
5 4.493404605784924
6 3.88593929889839
7 3.379525554180888
8 2.953535459361389
9 2.5922593602156576
10 2.2836084098394385
11 2.0181819349438013
12 1.788592664007972
13 1.5889751353081913
14 1.4146249339508121
15 1.2617319061130454
16 1.1271812915923594
17 1.0084042583751531
18 0.9032646143909886
19 0.8099721991411761
20 0.727016095317554
21 0.6531126754330426
22 0.5871648379757913
23 0.528229749609647
24 0.4754931046708538
25 0.4282484178129906
26 0.38588023435896474
27 0.3478504139980093
28 0.3136868440360111
29 0.28297408777345845
30 0.25534558555323855
31 0.23047711051354347
32 0.20808124526796548
33 0.18790269482166025
34 0.1697142888212327
35 0.1533135555186274
36 0.13851977266771812
37 0.1251714184983098
38 0.11312396007038025
39 0.10224792756184732
40 0.0924272320363178
41 0.08355769146773767
42 0.07554573564486769
43 0.06830726533106253
44 0.061766644938985094
45 0.05585581117071353
46 0.050513482708079864
47 0.045684458223624796
48 0.041318991804253254
49 0.037372236405038
50 0.03380374723347634
51 0.03057703804801715
52 0.027659184273583232
53 0.025020467619226546
54 0.02263405755177984
55 0.02047572555303576
56 0.01852358858183088
57 0.016757878588979057
58 0.015160735302628504
59 0.013716019822898013
60 0.012409146844703877
61 0.011226933572489474
62 0.010157463605101131
63 0.00918996425752246
0 10.416666666666657
1 8.643611064888828
2 7.245801145782253
3 6.130229058101578
4 5.2292836411515715
5 4.493404605784925
6 3.8859392988983736
7 3.379525554180895
8 2.953535459361392
9 2.592259360215663
10 2.2836084098394385
11 2.018181934943802
12 1.7885926640079697
13 1.5889751353081882
14 1.4146249339508126
15 1.2617319061130468
16 1.1271812915923576
17 1.008404258375155
18 0.9032646143909892
19 0.8099721991411768
20 0.7270160953175543
21 0.6531126754330424
22 0.58716483797579
23 0.5282297496096462
24 0.4754931046708533
25 0.42824841781299033
26 0.38588023435896496
27 0.3478504139980088
28 0.3136868440360108
29 0.28297408777345845
30 0.2553455855532383
31 0.23047711051354317
32 0.20808124526796565
33 0.18790269482166028
34 0.16971428882123224
35 0.1533135555186276
36 0.1385197726677179
37 0.12517141849830965
38 0.11312396007038046
39 0.10224792756184718
40 0.09242723203631774
41 0.08355769146773777
42 0.07554573564486765
43 0.0683072653310626
44 0.06176664493898509
45 0.05585581117071353
46 0.05051348270807979
47 0.04568445822362479
48 0.041318991804253226
49 0.03737223640503797
50 0.03380374723347645
51 0.030577038048017206
52 0.02765918427358323
53 0.025020467619226546
54 0.022634057551779854
55 0.020475725553035732
56 0.0185235885818309
57 0.01675787858897906
58 0.015160735302628535
59 0.013716019822898018
60 0.01240914684470386
61 0.01122693357248946
62 0.010157463605101136
63 0.009189964257522464
0 10.41666666666666
1 8.643611064888825
2 7.245801145782247
3 6.130229058101576
4 5.2292836411515795
5 4.493404605784922
6 3.885939298898387
7 3.3795255541808906
8 2.95353545936139
9 2.592259360215663
10 2.2836084098394336
11 2.0181819349438
12 1.7885926640079712
13 1.5889751353081876
14 1.4146249339508106
15 1.2617319061130454
16 1.1271812915923614
17 1.0084042583751536
18 0.9032646143909895
19 0.8099721991411767
20 0.727016095317554
21 0.6531126754330413
22 0.5871648379757892
23 0.5282297496096459
24 0.47549310467085326
25 0.428248417812991
26 0.38588023435896535
27 0.3478504139980092
28 0.31368684403601094
29 0.2829740877734593
30 0.25534558555323805
31 0.2304771105135431
32 0.208081245267966
33 0.1879026948216604
34 0.1697142888212326
35 0.15331355551862735
36 0.13851977266771812
37 0.1251714184983099
38 0.11312396007038042
39 0.10224792756184721
40 0.09242723203631777
41 0.08355769146773771
42 0.07554573564486765
43 0.06830726533106242
44 0.061766644938985045
45 0.05585581117071361
46 0.05051348270807985
47 0.04568445822362484
48 0.04131899180425321
49 0.03737223640503798
50 0.033803747233476414
51 0.0305770380480172
52 0.027659184273583246
53 0.0250204676192265
54 0.02263405755177983
55 0.02047572555303575
56 0.018523588581830897
57 0.01675787858897904
58 0.015160735302628498
59 0.013716019822898029
60 0.01240914684470389
61 0.011226933572489465
62 0.01015746360510116
63 0.009189964257522448
0 10.416666666666652
1 8.64361106488882
2 7.245801145782236
3 6.130229058101578
4 5.22928364115158
5 4.493404605784917
6 3.8859392988983825
7 3.379525554180889
8 2.9535354593613863
9 2.5922593602156656
10 2.283608409839433
11 2.0181819349438044
12 1.7885926640079712
13 1.5889751353081891
14 1.414624933950812
15 1.2617319061130468
16 1.1271812915923587
17 1.0084042583751534
18 0.9032646143909907
19 0.8099721991411736
20 0.7270160953175547
21 0.6531126754330415
22 0.5871648379757899
23 0.5282297496096463
24 0.47549310467085326
25 0.42824841781299006
26 0.38588023435896457
27 0.3478504139980088
28 0.3136868440360109
29 0.2829740877734582
30 0.2553455855532382
31 0.2304771105135426
32 0.20808124526796554
33 0.1879026948216601
34 0.16971428882123255
35 0.15331355551862735
36 0.13851977266771803
37 0.12517141849830973
38 0.11312396007038046
39 0.10224792756184725
40 0.09242723203631774
41 0.08355769146773766
42 0.07554573564486766
43 0.06830726533106256
44 0.0617666449389851
45 0.055855811170713636
46 0.05051348270807986
47 0.04568445822362483
48 0.0413189918042532
49 0.03737223640503794
50 0.033803747233476435
51 0.030577038048017192
52 0.027659184273583225
53 0.02502046761922651
54 0.02263405755177986
55 0.020475725553035732
56 0.018523588581830893
57 0.01675787858897904
58 0.015160735302628498
59 0.013716019822898008
60 0.012409146844703883
61 0.01122693357248948
62 0.01015746360510114
63 0.009189964257522477
0 10.416666666666671
1 8.643611064888832
2 7.245801145782244
3 6.130229058101569
4 5.22928364115158
5 4.493404605784926
6 3.8859392988983776
7 3.3795255541808906
8 2.9535354593613885
9 2.5922593602156567
10 2.2836084098394314
11 2.018181934943802
12 1.7885926640079697
13 1.5889751353081887
14 1.4146249339508117
15 1.2617319061130472
16 1.1271812915923582
17 1.0084042583751545
18 0.9032646143909895
19 0.8099721991411754
20 0.7270160953175551
21 0.6531126754330424
22 0.58716483797579
23 0.5282297496096457
24 0.4754931046708538
25 0.4282484178129905
26 0.385880234358965
27 0.3478504139980095
28 0.3136868440360105
29 0.2829740877734588
30 0.2553455855532384
31 0.23047711051354303
32 0.2080812452679654
33 0.18790269482166042
34 0.1697142888212326
35 0.1533135555186273
36 0.13851977266771795
37 0.1251714184983099
38 0.11312396007038039
39 0.1022479275618472
40 0.09242723203631781
41 0.08355769146773785
42 0.0755457356448677
43 0.06830726533106239
44 0.061766644938985114
45 0.055855811170713546
46 0.050513482708079774
47 0.04568445822362478
48 0.04131899180425322
49 0.037372236405038006
50 0.033803747233476476
51 0.03057703804801722
52 0.027659184273583264
53 0.025020467619226546
54 0.022634057551779805
55 0.020475725553035784
56 0.018523588581830838
57 0.016757878588979057
58 0.015160735302628514
59 0.013716019822898018
60 0.01240914684470388
61 0.011226933572489472
62 0.010157463605101162
63 0.009189964257522451
0 10.416666666666687
1 8.643611064888834
2 7.245801145782249
3 6.13022905810158
4 5.229283641151569
5 4.493404605784925
6 3.885939298898377
7 3.3795255541808933
8 2.95353545936139
9 2.5922593602156616
10 2.2836084098394345
11 2.0181819349438013
12 1.7885926640079723
13 1.5889751353081891
14 1.4146249339508083
15 1.2617319061130454
16 1.1271812915923618
17 1.0084042583751531
18 0.9032646143909893
19 0.8099721991411742
20 0.727016095317554
21 0.6531126754330417
22 0.5871648379757904
23 0.5282297496096461
24 0.47549310467085404
25 0.4282484178129908
26 0.38588023435896485
27 0.3478504139980096
28 0.3136868440360104
29 0.2829740877734588
30 0.2553455855532388
31 0.23047711051354297
32 0.2080812452679658
33 0.1879026948216604
34 0.16971428882123235
35 0.15331355551862716
36 0.1385197726677179
37 0.12517141849830973
38 0.11312396007038043
39 0.10224792756184706
40 0.09242723203631799
41 0.08355769146773792
42 0.07554573564486772
43 0.06830726533106253
44 0.061766644938985045
45 0.05585581117071351
46 0.05051348270807992
47 0.045684458223624796
48 0.04131899180425322
49 0.03737223640503794
50 0.033803747233476435
51 0.03057703804801718
52 0.027659184273583208
53 0.025020467619226508
54 0.02263405755177984
55 0.02047572555303574
56 0.018523588581830855
57 0.01675787858897906
58 0.015160735302628502
59 0.013716019822898032
60 0.01240914684470388
61 0.011226933572489469
62 0.010157463605101138
63 0.00918996425752245
0 10.416666666666671
1 8.643611064888837
2 7.245801145782249
3 6.130229058101578
4 5.229283641151576
5 4.4934046057849235
6 3.885939298898376
7 3.379525554180888
8 2.953535459361392
9 2.592259360215659
10 2.283608409839435
11 2.018181934943802
12 1.7885926640079717
13 1.5889751353081887
14 1.4146249339508132
15 1.261731906113047
16 1.127181291592358
17 1.0084042583751542
18 0.9032646143909893
19 0.8099721991411756
20 0.7270160953175534
21 0.6531126754330412
22 0.5871648379757891
23 0.5282297496096459
24 0.4754931046708537
25 0.42824841781299
26 0.38588023435896446
27 0.3478504139980092
28 0.3136868440360103
29 0.28297408777345895
30 0.25534558555323805
31 0.2304771105135427
32 0.20808124526796581
33 0.1879026948216604
34 0.16971428882123255
35 0.1533135555186273
36 0.13851977266771798
37 0.12517141849830987
38 0.11312396007038027
39 0.10224792756184721
40 0.09242723203631782
41 0.08355769146773794
42 0.07554573564486777
43 0.06830726533106253
44 0.061766644938985184
45 0.05585581117071356
46 0.05051348270807985
47 0.04568445822362486
48 0.04131899180425318
49 0.037372236405038006
50 0.03380374723347638
51 0.03057703804801713
52 0.02765918427358316
53 0.025020467619226508
54 0.022634057551779847
55 0.02047572555303571
56 0.018523588581830844
57 0.016757878588979067
58 0.015160735302628507
59 0.013716019822898015
60 0.012409146844703877
61 0.01122693357248948
62 0.010157463605101153
63 0.009189964257522458
0 10.416666666666638
1 8.643611064888825
2 7.245801145782245
3 6.130229058101572
4 5.229283641151567
5 4.493404605784928
6 3.8859392988983767
7 3.3795255541808933
8 2.9535354593613854
9 2.5922593602156625
10 2.283608409839432
11 2.0181819349438004
12 1.7885926640079701
13 1.5889751353081898
14 1.4146249339508103
15 1.2617319061130468
16 1.1271812915923594
17 1.0084042583751547
18 0.9032646143909899
19 0.8099721991411751
20 0.7270160953175543
21 0.6531126754330426
22 0.5871648379757903
23 0.5282297496096459
24 0.4754931046708533
25 0.42824841781299045
26 0.3858802343589651
27 0.347850413998009
28 0.31368684403601005
29 0.28297408777345895
30 0.2553455855532388
31 0.2304771105135433
32 0.20808124526796565
33 0.18790269482166033
34 0.16971428882123255
35 0.15331355551862724
36 0.13851977266771784
37 0.12517141849830976
38 0.11312396007038052
39 0.1022479275618472
40 0.09242723203631771
41 0.08355769146773782
42 0.07554573564486779
43 0.0683072653310625
44 0.06176664493898507
45 0.055855811170713594
46 0.0505134827080799
47 0.04568445822362482
48 0.04131899180425325
49 0.03737223640503787
50 0.03380374723347639
51 0.030577038048017213
52 0.027659184273583257
53 0.025020467619226484
54 0.022634057551779847
55 0.0204757255530357
56 0.01852358858183087
57 0.016757878588979026
58 0.015160735302628507
59 0.013716019822898001
60 0.012409146844703869
61 0.011226933572489484
62 0.010157463605101153
63 0.009189964257522453
0 10.416666666666668
1 8.643611064888816
2 7.245801145782241
3 6.130229058101565
4 5.229283641151578
5 4.4934046057849235
6 3.885939298898375
7 3.379525554180896
8 2.953535459361393
9 2.5922593602156603
10 2.2836084098394336
11 2.0181819349438026
12 1.7885926640079755
13 1.5889751353081905
14 1.414624933950812
15 1.261731906113044
16 1.1271812915923611
17 1.008404258375153
18 0.9032646143909893
19 0.8099721991411758
20 0.7270160953175547
21 0.6531126754330415
22 0.5871648379757902
23 0.5282297496096464
24 0.4754931046708544
25 0.42824841781299117
26 0.38588023435896474
27 0.3478504139980091
28 0.3136868440360111
29 0.2829740877734584
30 0.2553455855532382
31 0.23047711051354322
32 0.2080812452679661
33 0.18790269482166033
34 0.16971428882123243
35 0.1533135555186274
36 0.13851977266771806
37 0.1251714184983097
38 0.11312396007038023
39 0.10224792756184714
40 0.09242723203631785
41 0.08355769146773775
42 0.07554573564486779
43 0.06830726533106249
44 0.06176664493898505
45 0.05585581117071353
46 0.05051348270807975
47 0.04568445822362485
48 0.04131899180425323
49 0.03737223640503795
50 0.03380374723347645
51 0.030577038048017174
52 0.027659184273583215
53 0.02502046761922652
54 0.02263405755177985
55 0.020475725553035763
56 0.018523588581830876
57 0.016757878588979078
58 0.015160735302628514
59 0.013716019822898015
60 0.012409146844703858
61 0.011226933572489465
62 0.01015746360510114
63 0.009189964257522465
0 10.416666666666663
1 8.643611064888837
2 7.245801145782253
3 6.130229058101579
4 5.229283641151576
5 4.493404605784922
6 3.8859392988983714
7 3.3795255541808875
8 2.9535354593613885
9 2.59225936021566
10 2.2836084098394376
11 2.0181819349438026
12 1.7885926640079697
13 1.5889751353081891
14 1.414624933950811
15 1.2617319061130474
16 1.1271812915923602
17 1.0084042583751527
18 0.9032646143909885
19 0.8099721991411749
20 0.7270160953175547
21 0.6531126754330423
22 0.58716483797579
23 0.528229749609646
24 0.47549310467085343
25 0.4282484178129909
26 0.3858802343589652
27 0.34785041399800914
28 0.3136868440360106
29 0.28297408777345867
30 0.2553455855532382
31 0.23047711051354305
32 0.20808124526796623
33 0.18790269482166028
34 0.16971428882123302
35 0.15331355551862735
36 0.13851977266771814
37 0.12517141849830984
38 0.11312396007038014
39 0.10224792756184715
40 0.09242723203631763
41 0.08355769146773782
42 0.0755457356448677
43 0.06830726533106249
44 0.061766644938985156
45 0.05585581117071354
46 0.050513482708079954
47 0.04568445822362482
48 0.04131899180425323
49 0.037372236405038
50 0.03380374723347645
51 0.03057703804801716
52 0.02765918427358323
53 0.025020467619226546
54 0.022634057551779847
55 0.020475725553035735
56 0.01852358858183087
57 0.016757878588979067
58 0.015160735302628504
59 0.01371601982289802
60 0.012409146844703872
61 0.011226933572489474
62 0.010157463605101141
63 0.009189964257522455
0 10.416666666666668
1 8.643611064888823
2 7.245801145782241
3 6.130229058101586
4 5.22928364115158
5 4.493404605784926
6 3.8859392988983834
7 3.3795255541808884
8 2.9535354593613903
9 2.5922593602156625
10 2.2836084098394327
11 2.0181819349438057
12 1.788592664007968
13 1.5889751353081898
14 1.4146249339508117
15 1.2617319061130456
16 1.1271812915923596
17 1.0084042583751545
18 0.9032646143909893
19 0.8099721991411752
20 0.7270160953175538
21 0.6531126754330429
22 0.587164837975789
23 0.5282297496096461
24 0.47549310467085426
25 0.42824841781299017
26 0.38588023435896424
27 0.3478504139980093
28 0.3136868440360108
29 0.28297408777345834
30 0.2553455855532386
31 0.23047711051354347
32 0.20808124526796562
33 0.18790269482166022
34 0.16971428882123227
35 0.15331355551862727
36 0.13851977266771812
37 0.12517141849830957
38 0.11312396007038028
39 0.1022479275618473
40 0.09242723203631781
41 0.08355769146773769
42 0.07554573564486772
43 0.06830726533106246
44 0.061766644938985114
45 0.05585581117071362
46 0.05051348270807978
47 0.04568445822362483
48 0.04131899180425314
49 0.037372236405038
50 0.03380374723347649
51 0.0305770380480172
52 0.027659184273583194
53 0.025020467619226505
54 0.022634057551779874
55 0.02047572555303571
56 0.01852358858183085
57 0.016757878588979064
58 0.015160735302628538
59 0.013716019822898048
60 0.01240914684470387
61 0.011226933572489472
62 0.010157463605101136
63 0.009189964257522458
0 10.41666666666668
1 8.643611064888812
2 7.245801145782237
3 6.130229058101581
4 5.229283641151584
5 4.493404605784916
6 3.8859392988983776
7 3.3795255541808906
8 2.95353545936139
9 2.5922593602156607
10 2.2836084098394362
11 2.0181819349437986
12 1.788592664007972
13 1.5889751353081896
14 1.4146249339508092
15 1.2617319061130454
16 1.1271812915923618
17 1.0084042583751531
18 0.9032646143909886
19 0.8099721991411748
20 0.7270160953175547
21 0.6531126754330417
22 0.5871648379757897
23 0.5282297496096463
24 0.47549310467085326
25 0.42824841781299033
26 0.38588023435896474
27 0.3478504139980089
28 0.3136868440360105
29 0.28297408777345934
30 0.25534558555323844
31 0.23047711051354305
32 0.2080812452679657
33 0.18790269482166017
34 0.16971428882123224
35 0.1533135555186272
36 0.13851977266771814
37 0.12517141849831
38 0.11312396007038046
39 0.10224792756184722
40 0.09242723203631786
41 0.08355769146773762
42 0.07554573564486772
43 0.06830726533106246
44 0.06176664493898514
45 0.05585581117071355
46 0.050513482708079906
47 0.04568445822362483
48 0.041318991804253226
49 0.037372236405037916
50 0.03380374723347639
51 0.030577038048017192
52 0.02765918427358322
53 0.025020467619226487
54 0.022634057551779836
55 0.020475725553035725
56 0.018523588581830855
57 0.016757878588979067
58 0.015160735302628525
59 0.013716019822898027
60 0.012409146844703876
61 0.011226933572489469
62 0.010157463605101157
63 0.009189964257522429
0 10.416666666666668
1 8.643611064888828
2 7.245801145782237
3 6.130229058101579
4 5.229283641151572
5 4.49340460578493
6 3.885939298898387
7 3.379525554180886
8 2.953535459361392
9 2.5922593602156607
10 2.2836084098394376
11 2.0181819349438053
12 1.7885926640079701
13 1.5889751353081902
14 1.4146249339508112
15 1.2617319061130448
16 1.1271812915923607
17 1.0084042583751522
18 0.90326461439099
19 0.8099721991411765
20 0.7270160953175543
21 0.6531126754330424
22 0.5871648379757892
23 0.5282297496096457
24 0.47549310467085404
25 0.428248417812991
26 0.38588023435896496
27 0.34785041399800914
28 0.31368684403601116
29 0.2829740877734586
30 0.2553455855532386
31 0.23047711051354347
32 0.20808124526796581
33 0.18790269482166028
34 0.16971428882123243
35 0.15331355551862727
36 0.13851977266771812
37 0.1251714184983098
38 0.11312396007038046
39 0.10224792756184711
40 0.09242723203631775
41 0.08355769146773775
42 0.07554573564486787
43 0.06830726533106239
44 0.061766644938985156
45 0.05585581117071352
46 0.050513482708079774
47 0.04568445822362483
48 0.041318991804253254
49 0.03737223640503791
50 0.03380374723347641
51 0.03057703804801715
52 0.027659184273583264
53 0.02502046761922653
54 0.022634057551779822
55 0.020475725553035746
56 0.01852358858183085
57 0.016757878588979053
58 0.015160735302628521
59 0.013716019822898017
60 0.01240914684470389
61 0.011226933572489464
62 0.010157463605101147
63 0.00918996425752247
0 10.416666666666675
1 8.643611064888834
2 7.245801145782239
3 6.130229058101566
4 5.229283641151574
5 4.493404605784923
6 3.885939298898389
7 3.3795255541808897
8 2.9535354593613943
9 2.5922593602156647
10 2.283608409839429
11 2.018181934943805
12 1.7885926640079717
13 1.5889751353081905
14 1.4146249339508106
15 1.261731906113047
16 1.1271812915923598
17 1.0084042583751531
18 0.9032646143909872
19 0.8099721991411749
20 0.7270160953175522
21 0.6531126754330432
22 0.5871648379757896
23 0.5282297496096462
24 0.47549310467085437
25 0.4282484178129911
26 0.38588023435896496
27 0.34785041399800987
28 0.3136868440360105
29 0.2829740877734587
30 0.25534558555323844
31 0.2304771105135433
32 0.208081245267965
33 0.18790269482166028
34 0.16971428882123232
35 0.15331355551862716
36 0.13851977266771787
37 0.12517141849831
38 0.11312396007038039
39 0.10224792756184725
40 0.09242723203631786
41 0.08355769146773777
42 0.07554573564486779
43 0.06830726533106264
44 0.061766644938985045
45 0.055855811170713573
46 0.05051348270807985
47 0.04568445822362482
48 0.04131899180425322
49 0.03737223640503796
50 0.03380374723347644
51 0.030577038048017136
52 0.027659184273583264
53 0.025020467619226546
54 0.022634057551779826
55 0.02047572555303573
56 0.01852358858183087
57 0.016757878588979036
58 0.015160735302628502
59 0.013716019822898015
60 0.01240914684470386
61 0.011226933572489465
62 0.010157463605101136
63 0.00918996425752246
0 10.416666666666671
1 8.643611064888843
2 7.245801145782233
3 6.130229058101569
4 5.229283641151572
5 4.493404605784919
6 3.8859392988983803
7 3.379525554180896
8 2.953535459361387
9 2.5922593602156603
10 2.283608409839433
11 2.018181934943802
12 1.7885926640079692
13 1.5889751353081905
14 1.4146249339508121
15 1.2617319061130468
16 1.1271812915923598
17 1.0084042583751545
18 0.9032646143909897
19 0.8099721991411762
20 0.7270160953175544
21 0.6531126754330424
22 0.5871648379757899
23 0.5282297496096469
24 0.4754931046708539
25 0.4282484178129903
26 0.38588023435896496
27 0.34785041399800903
28 0.3136868440360107
29 0.2829740877734588
30 0.2553455855532385
31 0.23047711051354328
32 0.2080812452679656
33 0.1879026948216604
34 0.16971428882123246
35 0.15331355551862733
36 0.13851977266771784
37 0.1251714184983099
38 0.11312396007038027
39 0.10224792756184711
40 0.09242723203631767
41 0.08355769146773775
42 0.07554573564486769
43 0.06830726533106253
44 0.06176664493898509
45 0.055855811170713636
46 0.05051348270807993
47 0.04568445822362488
48 0.04131899180425315
49 0.037372236405038
50 0.0338037472334764
51 0.03057703804801714
52 0.027659184273583246
53 0.02502046761922652
54 0.02263405755177985
55 0.020475725553035746
56 0.018523588581830824
57 0.01675787858897903
58 0.0151607353026285
59 0.013716019822898006
60 0.012409146844703848
61 0.011226933572489472
62 0.010157463605101153
63 0.009189964257522443
0 10.416666666666654
1 8.643611064888821
2 7.245801145782249
3 6.130229058101568
4 5.229283641151567
5 4.493404605784918
6 3.8859392988983816
7 3.3795255541808933
8 2.953535459361392
9 2.592259360215659
10 2.283608409839432
11 2.018181934943803
12 1.7885926640079723
13 1.5889751353081927
14 1.4146249339508083
15 1.2617319061130456
16 1.12718129159236
17 1.0084042583751538
18 0.9032646143909895
19 0.8099721991411762
20 0.7270160953175551
21 0.6531126754330414
22 0.5871648379757914
23 0.5282297496096469
24 0.47549310467085354
25 0.42824841781299056
26 0.38588023435896485
27 0.3478504139980092
28 0.31368684403601066
29 0.2829740877734583
30 0.2553455855532381
31 0.23047711051354308
32 0.20808124526796554
33 0.1879026948216601
34 0.1697142888212326
35 0.15331355551862708
36 0.13851977266771812
37 0.12517141849830973
38 0.11312396007038049
39 0.10224792756184738
40 0.09242723203631795
41 0.08355769146773785
42 0.07554573564486772
43 0.06830726533106245
44 0.06176664493898498
45 0.05585581117071359
46 0.05051348270807983
47 0.04568445822362483
48 0.04131899180425325
49 0.037372236405037916
50 0.033803747233476414
51 0.0305770380480172
52 0.027659184273583173
53 0.025020467619226498
54 0.022634057551779843
55 0.02047572555303574
56 0.01852358858183085
57 0.01675787858897904
58 0.015160735302628525
59 0.013716019822898023
60 0.012409146844703886
61 0.011226933572489472
62 0.010157463605101131
63 0.009189964257522472
0 10.416666666666675
1 8.643611064888834
2 7.245801145782238
3 6.130229058101571
4 5.229283641151572
5 4.493404605784918
6 3.885939298898376
7 3.3795255541808844
8 2.953535459361393
9 2.592259360215665
10 2.2836084098394305
11 2.018181934943801
12 1.7885926640079697
13 1.5889751353081891
14 1.4146249339508121
15 1.261731906113046
16 1.1271812915923598
17 1.0084042583751553
18 0.9032646143909917
19 0.8099721991411774
20 0.7270160953175534
21 0.6531126754330426
22 0.587164837975789
23 0.5282297496096467
24 0.47549310467085437
25 0.4282484178129898
26 0.3858802343589652
27 0.3478504139980085
28 0.31368684403601144
29 0.28297408777345834
30 0.2553455855532386
31 0.23047711051354353
32 0.2080812452679657
33 0.18790269482166033
34 0.16971428882123232
35 0.1533135555186273
36 0.138519772667718
37 0.12517141849830984
38 0.11312396007038043
39 0.10224792756184727
40 0.09242723203631786
41 0.08355769146773781
42 0.07554573564486777
43 0.06830726533106254
44 0.061766644938985156
45 0.055855811170713573
46 0.050513482708079836
47 0.045684458223624796
48 0.04131899180425322
49 0.03737223640503794
50 0.03380374723347639
51 0.030577038048017213
52 0.02765918427358323
53 0.025020467619226494
54 0.02263405755177988
55 0.020475725553035767
56 0.01852358858183087
57 0.016757878588979046
58 0.015160735302628525
59 0.013716019822898029
60 0.012409146844703895
61 0.011226933572489486
62 0.010157463605101145
63 0.009189964257522448
0 10.416666666666675
1 8.643611064888823
2 7.245801145782249
3 6.130229058101579
4 5.229283641151572
5 4.493404605784908
6 3.8859392988983767
7 3.379525554180893
8 2.9535354593613916
9 2.5922593602156647
10 2.2836084098394327
11 2.0181819349438035
12 1.7885926640079683
13 1.588975135308191
14 1.4146249339508077
15 1.2617319061130468
16 1.1271812915923616
17 1.0084042583751534
18 0.9032646143909894
19 0.8099721991411749
20 0.7270160953175542
21 0.6531126754330429
22 0.5871648379757893
23 0.5282297496096457
24 0.47549310467085465
25 0.4282484178129907
26 0.38588023435896485
27 0.34785041399800964
28 0.3136868440360107
29 0.2829740877734586
30 0.25534558555323866
31 0.23047711051354322
32 0.20808124526796581
33 0.1879026948216604
34 0.16971428882123232
35 0.1533135555186274
36 0.13851977266771795
37 0.12517141849830976
38 0.11312396007038028
39 0.10224792756184736
40 0.0924272320363179
41 0.08355769146773775
42 0.07554573564486777
43 0.06830726533106245
44 0.061766644938985114
45 0.055855811170713594
46 0.05051348270807983
47 0.04568445822362483
48 0.041318991804253205
49 0.03737223640503805
50 0.03380374723347642
51 0.03057703804801715
52 0.027659184273583264
53 0.025020467619226525
54 0.022634057551779854
55 0.020475725553035746
56 0.01852358858183091
57 0.016757878588979057
58 0.015160735302628497
59 0.013716019822898015
60 0.012409146844703864
61 0.011226933572489483
62 0.010157463605101136
63 0.009189964257522465
0 10.416666666666666
1 8.643611064888837
2 7.245801145782255
3 6.130229058101564
4 5.229283641151572
5 4.493404605784921
6 3.885939298898373
7 3.3795255541808897
8 2.953535459361392
9 2.5922593602156625
10 2.2836084098394345
11 2.0181819349438
12 1.788592664007969
13 1.5889751353081865
14 1.4146249339508086
15 1.2617319061130454
16 1.1271812915923585
17 1.0084042583751547
18 0.9032646143909882
19 0.809972199141174
20 0.7270160953175544
21 0.6531126754330416
22 0.5871648379757891
23 0.5282297496096475
24 0.47549310467085437
25 0.42824841781299156
26 0.38588023435896496
27 0.3478504139980092
28 0.3136868440360109
29 0.2829740877734584
30 0.25534558555323866
31 0.23047711051354342
32 0.20808124526796568
33 0.1879026948216603
34 0.1697142888212326
35 0.15331355551862705
36 0.13851977266771798
37 0.1251714184983098
38 0.11312396007038052
39 0.10224792756184725
40 0.09242723203631782
41 0.08355769146773773
42 0.07554573564486754
43 0.06830726533106252
44 0.061766644938985066
45 0.05585581117071366
46 0.05051348270807984
47 0.04568445822362484
48 0.04131899180425319
49 0.03737223640503796
50 0.03380374723347642
51 0.0305770380480172
52 0.02765918427358322
53 0.025020467619226536
54 0.022634057551779847
55 0.02047572555303575
56 0.01852358858183088
57 0.01675787858897904
58 0.015160735302628497
59 0.013716019822898023
60 0.01240914684470387
61 0.011226933572489484
62 0.010157463605101136
63 0.00918996425752247
0 10.416666666666675
1 8.643611064888828
2 7.245801145782251
3 6.130229058101579
4 5.229283641151577
5 4.4934046057849235
6 3.8859392988983843
7 3.379525554180888
8 2.953535459361391
9 2.5922593602156607
10 2.283608409839432
11 2.018181934943804
12 1.7885926640079717
13 1.5889751353081896
14 1.4146249339508101
15 1.2617319061130443
16 1.1271812915923585
17 1.0084042583751545
18 0.9032646143909879
19 0.8099721991411741
20 0.7270160953175544
21 0.6531126754330409
22 0.5871648379757896
23 0.5282297496096462
24 0.47549310467085415
25 0.42824841781299045
26 0.3858802343589645
27 0.3478504139980094
28 0.3136868440360117
29 0.2829740877734584
30 0.25534558555323844
31 0.23047711051354275
32 0.20808124526796593
33 0.18790269482166025
34 0.1697142888212326
35 0.15331355551862713
36 0.13851977266771792
37 0.1251714184983098
38 0.11312396007038061
39 0.10224792756184718
40 0.09242723203631795
41 0.08355769146773757
42 0.07554573564486783
43 0.06830726533106261
44 0.06176664493898508
45 0.05585581117071356
46 0.050513482708079815
47 0.04568445822362487
48 0.04131899180425318
49 0.037372236405038
50 0.03380374723347642
51 0.030577038048017157
52 0.02765918427358324
53 0.02502046761922653
54 0.02263405755177984
55 0.020475725553035735
56 0.018523588581830855
57 0.01675787858897905
58 0.015160735302628531
59 0.013716019822898018
60 0.01240914684470388
61 0.011226933572489457
62 0.010157463605101153
63 0.009189964257522455
0 10.416666666666675
1 8.643611064888853
2 7.245801145782259
3 6.130229058101566
4 5.229283641151571
5 4.493404605784919
6 3.8859392988983825
7 3.379525554180894
8 2.9535354593613903
9 2.59225936021566
10 2.2836084098394336
11 2.0181819349438035
12 1.7885926640079706
13 1.5889751353081905
14 1.4146249339508106
15 1.2617319061130448
16 1.1271812915923587
17 1.0084042583751527
18 0.9032646143909885
19 0.8099721991411759
20 0.7270160953175551
21 0.6531126754330426
22 0.587164837975789
23 0.5282297496096459
24 0.47549310467085404
25 0.42824841781299045
26 0.38588023435896546
27 0.34785041399800987
28 0.3136868440360109
29 0.28297408777345867
30 0.2553455855532383
31 0.23047711051354294
32 0.20808124526796556
33 0.18790269482166028
34 0.1697142888212327
35 0.1533135555186271
36 0.13851977266771823
37 0.1251714184983097
38 0.11312396007038023
39 0.10224792756184722
40 0.09242723203631785
41 0.08355769146773771
42 0.07554573564486768
43 0.06830726533106253
44 0.061766644938985114
45 0.05585581117071361
46 0.05051348270807988
47 0.04568445822362481
48 0.04131899180425317
49 0.03737223640503798
50 0.03380374723347638
51 0.03057703804801715
52 0.02765918427358324
53 0.02502046761922659
54 0.022634057551779833
55 0.02047572555303576
56 0.01852358858183086
57 0.016757878588979043
58 0.015160735302628483
59 0.013716019822898036
60 0.012409146844703851
61 0.011226933572489472
62 0.010157463605101143
63 0.009189964257522446
0 10.416666666666664
1 8.64361106488883
2 7.245801145782247
3 6.130229058101573
4 5.229283641151578
5 4.493404605784925
6 3.8859392988983816
7 3.3795255541808884
8 2.9535354593613934
9 2.5922593602156625
10 2.2836084098394345
11 2.018181934943803
12 1.7885926640079695
13 1.5889751353081885
14 1.4146249339508097
15 1.2617319061130443
16 1.1271812915923605
17 1.0084042583751538
18 0.903264614390989
19 0.8099721991411756
20 0.7270160953175537
21 0.6531126754330424
22 0.5871648379757907
23 0.5282297496096471
24 0.47549310467085454
25 0.4282484178129907
26 0.38588023435896546
27 0.34785041399800914
28 0.3136868440360102
29 0.2829740877734586
30 0.25534558555323855
31 0.23047711051354305
32 0.20808124526796573
33 0.18790269482165992
34 0.1697142888212326
35 0.15331355551862713
36 0.13851977266771806
37 0.12517141849830976
38 0.11312396007038011
39 0.10224792756184711
40 0.09242723203631775
41 0.08355769146773766
42 0.07554573564486772
43 0.0683072653310625
44 0.061766644938985114
45 0.05585581117071351
46 0.050513482708079774
47 0.04568445822362481
48 0.041318991804253274
49 0.037372236405037965
50 0.033803747233476386
51 0.03057703804801722
52 0.027659184273583246
53 0.025020467619226553
54 0.022634057551779833
55 0.020475725553035732
56 0.018523588581830876
57 0.016757878588979046
58 0.015160735302628514
59 0.01371601982289806
60 0.012409146844703883
61 0.011226933572489472
62 0.010157463605101147
63 0.009189964257522446
0 10.416666666666657
1 8.643611064888828
2 7.245801145782253
3 6.130229058101569
4 5.229283641151577
5 4.493404605784933
6 3.885939298898377
7 3.3795255541809004
8 2.953535459361392
9 2.5922593602156585
10 2.2836084098394336
11 2.018181934943803
12 1.7885926640079732
13 1.5889751353081891
14 1.414624933950811
15 1.261731906113046
16 1.1271812915923605
17 1.0084042583751538
18 0.9032646143909878
19 0.8099721991411759
20 0.7270160953175545
21 0.6531126754330429
22 0.5871648379757892
23 0.5282297496096466
24 0.47549310467085404
25 0.42824841781299117
26 0.38588023435896407
27 0.3478504139980092
28 0.3136868440360106
29 0.28297408777345906
30 0.2553455855532386
31 0.23047711051354336
32 0.2080812452679658
33 0.18790269482166058
34 0.16971428882123243
35 0.15331355551862735
36 0.13851977266771803
37 0.12517141849830993
38 0.11312396007038052
39 0.10224792756184738
40 0.09242723203631774
41 0.0835576914677378
42 0.07554573564486765
43 0.0683072653310625
44 0.061766644938984955
45 0.05585581117071361
46 0.050513482708079906
47 0.04568445822362481
48 0.04131899180425319
49 0.03737223640503795
50 0.03380374723347646
51 0.030577038048017192
52 0.027659184273583264
53 0.02502046761922647
54 0.022634057551779885
55 0.02047572555303575
56 0.018523588581830897
57 0.01675787858897905
58 0.015160735302628528
59 0.01371601982289802
60 0.012409146844703876
61 0.011226933572489444
62 0.01015746360510114
63 0.009189964257522458
0 10.41666666666666
1 8.643611064888816
2 7.245801145782241
3 6.130229058101578
4 5.2292836411515795
5 4.49340460578492
6 3.88593929889838
7 3.3795255541808933
8 2.953535459361392
9 2.5922593602156616
10 2.2836084098394354
11 2.0181819349438026
12 1.7885926640079737
13 1.5889751353081905
14 1.414624933950809
15 1.2617319061130463
16 1.1271812915923596
17 1.008404258375151
18 0.90326461439099
19 0.8099721991411755
20 0.7270160953175545
21 0.6531126754330414
22 0.5871648379757903
23 0.5282297496096472
24 0.4754931046708544
25 0.42824841781299045
26 0.38588023435896535
27 0.34785041399800964
28 0.3136868440360105
29 0.28297408777345845
30 0.2553455855532383
31 0.2304771105135433
32 0.20808124526796568
33 0.1879026948216602
34 0.16971428882123252
35 0.1533135555186274
36 0.13851977266771823
37 0.1251714184983098
38 0.1131239600703803
39 0.1022479275618473
40 0.09242723203631771
41 0.08355769146773766
42 0.07554573564486772
43 0.06830726533106248
44 0.06176664493898509
45 0.055855811170713594
46 0.05051348270807984
47 0.04568445822362485
48 0.04131899180425328
49 0.03737223640503794
50 0.033803747233476435
51 0.03057703804801718
52 0.02765918427358324
53 0.02502046761922652
54 0.02263405755177986
55 0.02047572555303571
56 0.01852358858183086
57 0.016757878588979026
58 0.015160735302628509
59 0.013716019822898027
60 0.012409146844703865
61 0.011226933572489469
62 0.010157463605101133
63 0.009189964257522453
0 10.41666666666668
1 8.643611064888848
2 7.2458011457822495
3 6.130229058101576
4 5.229283641151569
5 4.493404605784919
6 3.885939298898385
7 3.379525554180893
8 2.953535459361393
9 2.5922593602156647
10 2.2836084098394327
11 2.018181934943801
12 1.7885926640079717
13 1.5889751353081896
14 1.4146249339508106
15 1.2617319061130448
16 1.12718129159236
17 1.0084042583751545
18 0.9032646143909879
19 0.8099721991411762
20 0.7270160953175537
21 0.6531126754330417
22 0.5871648379757896
23 0.528229749609646
24 0.4754931046708537
25 0.42824841781299117
26 0.38588023435896474
27 0.34785041399800903
28 0.31368684403601044
29 0.2829740877734584
30 0.2553455855532383
31 0.23047711051354292
32 0.2080812452679656
33 0.1879026948216603
34 0.16971428882123274
35 0.15331355551862735
36 0.13851977266771826
37 0.12517141849830984
38 0.11312396007038021
39 0.10224792756184713
40 0.09242723203631785
41 0.08355769146773775
42 0.07554573564486777
43 0.06830726533106249
44 0.061766644938985094
45 0.05585581117071359
46 0.05051348270807985
47 0.04568445822362477
48 0.04131899180425322
49 0.03737223640503792
50 0.033803747233476414
51 0.03057703804801726
52 0.02765918427358321
53 0.025020467619226487
54 0.02263405755177987
55 0.020475725553035732
56 0.018523588581830855
57 0.016757878588979043
58 0.015160735302628528
59 0.013716019822898013
60 0.012409146844703895
61 0.011226933572489455
62 0.010157463605101143
63 0.009189964257522455
0 10.416666666666663
1 8.643611064888834
2 7.245801145782251
3 6.130229058101584
4 5.229283641151569
5 4.493404605784921
6 3.885939298898385
7 3.379525554180891
8 2.9535354593613894
9 2.59225936021566
10 2.2836084098394323
11 2.0181819349438017
12 1.7885926640079732
13 1.588975135308193
14 1.4146249339508097
15 1.261731906113046
16 1.1271812915923587
17 1.0084042583751542
18 0.9032646143909897
19 0.8099721991411768
20 0.7270160953175547
21 0.653112675433042
22 0.5871648379757906
23 0.5282297496096469
24 0.47549310467085404
25 0.4282484178129908
26 0.38588023435896435
27 0.34785041399800914
28 0.3136868440360106
29 0.2829740877734586
30 0.2553455855532386
31 0.2304771105135433
32 0.2080812452679656
33 0.1879026948216602
34 0.16971428882123252
35 0.15331355551862727
36 0.13851977266771837
37 0.1251714184983096
38 0.11312396007038036
39 0.10224792756184714
40 0.09242723203631793
41 0.08355769146773764
42 0.07554573564486772
43 0.06830726533106263
44 0.061766644938985156
45 0.055855811170713546
46 0.05051348270807977
47 0.04568445822362473
48 0.04131899180425329
49 0.037372236405038006
50 0.033803747233476435
51 0.03057703804801722
52 0.027659184273583264
53 0.02502046761922653
54 0.02263405755177986
55 0.020475725553035732
56 0.018523588581830848
57 0.016757878588979057
58 0.015160735302628535
59 0.013716019822898003
60 0.012409146844703848
61 0.01122693357248946
62 0.01015746360510114
63 0.009189964257522464
0 10.416666666666673
1 8.643611064888827
2 7.245801145782233
3 6.13022905810158
4 5.229283641151567
5 4.493404605784913
6 3.885939298898377
7 3.3795255541808933
8 2.953535459361392
9 2.5922593602156603
10 2.2836084098394314
11 2.018181934943797
12 1.7885926640079728
13 1.5889751353081898
14 1.4146249339508117
15 1.2617319061130439
16 1.1271812915923616
17 1.0084042583751545
18 0.9032646143909877
19 0.8099721991411738
20 0.7270160953175534
21 0.6531126754330433
22 0.5871648379757888
23 0.5282297496096469
24 0.47549310467085404
25 0.42824841781299045
26 0.3858802343589656
27 0.3478504139980084
28 0.3136868440360106
29 0.2829740877734586
30 0.2553455855532387
31 0.23047711051354328
32 0.20808124526796573
33 0.1879026948216602
34 0.16971428882123263
35 0.1533135555186273
36 0.13851977266771798
37 0.1251714184983098
38 0.11312396007038034
39 0.10224792756184706
40 0.09242723203631767
41 0.08355769146773788
42 0.07554573564486788
43 0.06830726533106246
44 0.061766644938985156
45 0.05585581117071349
46 0.05051348270807988
47 0.04568445822362485
48 0.04131899180425325
49 0.037372236405037965
50 0.03380374723347645
51 0.03057703804801722
52 0.02765918427358322
53 0.025020467619226498
54 0.02263405755177985
55 0.020475725553035763
56 0.018523588581830886
57 0.016757878588979053
58 0.015160735302628497
59 0.013716019822897996
60 0.012409146844703872
61 0.01122693357248948
62 0.010157463605101136
63 0.009189964257522451
0 10.41666666666666
1 8.643611064888828
2 7.245801145782241
3 6.130229058101564
4 5.229283641151574
5 4.493404605784932
6 3.88593929889838
7 3.3795255541808906
8 2.9535354593613894
9 2.5922593602156607
10 2.2836084098394354
11 2.0181819349438004
12 1.7885926640079712
13 1.588975135308188
14 1.414624933950811
15 1.2617319061130454
16 1.127181291592362
17 1.0084042583751547
18 0.9032646143909895
19 0.8099721991411756
20 0.7270160953175536
21 0.6531126754330434
22 0.5871648379757894
23 0.528229749609647
24 0.47549310467085354
25 0.42824841781299045
26 0.3858802343589655
27 0.3478504139980085
28 0.31368684403601055
29 0.28297408777345867
30 0.25534558555323855
31 0.23047711051354292
32 0.20808124526796568
33 0.18790269482166022
34 0.16971428882123255
35 0.15331355551862727
36 0.13851977266771806
37 0.12517141849830965
38 0.11312396007038018
39 0.10224792756184733
40 0.0924272320363179
41 0.08355769146773766
42 0.07554573564486769
43 0.06830726533106249
44 0.06176664493898502
45 0.0558558111707135
46 0.050513482708079975
47 0.045684458223624796
48 0.0413189918042532
49 0.03737223640503793
50 0.03380374723347642
51 0.03057703804801718
52 0.027659184273583232
53 0.025020467619226525
54 0.022634057551779854
55 0.020475725553035732
56 0.01852358858183088
57 0.01675787858897905
58 0.0151607353026285
59 0.013716019822898048
60 0.012409146844703876
61 0.011226933572489465
62 0.01015746360510114
63 0.009189964257522455
0 10.416666666666664
1 8.64361106488884
2 7.245801145782238
3 6.130229058101572
4 5.22928364115158
5 4.493404605784919
6 3.8859392988983834
7 3.3795255541808906
8 2.9535354593613916
9 2.59225936021566
10 2.283608409839437
11 2.0181819349437973
12 1.78859266400797
13 1.5889751353081896
14 1.4146249339508103
15 1.2617319061130474
16 1.1271812915923587
17 1.0084042583751527
18 0.9032646143909894
19 0.8099721991411752
20 0.7270160953175537
21 0.6531126754330417
22 0.5871648379757893
23 0.5282297496096461
24 0.47549310467085415
25 0.42824841781299045
26 0.3858802343589644
27 0.3478504139980089
28 0.3136868440360102
29 0.2829740877734586
30 0.2553455855532381
31 0.23047711051354336
32 0.20808124526796554
33 0.18790269482166067
34 0.16971428882123232
35 0.1533135555186271
36 0.13851977266771778
37 0.12517141849830973
38 0.11312396007038046
39 0.10224792756184707
40 0.09242723203631771
41 0.08355769146773791
42 0.07554573564486765
43 0.06830726533106248
44 0.06176664493898504
45 0.05585581117071348
46 0.050513482708079815
47 0.04568445822362485
48 0.04131899180425318
49 0.03737223640503797
50 0.03380374723347644
51 0.03057703804801717
52 0.027659184273583184
53 0.025020467619226525
54 0.02263405755177981
55 0.020475725553035704
56 0.01852358858183091
57 0.016757878588979053
58 0.015160735302628528
59 0.013716019822898051
60 0.012409146844703877
61 0.01122693357248949
62 0.010157463605101136
63 0.009189964257522458
0 10.416666666666675
1 8.643611064888832
2 7.245801145782251
3 6.130229058101584
4 5.229283641151567
5 4.493404605784933
6 3.88593929889838
7 3.3795255541808884
8 2.953535459361393
9 2.592259360215661
10 2.283608409839437
11 2.0181819349438
12 1.7885926640079737
13 1.5889751353081922
14 1.4146249339508103
15 1.2617319061130472
16 1.127181291592362
17 1.0084042583751547
18 0.9032646143909894
19 0.8099721991411747
20 0.7270160953175545
21 0.6531126754330424
22 0.58716483797579
23 0.5282297496096463
24 0.4754931046708533
25 0.428248417812991
26 0.38588023435896546
27 0.3478504139980091
28 0.3136868440360106
29 0.2829740877734587
30 0.25534558555323833
31 0.2304771105135431
32 0.20808124526796593
33 0.18790269482166055
34 0.1697142888212324
35 0.15331355551862758
36 0.13851977266771823
37 0.12517141849830984
38 0.11312396007038046
39 0.10224792756184736
40 0.09242723203631782
41 0.08355769146773782
42 0.07554573564486762
43 0.06830726533106259
44 0.06176664493898496
45 0.055855811170713636
46 0.050513482708079885
47 0.04568445822362478
48 0.04131899180425312
49 0.03737223640503797
50 0.03380374723347636
51 0.030577038048017174
52 0.02765918427358327
53 0.02502046761922652
54 0.022634057551779864
55 0.02047572555303574
56 0.01852358858183084
57 0.0167578785889791
58 0.015160735302628525
59 0.013716019822898001
60 0.012409146844703891
61 0.011226933572489477
62 0.010157463605101152
63 0.00918996425752247
0 10.416666666666673
1 8.64361106488883
2 7.245801145782234
3 6.130229058101583
4 5.229283641151574
5 4.493404605784928
6 3.885939298898378
7 3.379525554180894
8 2.9535354593613885
9 2.5922593602156594
10 2.2836084098394327
11 2.0181819349437973
12 1.7885926640079701
13 1.5889751353081905
14 1.4146249339508106
15 1.261731906113046
16 1.1271812915923598
17 1.0084042583751527
18 0.9032646143909899
19 0.8099721991411748
20 0.7270160953175544
21 0.6531126754330415
22 0.5871648379757907
23 0.5282297496096467
24 0.47549310467085343
25 0.42824841781299117
26 0.38588023435896446
27 0.34785041399801
28 0.3136868440360111
29 0.2829740877734586
30 0.25534558555323883
31 0.23047711051354297
32 0.20808124526796581
33 0.18790269482166072
34 0.1697142888212323
35 0.15331355551862746
36 0.13851977266771812
37 0.12517141849830996
38 0.1131239600703803
39 0.10224792756184713
40 0.09242723203631775
41 0.0835576914677378
42 0.0755457356448678
43 0.06830726533106245
44 0.06176664493898507
45 0.05585581117071356
46 0.05051348270807988
47 0.04568445822362483
48 0.04131899180425319
49 0.037372236405038006
50 0.03380374723347639
51 0.030577038048017157
52 0.02765918427358322
53 0.025020467619226525
54 0.022634057551779836
55 0.02047572555303576
56 0.01852358858183086
57 0.01675787858897904
58 0.015160735302628507
59 0.013716019822897985
60 0.012409146844703857
61 0.011226933572489451
62 0.010157463605101143
63 0.009189964257522444
0 10.416666666666664
1 8.64361106488885
2 7.245801145782245
3 6.130229058101571
4 5.229283641151573
5 4.493404605784916
6 3.8859392988983883
7 3.3795255541808853
8 2.9535354593613916
9 2.592259360215663
10 2.283608409839438
11 2.0181819349438017
12 1.7885926640079717
13 1.5889751353081913
14 1.4146249339508086
15 1.261731906113048
16 1.1271812915923614
17 1.0084042583751542
18 0.9032646143909897
19 0.8099721991411741
20 0.7270160953175552
21 0.6531126754330431
22 0.58716483797579
23 0.5282297496096469
24 0.47549310467085454
25 0.4282484178129904
26 0.3858802343589652
27 0.34785041399800964
28 0.31368684403601005
29 0.2829740877734586
30 0.2553455855532389
31 0.23047711051354305
32 0.20808124526796593
33 0.1879026948216603
34 0.16971428882123235
35 0.15331355551862727
36 0.13851977266771798
37 0.12517141849830976
38 0.11312396007038043
39 0.10224792756184725
40 0.09242723203631782
41 0.08355769146773781
42 0.07554573564486783
43 0.06830726533106249
44 0.061766644938985156
45 0.05585581117071359
46 0.050513482708079864
47 0.04568445822362476
48 0.041318991804253274
49 0.03737223640503792
50 0.03380374723347646
51 0.03057703804801722
52 0.02765918427358327
53 0.0250204676192265
54 0.02263405755177986
55 0.02047572555303572
56 0.018523588581830893
57 0.01675787858897903
58 0.015160735302628514
59 0.013716019822898027
60 0.01240914684470388
61 0.011226933572489446
62 0.010157463605101133
63 0.009189964257522432
0 10.41666666666668
1 8.643611064888832
2 7.245801145782247
3 6.130229058101578
4 5.229283641151571
5 4.493404605784931
6 3.88593929889838
7 3.379525554180892
8 2.9535354593613823
9 2.59225936021566
10 2.2836084098394336
11 2.0181819349437986
12 1.7885926640079723
13 1.5889751353081887
14 1.4146249339508092
15 1.2617319061130459
16 1.1271812915923582
17 1.0084042583751542
18 0.9032646143909888
19 0.8099721991411749
20 0.7270160953175543
21 0.6531126754330416
22 0.5871648379757904
23 0.5282297496096465
24 0.4754931046708538
25 0.42824841781299045
26 0.38588023435896446
27 0.34785041399800903
28 0.3136868440360102
29 0.2829740877734585
30 0.25534558555323866
31 0.23047711051354308
32 0.2080812452679656
33 0.18790269482166022
34 0.16971428882123266
35 0.15331355551862746
36 0.13851977266771798
37 0.12517141849830982
38 0.11312396007038042
39 0.10224792756184713
40 0.0924272320363178
41 0.0835576914677377
42 0.07554573564486775
43 0.06830726533106248
44 0.06176664493898505
45 0.055855811170713573
46 0.05051348270807984
47 0.04568445822362478
48 0.041318991804253205
49 0.03737223640503801
50 0.03380374723347643
51 0.030577038048017164
52 0.02765918427358324
53 0.025020467619226487
54 0.02263405755177987
55 0.020475725553035746
56 0.01852358858183087
57 0.016757878588979
58 0.015160735302628531
59 0.013716019822897984
60 0.012409146844703872
61 0.011226933572489465
62 0.010157463605101141
63 0.00918996425752245
0 10.416666666666659
1 8.643611064888825
2 7.245801145782255
3 6.1302290581015635
4 5.22928364115158
5 4.493404605784926
6 3.8859392988983736
7 3.379525554180893
8 2.9535354593613934
9 2.5922593602156647
10 2.283608409839432
11 2.0181819349438017
12 1.7885926640079723
13 1.5889751353081873
14 1.4146249339508112
15 1.261731906113046
16 1.1271812915923605
17 1.0084042583751527
18 0.9032646143909895
19 0.8099721991411754
20 0.7270160953175554
21 0.6531126754330426
22 0.58716483797579
23 0.5282297496096456
24 0.47549310467085326
25 0.4282484178129905
26 0.3858802343589652
27 0.3478504139980094
28 0.3136868440360104
29 0.2829740877734586
30 0.25534558555323883
31 0.23047711051354308
32 0.2080812452679656
33 0.18790269482166042
34 0.16971428882123232
35 0.1533135555186274
36 0.1385197726677181
37 0.1251714184983098
38 0.11312396007038046
39 0.10224792756184709
40 0.09242723203631782
41 0.0835576914677378
42 0.07554573564486777
43 0.06830726533106249
44 0.06176664493898507
45 0.055855811170713546
46 0.05051348270807981
47 0.04568445822362478
48 0.04131899180425323
49 0.03737223640503795
50 0.033803747233476386
51 0.030577038048017136
52 0.027659184273583274
53 0.025020467619226515
54 0.022634057551779847
55 0.020475725553035687
56 0.018523588581830848
57 0.016757878588979053
58 0.015160735302628514
59 0.013716019822897989
60 0.012409146844703876
61 0.011226933572489469
62 0.01015746360510114
63 0.009189964257522453
0 10.416666666666657
1 8.643611064888834
2 7.245801145782242
3 6.1302290581015715
4 5.229283641151578
5 4.493404605784921
6 3.8859392988983723
7 3.379525554180892
8 2.953535459361391
9 2.5922593602156576
10 2.2836084098394283
11 2.018181934943802
12 1.7885926640079703
13 1.5889751353081898
14 1.4146249339508112
15 1.2617319061130454
16 1.12718129159236
17 1.0084042583751545
18 0.903264614390989
19 0.8099721991411776
20 0.7270160953175552
21 0.6531126754330417
22 0.5871648379757882
23 0.5282297496096466
24 0.47549310467085415
25 0.428248417812991
26 0.385880234358965
27 0.3478504139980094
28 0.3136868440360104
29 0.2829740877734586
30 0.25534558555323855
31 0.23047711051354322
32 0.20808124526796587
33 0.18790269482166025
34 0.1697142888212325
35 0.15331355551862677
36 0.13851977266771787
37 0.12517141849830957
38 0.11312396007038034
39 0.1022479275618472
40 0.09242723203631786
41 0.08355769146773771
42 0.0755457356448676
43 0.06830726533106245
44 0.061766644938985156
45 0.055855811170713546
46 0.050513482708079836
47 0.04568445822362486
48 0.04131899180425312
49 0.03737223640503799
50 0.03380374723347645
51 0.03057703804801726
52 0.027659184273583187
53 0.025020467619226508
54 0.022634057551779874
55 0.020475725553035767
56 0.018523588581830862
57 0.016757878588979057
58 0.015160735302628518
59 0.013716019822898017
60 0.01240914684470387
61 0.011226933572489457
62 0.010157463605101145
63 0.009189964257522469
0 10.416666666666666
1 8.64361106488883
2 7.245801145782245
3 6.1302290581015635
4 5.229283641151569
5 4.493404605784929
6 3.8859392988983825
7 3.3795255541808884
8 2.953535459361393
9 2.5922593602156616
10 2.2836084098394314
11 2.0181819349438013
12 1.7885926640079688
13 1.588975135308186
14 1.414624933950812
15 1.261731906113044
16 1.1271812915923594
17 1.0084042583751531
18 0.9032646143909879
19 0.8099721991411749
20 0.7270160953175557
21 0.6531126754330431
22 0.5871648379757911
23 0.5282297496096462
24 0.4754931046708544
25 0.4282484178129909
26 0.3858802343589651
27 0.3478504139980091
28 0.3136868440360106
29 0.2829740877734587
30 0.25534558555323866
31 0.23047711051354347
32 0.2080812452679657
33 0.18790269482166058
34 0.1697142888212326
35 0.15331355551862727
36 0.13851977266771776
37 0.12517141849830962
38 0.11312396007038036
39 0.10224792756184733
40 0.09242723203631775
41 0.08355769146773781
42 0.0755457356448677
43 0.06830726533106253
44 0.06176664493898513
45 0.05585581117071359
46 0.050513482708079836
47 0.04568445822362478
48 0.04131899180425321
49 0.03737223640503796
50 0.033803747233476455
51 0.030577038048017178
52 0.027659184273583232
53 0.025020467619226494
54 0.022634057551779847
55 0.020475725553035763
56 0.01852358858183086
57 0.016757878588979033
58 0.015160735302628521
59 0.013716019822898027
60 0.012409146844703862
61 0.011226933572489467
62 0.010157463605101159
63 0.009189964257522453
0 10.416666666666675
1 8.643611064888823
2 7.245801145782255
3 6.130229058101594
4 5.229283641151574
5 4.493404605784921
6 3.8859392988983794
7 3.379525554180888
8 2.9535354593613903
9 2.5922593602156576
10 2.2836084098394327
11 2.0181819349438044
12 1.7885926640079723
13 1.5889751353081891
14 1.4146249339508112
15 1.2617319061130452
16 1.1271812915923591
17 1.0084042583751551
18 0.9032646143909915
19 0.8099721991411759
20 0.7270160953175547
21 0.6531126754330422
22 0.5871648379757891
23 0.5282297496096465
24 0.47549310467085376
25 0.428248417812991
26 0.38588023435896457
27 0.34785041399800903
28 0.3136868440360106
29 0.28297408777345867
30 0.255345585553238
31 0.23047711051354278
32 0.20808124526796568
33 0.18790269482166047
34 0.1697142888212326
35 0.15331355551862746
36 0.13851977266771787
37 0.1251714184983097
38 0.11312396007038042
39 0.10224792756184738
40 0.09242723203631797
41 0.08355769146773796
42 0.07554573564486772
43 0.06830726533106239
44 0.06176664493898497
45 0.05585581117071354
46 0.050513482708079836
47 0.04568445822362484
48 0.04131899180425329
49 0.037372236405037944
50 0.03380374723347643
51 0.030577038048017213
52 0.02765918427358328
53 0.02502046761922652
54 0.022634057551779836
55 0.02047572555303574
56 0.01852358858183088
57 0.016757878588979053
58 0.015160735302628514
59 0.01371601982289802
60 0.012409146844703869
61 0.011226933572489464
62 0.010157463605101152
63 0.009189964257522458
0 10.41666666666669
1 8.643611064888834
2 7.245801145782244
3 6.130229058101566
4 5.229283641151582
5 4.493404605784919
6 3.8859392988983776
7 3.379525554180892
8 2.9535354593613934
9 2.59225936021566
10 2.2836084098394327
11 2.0181819349438035
12 1.7885926640079712
13 1.5889751353081867
14 1.4146249339508121
15 1.2617319061130474
16 1.1271812915923611
17 1.0084042583751534
18 0.9032646143909923
19 0.8099721991411755
20 0.7270160953175551
21 0.6531126754330416
22 0.5871648379757894
23 0.5282297496096464
24 0.47549310467085437
25 0.42824841781299045
26 0.38588023435896535
27 0.3478504139980093
28 0.3136868440360105
29 0.2829740877734586
30 0.25534558555323833
31 0.23047711051354336
32 0.2080812452679658
33 0.18790269482166025
34 0.1697142888212324
35 0.1533135555186272
36 0.13851977266771803
37 0.12517141849830996
38 0.11312396007038024
39 0.10224792756184736
40 0.09242723203631763
41 0.08355769146773774
42 0.07554573564486783
43 0.06830726533106243
44 0.06176664493898505
45 0.05585581117071351
46 0.05051348270807994
47 0.04568445822362482
48 0.0413189918042532
49 0.03737223640503795
50 0.033803747233476435
51 0.030577038048017164
52 0.02765918427358324
53 0.025020467619226484
54 0.022634057551779854
55 0.020475725553035732
56 0.01852358858183089
57 0.016757878588979026
58 0.015160735302628535
59 0.01371601982289802
60 0.01240914684470389
61 0.011226933572489469
62 0.010157463605101153
63 0.00918996425752245
0 10.41666666666665
1 8.64361106488883
2 7.24580114578224
3 6.130229058101579
4 5.229283641151567
5 4.493404605784921
6 3.8859392988983754
7 3.3795255541808897
8 2.953535459361392
9 2.592259360215659
10 2.2836084098394327
11 2.018181934943801
12 1.7885926640079743
13 1.5889751353081891
14 1.4146249339508128
15 1.2617319061130468
16 1.1271812915923607
17 1.0084042583751536
18 0.9032646143909874
19 0.8099721991411765
20 0.7270160953175558
21 0.6531126754330413
22 0.5871648379757893
23 0.5282297496096463
24 0.47549310467085365
25 0.4282484178129908
26 0.38588023435896474
27 0.3478504139980097
28 0.3136868440360105
29 0.2829740877734588
30 0.25534558555323833
31 0.2304771105135428
32 0.20808124526796554
33 0.18790269482166058
34 0.16971428882123238
35 0.1533135555186272
36 0.13851977266771784
37 0.1251714184983097
38 0.1131239600703803
39 0.10224792756184721
40 0.09242723203631782
41 0.0835576914677378
42 0.0755457356448677
43 0.0683072653310625
44 0.061766644938985114
45 0.05585581117071355
46 0.0505134827080799
47 0.04568445822362479
48 0.04131899180425316
49 0.03737223640503796
50 0.03380374723347638
51 0.030577038048017206
52 0.02765918427358327
53 0.025020467619226477
54 0.022634057551779864
55 0.020475725553035763
56 0.01852358858183089
57 0.016757878588979043
58 0.015160735302628528
59 0.013716019822898023
60 0.012409146844703877
61 0.011226933572489465
62 0.010157463605101157
63 0.009189964257522455
0 10.416666666666666
1 8.643611064888827
2 7.245801145782244
3 6.1302290581015715
4 5.229283641151571
5 4.493404605784922
6 3.885939298898379
7 3.3795255541808933
8 2.9535354593613956
9 2.5922593602156594
10 2.283608409839437
11 2.018181934943807
12 1.7885926640079706
13 1.5889751353081898
14 1.414624933950808
15 1.261731906113044
16 1.1271812915923602
17 1.008404258375152
18 0.9032646143909895
19 0.8099721991411756
20 0.7270160953175554
21 0.6531126754330432
22 0.5871648379757903
23 0.5282297496096463
24 0.47549310467085415
25 0.4282484178129908
26 0.3858802343589645
27 0.34785041399800926
28 0.3136868440360105
29 0.2829740877734585
30 0.255345585553238
31 0.23047711051354347
32 0.20808124526796573
33 0.1879026948216605
34 0.16971428882123243
35 0.15331355551862733
36 0.1385197726677182
37 0.12517141849830982
38 0.11312396007038027
39 0.10224792756184725
40 0.09242723203631772
41 0.0835576914677377
42 0.07554573564486769
43 0.06830726533106246
44 0.061766644938985156
45 0.055855811170713546
46 0.05051348270807984
47 0.04568445822362481
48 0.0413189918042533
49 0.03737223640503795
50 0.03380374723347639
51 0.03057703804801715
52 0.02765918427358318
53 0.02502046761922654
54 0.022634057551779847
55 0.020475725553035697
56 0.018523588581830876
57 0.01675787858897905
58 0.015160735302628525
59 0.013716019822898017
60 0.012409146844703872
61 0.011226933572489462
62 0.010157463605101157
63 0.00918996425752246
0 10.41666666666668
1 8.643611064888837
2 7.245801145782241
3 6.130229058101576
4 5.229283641151567
5 4.493404605784919
6 3.8859392988983688
7 3.3795255541808964
8 2.9535354593613907
9 2.59225936021566
10 2.283608409839434
11 2.018181934943803
12 1.7885926640079728
13 1.5889751353081891
14 1.414624933950811
15 1.261731906113047
16 1.1271812915923562
17 1.0084042583751536
18 0.9032646143909915
19 0.8099721991411746
20 0.7270160953175547
21 0.6531126754330415
22 0.5871648379757892
23 0.5282297496096466
24 0.47549310467085404
25 0.42824841781299045
26 0.3858802343589652
27 0.3478504139980091
28 0.3136868440360101
29 0.28297408777345867
30 0.25534558555323816
31 0.2304771105135431
32 0.20808124526796565
33 0.18790269482166072
34 0.16971428882123243
35 0.15331355551862771
36 0.13851977266771837
37 0.12517141849830973
38 0.11312396007038036
39 0.10224792756184707
40 0.09242723203631782
41 0.08355769146773775
42 0.07554573564486772
43 0.06830726533106246
44 0.06176664493898506
45 0.05585581117071351
46 0.050513482708079885
47 0.04568445822362477
48 0.04131899180425329
49 0.03737223640503799
50 0.0338037472334764
51 0.030577038048017154
52 0.02765918427358324
53 0.025020467619226525
54 0.02263405755177985
55 0.020475725553035763
56 0.01852358858183087
57 0.01675787858897905
58 0.015160735302628504
59 0.013716019822898013
60 0.012409146844703891
61 0.011226933572489465
62 0.010157463605101138
63 0.009189964257522469
0 10.416666666666668
1 8.643611064888827
2 7.245801145782257
3 6.130229058101569
4 5.229283641151572
5 4.493404605784926
6 3.88593929889839
7 3.3795255541808884
8 2.9535354593613885
9 2.5922593602156647
10 2.283608409839437
11 2.0181819349437995
12 1.7885926640079695
13 1.5889751353081873
14 1.4146249339508112
15 1.2617319061130468
16 1.1271812915923596
17 1.0084042583751522
18 0.9032646143909897
19 0.8099721991411741
20 0.7270160953175555
21 0.6531126754330423
22 0.5871648379757896
23 0.5282297496096459
24 0.47549310467085465
25 0.4282484178129908
26 0.3858802343589643
27 0.3478504139980087
28 0.3136868440360102
29 0.28297408777345834
30 0.25534558555323866
31 0.23047711051354342
32 0.20808124526796545
33 0.18790269482166055
34 0.16971428882123274
35 0.15331355551862713
36 0.13851977266771798
37 0.12517141849830982
38 0.11312396007038021
39 0.10224792756184727
40 0.09242723203631756
41 0.08355769146773774
42 0.07554573564486769
43 0.06830726533106253
44 0.061766644938985066
45 0.055855811170713573
46 0.050513482708079795
47 0.04568445822362485
48 0.041318991804253274
49 0.03737223640503791
50 0.033803747233476414
51 0.03057703804801718
52 0.02765918427358322
53 0.025020467619226563
54 0.02263405755177985
55 0.02047572555303571
56 0.018523588581830855
57 0.016757878588979057
58 0.015160735302628504
59 0.01371601982289802
60 0.012409146844703883
61 0.011226933572489477
62 0.010157463605101134
63 0.009189964257522469
0 10.416666666666659
1 8.643611064888834
2 7.2458011457822495
3 6.1302290581015715
4 5.229283641151577
5 4.493404605784924
6 3.8859392988983825
7 3.379525554180894
8 2.9535354593613907
9 2.592259360215663
10 2.283608409839432
11 2.018181934943804
12 1.7885926640079728
13 1.588975135308189
14 1.4146249339508086
15 1.2617319061130452
16 1.1271812915923585
17 1.0084042583751542
18 0.9032646143909915
19 0.8099721991411755
20 0.727016095317554
21 0.6531126754330426
22 0.5871648379757894
23 0.5282297496096461
24 0.4754931046708538
25 0.4282484178129909
26 0.3858802343589648
27 0.3478504139980094
28 0.313686844036011
29 0.28297408777345834
30 0.2553455855532381
31 0.2304771105135429
32 0.20808124526796562
33 0.18790269482166005
34 0.16971428882123235
35 0.1533135555186272
36 0.13851977266771795
37 0.12517141849830996
38 0.11312396007038046
39 0.10224792756184714
40 0.09242723203631782
41 0.08355769146773785
42 0.07554573564486765
43 0.06830726533106259
44 0.06176664493898507
45 0.05585581117071354
46 0.050513482708079885
47 0.04568445822362485
48 0.041318991804253205
49 0.03737223640503796
50 0.03380374723347645
51 0.030577038048017213
52 0.027659184273583274
53 0.025020467619226505
54 0.02263405755177989
55 0.020475725553035704
56 0.018523588581830844
57 0.016757878588979043
58 0.015160735302628518
59 0.013716019822898036
60 0.012409146844703876
61 0.011226933572489446
62 0.01015746360510115
63 0.009189964257522469
0 10.416666666666664
1 8.64361106488883
2 7.245801145782251
3 6.130229058101569
4 5.229283641151567
5 4.493404605784924
6 3.885939298898385
7 3.3795255541808884
8 2.9535354593614
9 2.592259360215657
10 2.283608409839432
11 2.0181819349438
12 1.7885926640079717
13 1.5889751353081905
14 1.4146249339508092
15 1.2617319061130459
16 1.1271812915923607
17 1.0084042583751547
18 0.9032646143909886
19 0.8099721991411751
20 0.7270160953175544
21 0.6531126754330423
22 0.5871648379757886
23 0.5282297496096465
24 0.4754931046708538
25 0.428248417812991
26 0.38588023435896496
27 0.3478504139980092
28 0.3136868440360106
29 0.28297408777345867
30 0.2553455855532391
31 0.2304771105135431
32 0.20808124526796543
33 0.1879026948216602
34 0.1697142888212326
35 0.15331355551862733
36 0.13851977266771806
37 0.1251714184983099
38 0.11312396007038032
39 0.10224792756184722
40 0.09242723203631786
41 0.08355769146773787
42 0.07554573564486769
43 0.06830726533106242
44 0.06176664493898513
45 0.05585581117071354
46 0.050513482708079885
47 0.04568445822362476
48 0.04131899180425323
49 0.03737223640503801
50 0.03380374723347648
51 0.03057703804801715
52 0.027659184273583222
53 0.025020467619226515
54 0.022634057551779874
55 0.020475725553035732
56 0.018523588581830848
57 0.016757878588979026
58 0.015160735302628525
59 0.013716019822898008
60 0.01240914684470387
61 0.011226933572489469
62 0.010157463605101126
63 0.009189964257522465
0 10.416666666666664
1 8.643611064888843
2 7.245801145782249
3 6.13022905810158
4 5.229283641151574
5 4.493404605784921
6 3.885939298898388
7 3.379525554180885
8 2.95353545936139
9 2.5922593602156607
10 2.283608409839434
11 2.0181819349437986
12 1.788592664007969
13 1.588975135308191
14 1.414624933950811
15 1.2617319061130474
16 1.127181291592359
17 1.0084042583751531
18 0.9032646143909905
19 0.8099721991411772
20 0.7270160953175532
21 0.6531126754330433
22 0.5871648379757892
23 0.528229749609646
24 0.47549310467085437
25 0.42824841781299006
26 0.3858802343589653
27 0.3478504139980092
28 0.3136868440360104
29 0.282974087773459
30 0.255345585553239
31 0.2304771105135429
32 0.20808124526796595
33 0.18790269482166067
34 0.1697142888212325
35 0.1533135555186272
36 0.13851977266771814
37 0.1251714184983096
38 0.11312396007038046
39 0.10224792756184713
40 0.09242723203631797
41 0.08355769146773777
42 0.07554573564486756
43 0.06830726533106245
44 0.06176664493898509
45 0.05585581117071354
46 0.05051348270807976
47 0.04568445822362476
48 0.04131899180425326
49 0.03737223640503799
50 0.03380374723347642
51 0.030577038048017167
52 0.027659184273583264
53 0.02502046761922651
54 0.022634057551779826
55 0.020475725553035732
56 0.01852358858183086
57 0.01675787858897902
58 0.01516073530262851
59 0.013716019822898023
60 0.012409146844703891
61 0.011226933572489465
62 0.010157463605101138
63 0.009189964257522451
0 10.416666666666682
1 8.643611064888825
2 7.245801145782257
3 6.130229058101576
4 5.229283641151571
5 4.493404605784924
6 3.8859392988983736
7 3.3795255541808835
8 2.9535354593613863
9 2.5922593602156585
10 2.2836084098394336
11 2.0181819349438026
12 1.7885926640079717
13 1.5889751353081913
14 1.4146249339508106
15 1.2617319061130454
16 1.1271812915923625
17 1.0084042583751527
18 0.9032646143909894
19 0.8099721991411755
20 0.7270160953175547
21 0.6531126754330424
22 0.5871648379757907
23 0.5282297496096465
24 0.4754931046708537
25 0.4282484178129902
26 0.385880234358965
27 0.3478504139980095
28 0.3136868440360108
29 0.28297408777345867
30 0.2553455855532384
31 0.23047711051354292
32 0.20808124526796573
33 0.18790269482166033
34 0.16971428882123232
35 0.1533135555186274
36 0.13851977266771784
37 0.1251714184983097
38 0.11312396007038031
39 0.10224792756184725
40 0.09242723203631774
41 0.08355769146773788
42 0.07554573564486775
43 0.06830726533106249
44 0.06176664493898507
45 0.05585581117071356
46 0.050513482708079746
47 0.04568445822362487
48 0.04131899180425316
49 0.03737223640503795
50 0.03380374723347636
51 0.03057703804801722
52 0.027659184273583257
53 0.02502046761922652
54 0.022634057551779864
55 0.02047572555303571
56 0.018523588581830897
57 0.016757878588979036
58 0.015160735302628518
59 0.013716019822898001
60 0.01240914684470389
61 0.011226933572489469
62 0.010157463605101153
63 0.009189964257522464
0 10.416666666666682
1 8.643611064888836
2 7.245801145782251
3 6.130229058101589
4 5.2292836411515795
5 4.4934046057849235
6 3.8859392988983816
7 3.379525554180891
8 2.9535354593613956
9 2.592259360215664
10 2.2836084098394345
11 2.0181819349438017
12 1.7885926640079708
13 1.5889751353081902
14 1.414624933950811
15 1.261731906113047
16 1.1271812915923596
17 1.0084042583751525
18 0.9032646143909877
19 0.8099721991411744
20 0.7270160953175552
21 0.6531126754330414
22 0.5871648379757893
23 0.5282297496096464
24 0.4754931046708537
25 0.4282484178129909
26 0.385880234358965
27 0.34785041399800964
28 0.3136868440360105
29 0.2829740877734587
30 0.2553455855532383
31 0.23047711051354294
32 0.20808124526796543
33 0.18790269482166042
34 0.16971428882123232
35 0.15331355551862727
36 0.13851977266771756
37 0.12517141849830998
38 0.11312396007038023
39 0.10224792756184727
40 0.09242723203631782
41 0.08355769146773771
42 0.07554573564486765
43 0.06830726533106242
44 0.061766644938985045
45 0.05585581117071355
46 0.05051348270807982
47 0.04568445822362476
48 0.04131899180425322
49 0.03737223640503795
50 0.033803747233476386
51 0.03057703804801717
52 0.02765918427358322
53 0.02502046761922654
54 0.02263405755177985
55 0.020475725553035798
56 0.01852358858183089
57 0.016757878588979057
58 0.015160735302628521
59 0.013716019822898029
60 0.012409146844703886
61 0.01122693357248946
62 0.010157463605101133
63 0.009189964257522464
0 10.416666666666659
1 8.643611064888841
2 7.245801145782241
3 6.130229058101573
4 5.229283641151569
5 4.4934046057849235
6 3.885939298898379
7 3.3795255541808995
8 2.9535354593613943
9 2.592259360215664
10 2.283608409839433
11 2.018181934943805
12 1.7885926640079703
13 1.5889751353081902
14 1.4146249339508103
15 1.2617319061130474
16 1.1271812915923602
17 1.0084042583751536
18 0.9032646143909892
19 0.8099721991411754
20 0.7270160953175557
21 0.6531126754330424
22 0.5871648379757906
23 0.5282297496096466
24 0.47549310467085404
25 0.42824841781299
26 0.38588023435896546
27 0.34785041399800926
28 0.31368684403601005
29 0.28297408777345895
30 0.2553455855532382
31 0.23047711051354267
32 0.2080812452679656
33 0.18790269482166058
34 0.16971428882123227
35 0.15331355551862724
36 0.1385197726677181
37 0.12517141849831015
38 0.11312396007038014
39 0.10224792756184706
40 0.09242723203631781
41 0.08355769146773771
42 0.07554573564486769
43 0.06830726533106243
44 0.06176664493898501
45 0.055855811170713636
46 0.050513482708079885
47 0.04568445822362479
48 0.04131899180425322
49 0.03737223640503804
50 0.03380374723347642
51 0.030577038048017164
52 0.027659184273583264
53 0.025020467619226515
54 0.02263405755177986
55 0.020475725553035694
56 0.018523588581830865
57 0.016757878588979057
58 0.01516073530262851
59 0.013716019822898013
60 0.012409146844703869
61 0.01122693357248946
62 0.010157463605101167
63 0.009189964257522465
0 10.416666666666687
1 8.643611064888834
2 7.245801145782247
3 6.130229058101581
4 5.229283641151576
5 4.493404605784919
6 3.8859392988983776
7 3.3795255541808897
8 2.9535354593613943
9 2.5922593602156616
10 2.2836084098394345
11 2.0181819349438
12 1.7885926640079708
13 1.5889751353081891
14 1.4146249339508092
15 1.2617319061130468
16 1.1271812915923625
17 1.0084042583751536
18 0.9032646143909889
19 0.8099721991411756
20 0.7270160953175545
21 0.6531126754330426
22 0.5871648379757899
23 0.5282297496096464
24 0.475493104670853
25 0.4282484178129909
26 0.38588023435896474
27 0.3478504139980102
28 0.313686844036011
29 0.28297408777345884
30 0.25534558555323805
31 0.23047711051354272
32 0.20808124526796526
33 0.18790269482166005
34 0.16971428882123266
35 0.15331355551862735
36 0.1385197726677181
37 0.12517141849830982
38 0.11312396007038049
39 0.10224792756184714
40 0.09242723203631767
41 0.08355769146773792
42 0.07554573564486773
43 0.06830726533106254
44 0.06176664493898508
45 0.05585581117071354
46 0.050513482708079864
47 0.04568445822362485
48 0.041318991804253205
49 0.037372236405038
50 0.0338037472334764
51 0.030577038048017226
52 0.02765918427358321
53 0.025020467619226546
54 0.022634057551779836
55 0.020475725553035746
56 0.018523588581830844
57 0.016757878588979067
58 0.015160735302628547
59 0.013716019822898013
60 0.012409146844703877
61 0.011226933572489477
62 0.01015746360510114
63 0.009189964257522448
0 10.41666666666666
1 8.643611064888818
2 7.245801145782249
3 6.130229058101575
4 5.2292836411515795
5 4.493404605784923
6 3.8859392988983785
7 3.3795255541808893
8 2.953535459361386
9 2.5922593602156607
10 2.283608409839435
11 2.018181934943803
12 1.7885926640079695
13 1.5889751353081898
14 1.4146249339508132
15 1.2617319061130463
16 1.1271812915923594
17 1.0084042583751542
18 0.9032646143909897
19 0.8099721991411765
20 0.7270160953175552
21 0.653112675433041
22 0.5871648379757896
23 0.5282297496096467
24 0.4754931046708552
25 0.4282484178129902
26 0.3858802343589656
27 0.3478504139980096
28 0.31368684403601027
29 0.28297408777345895
30 0.2553455855532385
31 0.23047711051354317
32 0.2080812452679658
33 0.18790269482166005
34 0.16971428882123263
35 0.15331355551862755
36 0.1385197726677181
37 0.12517141849830973
38 0.11312396007038039
39 0.10224792756184732
40 0.09242723203631782
41 0.08355769146773777
42 0.0755457356448676
43 0.06830726533106242
44 0.061766644938985114
45 0.05585581117071347
46 0.05051348270807988
47 0.04568445822362487
48 0.041318991804253254
49 0.037372236405038
50 0.03380374723347644
51 0.03057703804801722
52 0.0276591842735832
53 0.02502046761922652
54 0.022634057551779815
55 0.020475725553035735
56 0.01852358858183088
57 0.016757878588979046
58 0.015160735302628509
59 0.01371601982289802
60 0.01240914684470389
61 0.011226933572489474
62 0.010157463605101147
63 0.009189964257522448
0 10.416666666666671
1 8.643611064888823
2 7.2458011457822495
3 6.130229058101575
4 5.229283641151577
5 4.493404605784922
6 3.885939298898385
7 3.3795255541808906
8 2.9535354593613894
9 2.592259360215659
10 2.283608409839437
11 2.0181819349438026
12 1.78859266400797
13 1.5889751353081913
14 1.4146249339508132
15 1.2617319061130474
16 1.127181291592359
17 1.0084042583751553
18 0.9032646143909889
19 0.8099721991411762
20 0.7270160953175541
21 0.6531126754330422
22 0.5871648379757904
23 0.5282297496096471
24 0.47549310467085404
25 0.42824841781299045
26 0.3858802343589645
27 0.34785041399800853
28 0.313686844036011
29 0.28297408777345834
30 0.2553455855532384
31 0.2304771105135429
32 0.2080812452679655
33 0.1879026948216604
34 0.16971428882123282
35 0.15331355551862746
36 0.13851977266771795
37 0.12517141849830987
38 0.1131239600703803
39 0.10224792756184722
40 0.0924272320363178
41 0.08355769146773759
42 0.0755457356448678
43 0.06830726533106252
44 0.061766644938985184
45 0.05585581117071355
46 0.05051348270807986
47 0.0456844582236247
48 0.04131899180425322
49 0.03737223640503795
50 0.033803747233476386
51 0.030577038048017147
52 0.027659184273583194
53 0.025020467619226536
54 0.022634057551779826
55 0.02047572555303571
56 0.01852358858183087
57 0.016757878588979033
58 0.0151607353026285
59 0.013716019822898001
60 0.01240914684470387
61 0.011226933572489465
62 0.01015746360510115
63 0.00918996425752246
0 10.416666666666671
1 8.643611064888825
2 7.245801145782255
3 6.13022905810158
4 5.229283641151569
5 4.493404605784926
6 3.885939298898385
7 3.379525554180883
8 2.953535459361391
9 2.5922593602156576
10 2.2836084098394336
11 2.018181934943801
12 1.7885926640079686
13 1.588975135308189
14 1.4146249339508117
15 1.2617319061130468
16 1.1271812915923587
17 1.0084042583751538
18 0.9032646143909895
19 0.8099721991411742
20 0.7270160953175542
21 0.653112675433041
22 0.5871648379757893
23 0.5282297496096466
24 0.4754931046708544
25 0.4282484178129908
26 0.3858802343589655
27 0.34785041399800926
28 0.3136868440360107
29 0.2829740877734583
30 0.2553455855532383
31 0.23047711051354275
32 0.2080812452679656
33 0.18790269482166003
34 0.16971428882123285
35 0.1533135555186274
36 0.13851977266771828
37 0.12517141849830998
38 0.1131239600703803
39 0.1022479275618472
40 0.09242723203631771
41 0.0835576914677378
42 0.07554573564486769
43 0.06830726533106245
44 0.06176664493898501
45 0.05585581117071356
46 0.0505134827080799
47 0.04568445822362482
48 0.041318991804253254
49 0.03737223640503796
50 0.033803747233476365
51 0.03057703804801722
52 0.027659184273583222
53 0.02502046761922654
54 0.022634057551779836
55 0.020475725553035704
56 0.018523588581830893
57 0.016757878588979074
58 0.015160735302628531
59 0.01371601982289802
60 0.012409146844703877
61 0.011226933572489486
62 0.010157463605101141
63 0.009189964257522458
0 10.41666666666666
1 8.643611064888828
2 7.245801145782255
3 6.130229058101572
4 5.229283641151572
5 4.49340460578492
6 3.8859392988983816
7 3.3795255541808906
8 2.9535354593613947
9 2.5922593602156616
10 2.28360840983943
11 2.018181934943803
12 1.788592664007967
13 1.5889751353081885
14 1.4146249339508103
15 1.2617319061130468
16 1.12718129159236
17 1.0084042583751536
18 0.9032646143909883
19 0.8099721991411751
20 0.7270160953175551
21 0.6531126754330424
22 0.587164837975789
23 0.5282297496096455
24 0.47549310467085404
25 0.4282484178129909
26 0.38588023435896446
27 0.3478504139980091
28 0.31368684403601044
29 0.282974087773459
30 0.2553455855532387
31 0.23047711051354322
32 0.20808124526796606
33 0.1879026948216603
34 0.1697142888212329
35 0.15331355551862735
36 0.138519772667718
37 0.12517141849830984
38 0.11312396007038054
39 0.102247927561847
40 0.0924272320363178
41 0.08355769146773777
42 0.07554573564486773
43 0.06830726533106243
44 0.061766644938985156
45 0.05585581117071347
46 0.05051348270807986
47 0.04568445822362481
48 0.04131899180425319
49 0.03737223640503795
50 0.0338037472334764
51 0.03057703804801713
52 0.02765918427358321
53 0.025020467619226456
54 0.02263405755177989
55 0.02047572555303571
56 0.018523588581830848
57 0.016757878588979046
58 0.015160735302628493
59 0.013716019822898013
60 0.012409146844703883
61 0.01122693357248948
62 0.010157463605101152
63 0.009189964257522453
0 10.416666666666675
1 8.643611064888837
2 7.245801145782244
3 6.130229058101572
4 5.22928364115157
5 4.493404605784918
6 3.8859392988983754
7 3.3795255541808875
8 2.953535459361388
9 2.5922593602156567
10 2.283608409839434
11 2.0181819349437977
12 1.7885926640079717
13 1.5889751353081898
14 1.4146249339508095
15 1.2617319061130454
16 1.1271812915923611
17 1.0084042583751536
18 0.9032646143909888
19 0.8099721991411767
20 0.7270160953175543
21 0.6531126754330426
22 0.5871648379757897
23 0.5282297496096454
24 0.4754931046708527
25 0.428248417812991
26 0.38588023435896485
27 0.3478504139980089
28 0.3136868440360108
29 0.282974087773459
30 0.2553455855532384
31 0.23047711051354303
32 0.2080812452679656
33 0.18790269482166014
34 0.16971428882123243
35 0.1533135555186273
36 0.13851977266771792
37 0.12517141849830973
38 0.11312396007038039
39 0.10224792756184718
40 0.09242723203631781
41 0.0835576914677378
42 0.0755457356448677
43 0.06830726533106253
44 0.06176664493898507
45 0.05585581117071353
46 0.050513482708079885
47 0.04568445822362482
48 0.041318991804253205
49 0.037372236405038
50 0.03380374723347644
51 0.0305770380480172
52 0.027659184273583215
53 0.025020467619226546
54 0.022634057551779843
55 0.02047572555303574
56 0.018523588581830886
57 0.01675787858897902
58 0.015160735302628492
59 0.01371601982289802
60 0.01240914684470387
61 0.01122693357248946
62 0.010157463605101134
63 0.009189964257522465
0 10.416666666666652
1 8.643611064888841
2 7.245801145782247
3 6.130229058101569
4 5.229283641151584
5 4.49340460578492
6 3.8859392988983825
7 3.3795255541808835
8 2.9535354593613916
9 2.592259360215658
10 2.283608409839434
11 2.0181819349437995
12 1.7885926640079728
13 1.588975135308188
14 1.4146249339508112
15 1.2617319061130468
16 1.1271812915923598
17 1.008404258375152
18 0.9032646143909913
19 0.8099721991411767
20 0.7270160953175551
21 0.6531126754330429
22 0.5871648379757903
23 0.5282297496096467
24 0.47549310467085326
25 0.4282484178129909
26 0.3858802343589651
27 0.3478504139980096
28 0.3136868440360106
29 0.28297408777345895
30 0.25534558555323805
31 0.23047711051354378
32 0.20808124526796573
33 0.18790269482166058
34 0.1697142888212324
35 0.15331355551862746
36 0.138519772667718
37 0.12517141849830984
38 0.1131239600703803
39 0.10224792756184717
40 0.09242723203631772
41 0.08355769146773785
42 0.07554573564486777
43 0.06830726533106245
44 0.06176664493898517
45 0.055855811170713504
46 0.05051348270807979
47 0.0456844582236248
48 0.041318991804253254
49 0.037372236405037944
50 0.03380374723347649
51 0.030577038048017112
52 0.027659184273583264
53 0.025020467619226563
54 0.02263405755177988
55 0.02047572555303576
56 0.018523588581830844
57 0.01675787858897904
58 0.015160735302628486
59 0.013716019822897996
60 0.01240914684470388
61 0.011226933572489472
62 0.010157463605101134
63 0.00918996425752247
0 10.416666666666671
1 8.643611064888828
2 7.245801145782243
3 6.130229058101576
4 5.229283641151566
5 4.493404605784922
6 3.8859392988983776
7 3.3795255541808866
8 2.953535459361388
9 2.5922593602156625
10 2.283608409839433
11 2.018181934943804
12 1.7885926640079701
13 1.5889751353081922
14 1.4146249339508103
15 1.2617319061130448
16 1.1271812915923596
17 1.0084042583751542
18 0.90326461439099
19 0.8099721991411767
20 0.7270160953175543
21 0.6531126754330439
22 0.5871648379757893
23 0.5282297496096469
24 0.47549310467085326
25 0.4282484178129901
26 0.3858802343589648
27 0.3478504139980088
28 0.3136868440360108
29 0.2829740877734587
30 0.2553455855532384
31 0.23047711051354272
32 0.2080812452679658
33 0.18790269482166017
34 0.16971428882123266
35 0.1533135555186271
36 0.13851977266771806
37 0.12517141849830973
38 0.11312396007038016
39 0.10224792756184718
40 0.09242723203631793
41 0.08355769146773782
42 0.0755457356448676
43 0.06830726533106249
44 0.061766644938985094
45 0.05585581117071359
46 0.050513482708079885
47 0.04568445822362481
48 0.04131899180425322
49 0.03737223640503793
50 0.033803747233476414
51 0.030577038048017226
52 0.027659184273583246
53 0.025020467619226546
54 0.0226340575517799
55 0.02047572555303576
56 0.018523588581830886
57 0.016757878588979074
58 0.015160735302628518
59 0.01371601982289802
60 0.01240914684470386
61 0.011226933572489477
62 0.010157463605101136
63 0.00918996425752246
0 10.416666666666675
1 8.643611064888832
2 7.2458011457822495
3 6.13022905810158
4 5.229283641151572
5 4.493404605784925
6 3.8859392988983807
7 3.3795255541808884
8 2.953535459361391
9 2.5922593602156585
10 2.2836084098394305
11 2.0181819349438013
12 1.78859266400797
13 1.5889751353081905
14 1.4146249339508126
15 1.2617319061130448
16 1.1271812915923602
17 1.008404258375153
18 0.9032646143909897
19 0.809972199141175
20 0.7270160953175547
21 0.6531126754330442
22 0.5871648379757896
23 0.5282297496096472
24 0.4754931046708536
25 0.4282484178129907
26 0.38588023435896546
27 0.3478504139980097
28 0.3136868440360107
29 0.2829740877734584
30 0.2553455855532384
31 0.23047711051354272
32 0.2080812452679655
33 0.18790269482166022
34 0.16971428882123263
35 0.1533135555186273
36 0.1385197726677179
37 0.12517141849830998
38 0.11312396007038016
39 0.102247927561847
40 0.09242723203631767
41 0.08355769146773777
42 0.07554573564486765
43 0.06830726533106246
44 0.06176664493898508
45 0.05585581117071361
46 0.05051348270807985
47 0.04568445822362478
48 0.04131899180425318
49 0.03737223640503792
50 0.03380374723347645
51 0.030577038048017154
52 0.02765918427358323
53 0.025020467619226536
54 0.022634057551779833
55 0.02047572555303571
56 0.018523588581830865
57 0.01675787858897906
58 0.015160735302628528
59 0.013716019822898036
60 0.012409146844703869
61 0.011226933572489457
62 0.010157463605101136
63 0.009189964257522467
0 10.416666666666673
1 8.643611064888818
2 7.2458011457822415
3 6.130229058101573
4 5.229283641151572
5 4.493404605784919
6 3.885939298898374
7 3.3795255541808875
8 2.953535459361392
9 2.5922593602156603
10 2.283608409839434
11 2.018181934943801
12 1.78859266400797
13 1.5889751353081878
14 1.41462493395081
15 1.2617319061130468
16 1.1271812915923587
17 1.008404258375153
18 0.9032646143909895
19 0.8099721991411754
20 0.727016095317554
21 0.6531126754330412
22 0.5871648379757897
23 0.5282297496096471
24 0.4754931046708537
25 0.4282484178129906
26 0.38588023435896474
27 0.34785041399800914
28 0.3136868440360109
29 0.2829740877734588
30 0.2553455855532385
31 0.23047711051354328
32 0.20808124526796554
33 0.18790269482166008
34 0.16971428882123246
35 0.15331355551862727
36 0.13851977266771806
37 0.12517141849830987
38 0.11312396007038034
39 0.10224792756184722
40 0.0924272320363178
41 0.0835576914677378
42 0.07554573564486781
43 0.06830726533106238
44 0.061766644938985024
45 0.05585581117071351
46 0.0505134827080799
47 0.04568445822362479
48 0.04131899180425326
49 0.03737223640503795
50 0.03380374723347638
51 0.030577038048017185
52 0.027659184273583208
53 0.025020467619226498
54 0.02263405755177988
55 0.02047572555303574
56 0.018523588581830855
57 0.016757878588979053
58 0.015160735302628493
59 0.013716019822898023
60 0.012409146844703869
61 0.011226933572489457
62 0.010157463605101127
63 0.00918996425752243
0 10.416666666666682
1 8.643611064888828
2 7.245801145782243
3 6.1302290581015715
4 5.229283641151581
5 4.493404605784919
6 3.8859392988983785
7 3.379525554180893
8 2.9535354593613916
9 2.5922593602156625
10 2.283608409839433
11 2.018181934943804
12 1.7885926640079728
13 1.588975135308187
14 1.4146249339508097
15 1.2617319061130452
16 1.1271812915923618
17 1.0084042583751558
18 0.9032646143909897
19 0.8099721991411758
20 0.7270160953175531
21 0.6531126754330436
22 0.5871648379757906
23 0.5282297496096462
24 0.47549310467085293
25 0.4282484178129913
26 0.38588023435896485
27 0.34785041399800987
28 0.313686844036011
29 0.2829740877734591
30 0.25534558555323833
31 0.2304771105135431
32 0.20808124526796595
33 0.18790269482166028
34 0.16971428882123266
35 0.15331355551862733
36 0.13851977266771814
37 0.12517141849830996
38 0.11312396007038046
39 0.10224792756184727
40 0.0924272320363178
41 0.08355769146773777
42 0.07554573564486775
43 0.06830726533106242
44 0.06176664493898505
45 0.055855811170713573
46 0.050513482708079864
47 0.04568445822362481
48 0.04131899180425325
49 0.03737223640503787
50 0.03380374723347644
51 0.03057703804801722
52 0.027659184273583257
53 0.02502046761922654
54 0.022634057551779874
55 0.020475725553035735
56 0.01852358858183086
57 0.016757878588979053
58 0.015160735302628518
59 0.013716019822898063
60 0.012409146844703857
61 0.011226933572489474
62 0.010157463605101153
63 0.009189964257522464
0 10.416666666666666
1 8.643611064888837
2 7.245801145782245
3 6.130229058101567
4 5.2292836411515795
5 4.493404605784925
6 3.88593929889838
7 3.379525554180892
8 2.9535354593613867
9 2.5922593602156616
10 2.283608409839434
11 2.0181819349438057
12 1.7885926640079723
13 1.588975135308187
14 1.414624933950811
15 1.2617319061130456
16 1.1271812915923598
17 1.0084042583751553
18 0.903264614390989
19 0.8099721991411746
20 0.7270160953175542
21 0.6531126754330421
22 0.5871648379757904
23 0.5282297496096461
24 0.47549310467085465
25 0.4282484178129907
26 0.3858802343589648
27 0.3478504139980093
28 0.31368684403601005
29 0.2829740877734587
30 0.25534558555323805
31 0.23047711051354286
32 0.208081245267966
33 0.18790269482166022
34 0.1697142888212326
35 0.15331355551862727
36 0.1385197726677178
37 0.12517141849830954
38 0.11312396007038067
39 0.10224792756184718
40 0.09242723203631785
41 0.08355769146773792
42 0.07554573564486766
43 0.06830726533106236
44 0.061766644938985114
45 0.05585581117071359
46 0.05051348270807988
47 0.04568445822362479
48 0.04131899180425322
49 0.037372236405038006
50 0.03380374723347636
51 0.030577038048017136
52 0.027659184273583198
53 0.025020467619226536
54 0.022634057551779836
55 0.020475725553035777
56 0.01852358858183088
57 0.016757878588979026
58 0.015160735302628514
59 0.01371601982289804
60 0.012409146844703877
61 0.011226933572489467
62 0.01015746360510114
63 0.009189964257522443
0 10.416666666666645
1 8.64361106488883
2 7.245801145782247
3 6.130229058101571
4 5.229283641151577
5 4.493404605784919
6 3.8859392988983834
7 3.3795255541808933
8 2.953535459361391
9 2.592259360215667
10 2.28360840983943
11 2.018181934943801
12 1.7885926640079697
13 1.588975135308188
14 1.4146249339508092
15 1.2617319061130439
16 1.1271812915923596
17 1.0084042583751562
18 0.9032646143909895
19 0.8099721991411748
20 0.7270160953175547
21 0.6531126754330424
22 0.58716483797579
23 0.528229749609647
24 0.4754931046708539
25 0.4282484178129909
26 0.38588023435896457
27 0.34785041399800887
28 0.313686844036011
29 0.2829740877734587
30 0.25534558555323833
31 0.2304771105135427
32 0.20808124526796623
33 0.18790269482166067
34 0.16971428882123266
35 0.153313555518627
36 0.1385197726677182
37 0.12517141849830993
38 0.11312396007038043
39 0.10224792756184725
40 0.09242723203631767
41 0.08355769146773769
42 0.07554573564486777
43 0.06830726533106242
44 0.06176664493898501
45 0.055855811170713594
46 0.05051348270807988
47 0.045684458223624796
48 0.04131899180425322
49 0.037372236405037965
50 0.03380374723347649
51 0.030577038048017185
52 0.027659184273583225
53 0.025020467619226546
54 0.022634057551779854
55 0.020475725553035746
56 0.01852358858183087
57 0.016757878588979064
58 0.015160735302628502
59 0.013716019822898013
60 0.012409146844703841
61 0.011226933572489465
62 0.01015746360510115
63 0.00918996425752245
0 10.416666666666684
1 8.643611064888834
2 7.245801145782234
3 6.130229058101578
4 5.229283641151574
5 4.493404605784929
6 3.885939298898377
7 3.3795255541808857
8 2.9535354593613885
9 2.592259360215663
10 2.283608409839433
11 2.0181819349438044
12 1.7885926640079695
13 1.5889751353081905
14 1.4146249339508106
15 1.2617319061130463
16 1.1271812915923598
17 1.0084042583751542
18 0.9032646143909893
19 0.8099721991411761
20 0.7270160953175551
21 0.6531126754330415
22 0.5871648379757892
23 0.5282297496096462
24 0.4754931046708539
25 0.4282484178129909
26 0.38588023435896457
27 0.3478504139980095
28 0.3136868440360105
29 0.282974087773459
30 0.2553455855532387
31 0.230477110513543
32 0.20808124526796595
33 0.1879026948216605
34 0.16971428882123263
35 0.1533135555186274
36 0.13851977266771814
37 0.12517141849830973
38 0.11312396007038039
39 0.10224792756184727
40 0.0924272320363178
41 0.08355769146773777
42 0.07554573564486769
43 0.06830726533106242
44 0.061766644938985045
45 0.055855811170713594
46 0.050513482708079885
47 0.04568445822362483
48 0.04131899180425325
49 0.037372236405038
50 0.033803747233476435
51 0.030577038048017226
52 0.027659184273583257
53 0.025020467619226515
54 0.02263405755177988
55 0.020475725553035753
56 0.01852358858183088
57 0.016757878588979078
58 0.015160735302628535
59 0.013716019822898013
60 0.012409146844703855
61 0.011226933572489465
62 0.010157463605101159
63 0.009189964257522464
0 10.416666666666664
1 8.643611064888855
2 7.245801145782249
3 6.130229058101578
4 5.229283641151574
5 4.493404605784924
6 3.8859392988983825
7 3.3795255541808857
8 2.9535354593613934
9 2.5922593602156625
10 2.283608409839433
11 2.0181819349438
12 1.7885926640079737
13 1.5889751353081891
14 1.41462493395081
15 1.2617319061130448
16 1.1271812915923607
17 1.0084042583751534
18 0.9032646143909894
19 0.8099721991411762
20 0.7270160953175561
21 0.6531126754330417
22 0.5871648379757899
23 0.5282297496096467
24 0.47549310467085437
25 0.4282484178129908
26 0.3858802343589651
27 0.3478504139980093
28 0.3136868440360111
29 0.28297408777345834
30 0.25534558555323855
31 0.230477110513543
32 0.20808124526796595
33 0.1879026948216604
34 0.16971428882123238
35 0.15331355551862716
36 0.13851977266771778
37 0.1251714184983098
38 0.11312396007038016
39 0.10224792756184727
40 0.09242723203631768
41 0.08355769146773771
42 0.07554573564486773
43 0.06830726533106242
44 0.06176664493898514
45 0.05585581117071361
46 0.05051348270807985
47 0.04568445822362485
48 0.04131899180425318
49 0.03737223640503797
50 0.03380374723347643
51 0.03057703804801718
52 0.027659184273583257
53 0.02502046761922654
54 0.022634057551779847
55 0.020475725553035763
56 0.0185235885818309
57 0.016757878588979074
58 0.015160735302628525
59 0.013716019822898001
60 0.012409146844703869
61 0.011226933572489448
62 0.010157463605101145
63 0.00918996425752246
0 10.416666666666663
1 8.643611064888827
2 7.245801145782232
3 6.130229058101572
4 5.2292836411515715
5 4.4934046057849155
6 3.8859392988983763
7 3.3795255541808897
8 2.953535459361392
9 2.5922593602156616
10 2.283608409839435
11 2.018181934943804
12 1.7885926640079708
13 1.5889751353081898
14 1.4146249339508112
15 1.261731906113047
16 1.1271812915923618
17 1.0084042583751556
18 0.9032646143909889
19 0.8099721991411759
20 0.7270160953175545
21 0.6531126754330429
22 0.5871648379757892
23 0.5282297496096453
24 0.475493104670855
25 0.4282484178129906
26 0.38588023435896485
27 0.34785041399800887
28 0.3136868440360105
29 0.28297408777345856
30 0.2553455855532385
31 0.23047711051354322
32 0.20808124526796562
33 0.18790269482166047
34 0.1697142888212327
35 0.15331355551862702
36 0.13851977266771814
37 0.1251714184983096
38 0.11312396007038028
39 0.10224792756184725
40 0.09242723203631785
41 0.08355769146773785
42 0.07554573564486783
43 0.0683072653310625
44 0.061766644938984996
45 0.055855811170713573
46 0.050513482708079906
47 0.04568445822362481
48 0.04131899180425319
49 0.037372236405037944
50 0.03380374723347644
51 0.030577038048017185
52 0.027659184273583232
53 0.025020467619226563
54 0.022634057551779822
55 0.02047572555303575
56 0.018523588581830903
57 0.016757878588979026
58 0.015160735302628507
59 0.013716019822898018
60 0.012409146844703865
61 0.011226933572489486
62 0.010157463605101138
63 0.00918996425752245
0 10.416666666666657
1 8.64361106488883
2 7.245801145782242
3 6.130229058101569
4 5.229283641151578
5 4.493404605784931
6 3.8859392988983754
7 3.379525554180886
8 2.9535354593613894
9 2.592259360215663
10 2.2836084098394314
11 2.018181934943796
12 1.7885926640079717
13 1.5889751353081887
14 1.4146249339508075
15 1.2617319061130474
16 1.12718129159236
17 1.0084042583751531
18 0.9032646143909886
19 0.8099721991411756
20 0.7270160953175543
21 0.6531126754330422
22 0.5871648379757896
23 0.528229749609646
24 0.4754931046708533
25 0.42824841781299144
26 0.385880234358965
27 0.3478504139980097
28 0.3136868440360105
29 0.2829740877734586
30 0.2553455855532382
31 0.23047711051354303
32 0.2080812452679658
33 0.18790269482166028
34 0.16971428882123243
35 0.1533135555186272
36 0.13851977266771795
37 0.12517141849830968
38 0.1131239600703803
39 0.10224792756184717
40 0.0924272320363178
41 0.08355769146773771
42 0.07554573564486779
43 0.0683072653310625
44 0.061766644938985114
45 0.05585581117071349
46 0.05051348270807983
47 0.0456844582236247
48 0.041318991804253226
49 0.03737223640503794
50 0.033803747233476386
51 0.0305770380480172
52 0.027659184273583198
53 0.02502046761922653
54 0.022634057551779822
55 0.020475725553035753
56 0.01852358858183085
57 0.01675787858897904
58 0.015160735302628518
59 0.01371601982289801
60 0.012409146844703864
61 0.011226933572489464
62 0.010157463605101147
63 0.00918996425752247
0 10.416666666666652
1 8.643611064888818
2 7.245801145782242
3 6.130229058101569
4 5.229283641151567
5 4.4934046057849235
6 3.8859392988983834
7 3.3795255541808857
8 2.9535354593613956
9 2.5922593602156616
10 2.283608409839439
11 2.0181819349438
12 1.78859266400797
13 1.5889751353081862
14 1.41462493395081
15 1.261731906113046
16 1.127181291592362
17 1.0084042583751527
18 0.9032646143909887
19 0.8099721991411758
20 0.7270160953175541
21 0.6531126754330427
22 0.5871648379757894
23 0.5282297496096472
24 0.47549310467085415
25 0.4282484178129909
26 0.3858802343589647
27 0.3478504139980094
28 0.3136868440360111
29 0.28297408777345867
30 0.2553455855532385
31 0.23047711051354297
32 0.20808124526796581
33 0.1879026948216605
34 0.1697142888212325
35 0.15331355551862746
36 0.1385197726677178
37 0.1251714184983099
38 0.11312396007038028
39 0.10224792756184725
40 0.0924272320363178
41 0.08355769146773777
42 0.07554573564486781
43 0.06830726533106236
44 0.0617666449389851
45 0.05585581117071356
46 0.05051348270807986
47 0.045684458223624755
48 0.041318991804253205
49 0.03737223640503794
50 0.033803747233476435
51 0.0305770380480172
52 0.027659184273583246
53 0.025020467619226498
54 0.022634057551779843
55 0.02047572555303571
56 0.01852358858183088
57 0.016757878588979026
58 0.015160735302628525
59 0.013716019822898018
60 0.012409146844703858
61 0.011226933572489474
62 0.01015746360510114
63 0.009189964257522455
0 10.416666666666648
1 8.64361106488884
2 7.245801145782237
3 6.130229058101576
4 5.229283641151576
5 4.493404605784918
6 3.8859392988983825
7 3.379525554180894
8 2.9535354593613956
9 2.5922593602156554
10 2.2836084098394362
11 2.0181819349438053
12 1.7885926640079712
13 1.588975135308191
14 1.4146249339508097
15 1.261731906113047
16 1.127181291592359
17 1.0084042583751534
18 0.903264614390988
19 0.8099721991411731
20 0.7270160953175548
21 0.6531126754330424
22 0.5871648379757903
23 0.5282297496096461
24 0.47549310467085437
25 0.4282484178129906
26 0.3858802343589653
27 0.34785041399800903
28 0.31368684403601066
29 0.28297408777345895
30 0.2553455855532385
31 0.23047711051354286
32 0.20808124526796562
33 0.18790269482166033
34 0.16971428882123252
35 0.15331355551862713
36 0.13851977266771812
37 0.12517141849830965
38 0.11312396007038042
39 0.1022479275618473
40 0.09242723203631786
41 0.08355769146773773
42 0.07554573564486763
43 0.06830726533106236
44 0.0617666449389851
45 0.055855811170713594
46 0.050513482708079885
47 0.04568445822362474
48 0.04131899180425322
49 0.03737223640503787
50 0.03380374723347648
51 0.030577038048017147
52 0.027659184273583257
53 0.025020467619226494
54 0.02263405755177986
55 0.020475725553035725
56 0.018523588581830855
57 0.01675787858897904
58 0.015160735302628525
59 0.013716019822898011
60 0.012409146844703876
61 0.011226933572489462
62 0.010157463605101145
63 0.009189964257522458
0 10.416666666666668
1 8.643611064888823
2 7.245801145782245
3 6.130229058101572
4 5.229283641151573
5 4.49340460578492
6 3.885939298898378
7 3.3795255541808875
8 2.953535459361388
9 2.592259360215665
10 2.2836084098394385
11 2.0181819349437986
12 1.7885926640079728
13 1.5889751353081887
14 1.4146249339508103
15 1.2617319061130459
16 1.1271812915923598
17 1.008404258375153
18 0.9032646143909893
19 0.8099721991411772
20 0.7270160953175544
21 0.6531126754330429
22 0.5871648379757898
23 0.5282297496096462
24 0.47549310467085426
25 0.4282484178129907
26 0.3858802343589648
27 0.3478504139980089
28 0.3136868440360104
29 0.2829740877734584
30 0.25534558555323855
31 0.23047711051354317
32 0.20808124526796573
33 0.18790269482166028
34 0.1697142888212328
35 0.15331355551862702
36 0.13851977266771792
37 0.12517141849830976
38 0.11312396007038035
39 0.10224792756184722
40 0.09242723203631807
41 0.08355769146773767
42 0.07554573564486772
43 0.06830726533106253
44 0.06176664493898507
45 0.055855811170713525
46 0.0505134827080799
47 0.04568445822362485
48 0.041318991804253274
49 0.03737223640503795
50 0.03380374723347642
51 0.030577038048017178
52 0.02765918427358328
53 0.025020467619226498
54 0.022634057551779798
55 0.020475725553035732
56 0.018523588581830886
57 0.01675787858897903
58 0.015160735302628518
59 0.013716019822898027
60 0.012409146844703886
61 0.011226933572489458
62 0.010157463605101136
63 0.009189964257522458
0 10.416666666666679
1 8.64361106488885
2 7.245801145782236
3 6.130229058101575
4 5.229283641151569
5 4.493404605784928
6 3.885939298898374
7 3.3795255541808897
8 2.953535459361391
9 2.59225936021566
10 2.283608409839438
11 2.018181934943803
12 1.7885926640079697
13 1.5889751353081876
14 1.4146249339508101
15 1.2617319061130472
16 1.1271812915923591
17 1.008404258375153
18 0.9032646143909887
19 0.8099721991411742
20 0.727016095317554
21 0.653112675433041
22 0.5871648379757902
23 0.5282297496096456
24 0.47549310467085326
25 0.4282484178129907
26 0.3858802343589648
27 0.3478504139980097
28 0.3136868440360108
29 0.2829740877734586
30 0.255345585553238
31 0.23047711051354317
32 0.20808124526796573
33 0.1879026948216601
34 0.16971428882123232
35 0.1533135555186275
36 0.13851977266771798
37 0.12517141849830996
38 0.11312396007038021
39 0.10224792756184738
40 0.09242723203631775
41 0.08355769146773763
42 0.0755457356448677
43 0.06830726533106248
44 0.061766644938985066
45 0.05585581117071352
46 0.050513482708079864
47 0.04568445822362483
48 0.04131899180425325
49 0.03737223640503795
50 0.03380374723347643
51 0.030577038048017185
52 0.027659184273583215
53 0.025020467619226574
54 0.022634057551779833
55 0.020475725553035794
56 0.018523588581830893
57 0.016757878588979022
58 0.015160735302628481
59 0.013716019822898013
60 0.012409146844703876
61 0.01122693357248948
62 0.010157463605101134
63 0.009189964257522446
0 10.41666666666666
1 8.643611064888827
2 7.245801145782233
3 6.130229058101569
4 5.2292836411515715
5 4.493404605784928
6 3.885939298898386
7 3.379525554180884
8 2.9535354593613943
9 2.5922593602156625
10 2.2836084098394367
11 2.0181819349437964
12 1.78859266400797
13 1.5889751353081905
14 1.4146249339508132
15 1.2617319061130456
16 1.127181291592362
17 1.008404258375154
18 0.9032646143909895
19 0.8099721991411758
20 0.7270160953175534
21 0.6531126754330417
22 0.58716483797579
23 0.5282297496096467
24 0.4754931046708533
25 0.42824841781299117
26 0.38588023435896535
27 0.34785041399801003
28 0.31368684403601044
29 0.2829740877734591
30 0.2553455855532381
31 0.23047711051354297
32 0.2080812452679656
33 0.18790269482166005
34 0.16971428882123255
35 0.1533135555186273
36 0.1385197726677181
37 0.12517141849830996
38 0.1131239600703803
39 0.10224792756184713
40 0.09242723203631793
41 0.08355769146773785
42 0.07554573564486775
43 0.06830726533106253
44 0.0617666449389852
45 0.055855811170713594
46 0.05051348270807985
47 0.045684458223624796
48 0.041318991804253184
49 0.03737223640503796
50 0.033803747233476414
51 0.030577038048017185
52 0.027659184273583222
53 0.025020467619226494
54 0.022634057551779854
55 0.020475725553035735
56 0.01852358858183088
57 0.01675787858897904
58 0.0151607353026285
59 0.013716019822898027
60 0.01240914684470386
61 0.011226933572489443
62 0.010157463605101147
63 0.009189964257522444
0 10.416666666666671
1 8.643611064888825
2 7.245801145782247
3 6.130229058101576
4 5.229283641151576
5 4.493404605784924
6 3.8859392988983803
7 3.379525554180886
8 2.953535459361393
9 2.592259360215659
10 2.2836084098394287
11 2.018181934943799
12 1.788592664007972
13 1.5889751353081902
14 1.4146249339508112
15 1.2617319061130452
16 1.1271812915923607
17 1.0084042583751514
18 0.9032646143909897
19 0.8099721991411761
20 0.7270160953175557
21 0.6531126754330433
22 0.5871648379757898
23 0.5282297496096457
24 0.4754931046708538
25 0.4282484178129909
26 0.38588023435896485
27 0.3478504139980086
28 0.31368684403601027
29 0.28297408777345845
30 0.25534558555323883
31 0.23047711051354267
32 0.20808124526796587
33 0.18790269482165994
34 0.16971428882123238
35 0.15331355551862733
36 0.13851977266771812
37 0.12517141849831012
38 0.11312396007038028
39 0.10224792756184722
40 0.09242723203631778
41 0.0835576914677377
42 0.07554573564486775
43 0.06830726533106249
44 0.06176664493898521
45 0.055855811170713594
46 0.05051348270807988
47 0.045684458223624894
48 0.04131899180425318
49 0.037372236405038
50 0.033803747233476455
51 0.030577038048017233
52 0.027659184273583232
53 0.025020467619226567
54 0.02263405755177981
55 0.020475725553035735
56 0.018523588581830886
57 0.016757878588979046
58 0.015160735302628521
59 0.013716019822898013
60 0.012409146844703902
61 0.011226933572489477
62 0.010157463605101167
63 0.00918996425752247
0 10.416666666666684
1 8.643611064888836
2 7.245801145782249
3 6.130229058101579
4 5.229283641151576
5 4.493404605784916
6 3.8859392988983794
7 3.379525554180895
8 2.9535354593613885
9 2.5922593602156585
10 2.2836084098394362
11 2.018181934943805
12 1.7885926640079737
13 1.5889751353081873
14 1.4146249339508128
15 1.2617319061130479
16 1.12718129159236
17 1.008404258375153
18 0.9032646143909888
19 0.8099721991411759
20 0.7270160953175548
21 0.653112675433042
22 0.5871648379757893
23 0.5282297496096461
24 0.47549310467085426
25 0.4282484178129905
26 0.38588023435896496
27 0.3478504139980093
28 0.31368684403601094
29 0.28297408777345867
30 0.2553455855532387
31 0.23047711051354258
32 0.20808124526796593
33 0.18790269482166008
34 0.1697142888212324
35 0.15331355551862733
36 0.13851977266771792
37 0.12517141849830973
38 0.11312396007038042
39 0.10224792756184709
40 0.09242723203631771
41 0.08355769146773782
42 0.07554573564486773
43 0.06830726533106259
44 0.06176664493898513
45 0.05585581117071356
46 0.0505134827080799
47 0.04568445822362484
48 0.04131899180425326
49 0.037372236405037944
50 0.03380374723347644
51 0.030577038048017174
52 0.027659184273583225
53 0.02502046761922653
54 0.022634057551779874
55 0.020475725553035732
56 0.018523588581830855
57 0.016757878588979064
58 0.015160735302628521
59 0.013716019822898015
60 0.012409146844703895
61 0.011226933572489465
62 0.010157463605101152
63 0.009189964257522448
0 10.416666666666668
1 8.643611064888848
2 7.2458011457822495
3 6.130229058101568
4 5.229283641151572
5 4.493404605784926
6 3.885939298898374
7 3.3795255541808835
8 2.953535459361392
9 2.5922593602156585
10 2.28360840983944
11 2.0181819349438013
12 1.7885926640079695
13 1.5889751353081896
14 1.4146249339508106
15 1.261731906113047
16 1.1271812915923605
17 1.0084042583751538
18 0.9032646143909899
19 0.8099721991411754
20 0.7270160953175542
21 0.6531126754330419
22 0.5871648379757896
23 0.5282297496096465
24 0.4754931046708538
25 0.42824841781299033
26 0.3858802343589657
27 0.3478504139980093
28 0.3136868440360107
29 0.282974087773459
30 0.25534558555323844
31 0.23047711051354317
32 0.2080812452679656
33 0.18790269482166033
34 0.16971428882123255
35 0.1533135555186275
36 0.13851977266771814
37 0.12517141849831
38 0.11312396007038028
39 0.10224792756184732
40 0.09242723203631766
41 0.0835576914677377
42 0.07554573564486773
43 0.06830726533106243
44 0.06176664493898513
45 0.055855811170713525
46 0.050513482708079906
47 0.04568445822362481
48 0.041318991804253205
49 0.03737223640503795
50 0.033803747233476414
51 0.03057703804801717
52 0.02765918427358325
53 0.02502046761922654
54 0.02263405755177986
55 0.02047572555303573
56 0.018523588581830876
57 0.01675787858897905
58 0.015160735302628497
59 0.013716019822898051
60 0.012409146844703876
61 0.011226933572489472
62 0.010157463605101138
63 0.009189964257522448
0 10.416666666666657
1 8.643611064888825
2 7.245801145782241
3 6.1302290581015715
4 5.229283641151573
5 4.493404605784924
6 3.8859392988983803
7 3.3795255541808866
8 2.9535354593613987
9 2.592259360215664
10 2.2836084098394345
11 2.0181819349438017
12 1.78859266400797
13 1.5889751353081882
14 1.414624933950809
15 1.2617319061130472
16 1.1271812915923602
17 1.008404258375154
18 0.9032646143909888
19 0.8099721991411761
20 0.727016095317554
21 0.6531126754330427
22 0.5871648379757891
23 0.528229749609646
24 0.4754931046708551
25 0.4282484178129911
26 0.3858802343589645
27 0.3478504139980091
28 0.31368684403601044
29 0.28297408777345856
30 0.25534558555323833
31 0.23047711051354322
32 0.2080812452679658
33 0.18790269482166055
34 0.16971428882123274
35 0.1533135555186271
36 0.1385197726677181
37 0.12517141849830968
38 0.11312396007038016
39 0.10224792756184725
40 0.0924272320363178
41 0.08355769146773767
42 0.07554573564486769
43 0.06830726533106246
44 0.061766644938985045
45 0.055855811170713525
46 0.05051348270807992
47 0.04568445822362478
48 0.04131899180425329
49 0.03737223640503794
50 0.033803747233476455
51 0.030577038048017247
52 0.02765918427358325
53 0.02502046761922654
54 0.022634057551779822
55 0.020475725553035725
56 0.018523588581830893
57 0.016757878588979064
58 0.015160735302628531
59 0.013716019822898006
60 0.012409146844703862
61 0.011226933572489458
62 0.010157463605101143
63 0.009189964257522444
0 10.416666666666668
1 8.643611064888827
2 7.245801145782238
3 6.130229058101584
4 5.22928364115157
5 4.493404605784929
6 3.8859392988983807
7 3.3795255541808906
8 2.953535459361393
9 2.5922593602156585
10 2.283608409839437
11 2.0181819349437986
12 1.7885926640079701
13 1.5889751353081898
14 1.4146249339508075
15 1.2617319061130459
16 1.1271812915923587
17 1.0084042583751545
18 0.9032646143909895
19 0.8099721991411767
20 0.727016095317554
21 0.6531126754330432
22 0.5871648379757903
23 0.528229749609646
24 0.47549310467085476
25 0.4282484178129907
26 0.3858802343589647
27 0.34785041399800964
28 0.3136868440360114
29 0.28297408777345845
30 0.25534558555323844
31 0.23047711051354278
32 0.20808124526796554
33 0.18790269482166028
34 0.16971428882123238
35 0.1533135555186275
36 0.13851977266771787
37 0.12517141849830973
38 0.11312396007038023
39 0.10224792756184713
40 0.09242723203631777
41 0.08355769146773798
42 0.07554573564486777
43 0.06830726533106252
44 0.061766644938985114
45 0.055855811170713594
46 0.05051348270807985
47 0.045684458223624796
48 0.04131899180425322
49 0.03737223640503798
50 0.033803747233476435
51 0.030577038048017213
52 0.02765918427358327
53 0.02502046761922652
54 0.022634057551779826
55 0.020475725553035763
56 0.01852358858183087
57 0.01675787858897903
58 0.015160735302628483
59 0.013716019822898023
60 0.012409146844703872
61 0.011226933572489472
62 0.010157463605101159
63 0.009189964257522469
0 10.416666666666659
1 8.643611064888821
2 7.245801145782241
3 6.130229058101588
4 5.2292836411515795
5 4.49340460578492
6 3.8859392988983754
7 3.379525554180896
8 2.953535459361391
9 2.592259360215663
10 2.2836084098394345
11 2.0181819349438044
12 1.7885926640079688
13 1.5889751353081891
14 1.4146249339508121
15 1.2617319061130452
16 1.1271812915923587
17 1.008404258375152
18 0.9032646143909889
19 0.8099721991411758
20 0.7270160953175545
21 0.6531126754330407
22 0.5871648379757899
23 0.5282297496096472
24 0.47549310467085404
25 0.42824841781299045
26 0.385880234358965
27 0.34785041399800887
28 0.3136868440360102
29 0.2829740877734583
30 0.25534558555323805
31 0.23047711051354328
32 0.2080812452679656
33 0.18790269482165975
34 0.16971428882123243
35 0.1533135555186275
36 0.13851977266771803
37 0.12517141849830968
38 0.11312396007038049
39 0.10224792756184714
40 0.09242723203631778
41 0.08355769146773775
42 0.07554573564486775
43 0.06830726533106245
44 0.06176664493898513
45 0.055855811170713705
46 0.05051348270807994
47 0.04568445822362482
48 0.04131899180425323
49 0.03737223640503794
50 0.03380374723347638
51 0.03057703804801724
52 0.027659184273583215
53 0.025020467619226473
54 0.022634057551779847
55 0.020475725553035725
56 0.018523588581830848
57 0.016757878588979046
58 0.015160735302628483
59 0.013716019822897996
60 0.012409146844703869
61 0.01122693357248946
62 0.010157463605101169
63 0.009189964257522441
0 10.416666666666673
1 8.64361106488884
2 7.245801145782237
3 6.130229058101583
4 5.229283641151578
5 4.493404605784924
6 3.8859392988983776
7 3.379525554180887
8 2.953535459361392
9 2.592259360215659
10 2.2836084098394323
11 2.018181934943802
12 1.7885926640079663
13 1.588975135308189
14 1.4146249339508117
15 1.2617319061130472
16 1.1271812915923614
17 1.0084042583751538
18 0.9032646143909889
19 0.8099721991411758
20 0.7270160953175536
21 0.6531126754330426
22 0.5871648379757907
23 0.5282297496096466
24 0.47549310467085326
25 0.428248417812991
26 0.38588023435896457
27 0.3478504139980097
28 0.31368684403601094
29 0.2829740877734586
30 0.25534558555323855
31 0.23047711051354328
32 0.2080812452679658
33 0.1879026948216603
34 0.1697142888212323
35 0.15331355551862735
36 0.13851977266771803
37 0.1251714184983099
38 0.11312396007038036
39 0.10224792756184715
40 0.0924272320363178
41 0.08355769146773777
42 0.07554573564486758
43 0.06830726533106235
44 0.061766644938985045
45 0.0558558111707135
46 0.05051348270807986
47 0.04568445822362477
48 0.04131899180425326
49 0.03737223640503797
50 0.03380374723347639
51 0.0305770380480172
52 0.027659184273583225
53 0.025020467619226487
54 0.022634057551779874
55 0.020475725553035746
56 0.018523588581830865
57 0.01675787858897903
58 0.015160735302628498
59 0.013716019822898032
60 0.012409146844703867
61 0.011226933572489469
62 0.010157463605101141
63 0.009189964257522467
0 10.416666666666657
1 8.643611064888836
2 7.245801145782241
3 6.130229058101575
4 5.229283641151569
5 4.493404605784931
6 3.8859392988983843
7 3.3795255541808884
8 2.9535354593613907
9 2.5922593602156603
10 2.2836084098394354
11 2.0181819349438035
12 1.7885926640079728
13 1.5889751353081887
14 1.4146249339508106
15 1.2617319061130463
16 1.1271812915923611
17 1.0084042583751525
18 0.9032646143909895
19 0.8099721991411737
20 0.7270160953175536
21 0.6531126754330416
22 0.5871648379757903
23 0.5282297496096476
24 0.47549310467085437
25 0.4282484178129901
26 0.3858802343589642
27 0.34785041399800964
28 0.31368684403601094
29 0.28297408777345895
30 0.2553455855532385
31 0.23047711051354294
32 0.20808124526796543
33 0.1879026948216603
34 0.1697142888212326
35 0.1533135555186274
36 0.13851977266771803
37 0.12517141849830968
38 0.11312396007038061
39 0.10224792756184695
40 0.09242723203631782
41 0.08355769146773782
42 0.07554573564486756
43 0.06830726533106249
44 0.06176664493898496
45 0.055855811170713594
46 0.05051348270807984
47 0.045684458223624796
48 0.04131899180425318
49 0.03737223640503801
50 0.03380374723347635
51 0.03057703804801716
52 0.027659184273583208
53 0.025020467619226536
54 0.02263405755177985
55 0.020475725553035687
56 0.01852358858183086
57 0.016757878588979057
58 0.015160735302628507
59 0.013716019822898006
60 0.012409146844703876
61 0.011226933572489467
62 0.01015746360510115
63 0.009189964257522457
0 10.41666666666665
1 8.643611064888841
2 7.245801145782243
3 6.130229058101584
4 5.229283641151578
5 4.493404605784929
6 3.8859392988983816
7 3.3795255541808906
8 2.9535354593613836
9 2.5922593602156607
10 2.283608409839432
11 2.0181819349438017
12 1.7885926640079708
13 1.5889751353081887
14 1.4146249339508106
15 1.2617319061130468
16 1.1271812915923618
17 1.0084042583751531
18 0.9032646143909899
19 0.8099721991411754
20 0.7270160953175536
21 0.6531126754330415
22 0.58716483797579
23 0.5282297496096462
24 0.47549310467085365
25 0.42824841781299056
26 0.385880234358965
27 0.3478504139980095
28 0.3136868440360111
29 0.2829740877734583
30 0.2553455855532386
31 0.230477110513543
32 0.20808124526796587
33 0.1879026948216601
34 0.16971428882123235
35 0.15331355551862713
36 0.13851977266771812
37 0.1251714184983096
38 0.11312396007038034
39 0.10224792756184725
40 0.0924272320363178
41 0.0835576914677376
42 0.07554573564486769
43 0.06830726533106256
44 0.061766644938985024
45 0.055855811170713504
46 0.05051348270807992
47 0.04568445822362476
48 0.04131899180425316
49 0.03737223640503791
50 0.03380374723347642
51 0.030577038048017157
52 0.027659184273583246
53 0.025020467619226456
54 0.02263405755177982
55 0.020475725553035735
56 0.01852358858183086
57 0.016757878588979046
58 0.015160735302628505
59 0.013716019822898015
60 0.012409146844703877
61 0.011226933572489472
62 0.010157463605101124
63 0.009189964257522464
0 10.416666666666679
1 8.643611064888823
2 7.245801145782244
3 6.130229058101573
4 5.229283641151585
5 4.493404605784929
6 3.8859392988983803
7 3.3795255541808964
8 2.9535354593613916
9 2.5922593602156665
10 2.283608409839434
11 2.0181819349438013
12 1.7885926640079717
13 1.5889751353081887
14 1.4146249339508101
15 1.2617319061130474
16 1.12718129159236
17 1.008404258375151
18 0.9032646143909889
19 0.8099721991411759
20 0.7270160953175542
21 0.6531126754330427
22 0.5871648379757896
23 0.5282297496096475
24 0.47549310467085265
25 0.4282484178129905
26 0.385880234358965
27 0.3478504139980098
28 0.313686844036011
29 0.2829740877734592
30 0.25534558555323866
31 0.23047711051354317
32 0.20808124526796595
33 0.1879026948216603
34 0.16971428882123255
35 0.15331355551862744
36 0.1385197726677177
37 0.1251714184983099
38 0.11312396007038003
39 0.10224792756184727
40 0.09242723203631767
41 0.08355769146773769
42 0.0755457356448677
43 0.06830726533106236
44 0.06176664493898508
45 0.05585581117071367
46 0.05051348270807992
47 0.04568445822362486
48 0.04131899180425316
49 0.03737223640503798
50 0.03380374723347642
51 0.030577038048017174
52 0.02765918427358324
53 0.025020467619226525
54 0.02263405755177983
55 0.020475725553035746
56 0.018523588581830824
57 0.016757878588979036
58 0.015160735302628504
59 0.013716019822898004
60 0.012409146844703876
61 0.01122693357248948
62 0.010157463605101153
63 0.009189964257522457
0 10.416666666666668
1 8.643611064888832
2 7.2458011457822415
3 6.130229058101575
4 5.2292836411515715
5 4.493404605784924
6 3.885939298898378
7 3.379525554180886
8 2.953535459361388
9 2.5922593602156585
10 2.2836084098394362
11 2.018181934943804
12 1.7885926640079717
13 1.5889751353081878
14 1.4146249339508101
15 1.261731906113047
16 1.1271812915923616
17 1.0084042583751511
18 0.9032646143909882
19 0.8099721991411755
20 0.7270160953175555
21 0.6531126754330432
22 0.5871648379757893
23 0.5282297496096452
24 0.47549310467085426
25 0.4282484178129911
26 0.38588023435896474
27 0.34785041399800914
28 0.31368684403601044
29 0.2829740877734588
30 0.25534558555323816
31 0.23047711051354328
32 0.20808124526796554
33 0.18790269482166064
34 0.16971428882123263
35 0.15331355551862708
36 0.13851977266771848
37 0.12517141849830993
38 0.11312396007038027
39 0.10224792756184727
40 0.0924272320363178
41 0.08355769146773785
42 0.07554573564486775
43 0.06830726533106259
44 0.06176664493898509
45 0.055855811170713685
46 0.050513482708079906
47 0.04568445822362479
48 0.04131899180425328
49 0.03737223640503797
50 0.03380374723347644
51 0.030577038048017213
52 0.027659184273583257
53 0.02502046761922652
54 0.02263405755177985
55 0.020475725553035777
56 0.018523588581830865
57 0.016757878588979046
58 0.015160735302628531
59 0.01371601982289802
60 0.012409146844703848
61 0.01122693357248946
62 0.010157463605101145
63 0.009189964257522458
0 10.416666666666673
1 8.643611064888848
2 7.245801145782238
3 6.130229058101578
4 5.2292836411515715
5 4.493404605784921
6 3.8859392988983834
7 3.3795255541808884
8 2.95353545936139
9 2.5922593602156607
10 2.2836084098394336
11 2.018181934943804
12 1.788592664007972
13 1.5889751353081862
14 1.4146249339508121
15 1.261731906113047
16 1.1271812915923602
17 1.0084042583751525
18 0.9032646143909897
19 0.8099721991411761
20 0.7270160953175545
21 0.6531126754330422
22 0.5871648379757891
23 0.528229749609646
24 0.4754931046708544
25 0.42824841781299117
26 0.3858802343589644
27 0.3478504139980098
28 0.3136868440360107
29 0.28297408777345884
30 0.2553455855532385
31 0.23047711051354294
32 0.20808124526796595
33 0.18790269482166003
34 0.16971428882123255
35 0.1533135555186272
36 0.13851977266771792
37 0.12517141849830993
38 0.11312396007038046
39 0.10224792756184721
40 0.09242723203631767
41 0.0835576914677377
42 0.07554573564486766
43 0.06830726533106263
44 0.0617666449389852
45 0.05585581117071361
46 0.050513482708079885
47 0.04568445822362479
48 0.04131899180425323
49 0.03737223640503794
50 0.0338037472334764
51 0.030577038048017174
52 0.02765918427358325
53 0.025020467619226515
54 0.022634057551779864
55 0.020475725553035732
56 0.018523588581830872
57 0.01675787858897904
58 0.015160735302628535
59 0.013716019822898032
60 0.01240914684470386
61 0.011226933572489469
62 0.010157463605101126
63 0.00918996425752243
0 10.416666666666659
1 8.643611064888818
2 7.245801145782249
3 6.130229058101573
4 5.229283641151566
5 4.4934046057849315
6 3.885939298898379
7 3.379525554180891
8 2.9535354593613876
9 2.592259360215664
10 2.283608409839433
11 2.0181819349438004
12 1.7885926640079692
13 1.588975135308187
14 1.4146249339508112
15 1.2617319061130468
16 1.1271812915923602
17 1.0084042583751516
18 0.903264614390991
19 0.8099721991411754
20 0.7270160953175536
21 0.6531126754330427
22 0.5871648379757893
23 0.5282297496096461
24 0.4754931046708532
25 0.42824841781299045
26 0.38588023435896496
27 0.3478504139980095
28 0.3136868440360107
29 0.28297408777345806
30 0.2553455855532381
31 0.2304771105135429
32 0.2080812452679657
33 0.1879026948216603
34 0.1697142888212325
35 0.153313555518627
36 0.13851977266771828
37 0.12517141849830984
38 0.11312396007038039
39 0.10224792756184714
40 0.09242723203631768
41 0.08355769146773774
42 0.07554573564486779
43 0.0683072653310625
44 0.06176664493898505
45 0.05585581117071355
46 0.0505134827080799
47 0.04568445822362483
48 0.04131899180425322
49 0.03737223640503796
50 0.03380374723347641
51 0.030577038048017178
52 0.02765918427358319
53 0.025020467619226557
54 0.02263405755177985
55 0.02047572555303575
56 0.018523588581830886
57 0.016757878588979053
58 0.015160735302628528
59 0.01371601982289802
60 0.012409146844703883
61 0.011226933572489469
62 0.010157463605101136
63 0.009189964257522469
0 10.416666666666652
1 8.64361106488883
2 7.245801145782234
3 6.130229058101568
4 5.229283641151577
5 4.49340460578492
6 3.885939298898379
7 3.379525554180894
8 2.9535354593613916
9 2.5922593602156603
10 2.2836084098394376
11 2.0181819349438044
12 1.7885926640079712
13 1.588975135308191
14 1.4146249339508101
15 1.2617319061130483
16 1.1271812915923594
17 1.008404258375154
18 0.90326461439099
19 0.8099721991411749
20 0.7270160953175536
21 0.6531126754330411
22 0.5871648379757908
23 0.5282297496096459
24 0.47549310467085326
25 0.42824841781299045
26 0.3858802343589661
27 0.3478504139980098
28 0.3136868440360102
29 0.2829740877734584
30 0.2553455855532382
31 0.23047711051354336
32 0.20808124526796573
33 0.1879026948216604
34 0.1697142888212328
35 0.1533135555186273
36 0.13851977266771787
37 0.12517141849830982
38 0.11312396007038031
39 0.10224792756184733
40 0.09242723203631786
41 0.08355769146773771
42 0.07554573564486766
43 0.06830726533106243
44 0.061766644938985184
45 0.055855811170713546
46 0.05051348270807993
47 0.04568445822362485
48 0.04131899180425326
49 0.03737223640503799
50 0.03380374723347646
51 0.030577038048017147
52 0.027659184273583274
53 0.02502046761922654
54 0.022634057551779906
55 0.020475725553035732
56 0.018523588581830876
57 0.016757878588979005
58 0.015160735302628504
59 0.013716019822898029
60 0.012409146844703872
61 0.011226933572489455
62 0.010157463605101136
63 0.009189964257522467
0 10.416666666666675
1 8.643611064888818
2 7.245801145782249
3 6.130229058101586
4 5.229283641151571
5 4.493404605784931
6 3.8859392988983843
7 3.379525554180893
8 2.953535459361396
9 2.592259360215659
10 2.2836084098394314
11 2.018181934943803
12 1.7885926640079666
13 1.5889751353081905
14 1.4146249339508117
15 1.261731906113047
16 1.1271812915923614
17 1.0084042583751542
18 0.90326461439099
19 0.8099721991411751
20 0.7270160953175543
21 0.653112675433042
22 0.5871648379757898
23 0.5282297496096463
24 0.47549310467085376
25 0.4282484178129904
26 0.38588023435896546
27 0.3478504139980083
28 0.3136868440360107
29 0.28297408777345884
30 0.25534558555323844
31 0.23047711051354342
32 0.20808124526796531
33 0.18790269482166042
34 0.1697142888212325
35 0.15331355551862705
36 0.13851977266771806
37 0.1251714184983099
38 0.11312396007038039
39 0.10224792756184727
40 0.09242723203631781
41 0.08355769146773766
42 0.07554573564486783
43 0.06830726533106249
44 0.0617666449389851
45 0.055855811170713594
46 0.050513482708079996
47 0.04568445822362484
48 0.04131899180425325
49 0.037372236405037895
50 0.03380374723347638
51 0.0305770380480172
52 0.027659184273583198
53 0.02502046761922653
54 0.022634057551779833
55 0.020475725553035732
56 0.018523588581830834
57 0.016757878588979043
58 0.015160735302628514
59 0.013716019822898018
60 0.012409146844703883
61 0.011226933572489467
62 0.01015746360510114
63 0.00918996425752245
0 10.416666666666679
1 8.643611064888836
2 7.245801145782255
3 6.130229058101569
4 5.229283641151586
5 4.493404605784915
6 3.8859392988983763
7 3.3795255541808906
8 2.9535354593613903
9 2.5922593602156594
10 2.2836084098394327
11 2.0181819349438013
12 1.788592664007972
13 1.5889751353081898
14 1.4146249339508106
15 1.2617319061130436
16 1.1271812915923591
17 1.0084042583751531
18 0.903264614390987
19 0.8099721991411755
20 0.7270160953175547
21 0.6531126754330411
22 0.5871648379757903
23 0.5282297496096457
24 0.4754931046708535
25 0.42824841781299017
26 0.3858802343589651
27 0.347850413998009
28 0.3136868440360106
29 0.2829740877734588
30 0.2553455855532386
31 0.23047711051354303
32 0.2080812452679656
33 0.18790269482165986
34 0.16971428882123246
35 0.15331355551862733
36 0.13851977266771792
37 0.12517141849830973
38 0.11312396007038031
39 0.10224792756184727
40 0.09242723203631782
41 0.08355769146773788
42 0.07554573564486772
43 0.06830726533106249
44 0.06176664493898505
45 0.05585581117071361
46 0.05051348270807977
47 0.045684458223624894
48 0.041318991804253226
49 0.03737223640503796
50 0.033803747233476386
51 0.03057703804801722
52 0.02765918427358322
53 0.025020467619226498
54 0.022634057551779805
55 0.020475725553035718
56 0.01852358858183086
57 0.016757878588979015
58 0.015160735302628521
59 0.013716019822898023
60 0.012409146844703869
61 0.011226933572489467
62 0.010157463605101173
63 0.009189964257522464
0 10.416666666666657
1 8.64361106488884
2 7.245801145782255
3 6.130229058101575
4 5.229283641151567
5 4.4934046057849315
6 3.8859392988983785
7 3.379525554180886
8 2.9535354593613934
9 2.5922593602156567
10 2.283608409839432
11 2.0181819349438026
12 1.7885926640079712
13 1.5889751353081878
14 1.4146249339508088
15 1.261731906113047
16 1.1271812915923602
17 1.0084042583751551
18 0.9032646143909897
19 0.8099721991411754
20 0.7270160953175544
21 0.653112675433042
22 0.58716483797579
23 0.5282297496096451
24 0.47549310467085437
25 0.4282484178129901
26 0.3858802343589643
27 0.34785041399800926
28 0.3136868440360106
29 0.28297408777345845
30 0.2553455855532381
31 0.23047711051354297
32 0.20808124526796595
33 0.18790269482166014
34 0.16971428882123266
35 0.15331355551862735
36 0.13851977266771814
37 0.12517141849830973
38 0.11312396007038031
39 0.10224792756184725
40 0.09242723203631772
41 0.08355769146773781
42 0.07554573564486768
43 0.06830726533106253
44 0.06176664493898502
45 0.05585581117071361
46 0.050513482708079885
47 0.04568445822362479
48 0.04131899180425321
49 0.03737223640503797
50 0.03380374723347643
51 0.030577038048017213
52 0.027659184273583232
53 0.025020467619226553
54 0.022634057551779836
55 0.02047572555303578
56 0.018523588581830865
57 0.016757878588979022
58 0.015160735302628525
59 0.013716019822898032
60 0.012409146844703883
61 0.01122693357248948
62 0.010157463605101136
63 0.009189964257522453
0 10.416666666666679
1 8.643611064888828
2 7.245801145782244
3 6.130229058101578
4 5.229283641151568
5 4.493404605784915
6 3.8859392988983843
7 3.3795255541808906
8 2.953535459361391
9 2.5922593602156616
10 2.283608409839438
11 2.0181819349438013
12 1.78859266400797
13 1.5889751353081896
14 1.4146249339508117
15 1.2617319061130448
16 1.1271812915923578
17 1.008404258375155
18 0.90326461439099
19 0.8099721991411761
20 0.7270160953175548
21 0.6531126754330423
22 0.5871648379757892
23 0.5282297496096465
24 0.4754931046708532
25 0.4282484178129898
26 0.3858802343589647
27 0.3478504139980088
28 0.31368684403601044
29 0.28297408777345834
30 0.25534558555323816
31 0.23047711051354294
32 0.20808124526796593
33 0.18790269482166064
34 0.16971428882123252
35 0.15331355551862735
36 0.13851977266771806
37 0.12517141849830976
38 0.11312396007038021
39 0.10224792756184725
40 0.09242723203631786
41 0.0835576914677378
42 0.07554573564486762
43 0.06830726533106236
44 0.06176664493898517
45 0.0558558111707135
46 0.05051348270807988
47 0.045684458223624685
48 0.04131899180425315
49 0.037372236405038006
50 0.03380374723347641
51 0.030577038048017265
52 0.027659184273583173
53 0.025020467619226508
54 0.02263405755177981
55 0.02047572555303573
56 0.018523588581830865
57 0.016757878588979057
58 0.01516073530262851
59 0.013716019822898029
60 0.012409146844703862
61 0.011226933572489469
62 0.010157463605101134
63 0.009189964257522446
0 10.416666666666668
1 8.64361106488883
2 7.245801145782226
3 6.130229058101578
4 5.229283641151586
5 4.493404605784921
6 3.8859392988983807
7 3.379525554180891
8 2.9535354593613903
9 2.592259360215664
10 2.2836084098394376
11 2.0181819349438053
12 1.7885926640079712
13 1.5889751353081887
14 1.4146249339508103
15 1.2617319061130452
16 1.1271812915923591
17 1.0084042583751538
18 0.9032646143909913
19 0.8099721991411758
20 0.7270160953175547
21 0.653112675433042
22 0.5871648379757903
23 0.5282297496096472
24 0.4754931046708539
25 0.42824841781299156
26 0.3858802343589647
27 0.34785041399800876
28 0.3136868440360112
29 0.2829740877734586
30 0.25534558555323833
31 0.23047711051354255
32 0.20808124526796595
33 0.18790269482166042
34 0.1697142888212327
35 0.15331355551862758
36 0.13851977266771792
37 0.12517141849830984
38 0.11312396007038042
39 0.10224792756184725
40 0.09242723203631781
41 0.08355769146773782
42 0.07554573564486763
43 0.06830726533106253
44 0.061766644938984996
45 0.05585581117071367
46 0.050513482708079864
47 0.04568445822362488
48 0.04131899180425325
49 0.037372236405037874
50 0.0338037472334765
51 0.030577038048017265
52 0.027659184273583246
53 0.025020467619226498
54 0.022634057551779847
55 0.020475725553035704
56 0.0185235885818309
57 0.016757878588979026
58 0.015160735302628521
59 0.01371601982289802
60 0.012409146844703877
61 0.011226933572489472
62 0.010157463605101147
63 0.009189964257522446
0 10.416666666666664
1 8.643611064888814
2 7.245801145782247
3 6.130229058101575
4 5.229283641151573
5 4.493404605784923
6 3.8859392988983803
7 3.379525554180891
8 2.953535459361393
9 2.5922593602156674
10 2.2836084098394327
11 2.018181934943801
12 1.7885926640079743
13 1.5889751353081898
14 1.4146249339508101
15 1.261731906113049
16 1.1271812915923598
17 1.0084042583751558
18 0.903264614390989
19 0.8099721991411756
20 0.7270160953175551
21 0.6531126754330424
22 0.5871648379757897
23 0.528229749609646
24 0.4754931046708536
25 0.42824841781299045
26 0.3858802343589645
27 0.34785041399800926
28 0.3136868440360111
29 0.28297408777345867
30 0.2553455855532386
31 0.23047711051354322
32 0.20808124526796595
33 0.1879026948216604
34 0.16971428882123232
35 0.1533135555186272
36 0.13851977266771795
37 0.1251714184983097
38 0.11312396007038049
39 0.10224792756184709
40 0.0924272320363178
41 0.08355769146773787
42 0.07554573564486766
43 0.06830726533106252
44 0.061766644938985184
45 0.055855811170713504
46 0.05051348270807988
47 0.045684458223624776
48 0.04131899180425322
49 0.0373722364050379
50 0.033803747233476414
51 0.030577038048017213
52 0.02765918427358325
53 0.02502046761922651
54 0.02263405755177987
55 0.02047572555303571
56 0.018523588581830876
57 0.01675787858897901
58 0.015160735302628538
59 0.013716019822898023
60 0.012409146844703872
61 0.011226933572489457
62 0.010157463605101133
63 0.009189964257522453
0 10.416666666666657
1 8.643611064888816
2 7.245801145782251
3 6.1302290581015715
4 5.229283641151559
5 4.493404605784921
6 3.8859392988983816
7 3.379525554180892
8 2.9535354593613894
9 2.5922593602156647
10 2.28360840983943
11 2.0181819349438035
12 1.7885926640079708
13 1.5889751353081902
14 1.4146249339508117
15 1.2617319061130468
16 1.1271812915923614
17 1.0084042583751516
18 0.9032646143909872
19 0.8099721991411754
20 0.7270160953175545
21 0.653112675433042
22 0.5871648379757908
23 0.5282297496096462
24 0.4754931046708538
25 0.4282484178129907
26 0.3858802343589653
27 0.3478504139980096
28 0.3136868440360109
29 0.2829740877734586
30 0.25534558555323894
31 0.23047711051354317
32 0.20808124526796593
33 0.1879026948216605
34 0.1697142888212327
35 0.15331355551862705
36 0.13851977266771787
37 0.12517141849830968
38 0.11312396007038032
39 0.1022479275618471
40 0.09242723203631797
41 0.0835576914677378
42 0.07554573564486772
43 0.06830726533106248
44 0.061766644938984996
45 0.05585581117071356
46 0.05051348270807992
47 0.04568445822362482
48 0.04131899180425328
49 0.037372236405038006
50 0.03380374723347642
51 0.030577038048017167
52 0.027659184273583264
53 0.02502046761922652
54 0.022634057551779864
55 0.020475725553035725
56 0.01852358858183087
57 0.016757878588979053
58 0.01516073530262851
59 0.013716019822898029
60 0.01240914684470389
61 0.011226933572489465
62 0.010157463605101131
63 0.009189964257522448
0 10.416666666666673
1 8.643611064888841
2 7.245801145782245
3 6.1302290581015715
4 5.229283641151565
5 4.4934046057849235
6 3.8859392988983807
7 3.3795255541808973
8 2.953535459361391
9 2.592259360215656
10 2.2836084098394327
11 2.0181819349437977
12 1.7885926640079695
13 1.5889751353081922
14 1.414624933950809
15 1.2617319061130443
16 1.1271812915923618
17 1.0084042583751553
18 0.9032646143909897
19 0.8099721991411754
20 0.727016095317554
21 0.6531126754330416
22 0.58716483797579
23 0.5282297496096465
24 0.4754931046708535
25 0.4282484178129905
26 0.3858802343589644
27 0.3478504139980088
28 0.3136868440360106
29 0.28297408777345867
30 0.2553455855532386
31 0.23047711051354294
32 0.2080812452679654
33 0.18790269482166022
34 0.16971428882123252
35 0.1533135555186272
36 0.1385197726677183
37 0.12517141849830962
38 0.11312396007038046
39 0.10224792756184736
40 0.09242723203631775
41 0.08355769146773777
42 0.07554573564486779
43 0.06830726533106249
44 0.06176664493898508
45 0.055855811170713573
46 0.050513482708079954
47 0.04568445822362478
48 0.04131899180425319
49 0.037372236405038006
50 0.033803747233476414
51 0.030577038048017164
52 0.02765918427358325
53 0.025020467619226525
54 0.02263405755177984
55 0.02047572555303573
56 0.018523588581830876
57 0.01675787858897904
58 0.015160735302628502
59 0.013716019822898023
60 0.012409146844703858
61 0.011226933572489467
62 0.01015746360510114
63 0.009189964257522448
0 10.416666666666673
1 8.643611064888836
2 7.245801145782245
3 6.130229058101581
4 5.2292836411515795
5 4.493404605784917
6 3.8859392988983776
7 3.379525554180888
8 2.9535354593613943
9 2.592259360215664
10 2.283608409839433
11 2.018181934943799
12 1.7885926640079708
13 1.5889751353081882
14 1.4146249339508106
15 1.2617319061130463
16 1.1271812915923607
17 1.0084042583751553
18 0.9032646143909886
19 0.8099721991411759
20 0.7270160953175542
21 0.6531126754330422
22 0.5871648379757891
23 0.5282297496096467
24 0.47549310467085365
25 0.42824841781299056
26 0.3858802343589655
27 0.3478504139980093
28 0.31368684403601055
29 0.2829740877734588
30 0.25534558555323855
31 0.23047711051354322
32 0.20808124526796556
33 0.1879026948216605
34 0.16971428882123232
35 0.1533135555186271
36 0.13851977266771795
37 0.1251714184983097
38 0.11312396007038028
39 0.10224792756184718
40 0.09242723203631778
41 0.0835576914677378
42 0.07554573564486786
43 0.06830726533106252
44 0.06176664493898509
45 0.05585581117071359
46 0.050513482708079906
47 0.04568445822362483
48 0.04131899180425317
49 0.03737223640503799
50 0.033803747233476414
51 0.0305770380480172
52 0.027659184273583184
53 0.025020467619226494
54 0.022634057551779795
55 0.02047572555303576
56 0.01852358858183088
57 0.016757878588979043
58 0.015160735302628495
59 0.013716019822898004
60 0.012409146844703877
61 0.011226933572489446
62 0.01015746360510115
63 0.009189964257522453
0 10.416666666666671
1 8.643611064888841
2 7.245801145782245
3 6.130229058101575
4 5.22928364115157
5 4.493404605784928
6 3.8859392988983816
7 3.3795255541808884
8 2.95353545936139
9 2.592259360215661
10 2.28360840983943
11 2.018181934943803
12 1.7885926640079732
13 1.5889751353081905
14 1.4146249339508095
15 1.2617319061130468
16 1.1271812915923598
17 1.008404258375154
18 0.90326461439099
19 0.8099721991411768
20 0.7270160953175545
21 0.653112675433042
22 0.5871648379757911
23 0.5282297496096467
24 0.47549310467085376
25 0.42824841781299045
26 0.38588023435896474
27 0.34785041399800926
28 0.313686844036011
29 0.282974087773459
30 0.2553455855532383
31 0.23047711051354283
32 0.2080812452679657
33 0.18790269482166047
34 0.1697142888212325
35 0.1533135555186275
36 0.13851977266771798
37 0.12517141849830984
38 0.11312396007038043
39 0.10224792756184727
40 0.09242723203631756
41 0.08355769146773777
42 0.07554573564486775
43 0.06830726533106252
44 0.06176664493898506
45 0.05585581117071341
46 0.05051348270807986
47 0.04568445822362475
48 0.04131899180425322
49 0.03737223640503788
50 0.033803747233476365
51 0.030577038048017157
52 0.02765918427358325
53 0.02502046761922653
54 0.02263405755177984
55 0.020475725553035746
56 0.01852358858183088
57 0.016757878588979095
58 0.015160735302628518
59 0.013716019822898001
60 0.012409146844703891
61 0.011226933572489469
62 0.010157463605101138
63 0.009189964257522453
0 10.416666666666643
1 8.643611064888818
2 7.245801145782243
3 6.130229058101584
4 5.229283641151576
5 4.493404605784917
6 3.8859392988983785
7 3.3795255541808835
8 2.95353545936139
9 2.5922593602156625
10 2.2836084098394385
11 2.018181934943803
12 1.7885926640079701
13 1.5889751353081887
14 1.4146249339508092
15 1.2617319061130454
16 1.1271812915923585
17 1.0084042583751534
18 0.9032646143909879
19 0.8099721991411759
20 0.7270160953175538
21 0.653112675433042
22 0.5871648379757892
23 0.5282297496096466
24 0.47549310467085376
25 0.42824841781299156
26 0.3858802343589652
27 0.3478504139980089
28 0.31368684403601055
29 0.28297408777345895
30 0.25534558555323866
31 0.23047711051354308
32 0.2080812452679658
33 0.1879026948216601
34 0.16971428882123263
35 0.15331355551862733
36 0.13851977266771767
37 0.1251714184983099
38 0.11312396007038017
39 0.10224792756184733
40 0.09242723203631775
41 0.08355769146773781
42 0.07554573564486765
43 0.06830726533106246
44 0.06176664493898513
45 0.05585581117071359
46 0.0505134827080799
47 0.04568445822362485
48 0.04131899180425323
49 0.03737223640503796
50 0.033803747233476414
51 0.030577038048017233
52 0.027659184273583232
53 0.025020467619226508
54 0.022634057551779895
55 0.02047572555303572
56 0.01852358858183086
57 0.01675787858897904
58 0.015160735302628474
59 0.013716019822898004
60 0.012409146844703872
61 0.011226933572489441
62 0.010157463605101133
63 0.009189964257522446
0 10.41666666666666
1 8.64361106488882
2 7.245801145782236
3 6.1302290581015715
4 5.229283641151574
5 4.493404605784926
6 3.885939298898388
7 3.3795255541808875
8 2.953535459361393
9 2.592259360215659
10 2.2836084098394362
11 2.0181819349438013
12 1.788592664007972
13 1.5889751353081865
14 1.4146249339508121
15 1.261731906113047
16 1.1271812915923602
17 1.008404258375153
18 0.90326461439099
19 0.8099721991411748
20 0.7270160953175548
21 0.6531126754330412
22 0.5871648379757894
23 0.5282297496096463
24 0.47549310467085326
25 0.42824841781299045
26 0.3858802343589647
27 0.3478504139980092
28 0.31368684403601116
29 0.2829740877734586
30 0.25534558555323855
31 0.23047711051354317
32 0.208081245267966
33 0.18790269482166028
34 0.1697142888212325
35 0.15331355551862735
36 0.13851977266771773
37 0.12517141849830954
38 0.11312396007038049
39 0.1022479275618472
40 0.09242723203631799
41 0.08355769146773766
42 0.07554573564486777
43 0.06830726533106246
44 0.06176664493898514
45 0.05585581117071353
46 0.05051348270807981
47 0.04568445822362476
48 0.041318991804253226
49 0.03737223640503794
50 0.03380374723347646
51 0.03057703804801718
52 0.02765918427358323
53 0.025020467619226463
54 0.02263405755177987
55 0.020475725553035746
56 0.018523588581830876
57 0.016757878588979043
58 0.015160735302628493
59 0.013716019822898029
60 0.012409146844703877
61 0.011226933572489472
62 0.010157463605101152
63 0.009189964257522467
0 10.416666666666668
1 8.643611064888821
2 7.245801145782247
3 6.130229058101579
4 5.229283641151573
5 4.493404605784925
6 3.8859392988983803
7 3.3795255541808906
8 2.9535354593613956
9 2.592259360215654
10 2.283608409839437
11 2.018181934943801
12 1.788592664007968
13 1.5889751353081902
14 1.4146249339508095
15 1.261731906113046
16 1.1271812915923605
17 1.0084042583751551
18 0.9032646143909875
19 0.8099721991411749
20 0.7270160953175537
21 0.653112675433042
22 0.587164837975789
23 0.5282297496096467
24 0.47549310467085265
25 0.4282484178129909
26 0.38588023435896446
27 0.34785041399801003
28 0.31368684403601094
29 0.2829740877734588
30 0.2553455855532384
31 0.23047711051354317
32 0.20808124526796556
33 0.18790269482165994
34 0.16971428882123213
35 0.15331355551862727
36 0.1385197726677181
37 0.1251714184983098
38 0.11312396007038027
39 0.10224792756184715
40 0.09242723203631775
41 0.08355769146773782
42 0.07554573564486758
43 0.0683072653310625
44 0.061766644938985114
45 0.055855811170713636
46 0.050513482708079885
47 0.04568445822362478
48 0.04131899180425323
49 0.03737223640503795
50 0.033803747233476435
51 0.030577038048017233
52 0.02765918427358322
53 0.025020467619226515
54 0.022634057551779854
55 0.020475725553035763
56 0.01852358858183087
57 0.016757878588979033
58 0.015160735302628505
59 0.013716019822898018
60 0.012409146844703886
61 0.011226933572489472
62 0.010157463605101131
63 0.009189964257522472
0 10.416666666666668
1 8.64361106488884
2 7.245801145782251
3 6.130229058101569
4 5.229283641151569
5 4.493404605784926
6 3.88593929889838
7 3.379525554180891
8 2.9535354593613894
9 2.5922593602156634
10 2.283608409839433
11 2.0181819349438
12 1.78859266400797
13 1.5889751353081902
14 1.4146249339508106
15 1.2617319061130452
16 1.127181291592362
17 1.0084042583751553
18 0.9032646143909905
19 0.8099721991411765
20 0.7270160953175531
21 0.6531126754330419
22 0.5871648379757893
23 0.5282297496096479
24 0.4754931046708539
25 0.4282484178129907
26 0.38588023435896535
27 0.3478504139980094
28 0.3136868440360107
29 0.2829740877734582
30 0.25534558555323833
31 0.2304771105135429
32 0.20808124526796568
33 0.1879026948216601
34 0.16971428882123243
35 0.1533135555186275
36 0.13851977266771792
37 0.12517141849830982
38 0.11312396007038024
39 0.10224792756184713
40 0.09242723203631772
41 0.0835576914677378
42 0.07554573564486772
43 0.06830726533106243
44 0.061766644938985156
45 0.055855811170713573
46 0.050513482708079954
47 0.045684458223624796
48 0.04131899180425322
49 0.03737223640503792
50 0.03380374723347641
51 0.030577038048017157
52 0.02765918427358322
53 0.025020467619226525
54 0.022634057551779864
55 0.02047572555303571
56 0.01852358858183087
57 0.01675787858897903
58 0.015160735302628514
59 0.013716019822898003
60 0.012409146844703877
61 0.011226933572489484
62 0.010157463605101141
63 0.00918996425752246
0 10.416666666666652
1 8.64361106488884
2 7.245801145782242
3 6.130229058101569
4 5.229283641151582
5 4.4934046057849155
6 3.8859392988983816
7 3.3795255541808875
8 2.953535459361392
9 2.5922593602156607
10 2.2836084098394336
11 2.018181934943803
12 1.7885926640079737
13 1.588975135308187
14 1.4146249339508097
15 1.261731906113047
16 1.1271812915923607
17 1.0084042583751536
18 0.9032646143909882
19 0.8099721991411748
20 0.7270160953175547
21 0.6531126754330424
22 0.58716483797579
23 0.5282297496096472
24 0.47549310467085426
25 0.42824841781299
26 0.3858802343589652
27 0.3478504139980091
28 0.31368684403601094
29 0.28297408777345856
30 0.2553455855532382
31 0.23047711051354317
32 0.20808124526796543
33 0.18790269482165994
34 0.1697142888212325
35 0.1533135555186274
36 0.13851977266771834
37 0.12517141849830987
38 0.11312396007038017
39 0.10224792756184736
40 0.09242723203631786
41 0.08355769146773777
42 0.07554573564486773
43 0.06830726533106252
44 0.061766644938985066
45 0.05585581117071362
46 0.05051348270807988
47 0.0456844582236248
48 0.041318991804253184
49 0.03737223640503797
50 0.033803747233476414
51 0.030577038048017147
52 0.027659184273583225
53 0.025020467619226536
54 0.02263405755177983
55 0.020475725553035732
56 0.01852358858183083
57 0.01675787858897906
58 0.015160735302628514
59 0.013716019822898013
60 0.01240914684470385
61 0.011226933572489467
62 0.01015746360510115
63 0.009189964257522443
0 10.416666666666671
1 8.643611064888837
2 7.2458011457822415
3 6.130229058101575
4 5.229283641151577
5 4.493404605784919
6 3.8859392988983754
7 3.3795255541808893
8 2.9535354593613916
9 2.5922593602156625
10 2.283608409839435
11 2.0181819349438004
12 1.7885926640079732
13 1.5889751353081902
14 1.4146249339508075
15 1.2617319061130454
16 1.127181291592359
17 1.0084042583751542
18 0.903264614390989
19 0.8099721991411768
20 0.7270160953175547
21 0.6531126754330423
22 0.5871648379757897
23 0.528229749609646
24 0.47549310467085454
25 0.42824841781299
26 0.3858802343589655
27 0.3478504139980094
28 0.3136868440360107
29 0.28297408777345895
30 0.25534558555323816
31 0.2304771105135433
32 0.20808124526796554
33 0.1879026948216605
34 0.16971428882123252
35 0.1533135555186275
36 0.13851977266771773
37 0.12517141849830996
38 0.11312396007038043
39 0.10224792756184722
40 0.09242723203631795
41 0.08355769146773773
42 0.07554573564486772
43 0.06830726533106245
44 0.0617666449389851
45 0.05585581117071359
46 0.0505134827080799
47 0.04568445822362483
48 0.041318991804253205
49 0.037372236405038
50 0.03380374723347639
51 0.0305770380480172
52 0.02765918427358324
53 0.02502046761922652
54 0.02263405755177986
55 0.020475725553035732
56 0.01852358858183084
57 0.016757878588979046
58 0.015160735302628514
59 0.013716019822898013
60 0.012409146844703865
61 0.011226933572489469
62 0.010157463605101153
63 0.009189964257522457
0 10.416666666666679
1 8.643611064888825
2 7.245801145782245
3 6.130229058101576
4 5.229283641151577
5 4.493404605784919
6 3.885939298898388
7 3.379525554180892
8 2.95353545936139
9 2.5922593602156585
10 2.2836084098394354
11 2.0181819349438017
12 1.7885926640079717
13 1.5889751353081887
14 1.414624933950808
15 1.2617319061130459
16 1.1271812915923607
17 1.0084042583751531
18 0.9032646143909899
19 0.8099721991411756
20 0.7270160953175536
21 0.6531126754330413
22 0.5871648379757893
23 0.5282297496096465
24 0.47549310467085404
25 0.4282484178129911
26 0.385880234358965
27 0.3478504139980095
28 0.31368684403600994
29 0.2829740877734588
30 0.25534558555323805
31 0.23047711051354303
32 0.20808124526796548
33 0.1879026948216604
34 0.1697142888212325
35 0.1533135555186271
36 0.13851977266771787
37 0.12517141849831
38 0.11312396007038032
39 0.10224792756184707
40 0.09242723203631793
41 0.08355769146773774
42 0.07554573564486769
43 0.06830726533106246
44 0.06176664493898509
45 0.05585581117071362
46 0.05051348270807983
47 0.04568445822362482
48 0.041318991804253184
49 0.037372236405038034
50 0.033803747233476476
51 0.0305770380480172
52 0.02765918427358322
53 0.025020467619226563
54 0.022634057551779833
55 0.020475725553035735
56 0.01852358858183085
57 0.016757878588979043
58 0.015160735302628507
59 0.013716019822897997
60 0.01240914684470389
61 0.01122693357248948
62 0.01015746360510114
63 0.00918996425752246
0 10.416666666666648
1 8.64361106488884
2 7.24580114578224
3 6.130229058101571
4 5.229283641151566
5 4.493404605784921
6 3.88593929889837
7 3.3795255541808857
8 2.953535459361397
9 2.592259360215661
10 2.2836084098394336
11 2.0181819349437995
12 1.7885926640079686
13 1.5889751353081913
14 1.4146249339508106
15 1.2617319061130452
16 1.1271812915923602
17 1.008404258375154
18 0.9032646143909892
19 0.8099721991411761
20 0.7270160953175557
21 0.653112675433042
22 0.5871648379757889
23 0.5282297496096466
24 0.4754931046708538
25 0.4282484178129913
26 0.38588023435896496
27 0.3478504139980093
28 0.3136868440360108
29 0.2829740877734592
30 0.25534558555323866
31 0.23047711051354308
32 0.2080812452679656
33 0.18790269482166058
34 0.16971428882123252
35 0.15331355551862721
36 0.1385197726677183
37 0.1251714184983098
38 0.11312396007038035
39 0.10224792756184727
40 0.09242723203631795
41 0.0835576914677378
42 0.07554573564486765
43 0.06830726533106256
44 0.061766644938985225
45 0.05585581117071352
46 0.050513482708079864
47 0.045684458223624796
48 0.04131899180425325
49 0.03737223640503796
50 0.03380374723347644
51 0.030577038048017157
52 0.02765918427358321
53 0.0250204676192265
54 0.022634057551779826
55 0.020475725553035725
56 0.01852358858183088
57 0.016757878588979033
58 0.015160735302628504
59 0.013716019822898015
60 0.012409146844703855
61 0.011226933572489486
62 0.010157463605101159
63 0.009189964257522448
0 10.416666666666668
1 8.643611064888832
2 7.245801145782259
3 6.13022905810157
4 5.229283641151572
5 4.493404605784929
6 3.8859392988983825
7 3.3795255541808866
8 2.953535459361389
9 2.5922593602156607
10 2.2836084098394314
11 2.0181819349437995
12 1.78859266400797
13 1.5889751353081876
14 1.4146249339508083
15 1.2617319061130436
16 1.127181291592362
17 1.008404258375154
18 0.9032646143909886
19 0.8099721991411742
20 0.7270160953175537
21 0.6531126754330429
22 0.5871648379757893
23 0.5282297496096461
24 0.47549310467085315
25 0.42824841781299017
26 0.38588023435896474
27 0.3478504139980092
28 0.31368684403601044
29 0.28297408777345867
30 0.2553455855532384
31 0.23047711051354336
32 0.2080812452679662
33 0.18790269482166017
34 0.16971428882123246
35 0.15331355551862744
36 0.13851977266771806
37 0.12517141849830965
38 0.11312396007038052
39 0.10224792756184718
40 0.09242723203631772
41 0.08355769146773782
42 0.07554573564486777
43 0.06830726533106264
44 0.06176664493898521
45 0.05585581117071366
46 0.05051348270807985
47 0.04568445822362481
48 0.04131899180425321
49 0.03737223640503795
50 0.03380374723347642
51 0.03057703804801722
52 0.02765918427358323
53 0.025020467619226505
54 0.02263405755177987
55 0.020475725553035732
56 0.018523588581830897
57 0.01675787858897903
58 0.015160735302628498
59 0.013716019822898001
60 0.012409146844703865
61 0.011226933572489474
62 0.010157463605101145
63 0.009189964257522443
0 10.416666666666655
1 8.64361106488884
2 7.245801145782251
3 6.130229058101583
4 5.229283641151571
5 4.4934046057849235
6 3.885939298898371
7 3.3795255541808906
8 2.9535354593613907
9 2.5922593602156665
10 2.2836084098394354
11 2.018181934943802
12 1.788592664007967
13 1.5889751353081905
14 1.4146249339508106
15 1.2617319061130479
16 1.1271812915923585
17 1.0084042583751531
18 0.9032646143909879
19 0.8099721991411748
20 0.7270160953175541
21 0.6531126754330422
22 0.5871648379757898
23 0.5282297496096469
24 0.47549310467085487
25 0.4282484178129906
26 0.38588023435896446
27 0.3478504139980092
28 0.3136868440360105
29 0.2829740877734583
30 0.2553455855532382
31 0.230477110513543
32 0.2080812452679657
33 0.18790269482166028
34 0.16971428882123243
35 0.1533135555186274
36 0.13851977266771792
37 0.12517141849830973
38 0.11312396007038035
39 0.10224792756184706
40 0.0924272320363178
41 0.08355769146773782
42 0.07554573564486777
43 0.06830726533106256
44 0.061766644938985094
45 0.05585581117071354
46 0.0505134827080798
47 0.0456844582236248
48 0.04131899180425319
49 0.03737223640503804
50 0.03380374723347641
51 0.030577038048017185
52 0.02765918427358324
53 0.025020467619226484
54 0.022634057551779843
55 0.02047572555303574
56 0.018523588581830872
57 0.016757878588979026
58 0.015160735302628498
59 0.013716019822897992
60 0.012409146844703877
61 0.011226933572489464
62 0.010157463605101152
63 0.009189964257522448
0 10.416666666666668
1 8.643611064888846
2 7.245801145782245
3 6.130229058101568
4 5.229283641151567
5 4.49340460578492
6 3.8859392988983754
7 3.379525554180887
8 2.953535459361391
9 2.592259360215665
10 2.283608409839433
11 2.0181819349438004
12 1.7885926640079708
13 1.5889751353081916
14 1.414624933950808
15 1.2617319061130456
16 1.127181291592359
17 1.0084042583751531
18 0.9032646143909894
19 0.8099721991411752
20 0.7270160953175536
21 0.6531126754330414
22 0.5871648379757897
23 0.5282297496096467
24 0.47549310467085426
25 0.4282484178129906
26 0.385880234358965
27 0.3478504139980094
28 0.3136868440360104
29 0.2829740877734588
30 0.25534558555323816
31 0.23047711051354303
32 0.20808124526796531
33 0.1879026948216602
34 0.16971428882123274
35 0.15331355551862724
36 0.13851977266771798
37 0.1251714184983098
38 0.11312396007038042
39 0.10224792756184733
40 0.09242723203631786
41 0.08355769146773774
42 0.07554573564486772
43 0.06830726533106238
44 0.06176664493898508
45 0.055855811170713573
46 0.05051348270807988
47 0.04568445822362474
48 0.04131899180425323
49 0.03737223640503796
50 0.03380374723347643
51 0.03057703804801724
52 0.027659184273583264
53 0.02502046761922648
54 0.02263405755177985
55 0.020475725553035763
56 0.01852358858183089
57 0.016757878588979053
58 0.015160735302628538
59 0.013716019822898017
60 0.012409146844703883
61 0.011226933572489474
62 0.010157463605101136
63 0.009189964257522458
0 10.416666666666654
1 8.64361106488883
2 7.24580114578224
3 6.13022905810157
4 5.229283641151573
5 4.493404605784921
6 3.8859392988983803
7 3.3795255541808893
8 2.95353545936139
9 2.5922593602156594
10 2.2836084098394354
11 2.0181819349438035
12 1.7885926640079728
13 1.5889751353081902
14 1.4146249339508101
15 1.2617319061130459
16 1.1271812915923594
17 1.0084042583751547
18 0.9032646143909899
19 0.8099721991411756
20 0.7270160953175534
21 0.6531126754330423
22 0.5871648379757902
23 0.5282297496096465
24 0.47549310467085365
25 0.4282484178129911
26 0.3858802343589646
27 0.3478504139980092
28 0.31368684403601066
29 0.2829740877734582
30 0.2553455855532385
31 0.230477110513543
32 0.20808124526796593
33 0.18790269482166025
34 0.1697142888212325
35 0.1533135555186271
36 0.13851977266771814
37 0.1251714184983097
38 0.11312396007038025
39 0.10224792756184714
40 0.09242723203631774
41 0.0835576914677377
42 0.07554573564486775
43 0.06830726533106256
44 0.061766644938985184
45 0.05585581117071352
46 0.050513482708079836
47 0.04568445822362483
48 0.04131899180425319
49 0.03737223640503796
50 0.033803747233476435
51 0.0305770380480172
52 0.027659184273583257
53 0.02502046761922651
54 0.022634057551779836
55 0.020475725553035746
56 0.018523588581830855
57 0.016757878588979012
58 0.015160735302628514
59 0.013716019822898023
60 0.012409146844703877
61 0.011226933572489484
62 0.010157463605101147
63 0.009189964257522464
0 10.416666666666666
1 8.643611064888836
2 7.245801145782244
3 6.130229058101575
4 5.229283641151572
5 4.493404605784919
6 3.8859392988983834
7 3.379525554180888
8 2.95353545936139
9 2.5922593602156616
10 2.2836084098394336
11 2.0181819349437995
12 1.7885926640079697
13 1.5889751353081902
14 1.4146249339508101
15 1.2617319061130483
16 1.1271812915923596
17 1.0084042583751534
18 0.9032646143909907
19 0.8099721991411758
20 0.7270160953175543
21 0.6531126754330432
22 0.58716483797579
23 0.5282297496096456
24 0.4754931046708544
25 0.42824841781299117
26 0.38588023435896496
27 0.3478504139980088
28 0.3136868440360108
29 0.28297408777345856
30 0.2553455855532383
31 0.23047711051354353
32 0.208081245267966
33 0.18790269482166033
34 0.16971428882123266
35 0.15331355551862702
36 0.13851977266771798
37 0.1251714184983096
38 0.11312396007038052
39 0.10224792756184727
40 0.09242723203631778
41 0.08355769146773774
42 0.07554573564486783
43 0.0683072653310626
44 0.06176664493898521
45 0.055855811170713525
46 0.05051348270807984
47 0.0456844582236248
48 0.04131899180425318
49 0.03737223640503794
50 0.03380374723347645
51 0.03057703804801715
52 0.02765918427358324
53 0.02502046761922651
54 0.022634057551779836
55 0.020475725553035777
56 0.018523588581830897
57 0.01675787858897904
58 0.015160735302628514
59 0.013716019822898032
60 0.012409146844703869
61 0.011226933572489453
62 0.01015746360510114
63 0.00918996425752246
0 10.416666666666666
1 8.643611064888827
2 7.245801145782243
3 6.130229058101571
4 5.229283641151577
5 4.493404605784923
6 3.8859392988983834
7 3.379525554180885
8 2.9535354593613943
9 2.5922593602156585
10 2.283608409839438
11 2.0181819349438013
12 1.78859266400797
13 1.5889751353081891
14 1.4146249339508077
15 1.2617319061130454
16 1.1271812915923605
17 1.0084042583751547
18 0.9032646143909907
19 0.8099721991411758
20 0.7270160953175534
21 0.6531126754330421
22 0.5871648379757902
23 0.528229749609646
24 0.4754931046708539
25 0.4282484178129911
26 0.38588023435896496
27 0.3478504139980092
28 0.31368684403601044
29 0.28297408777345856
30 0.25534558555323883
31 0.23047711051354353
32 0.2080812452679662
33 0.18790269482166067
34 0.16971428882123255
35 0.1533135555186275
36 0.13851977266771798
37 0.1251714184983099
38 0.11312396007038059
39 0.10224792756184725
40 0.09242723203631778
41 0.08355769146773781
42 0.07554573564486779
43 0.06830726533106235
44 0.06176664493898514
45 0.055855811170713546
46 0.05051348270807986
47 0.04568445822362486
48 0.041318991804253254
49 0.03737223640503796
50 0.03380374723347639
51 0.030577038048017164
52 0.0276591842735832
53 0.02502046761922647
54 0.022634057551779854
55 0.020475725553035715
56 0.018523588581830897
57 0.016757878588979033
58 0.015160735302628493
59 0.013716019822898013
60 0.012409146844703876
61 0.01122693357248946
62 0.010157463605101136
63 0.009189964257522453
0 10.416666666666684
1 8.643611064888827
2 7.245801145782253
3 6.130229058101579
4 5.229283641151577
5 4.493404605784925
6 3.8859392988983803
7 3.379525554180895
8 2.9535354593613947
9 2.5922593602156554
10 2.283608409839432
11 2.018181934943805
12 1.7885926640079712
13 1.588975135308191
14 1.4146249339508117
15 1.2617319061130463
16 1.1271812915923611
17 1.0084042583751551
18 0.9032646143909903
19 0.8099721991411756
20 0.7270160953175551
21 0.6531126754330424
22 0.5871648379757907
23 0.528229749609647
24 0.47549310467085437
25 0.42824841781299056
26 0.38588023435896474
27 0.34785041399800964
28 0.3136868440360106
29 0.2829740877734588
30 0.2553455855532387
31 0.23047711051354347
32 0.20808124526796587
33 0.18790269482166028
34 0.16971428882123255
35 0.15331355551862727
36 0.138519772667718
37 0.12517141849830962
38 0.11312396007038034
39 0.10224792756184732
40 0.0924272320363176
41 0.08355769146773781
42 0.07554573564486758
43 0.06830726533106256
44 0.06176664493898501
45 0.05585581117071361
46 0.050513482708079906
47 0.04568445822362481
48 0.04131899180425333
49 0.0373722364050379
50 0.033803747233476455
51 0.030577038048017185
52 0.027659184273583257
53 0.025020467619226536
54 0.02263405755177984
55 0.020475725553035753
56 0.01852358858183085
57 0.01675787858897903
58 0.015160735302628518
59 0.01371601982289802
60 0.012409146844703869
61 0.011226933572489462
62 0.010157463605101145
63 0.009189964257522467
0 10.416666666666679
1 8.643611064888832
2 7.245801145782241
3 6.130229058101573
4 5.229283641151574
5 4.493404605784925
6 3.8859392988983794
7 3.3795255541808844
8 2.953535459361391
9 2.5922593602156567
10 2.2836084098394327
11 2.018181934943801
12 1.7885926640079703
13 1.5889751353081891
14 1.4146249339508081
15 1.2617319061130468
16 1.1271812915923605
17 1.0084042583751525
18 0.9032646143909899
19 0.809972199141175
20 0.7270160953175547
21 0.653112675433042
22 0.5871648379757906
23 0.5282297496096467
24 0.47549310467085265
25 0.4282484178129906
26 0.3858802343589644
27 0.3478504139980087
28 0.3136868440360103
29 0.28297408777345834
30 0.25534558555323855
31 0.23047711051354322
32 0.2080812452679658
33 0.1879026948216603
34 0.16971428882123252
35 0.15331355551862724
36 0.13851977266771806
37 0.12517141849830962
38 0.11312396007038061
39 0.1022479275618471
40 0.09242723203631767
41 0.08355769146773787
42 0.07554573564486775
43 0.0683072653310626
44 0.0617666449389851
45 0.05585581117071356
46 0.05051348270807992
47 0.045684458223624755
48 0.041318991804253226
49 0.037372236405037895
50 0.033803747233476435
51 0.03057703804801722
52 0.027659184273583222
53 0.025020467619226498
54 0.02263405755177982
55 0.020475725553035735
56 0.018523588581830876
57 0.016757878588979036
58 0.015160735302628493
59 0.013716019822898039
60 0.012409146844703877
61 0.01122693357248946
62 0.010157463605101152
63 0.009189964257522464
0 10.416666666666684
1 8.643611064888828
2 7.245801145782242
3 6.130229058101563
4 5.229283641151578
5 4.493404605784928
6 3.8859392988983803
7 3.3795255541808884
8 2.9535354593613903
9 2.592259360215667
10 2.283608409839438
11 2.018181934943802
12 1.7885926640079695
13 1.5889751353081871
14 1.4146249339508095
15 1.261731906113047
16 1.1271812915923587
17 1.0084042583751547
18 0.903264614390989
19 0.8099721991411752
20 0.727016095317554
21 0.6531126754330415
22 0.5871648379757897
23 0.5282297496096466
24 0.475493104670853
25 0.42824841781299
26 0.38588023435896496
27 0.3478504139980089
28 0.3136868440360109
29 0.2829740877734582
30 0.2553455855532385
31 0.23047711051354317
32 0.20808124526796554
33 0.18790269482166042
34 0.16971428882123252
35 0.1533135555186275
36 0.138519772667718
37 0.12517141849830973
38 0.11312396007038034
39 0.10224792756184713
40 0.09242723203631785
41 0.0835576914677378
42 0.07554573564486793
43 0.0683072653310624
44 0.06176664493898513
45 0.05585581117071353
46 0.05051348270807985
47 0.04568445822362476
48 0.041318991804253226
49 0.037372236405037965
50 0.03380374723347636
51 0.030577038048017174
52 0.02765918427358325
53 0.025020467619226557
54 0.022634057551779885
55 0.02047572555303574
56 0.018523588581830855
57 0.01675787858897902
58 0.015160735302628485
59 0.013716019822897997
60 0.012409146844703883
61 0.011226933572489484
62 0.010157463605101133
63 0.009189964257522469
0 10.416666666666657
1 8.643611064888825
2 7.2458011457822495
3 6.130229058101576
4 5.229283641151569
5 4.493404605784923
6 3.8859392988983803
7 3.379525554180894
8 2.953535459361391
9 2.5922593602156585
10 2.2836084098394354
11 2.018181934943798
12 1.788592664007972
13 1.588975135308191
14 1.414624933950809
15 1.2617319061130463
16 1.1271812915923596
17 1.008404258375154
18 0.9032646143909895
19 0.8099721991411774
20 0.7270160953175552
21 0.6531126754330417
22 0.5871648379757897
23 0.5282297496096456
24 0.4754931046708538
25 0.42824841781299
26 0.3858802343589651
27 0.3478504139980089
28 0.31368684403601005
29 0.2829740877734587
30 0.25534558555323844
31 0.23047711051354328
32 0.20808124526796568
33 0.1879026948216601
34 0.16971428882123238
35 0.1533135555186275
36 0.13851977266771795
37 0.12517141849830996
38 0.11312396007038016
39 0.10224792756184714
40 0.09242723203631785
41 0.08355769146773781
42 0.07554573564486765
43 0.06830726533106261
44 0.06176664493898508
45 0.055855811170713546
46 0.05051348270807975
47 0.0456844582236248
48 0.0413189918042533
49 0.03737223640503804
50 0.033803747233476386
51 0.030577038048017213
52 0.02765918427358325
53 0.025020467619226546
54 0.022634057551779836
55 0.020475725553035718
56 0.018523588581830893
57 0.016757878588979026
58 0.015160735302628538
59 0.013716019822898032
60 0.012409146844703872
61 0.01122693357248948
62 0.010157463605101159
63 0.00918996425752246
0 10.416666666666647
1 8.643611064888843
2 7.245801145782243
3 6.130229058101583
4 5.229283641151563
5 4.493404605784922
6 3.8859392988983763
7 3.379525554180887
8 2.9535354593613943
9 2.5922593602156616
10 2.28360840983943
11 2.018181934943798
12 1.788592664007969
13 1.5889751353081905
14 1.4146249339508092
15 1.2617319061130443
16 1.1271812915923596
17 1.0084042583751525
18 0.9032646143909905
19 0.8099721991411759
20 0.7270160953175547
21 0.6531126754330419
22 0.5871648379757892
23 0.5282297496096467
24 0.4754931046708539
25 0.428248417812991
26 0.38588023435896474
27 0.3478504139980094
28 0.3136868440360108
29 0.28297408777345845
30 0.25534558555323783
31 0.2304771105135431
32 0.20808124526796606
33 0.18790269482166075
34 0.16971428882123243
35 0.15331355551862735
36 0.13851977266771778
37 0.12517141849830976
38 0.11312396007038043
39 0.10224792756184733
40 0.0924272320363178
41 0.08355769146773785
42 0.07554573564486763
43 0.06830726533106246
44 0.06176664493898499
45 0.055855811170713546
46 0.0505134827080799
47 0.04568445822362482
48 0.041318991804253205
49 0.03737223640503794
50 0.03380374723347642
51 0.03057703804801716
52 0.027659184273583222
53 0.02502046761922653
54 0.02263405755177986
55 0.02047572555303576
56 0.018523588581830917
57 0.01675787858897905
58 0.015160735302628495
59 0.013716019822898023
60 0.01240914684470388
61 0.011226933572489483
62 0.010157463605101153
63 0.00918996425752246
0 10.416666666666652
1 8.643611064888832
2 7.245801145782257
3 6.13022905810158
4 5.229283641151571
5 4.493404605784921
6 3.885939298898386
7 3.379525554180891
8 2.953535459361392
9 2.5922593602156647
10 2.283608409839435
11 2.018181934943801
12 1.7885926640079706
13 1.5889751353081902
14 1.414624933950809
15 1.2617319061130459
16 1.127181291592359
17 1.008404258375155
18 0.9032646143909882
19 0.8099721991411754
20 0.7270160953175545
21 0.6531126754330419
22 0.5871648379757898
23 0.5282297496096472
24 0.47549310467085276
25 0.42824841781299045
26 0.3858802343589646
27 0.34785041399800926
28 0.3136868440360104
29 0.28297408777345856
30 0.25534558555323883
31 0.23047711051354272
32 0.20808124526796565
33 0.18790269482166047
34 0.16971428882123255
35 0.15331355551862744
36 0.13851977266771823
37 0.1251714184983098
38 0.11312396007038024
39 0.10224792756184721
40 0.09242723203631793
41 0.08355769146773777
42 0.07554573564486777
43 0.06830726533106246
44 0.061766644938985156
45 0.05585581117071366
46 0.050513482708079864
47 0.04568445822362487
48 0.04131899180425316
49 0.03737223640503795
50 0.033803747233476455
51 0.03057703804801717
52 0.02765918427358321
53 0.025020467619226442
54 0.022634057551779864
55 0.020475725553035718
56 0.01852358858183085
57 0.01675787858897903
58 0.015160735302628518
59 0.013716019822897985
60 0.012409146844703876
61 0.01122693357248948
62 0.010157463605101145
63 0.009189964257522455
0 10.416666666666657
1 8.643611064888837
2 7.245801145782247
3 6.130229058101579
4 5.229283641151582
5 4.493404605784924
6 3.885939298898378
7 3.3795255541808884
8 2.9535354593613907
9 2.5922593602156594
10 2.283608409839438
11 2.018181934943802
12 1.7885926640079712
13 1.588975135308187
14 1.4146249339508106
15 1.2617319061130436
16 1.127181291592362
17 1.008404258375154
18 0.9032646143909897
19 0.8099721991411754
20 0.727016095317554
21 0.6531126754330422
22 0.5871648379757898
23 0.5282297496096459
24 0.475493104670853
25 0.4282484178129908
26 0.3858802343589653
27 0.34785041399800926
28 0.3136868440360112
29 0.2829740877734582
30 0.2553455855532379
31 0.23047711051354328
32 0.20808124526796581
33 0.1879026948216604
34 0.1697142888212327
35 0.1533135555186273
36 0.13851977266771784
37 0.12517141849830984
38 0.11312396007038059
39 0.10224792756184702
40 0.09242723203631795
41 0.08355769146773777
42 0.07554573564486765
43 0.06830726533106242
44 0.061766644938985045
45 0.055855811170713573
46 0.050513482708079885
47 0.0456844582236248
48 0.04131899180425315
49 0.03737223640503798
50 0.033803747233476414
51 0.030577038048017178
52 0.02765918427358319
53 0.025020467619226505
54 0.02263405755177986
55 0.02047572555303573
56 0.01852358858183089
57 0.01675787858897904
58 0.015160735302628521
59 0.013716019822898036
60 0.012409146844703883
61 0.011226933572489444
62 0.01015746360510114
63 0.009189964257522464
0 10.416666666666668
1 8.643611064888834
2 7.245801145782249
3 6.1302290581015715
4 5.229283641151577
5 4.49340460578492
6 3.88593929889838
7 3.3795255541808906
8 2.9535354593613907
9 2.592259360215658
10 2.2836084098394345
11 2.0181819349438
12 1.7885926640079708
13 1.5889751353081898
14 1.4146249339508112
15 1.261731906113042
16 1.1271812915923598
17 1.0084042583751536
18 0.9032646143909893
19 0.8099721991411765
20 0.7270160953175548
21 0.6531126754330426
22 0.5871648379757897
23 0.5282297496096464
24 0.47549310467085326
25 0.42824841781299033
26 0.38588023435896457
27 0.3478504139980093
28 0.31368684403601027
29 0.2829740877734588
30 0.2553455855532388
31 0.23047711051354322
32 0.20808124526796568
33 0.18790269482166042
34 0.1697142888212327
35 0.15331355551862727
36 0.13851977266771823
37 0.12517141849830984
38 0.11312396007038056
39 0.10224792756184727
40 0.0924272320363179
41 0.08355769146773769
42 0.07554573564486756
43 0.06830726533106245
44 0.06176664493898525
45 0.055855811170713573
46 0.0505134827080799
47 0.045684458223624796
48 0.041318991804253226
49 0.03737223640503793
50 0.0338037472334764
51 0.0305770380480172
52 0.02765918427358325
53 0.02502046761922652
54 0.022634057551779833
55 0.02047572555303575
56 0.018523588581830848
57 0.01675787858897904
58 0.01516073530262851
59 0.013716019822898001
60 0.01240914684470388
61 0.011226933572489458
62 0.01015746360510114
63 0.00918996425752246
0 10.416666666666684
1 8.643611064888834
2 7.2458011457822415
3 6.130229058101572
4 5.229283641151576
5 4.493404605784921
6 3.8859392988983776
7 3.3795255541808875
8 2.9535354593613907
9 2.592259360215658
10 2.283608409839434
11 2.018181934943803
12 1.7885926640079706
13 1.588975135308192
14 1.4146249339508106
15 1.2617319061130459
16 1.1271812915923596
17 1.0084042583751531
18 0.9032646143909909
19 0.8099721991411761
20 0.7270160953175528
21 0.6531126754330422
22 0.5871648379757893
23 0.5282297496096457
24 0.4754931046708539
25 0.4282484178129907
26 0.3858802343589655
27 0.3478504139980093
28 0.3136868440360108
29 0.28297408777345834
30 0.255345585553239
31 0.23047711051354353
32 0.20808124526796562
33 0.18790269482166014
34 0.1697142888212326
35 0.1533135555186271
36 0.13851977266771795
37 0.12517141849830976
38 0.11312396007038025
39 0.10224792756184717
40 0.09242723203631764
41 0.08355769146773766
42 0.0755457356448676
43 0.06830726533106248
44 0.06176664493898506
45 0.05585581117071359
46 0.05051348270807992
47 0.04568445822362478
48 0.04131899180425323
49 0.03737223640503795
50 0.03380374723347643
51 0.030577038048017147
52 0.027659184273583274
53 0.025020467619226567
54 0.02263405755177987
55 0.02047572555303576
56 0.018523588581830876
57 0.016757878588979036
58 0.015160735302628525
59 0.01371601982289804
60 0.012409146844703862
61 0.011226933572489474
62 0.010157463605101143
63 0.00918996425752245
0 10.416666666666666
1 8.643611064888832
2 7.245801145782251
3 6.13022905810157
4 5.229283641151572
5 4.4934046057849235
6 3.8859392988983816
7 3.3795255541808933
8 2.953535459361393
9 2.592259360215664
10 2.2836084098394323
11 2.0181819349438017
12 1.788592664007974
13 1.5889751353081896
14 1.4146249339508112
15 1.2617319061130492
16 1.1271812915923598
17 1.0084042583751538
18 0.903264614390989
19 0.8099721991411756
20 0.7270160953175538
21 0.6531126754330423
22 0.5871648379757903
23 0.5282297496096457
24 0.47549310467085376
25 0.42824841781299
26 0.38588023435896485
27 0.3478504139980096
28 0.3136868440360106
29 0.28297408777345884
30 0.2553455855532384
31 0.23047711051354317
32 0.2080812452679656
33 0.18790269482166017
34 0.16971428882123238
35 0.15331355551862735
36 0.13851977266771798
37 0.12517141849830973
38 0.11312396007038043
39 0.10224792756184714
40 0.09242723203631764
41 0.08355769146773766
42 0.07554573564486773
43 0.06830726533106243
44 0.061766644938985114
45 0.05585581117071356
46 0.05051348270807984
47 0.04568445822362483
48 0.04131899180425317
49 0.037372236405037965
50 0.03380374723347643
51 0.03057703804801716
52 0.027659184273583246
53 0.025020467619226487
54 0.022634057551779854
55 0.020475725553035732
56 0.018523588581830886
57 0.016757878588979078
58 0.015160735302628497
59 0.01371601982289804
60 0.012409146844703883
61 0.011226933572489484
62 0.010157463605101147
63 0.009189964257522446
0 10.416666666666671
1 8.643611064888841
2 7.2458011457822575
3 6.1302290581015715
4 5.229283641151572
5 4.49340460578493
6 3.8859392988983843
7 3.379525554180893
8 2.9535354593613916
9 2.592259360215663
10 2.2836084098394376
11 2.018181934943802
12 1.7885926640079717
13 1.588975135308189
14 1.4146249339508092
15 1.2617319061130468
16 1.1271812915923611
17 1.008404258375153
18 0.903264614390991
19 0.8099721991411768
20 0.7270160953175543
21 0.6531126754330422
22 0.5871648379757898
23 0.5282297496096456
24 0.47549310467085354
25 0.42824841781299045
26 0.38588023435896435
27 0.3478504139980088
28 0.31368684403601027
29 0.2829740877734587
30 0.2553455855532385
31 0.23047711051354347
32 0.2080812452679654
33 0.1879026948216605
34 0.16971428882123238
35 0.15331355551862758
36 0.13851977266771812
37 0.1251714184983097
38 0.11312396007038028
39 0.10224792756184722
40 0.0924272320363178
41 0.08355769146773766
42 0.07554573564486762
43 0.0683072653310625
44 0.06176664493898509
45 0.05585581117071361
46 0.05051348270807983
47 0.0456844582236248
48 0.04131899180425315
49 0.037372236405037916
50 0.033803747233476386
51 0.030577038048017213
52 0.02765918427358324
53 0.0250204676192265
54 0.02263405755177985
55 0.02047572555303576
56 0.018523588581830872
57 0.016757878588979053
58 0.015160735302628514
59 0.013716019822898051
60 0.012409146844703869
61 0.011226933572489469
62 0.010157463605101141
63 0.009189964257522458
0 10.416666666666675
1 8.64361106488883
2 7.2458011457822336
3 6.130229058101572
4 5.229283641151572
5 4.493404605784924
6 3.885939298898385
7 3.379525554180891
8 2.9535354593613885
9 2.5922593602156594
10 2.2836084098394345
11 2.0181819349438026
12 1.7885926640079712
13 1.5889751353081916
14 1.414624933950811
15 1.2617319061130479
16 1.1271812915923587
17 1.0084042583751545
18 0.9032646143909909
19 0.8099721991411758
20 0.7270160953175543
21 0.6531126754330424
22 0.5871648379757893
23 0.5282297496096461
24 0.47549310467085365
25 0.42824841781299056
26 0.38588023435896496
27 0.34785041399800887
28 0.3136868440360111
29 0.28297408777345834
30 0.25534558555323844
31 0.23047711051354347
32 0.20808124526796593
33 0.18790269482166008
34 0.1697142888212323
35 0.15331355551862746
36 0.1385197726677182
37 0.12517141849830976
38 0.11312396007038035
39 0.10224792756184721
40 0.0924272320363179
41 0.08355769146773763
42 0.0755457356448678
43 0.06830726533106243
44 0.061766644938985094
45 0.05585581117071361
46 0.05051348270807983
47 0.045684458223624776
48 0.041318991804253205
49 0.03737223640503792
50 0.033803747233476386
51 0.030577038048017206
52 0.027659184273583246
53 0.025020467619226536
54 0.022634057551779836
55 0.020475725553035687
56 0.01852358858183084
57 0.01675787858897904
58 0.01516073530262851
59 0.013716019822898023
60 0.01240914684470388
61 0.011226933572489462
62 0.01015746360510114
63 0.009189964257522465
0 10.41666666666666
1 8.643611064888836
2 7.245801145782241
3 6.130229058101573
4 5.229283641151565
5 4.4934046057849235
6 3.8859392988983763
7 3.3795255541808844
8 2.953535459361393
9 2.5922593602156594
10 2.283608409839433
11 2.0181819349438026
12 1.78859266400797
13 1.5889751353081876
14 1.4146249339508117
15 1.261731906113047
16 1.1271812915923616
17 1.0084042583751531
18 0.9032646143909893
19 0.8099721991411745
20 0.7270160953175552
21 0.6531126754330407
22 0.5871648379757896
23 0.5282297496096467
24 0.47549310467085426
25 0.4282484178129909
26 0.3858802343589657
27 0.3478504139980092
28 0.31368684403601094
29 0.28297408777345856
30 0.2553455855532384
31 0.2304771105135431
32 0.20808124526796573
33 0.18790269482166097
34 0.1697142888212323
35 0.15331355551862724
36 0.1385197726677178
37 0.12517141849830968
38 0.11312396007038059
39 0.10224792756184714
40 0.09242723203631785
41 0.08355769146773781
42 0.07554573564486786
43 0.06830726533106249
44 0.06176664493898495
45 0.055855811170713573
46 0.050513482708079836
47 0.045684458223624755
48 0.041318991804253205
49 0.037372236405038006
50 0.03380374723347644
51 0.030577038048017265
52 0.027659184273583173
53 0.025020467619226525
54 0.022634057551779833
55 0.02047572555303573
56 0.018523588581830865
57 0.016757878588979078
58 0.015160735302628544
59 0.013716019822898011
60 0.012409146844703862
61 0.011226933572489464
62 0.01015746360510115
63 0.009189964257522467
0 10.416666666666668
1 8.643611064888823
2 7.245801145782224
3 6.13022905810158
4 5.229283641151569
5 4.493404605784924
6 3.8859392988983807
7 3.3795255541808866
8 2.9535354593613916
9 2.5922593602156634
10 2.2836084098394376
11 2.018181934943799
12 1.7885926640079692
13 1.5889751353081902
14 1.4146249339508106
15 1.2617319061130485
16 1.127181291592359
17 1.0084042583751522
18 0.9032646143909895
19 0.8099721991411759
20 0.7270160953175543
21 0.6531126754330417
22 0.5871648379757897
23 0.5282297496096462
24 0.4754931046708533
25 0.4282484178129906
26 0.3858802343589653
27 0.3478504139980089
28 0.31368684403601044
29 0.28297408777345917
30 0.25534558555323855
31 0.23047711051354317
32 0.20808124526796554
33 0.18790269482166028
34 0.1697142888212325
35 0.15331355551862735
36 0.1385197726677182
37 0.12517141849830962
38 0.11312396007038021
39 0.10224792756184733
40 0.09242723203631781
41 0.08355769146773787
42 0.07554573564486775
43 0.06830726533106252
44 0.061766644938985114
45 0.05585581117071362
46 0.05051348270807985
47 0.045684458223624776
48 0.04131899180425334
49 0.0373722364050379
50 0.03380374723347646
51 0.030577038048017178
52 0.027659184273583177
53 0.02502046761922654
54 0.022634057551779788
55 0.020475725553035735
56 0.018523588581830876
57 0.016757878588979057
58 0.015160735302628521
59 0.013716019822898048
60 0.012409146844703862
61 0.011226933572489457
62 0.010157463605101147
63 0.00918996425752246
0 10.416666666666654
1 8.643611064888836
2 7.245801145782247
3 6.130229058101563
4 5.229283641151574
5 4.493404605784921
6 3.885939298898378
7 3.379525554180891
8 2.953535459361391
9 2.592259360215658
10 2.283608409839434
11 2.0181819349438035
12 1.7885926640079712
13 1.5889751353081887
14 1.4146249339508103
15 1.261731906113046
16 1.1271812915923614
17 1.0084042583751553
18 0.9032646143909889
19 0.8099721991411758
20 0.7270160953175543
21 0.6531126754330421
22 0.5871648379757904
23 0.528229749609646
24 0.4754931046708532
25 0.4282484178129905
26 0.38588023435896546
27 0.3478504139980094
28 0.3136868440360106
29 0.2829740877734581
30 0.2553455855532386
31 0.23047711051354286
32 0.20808124526796545
33 0.1879026948216603
34 0.16971428882123263
35 0.1533135555186272
36 0.1385197726677178
37 0.12517141849830976
38 0.11312396007038034
39 0.10224792756184718
40 0.09242723203631785
41 0.08355769146773781
42 0.07554573564486775
43 0.06830726533106238
44 0.06176664493898505
45 0.05585581117071349
46 0.05051348270807985
47 0.04568445822362478
48 0.04131899180425318
49 0.037372236405038
50 0.03380374723347644
51 0.030577038048017226
52 0.027659184273583225
53 0.025020467619226525
54 0.022634057551779836
55 0.020475725553035715
56 0.01852358858183085
57 0.016757878588979043
58 0.015160735302628507
59 0.013716019822898029
60 0.012409146844703858
61 0.011226933572489469
62 0.010157463605101136
63 0.009189964257522464
0 10.416666666666645
1 8.643611064888837
2 7.245801145782233
3 6.130229058101573
4 5.229283641151569
5 4.493404605784921
6 3.885939298898374
7 3.3795255541808786
8 2.9535354593613916
9 2.592259360215658
10 2.283608409839434
11 2.0181819349438
12 1.788592664007972
13 1.588975135308187
14 1.4146249339508117
15 1.261731906113044
16 1.1271812915923618
17 1.0084042583751553
18 0.9032646143909897
19 0.8099721991411762
20 0.7270160953175545
21 0.653112675433041
22 0.5871648379757897
23 0.5282297496096459
24 0.47549310467085376
25 0.4282484178129902
26 0.385880234358965
27 0.3478504139980095
28 0.3136868440360111
29 0.2829740877734585
30 0.2553455855532384
31 0.23047711051354292
32 0.2080812452679661
33 0.1879026948216604
34 0.1697142888212327
35 0.15331355551862755
36 0.13851977266771798
37 0.1251714184983097
38 0.11312396007038054
39 0.10224792756184725
40 0.09242723203631782
41 0.08355769146773766
42 0.07554573564486754
43 0.06830726533106249
44 0.061766644938985114
45 0.055855811170713594
46 0.050513482708079906
47 0.04568445822362487
48 0.04131899180425316
49 0.03737223640503798
50 0.0338037472334764
51 0.03057703804801716
52 0.027659184273583232
53 0.02502046761922654
54 0.02263405755177983
55 0.02047572555303576
56 0.01852358858183089
57 0.016757878588979053
58 0.015160735302628525
59 0.013716019822898023
60 0.012409146844703848
61 0.011226933572489464
62 0.010157463605101143
63 0.009189964257522441
0 10.416666666666668
1 8.64361106488883
2 7.245801145782247
3 6.130229058101573
4 5.229283641151576
5 4.493404605784924
6 3.8859392988983816
7 3.379525554180889
8 2.9535354593613867
9 2.592259360215655
10 2.283608409839433
11 2.018181934943799
12 1.7885926640079717
13 1.5889751353081913
14 1.414624933950809
15 1.2617319061130483
16 1.127181291592359
17 1.0084042583751551
18 0.9032646143909897
19 0.8099721991411759
20 0.7270160953175538
21 0.6531126754330429
22 0.5871648379757896
23 0.5282297496096473
24 0.4754931046708539
25 0.42824841781299017
26 0.385880234358965
27 0.3478504139980095
28 0.31368684403601055
29 0.28297408777345817
30 0.25534558555323833
31 0.23047711051354328
32 0.20808124526796573
33 0.18790269482166055
34 0.16971428882123255
35 0.15331355551862735
36 0.13851977266771826
37 0.12517141849830973
38 0.11312396007038054
39 0.10224792756184738
40 0.09242723203631789
41 0.08355769146773774
42 0.0755457356448677
43 0.06830726533106261
44 0.061766644938985156
45 0.05585581117071345
46 0.0505134827080798
47 0.0456844582236248
48 0.041318991804253274
49 0.037372236405037965
50 0.0338037472334764
51 0.030577038048017206
52 0.027659184273583222
53 0.02502046761922649
54 0.022634057551779836
55 0.020475725553035725
56 0.018523588581830876
57 0.01675787858897903
58 0.015160735302628525
59 0.013716019822898036
60 0.012409146844703896
61 0.011226933572489469
62 0.010157463605101133
63 0.00918996425752245
0 10.416666666666666
1 8.643611064888827
2 7.245801145782243
3 6.130229058101576
4 5.229283641151563
5 4.493404605784917
6 3.8859392988983745
7 3.379525554180894
8 2.953535459361388
9 2.5922593602156594
10 2.283608409839435
11 2.018181934943803
12 1.788592664007972
13 1.5889751353081885
14 1.4146249339508095
15 1.2617319061130463
16 1.1271812915923585
17 1.0084042583751527
18 0.9032646143909893
19 0.8099721991411768
20 0.7270160953175551
21 0.6531126754330424
22 0.5871648379757903
23 0.528229749609647
24 0.47549310467085415
25 0.42824841781299045
26 0.3858802343589651
27 0.34785041399800914
28 0.3136868440360107
29 0.2829740877734584
30 0.2553455855532385
31 0.23047711051354305
32 0.20808124526796581
33 0.18790269482166022
34 0.1697142888212324
35 0.1533135555186272
36 0.13851977266771792
37 0.12517141849831
38 0.1131239600703803
39 0.10224792756184725
40 0.0924272320363179
41 0.0835576914677377
42 0.07554573564486769
43 0.06830726533106242
44 0.06176664493898505
45 0.05585581117071346
46 0.05051348270807992
47 0.04568445822362481
48 0.0413189918042533
49 0.03737223640503794
50 0.0338037472334764
51 0.030577038048017157
52 0.027659184273583232
53 0.025020467619226515
54 0.02263405755177984
55 0.020475725553035718
56 0.018523588581830903
57 0.016757878588979043
58 0.01516073530262851
59 0.013716019822898013
60 0.012409146844703872
61 0.011226933572489477
62 0.010157463605101131
63 0.009189964257522448
0 10.416666666666668
1 8.643611064888827
2 7.245801145782239
3 6.130229058101584
4 5.229283641151574
5 4.493404605784922
6 3.88593929889838
7 3.379525554180889
8 2.9535354593613907
9 2.5922593602156616
10 2.283608409839437
11 2.018181934943804
12 1.7885926640079712
13 1.5889751353081887
14 1.4146249339508097
15 1.261731906113047
16 1.127181291592358
17 1.0084042583751545
18 0.9032646143909886
19 0.8099721991411762
20 0.7270160953175542
21 0.6531126754330424
22 0.5871648379757907
23 0.528229749609647
24 0.47549310467085326
25 0.42824841781299056
26 0.38588023435896435
27 0.3478504139980092
28 0.31368684403601094
29 0.28297408777345884
30 0.2553455855532384
31 0.2304771105135427
32 0.20808124526796595
33 0.18790269482166042
34 0.16971428882123252
35 0.15331355551862735
36 0.13851977266771837
37 0.12517141849830982
38 0.11312396007038025
39 0.10224792756184718
40 0.09242723203631789
41 0.08355769146773773
42 0.07554573564486775
43 0.06830726533106254
44 0.061766644938984955
45 0.05585581117071353
46 0.05051348270807981
47 0.0456844582236248
48 0.041318991804253205
49 0.037372236405038
50 0.03380374723347639
51 0.03057703804801724
52 0.027659184273583215
53 0.025020467619226498
54 0.02263405755177981
55 0.020475725553035763
56 0.01852358858183088
57 0.016757878588979043
58 0.015160735302628509
59 0.013716019822898023
60 0.012409146844703872
61 0.011226933572489483
62 0.010157463605101133
63 0.009189964257522455
0 10.416666666666679
1 8.643611064888825
2 7.245801145782241
3 6.130229058101566
4 5.229283641151572
5 4.493404605784934
6 3.8859392988983794
7 3.3795255541808884
8 2.953535459361391
9 2.59225936021566
10 2.2836084098394327
11 2.0181819349438035
12 1.7885926640079717
13 1.5889751353081905
14 1.4146249339508128
15 1.2617319061130454
16 1.1271812915923598
17 1.0084042583751534
18 0.9032646143909907
19 0.8099721991411758
20 0.7270160953175547
21 0.6531126754330424
22 0.58716483797579
23 0.5282297496096457
24 0.4754931046708536
25 0.4282484178129908
26 0.3858802343589648
27 0.3478504139980093
28 0.3136868440360105
29 0.28297408777345884
30 0.2553455855532383
31 0.2304771105135433
32 0.20808124526796554
33 0.18790269482166022
34 0.16971428882123255
35 0.15331355551862724
36 0.13851977266771792
37 0.12517141849830998
38 0.11312396007038028
39 0.1022479275618472
40 0.09242723203631782
41 0.0835576914677378
42 0.07554573564486777
43 0.06830726533106253
44 0.061766644938985066
45 0.05585581117071353
46 0.0505134827080799
47 0.04568445822362475
48 0.041318991804253254
49 0.03737223640503801
50 0.03380374723347646
51 0.030577038048017192
52 0.027659184273583312
53 0.025020467619226567
54 0.022634057551779836
55 0.020475725553035746
56 0.018523588581830893
57 0.016757878588979078
58 0.015160735302628502
59 0.013716019822898039
60 0.012409146844703862
61 0.011226933572489472
62 0.010157463605101166
63 0.00918996425752248
0 10.416666666666682
1 8.643611064888823
2 7.245801145782263
3 6.130229058101572
4 5.229283641151573
5 4.4934046057849155
6 3.885939298898379
7 3.379525554180896
8 2.9535354593613916
9 2.5922593602156594
10 2.283608409839432
11 2.018181934943802
12 1.788592664007972
13 1.5889751353081885
14 1.4146249339508101
15 1.2617319061130468
16 1.1271812915923605
17 1.0084042583751522
18 0.903264614390988
19 0.8099721991411758
20 0.7270160953175545
21 0.6531126754330431
22 0.5871648379757896
23 0.5282297496096453
24 0.4754931046708535
25 0.42824841781299045
26 0.3858802343589644
27 0.34785041399800903
28 0.3136868440360105
29 0.2829740877734588
30 0.2553455855532383
31 0.23047711051354297
32 0.20808124526796581
33 0.1879026948216604
34 0.1697142888212325
35 0.15331355551862733
36 0.13851977266771803
37 0.12517141849830998
38 0.11312396007038028
39 0.10224792756184718
40 0.09242723203631785
41 0.08355769146773771
42 0.07554573564486758
43 0.06830726533106245
44 0.061766644938985
45 0.05585581117071353
46 0.0505134827080799
47 0.04568445822362482
48 0.04131899180425322
49 0.03737223640503794
50 0.03380374723347648
51 0.030577038048017206
52 0.02765918427358327
53 0.025020467619226536
54 0.022634057551779836
55 0.0204757255530357
56 0.0185235885818309
57 0.016757878588979067
58 0.015160735302628525
59 0.01371601982289804
60 0.012409146844703886
61 0.011226933572489465
62 0.010157463605101159
63 0.009189964257522451
0 10.416666666666666
1 8.643611064888832
2 7.245801145782243
3 6.130229058101565
4 5.229283641151574
5 4.493404605784924
6 3.8859392988983807
7 3.3795255541808897
8 2.9535354593613894
9 2.5922593602156563
10 2.2836084098394323
11 2.0181819349438
12 1.7885926640079703
13 1.5889751353081896
14 1.4146249339508132
15 1.2617319061130472
16 1.1271812915923598
17 1.008404258375152
18 0.9032646143909895
19 0.8099721991411765
20 0.7270160953175558
21 0.653112675433042
22 0.5871648379757893
23 0.5282297496096456
24 0.47549310467085415
25 0.4282484178129905
26 0.3858802343589646
27 0.3478504139980096
28 0.31368684403601055
29 0.2829740877734583
30 0.2553455855532386
31 0.23047711051354322
32 0.20808124526796568
33 0.18790269482166042
34 0.16971428882123243
35 0.15331355551862735
36 0.13851977266771812
37 0.1251714184983097
38 0.11312396007038034
39 0.10224792756184714
40 0.09242723203631782
41 0.08355769146773764
42 0.07554573564486775
43 0.06830726533106259
44 0.06176664493898513
45 0.055855811170713573
46 0.0505134827080798
47 0.04568445822362482
48 0.041318991804253254
49 0.03737223640503798
50 0.033803747233476414
51 0.030577038048017192
52 0.0276591842735832
53 0.025020467619226557
54 0.022634057551779847
55 0.020475725553035732
56 0.01852358858183087
57 0.01675787858897909
58 0.015160735302628485
59 0.013716019822898017
60 0.012409146844703883
61 0.011226933572489472
62 0.010157463605101133
63 0.009189964257522457
0 10.416666666666657
1 8.643611064888823
2 7.245801145782247
3 6.130229058101576
4 5.2292836411515795
5 4.493404605784925
6 3.8859392988983776
7 3.3795255541808897
8 2.9535354593613903
9 2.5922593602156625
10 2.2836084098394354
11 2.0181819349438
12 1.7885926640079717
13 1.5889751353081898
14 1.4146249339508106
15 1.2617319061130439
16 1.1271812915923598
17 1.0084042583751531
18 0.90326461439099
19 0.8099721991411762
20 0.7270160953175543
21 0.653112675433042
22 0.5871648379757899
23 0.5282297496096466
24 0.47549310467085343
25 0.42824841781299033
26 0.3858802343589655
27 0.34785041399800926
28 0.3136868440360109
29 0.2829740877734586
30 0.2553455855532383
31 0.23047711051354286
32 0.20808124526796581
33 0.1879026948216604
34 0.16971428882123263
35 0.15331355551862727
36 0.138519772667718
37 0.12517141849830982
38 0.11312396007038027
39 0.10224792756184718
40 0.09242723203631764
41 0.08355769146773766
42 0.07554573564486773
43 0.06830726533106249
44 0.0617666449389852
45 0.055855811170713525
46 0.0505134827080799
47 0.045684458223624796
48 0.04131899180425328
49 0.03737223640503792
50 0.03380374723347641
51 0.03057703804801718
52 0.027659184273583232
53 0.025020467619226536
54 0.02263405755177987
55 0.020475725553035694
56 0.018523588581830838
57 0.016757878588979036
58 0.015160735302628525
59 0.01371601982289804
60 0.012409146844703876
61 0.011226933572489453
62 0.010157463605101143
63 0.009189964257522465
0 10.416666666666657
1 8.64361106488882
2 7.245801145782257
3 6.1302290581015715
4 5.22928364115158
5 4.4934046057849235
6 3.885939298898386
7 3.3795255541808897
8 2.953535459361392
9 2.59225936021566
10 2.2836084098394314
11 2.0181819349438004
12 1.7885926640079737
13 1.5889751353081876
14 1.41462493395081
15 1.2617319061130454
16 1.1271812915923596
17 1.0084042583751522
18 0.9032646143909889
19 0.8099721991411761
20 0.7270160953175551
21 0.6531126754330412
22 0.5871648379757899
23 0.5282297496096461
24 0.47549310467085415
25 0.4282484178129901
26 0.3858802343589652
27 0.3478504139980096
28 0.31368684403601044
29 0.2829740877734584
30 0.25534558555323866
31 0.23047711051354322
32 0.20808124526796606
33 0.18790269482166064
34 0.16971428882123243
35 0.15331355551862721
36 0.13851977266771784
37 0.12517141849830993
38 0.11312396007038032
39 0.10224792756184717
40 0.09242723203631778
41 0.0835576914677377
42 0.07554573564486775
43 0.06830726533106253
44 0.06176664493898521
45 0.05585581117071353
46 0.05051348270807992
47 0.04568445822362483
48 0.041318991804253184
49 0.03737223640503796
50 0.033803747233476504
51 0.030577038048017233
52 0.02765918427358321
53 0.025020467619226508
54 0.022634057551779847
55 0.020475725553035697
56 0.018523588581830886
57 0.016757878588979033
58 0.015160735302628521
59 0.013716019822898044
60 0.012409146844703862
61 0.011226933572489469
62 0.01015746360510115
63 0.009189964257522453
0 10.41666666666665
1 8.64361106488883
2 7.245801145782243
3 6.130229058101576
4 5.229283641151566
5 4.493404605784926
6 3.8859392988983763
7 3.379525554180891
8 2.953535459361393
9 2.592259360215665
10 2.283608409839435
11 2.0181819349437995
12 1.7885926640079732
13 1.5889751353081887
14 1.4146249339508112
15 1.2617319061130448
16 1.127181291592359
17 1.0084042583751538
18 0.9032646143909899
19 0.8099721991411754
20 0.7270160953175554
21 0.6531126754330431
22 0.5871648379757897
23 0.5282297496096467
24 0.47549310467085404
25 0.4282484178129903
26 0.38588023435896474
27 0.3478504139980095
28 0.3136868440360107
29 0.2829740877734591
30 0.2553455855532384
31 0.23047711051354336
32 0.20808124526796565
33 0.18790269482166
34 0.1697142888212327
35 0.1533135555186274
36 0.13851977266771795
37 0.1251714184983098
38 0.11312396007038043
39 0.10224792756184715
40 0.09242723203631793
41 0.08355769146773777
42 0.07554573564486762
43 0.06830726533106242
44 0.061766644938985114
45 0.05585581117071361
46 0.05051348270807976
47 0.04568445822362483
48 0.041318991804253205
49 0.03737223640503796
50 0.03380374723347646
51 0.030577038048017167
52 0.027659184273583264
53 0.025020467619226498
54 0.0226340575517799
55 0.020475725553035718
56 0.018523588581830855
57 0.016757878588979022
58 0.015160735302628498
59 0.013716019822898051
60 0.012409146844703877
61 0.011226933572489474
62 0.01015746360510115
63 0.009189964257522448
0 10.416666666666684
1 8.643611064888827
2 7.245801145782242
3 6.130229058101578
4 5.2292836411515715
5 4.493404605784923
6 3.8859392988983883
7 3.3795255541808884
8 2.9535354593613956
9 2.5922593602156607
10 2.2836084098394376
11 2.0181819349438026
12 1.7885926640079728
13 1.5889751353081876
14 1.414624933950808
15 1.2617319061130479
16 1.127181291592359
17 1.0084042583751545
18 0.9032646143909879
19 0.8099721991411756
20 0.7270160953175534
21 0.6531126754330415
22 0.5871648379757903
23 0.5282297496096463
24 0.4754931046708539
25 0.4282484178129913
26 0.38588023435896485
27 0.3478504139980095
28 0.3136868440360103
29 0.2829740877734582
30 0.25534558555323833
31 0.2304771105135433
32 0.20808124526796556
33 0.1879026948216601
34 0.1697142888212326
35 0.15331355551862727
36 0.1385197726677182
37 0.12517141849830987
38 0.11312396007038021
39 0.10224792756184747
40 0.09242723203631772
41 0.08355769146773766
42 0.07554573564486763
43 0.06830726533106256
44 0.06176664493898504
45 0.055855811170713504
46 0.05051348270807985
47 0.04568445822362481
48 0.04131899180425319
49 0.03737223640503798
50 0.03380374723347648
51 0.030577038048017213
52 0.02765918427358325
53 0.02502046761922647
54 0.022634057551779815
55 0.020475725553035708
56 0.01852358858183084
57 0.016757878588979053
58 0.015160735302628509
59 0.013716019822898048
60 0.012409146844703869
61 0.011226933572489443
62 0.010157463605101152
63 0.009189964257522455
0 10.416666666666654
1 8.643611064888828
2 7.245801145782263
3 6.130229058101569
4 5.229283641151571
5 4.493404605784924
6 3.8859392988983816
7 3.3795255541808835
8 2.9535354593613885
9 2.5922593602156616
10 2.283608409839433
11 2.018181934943803
12 1.7885926640079723
13 1.588975135308191
14 1.414624933950812
15 1.261731906113044
16 1.1271812915923622
17 1.0084042583751531
18 0.9032646143909889
19 0.8099721991411772
20 0.7270160953175548
21 0.6531126754330417
22 0.5871648379757888
23 0.5282297496096461
24 0.4754931046708544
25 0.4282484178129907
26 0.3858802343589647
27 0.3478504139980091
28 0.3136868440360106
29 0.28297408777345856
30 0.25534558555323816
31 0.230477110513543
32 0.2080812452679656
33 0.1879026948216605
34 0.16971428882123255
35 0.15331355551862696
36 0.1385197726677181
37 0.12517141849830957
38 0.11312396007038013
39 0.10224792756184718
40 0.0924272320363178
41 0.08355769146773774
42 0.07554573564486768
43 0.06830726533106253
44 0.06176664493898503
45 0.05585581117071355
46 0.05051348270807982
47 0.0456844582236248
48 0.04131899180425317
49 0.03737223640503802
50 0.03380374723347644
51 0.030577038048017247
52 0.02765918427358322
53 0.025020467619226553
54 0.022634057551779874
55 0.020475725553035718
56 0.018523588581830893
57 0.016757878588979036
58 0.015160735302628502
59 0.013716019822898029
60 0.012409146844703855
61 0.011226933572489477
62 0.010157463605101153
63 0.00918996425752245
0 10.416666666666668
1 8.643611064888841
2 7.245801145782242
3 6.1302290581015715
4 5.229283641151572
5 4.4934046057849235
6 3.8859392988983816
7 3.3795255541808866
8 2.953535459361391
9 2.59225936021566
10 2.2836084098394345
11 2.018181934943805
12 1.78859266400797
13 1.588975135308185
14 1.414624933950812
15 1.2617319061130452
16 1.1271812915923607
17 1.0084042583751531
18 0.9032646143909903
19 0.8099721991411767
20 0.7270160953175543
21 0.6531126754330424
22 0.5871648379757902
23 0.5282297496096461
24 0.47549310467085426
25 0.4282484178129908
26 0.38588023435896546
27 0.3478504139980096
28 0.3136868440360107
29 0.2829740877734587
30 0.25534558555323855
31 0.230477110513543
32 0.2080812452679658
33 0.18790269482166033
34 0.16971428882123238
35 0.15331355551862727
36 0.13851977266771803
37 0.1251714184983098
38 0.11312396007038046
39 0.1022479275618472
40 0.09242723203631782
41 0.08355769146773766
42 0.07554573564486775
43 0.06830726533106256
44 0.06176664493898517
45 0.055855811170713636
46 0.05051348270807979
47 0.04568445822362484
48 0.04131899180425326
49 0.037372236405038
50 0.033803747233476435
51 0.030577038048017185
52 0.027659184273583232
53 0.025020467619226563
54 0.022634057551779805
55 0.020475725553035735
56 0.01852358858183086
57 0.016757878588979036
58 0.015160735302628514
59 0.01371601982289802
60 0.012409146844703855
61 0.011226933572489469
62 0.010157463605101152
63 0.009189964257522464
0 10.416666666666648
1 8.643611064888828
2 7.2458011457822495
3 6.130229058101579
4 5.229283641151569
5 4.493404605784928
6 3.8859392988983816
7 3.3795255541808884
8 2.95353545936139
9 2.592259360215659
10 2.283608409839431
11 2.018181934943801
12 1.7885926640079686
13 1.5889751353081891
14 1.414624933950811
15 1.2617319061130454
16 1.1271812915923602
17 1.0084042583751516
18 0.9032646143909899
19 0.8099721991411749
20 0.727016095317553
21 0.6531126754330422
22 0.5871648379757902
23 0.5282297496096465
24 0.4754931046708538
25 0.4282484178129907
26 0.385880234358965
27 0.3478504139980086
28 0.3136868440360103
29 0.2829740877734595
30 0.25534558555323833
31 0.23047711051354342
32 0.2080812452679657
33 0.18790269482166047
34 0.1697142888212327
35 0.15331355551862735
36 0.13851977266771806
37 0.12517141849830987
38 0.11312396007038024
39 0.1022479275618473
40 0.0924272320363179
41 0.0835576914677377
42 0.07554573564486759
43 0.0683072653310625
44 0.061766644938985114
45 0.05585581117071345
46 0.050513482708079885
47 0.04568445822362481
48 0.04131899180425319
49 0.03737223640503802
50 0.033803747233476386
51 0.030577038048017206
52 0.027659184273583208
53 0.025020467619226505
54 0.022634057551779885
55 0.020475725553035763
56 0.018523588581830876
57 0.016757878588979074
58 0.015160735302628528
59 0.013716019822898018
60 0.012409146844703872
61 0.01122693357248945
62 0.01015746360510115
63 0.009189964257522457
0 10.416666666666668
1 8.643611064888848
2 7.245801145782251
3 6.130229058101578
4 5.229283641151576
5 4.493404605784929
6 3.8859392988983807
7 3.379525554180892
8 2.9535354593613863
9 2.592259360215661
10 2.2836084098394314
11 2.018181934943799
12 1.7885926640079728
13 1.588975135308188
14 1.4146249339508112
15 1.261731906113048
16 1.1271812915923582
17 1.0084042583751538
18 0.9032646143909907
19 0.8099721991411767
20 0.727016095317554
21 0.6531126754330422
22 0.5871648379757897
23 0.5282297496096455
24 0.4754931046708538
25 0.428248417812991
26 0.38588023435896407
27 0.3478504139980092
28 0.31368684403601094
29 0.2829740877734582
30 0.2553455855532388
31 0.23047711051354294
32 0.20808124526796554
33 0.1879026948216602
34 0.1697142888212326
35 0.15331355551862735
36 0.138519772667718
37 0.1251714184983098
38 0.11312396007038039
39 0.10224792756184727
40 0.09242723203631772
41 0.08355769146773769
42 0.07554573564486773
43 0.06830726533106248
44 0.06176664493898505
45 0.05585581117071352
46 0.05051348270807986
47 0.04568445822362484
48 0.041318991804253274
49 0.037372236405038034
50 0.03380374723347641
51 0.0305770380480172
52 0.027659184273583257
53 0.0250204676192265
54 0.022634057551779812
55 0.020475725553035732
56 0.01852358858183089
57 0.016757878588979074
58 0.015160735302628504
59 0.013716019822898036
60 0.012409146844703862
61 0.011226933572489465
62 0.010157463605101141
63 0.009189964257522458
0 10.416666666666664
1 8.643611064888818
2 7.2458011457822495
3 6.130229058101576
4 5.229283641151567
5 4.493404605784924
6 3.8859392988983794
7 3.3795255541808857
8 2.953535459361392
9 2.592259360215657
10 2.2836084098394314
11 2.0181819349438017
12 1.7885926640079723
13 1.588975135308191
14 1.4146249339508106
15 1.2617319061130436
16 1.1271812915923611
17 1.0084042583751522
18 0.9032646143909905
19 0.8099721991411761
20 0.7270160953175555
21 0.6531126754330421
22 0.5871648379757897
23 0.5282297496096471
24 0.4754931046708532
25 0.4282484178129911
26 0.38588023435896546
27 0.34785041399800876
28 0.313686844036011
29 0.282974087773459
30 0.25534558555323894
31 0.23047711051354378
32 0.20808124526796606
33 0.18790269482166047
34 0.16971428882123227
35 0.15331355551862746
36 0.13851977266771778
37 0.12517141849830987
38 0.11312396007038025
39 0.10224792756184714
40 0.09242723203631793
41 0.08355769146773787
42 0.07554573564486762
43 0.06830726533106248
44 0.061766644938985094
45 0.05585581117071356
46 0.05051348270807992
47 0.04568445822362481
48 0.04131899180425328
49 0.03737223640503797
50 0.03380374723347643
51 0.0305770380480172
52 0.027659184273583257
53 0.025020467619226484
54 0.022634057551779864
55 0.020475725553035763
56 0.018523588581830865
57 0.016757878588979015
58 0.015160735302628521
59 0.013716019822898013
60 0.012409146844703886
61 0.011226933572489486
62 0.010157463605101145
63 0.00918996425752245
0 10.41666666666665
1 8.64361106488883
2 7.245801145782245
3 6.130229058101584
4 5.229283641151563
5 4.493404605784922
6 3.8859392988983794
7 3.379525554180889
8 2.9535354593613885
9 2.59225936021566
10 2.283608409839431
11 2.0181819349438044
12 1.7885926640079681
13 1.588975135308186
14 1.4146249339508112
15 1.2617319061130454
16 1.1271812915923585
17 1.0084042583751531
18 0.9032646143909899
19 0.8099721991411756
20 0.7270160953175543
21 0.6531126754330434
22 0.5871648379757897
23 0.5282297496096469
24 0.47549310467085415
25 0.42824841781298995
26 0.38588023435896485
27 0.3478504139980092
28 0.3136868440360109
29 0.28297408777345895
30 0.2553455855532387
31 0.2304771105135433
32 0.20808124526796554
33 0.18790269482165986
34 0.1697142888212327
35 0.15331355551862724
36 0.1385197726677181
37 0.1251714184983099
38 0.11312396007038035
39 0.10224792756184714
40 0.09242723203631774
41 0.08355769146773777
42 0.07554573564486768
43 0.06830726533106263
44 0.06176664493898514
45 0.055855811170713504
46 0.050513482708079795
47 0.0456844582236249
48 0.0413189918042532
49 0.037372236405037916
50 0.033803747233476435
51 0.030577038048017185
52 0.027659184273583232
53 0.025020467619226487
54 0.02263405755177984
55 0.0204757255530357
56 0.01852358858183089
57 0.01675787858897906
58 0.015160735302628509
59 0.013716019822898023
60 0.01240914684470387
61 0.011226933572489448
62 0.01015746360510114
63 0.00918996425752246
0 10.416666666666655
1 8.64361106488884
2 7.2458011457822495
3 6.130229058101579
4 5.22928364115157
5 4.493404605784932
6 3.885939298898387
7 3.3795255541808933
8 2.95353545936139
9 2.59225936021566
10 2.2836084098394327
11 2.0181819349438035
12 1.7885926640079695
13 1.588975135308189
14 1.4146249339508117
15 1.261731906113047
16 1.1271812915923614
17 1.0084042583751511
18 0.9032646143909905
19 0.8099721991411752
20 0.7270160953175557
21 0.6531126754330431
22 0.58716483797579
23 0.5282297496096465
24 0.47549310467085326
25 0.42824841781299045
26 0.38588023435896474
27 0.3478504139980093
28 0.3136868440360112
29 0.28297408777345834
30 0.2553455855532383
31 0.23047711051354322
32 0.20808124526796543
33 0.1879026948216602
34 0.1697142888212327
35 0.15331355551862733
36 0.13851977266771823
37 0.12517141849830965
38 0.11312396007038039
39 0.10224792756184727
40 0.09242723203631803
41 0.08355769146773769
42 0.07554573564486766
43 0.06830726533106245
44 0.06176664493898521
45 0.05585581117071353
46 0.05051348270807982
47 0.04568445822362478
48 0.04131899180425321
49 0.03737223640503795
50 0.033803747233476455
51 0.0305770380480172
52 0.02765918427358322
53 0.02502046761922654
54 0.022634057551779836
55 0.020475725553035746
56 0.018523588581830865
57 0.016757878588979088
58 0.015160735302628525
59 0.013716019822898018
60 0.012409146844703862
61 0.011226933572489457
62 0.010157463605101143
63 0.009189964257522464
0 10.416666666666657
1 8.643611064888837
2 7.2458011457822575
3 6.1302290581015715
4 5.229283641151574
5 4.493404605784928
6 3.8859392988983843
7 3.3795255541808835
8 2.95353545936139
9 2.5922593602156607
10 2.283608409839434
11 2.0181819349437995
12 1.7885926640079668
13 1.5889751353081905
14 1.414624933950812
15 1.2617319061130492
16 1.1271812915923607
17 1.0084042583751553
18 0.9032646143909897
19 0.8099721991411745
20 0.7270160953175543
21 0.6531126754330429
22 0.58716483797579
23 0.5282297496096457
24 0.4754931046708533
25 0.4282484178129911
26 0.3858802343589642
27 0.3478504139980094
28 0.31368684403601044
29 0.2829740877734584
30 0.2553455855532388
31 0.23047711051354308
32 0.20808124526796568
33 0.18790269482166042
34 0.16971428882123252
35 0.15331355551862744
36 0.13851977266771806
37 0.1251714184983099
38 0.11312396007038036
39 0.1022479275618472
40 0.09242723203631782
41 0.08355769146773782
42 0.07554573564486775
43 0.06830726533106246
44 0.06176664493898517
45 0.05585581117071353
46 0.050513482708079906
47 0.04568445822362484
48 0.04131899180425318
49 0.037372236405037895
50 0.03380374723347644
51 0.03057703804801718
52 0.02765918427358325
53 0.02502046761922652
54 0.02263405755177985
55 0.020475725553035697
56 0.018523588581830897
57 0.016757878588979046
58 0.015160735302628493
59 0.01371601982289802
60 0.012409146844703876
61 0.011226933572489469
62 0.010157463605101138
63 0.009189964257522458
0 10.416666666666671
1 8.643611064888837
2 7.245801145782241
3 6.130229058101563
4 5.22928364115158
5 4.493404605784921
6 3.8859392988983745
7 3.379525554180893
8 2.9535354593613907
9 2.5922593602156603
10 2.2836084098394354
11 2.018181934943799
12 1.78859266400797
13 1.5889751353081938
14 1.4146249339508132
15 1.2617319061130463
16 1.1271812915923598
17 1.008404258375152
18 0.9032646143909903
19 0.8099721991411747
20 0.7270160953175551
21 0.6531126754330431
22 0.5871648379757902
23 0.5282297496096459
24 0.47549310467085343
25 0.42824841781299156
26 0.38588023435896485
27 0.3478504139980096
28 0.3136868440360112
29 0.28297408777345895
30 0.2553455855532384
31 0.23047711051354347
32 0.20808124526796562
33 0.1879026948216598
34 0.16971428882123252
35 0.15331355551862758
36 0.13851977266771806
37 0.1251714184983099
38 0.11312396007038028
39 0.1022479275618473
40 0.09242723203631789
41 0.08355769146773775
42 0.0755457356448677
43 0.0683072653310625
44 0.0617666449389851
45 0.05585581117071353
46 0.05051348270807981
47 0.04568445822362482
48 0.041318991804253226
49 0.037372236405037965
50 0.03380374723347644
51 0.030577038048017174
52 0.027659184273583208
53 0.02502046761922651
54 0.022634057551779843
55 0.020475725553035715
56 0.018523588581830876
57 0.016757878588979057
58 0.015160735302628535
59 0.013716019822898011
60 0.01240914684470387
61 0.011226933572489495
62 0.010157463605101143
63 0.009189964257522457
0 10.416666666666673
1 8.643611064888832
2 7.245801145782237
3 6.130229058101562
4 5.229283641151567
5 4.493404605784925
6 3.8859392988983785
7 3.3795255541808906
8 2.9535354593613943
9 2.5922593602156616
10 2.283608409839433
11 2.0181819349438
12 1.7885926640079708
13 1.588975135308188
14 1.414624933950809
15 1.2617319061130459
16 1.127181291592359
17 1.0084042583751547
18 0.9032646143909882
19 0.8099721991411755
20 0.7270160953175562
21 0.6531126754330422
22 0.5871648379757891
23 0.5282297496096467
24 0.47549310467085404
25 0.4282484178129908
26 0.3858802343589646
27 0.3478504139980084
28 0.3136868440360103
29 0.28297408777345834
30 0.2553455855532389
31 0.23047711051354292
32 0.20808124526796595
33 0.18790269482166042
34 0.1697142888212325
35 0.1533135555186271
36 0.138519772667718
37 0.12517141849831
38 0.11312396007038023
39 0.10224792756184722
40 0.09242723203631778
41 0.08355769146773771
42 0.0755457356448675
43 0.06830726533106253
44 0.061766644938985
45 0.05585581117071362
46 0.050513482708079885
47 0.04568445822362483
48 0.04131899180425319
49 0.03737223640503797
50 0.033803747233476435
51 0.030577038048017192
52 0.027659184273583215
53 0.025020467619226553
54 0.022634057551779847
55 0.02047572555303575
56 0.018523588581830865
57 0.01675787858897906
58 0.015160735302628509
59 0.013716019822898006
60 0.012409146844703869
61 0.011226933572489477
62 0.01015746360510114
63 0.009189964257522444
0 10.416666666666668
1 8.643611064888827
2 7.245801145782243
3 6.130229058101579
4 5.22928364115158
5 4.493404605784931
6 3.8859392988983816
7 3.379525554180881
8 2.953535459361389
9 2.5922593602156634
10 2.2836084098394345
11 2.018181934943804
12 1.7885926640079712
13 1.5889751353081902
14 1.4146249339508086
15 1.2617319061130452
16 1.1271812915923602
17 1.008404258375154
18 0.903264614390991
19 0.8099721991411749
20 0.727016095317554
21 0.6531126754330432
22 0.5871648379757897
23 0.528229749609647
24 0.4754931046708538
25 0.4282484178129905
26 0.38588023435896474
27 0.3478504139980088
28 0.31368684403601016
29 0.2829740877734582
30 0.25534558555323833
31 0.23047711051354305
32 0.2080812452679654
33 0.18790269482166064
34 0.1697142888212328
35 0.15331355551862724
36 0.13851977266771787
37 0.1251714184983096
38 0.1131239600703801
39 0.10224792756184707
40 0.09242723203631785
41 0.08355769146773771
42 0.07554573564486777
43 0.06830726533106254
44 0.0617666449389852
45 0.055855811170713456
46 0.050513482708079836
47 0.04568445822362486
48 0.04131899180425316
49 0.03737223640503793
50 0.03380374723347645
51 0.0305770380480172
52 0.02765918427358319
53 0.025020467619226498
54 0.022634057551779836
55 0.02047572555303577
56 0.01852358858183089
57 0.01675787858897906
58 0.015160735302628518
59 0.013716019822898017
60 0.012409146844703853
61 0.011226933572489474
62 0.010157463605101143
63 0.009189964257522472
0 10.416666666666666
1 8.643611064888828
2 7.245801145782243
3 6.130229058101575
4 5.229283641151574
5 4.493404605784921
6 3.885939298898386
7 3.3795255541808906
8 2.953535459361385
9 2.5922593602156607
10 2.2836084098394323
11 2.0181819349438017
12 1.7885926640079712
13 1.588975135308191
14 1.41462493395081
15 1.261731906113047
16 1.1271812915923614
17 1.0084042583751525
18 0.9032646143909903
19 0.8099721991411762
20 0.7270160953175551
21 0.6531126754330431
22 0.5871648379757893
23 0.5282297496096475
24 0.4754931046708537
25 0.4282484178129907
26 0.38588023435896496
27 0.3478504139980094
28 0.31368684403601044
29 0.28297408777345867
30 0.2553455855532385
31 0.23047711051354305
32 0.20808124526796545
33 0.18790269482166014
34 0.16971428882123224
35 0.15331355551862735
36 0.1385197726677181
37 0.12517141849830987
38 0.11312396007038052
39 0.10224792756184714
40 0.09242723203631785
41 0.08355769146773774
42 0.07554573564486783
43 0.06830726533106239
44 0.06176664493898514
45 0.05585581117071345
46 0.05051348270807985
47 0.04568445822362482
48 0.041318991804253205
49 0.037372236405038006
50 0.03380374723347641
51 0.0305770380480172
52 0.02765918427358324
53 0.025020467619226525
54 0.02263405755177984
55 0.02047572555303575
56 0.018523588581830897
57 0.01675787858897908
58 0.0151607353026285
59 0.013716019822898013
60 0.012409146844703877
61 0.011226933572489457
62 0.010157463605101141
63 0.009189964257522457
0 10.416666666666668
1 8.643611064888827
2 7.245801145782257
3 6.130229058101576
4 5.229283641151581
5 4.493404605784921
6 3.885939298898392
7 3.3795255541808866
8 2.95353545936139
9 2.592259360215665
10 2.2836084098394336
11 2.0181819349438013
12 1.7885926640079712
13 1.5889751353081873
14 1.4146249339508086
15 1.2617319061130448
16 1.127181291592359
17 1.0084042583751558
18 0.9032646143909894
19 0.8099721991411752
20 0.727016095317554
21 0.6531126754330424
22 0.5871648379757903
23 0.5282297496096466
24 0.4754931046708538
25 0.42824841781299
26 0.3858802343589644
27 0.34785041399800903
28 0.3136868440360111
29 0.2829740877734584
30 0.25534558555323855
31 0.2304771105135431
32 0.2080812452679656
33 0.18790269482166047
34 0.1697142888212326
35 0.15331355551862721
36 0.13851977266771798
37 0.12517141849830987
38 0.11312396007038056
39 0.1022479275618473
40 0.0924272320363178
41 0.08355769146773774
42 0.07554573564486769
43 0.0683072653310625
44 0.06176664493898513
45 0.05585581117071362
46 0.0505134827080799
47 0.04568445822362486
48 0.04131899180425315
49 0.03737223640503801
50 0.03380374723347641
51 0.030577038048017254
52 0.02765918427358324
53 0.02502046761922651
54 0.022634057551779826
55 0.02047572555303574
56 0.018523588581830886
57 0.016757878588979036
58 0.015160735302628507
59 0.01371601982289802
60 0.012409146844703877
61 0.011226933572489474
62 0.010157463605101167
63 0.009189964257522472
0 10.416666666666657
1 8.64361106488883
2 7.245801145782249
3 6.1302290581015715
4 5.229283641151581
5 4.493404605784917
6 3.885939298898378
7 3.3795255541808906
8 2.9535354593613996
9 2.5922593602156647
10 2.2836084098394323
11 2.0181819349438057
12 1.78859266400797
13 1.5889751353081902
14 1.4146249339508106
15 1.2617319061130463
16 1.1271812915923605
17 1.0084042583751534
18 0.9032646143909888
19 0.8099721991411755
20 0.7270160953175543
21 0.6531126754330426
22 0.5871648379757896
23 0.528229749609646
24 0.4754931046708535
25 0.4282484178129907
26 0.3858802343589652
27 0.3478504139980089
28 0.31368684403601044
29 0.28297408777345906
30 0.255345585553238
31 0.23047711051354322
32 0.20808124526796568
33 0.18790269482166067
34 0.16971428882123263
35 0.15331355551862724
36 0.13851977266771814
37 0.12517141849830987
38 0.11312396007038039
39 0.10224792756184725
40 0.09242723203631781
41 0.0835576914677377
42 0.07554573564486768
43 0.06830726533106254
44 0.0617666449389851
45 0.05585581117071362
46 0.05051348270807981
47 0.04568445822362477
48 0.04131899180425325
49 0.03737223640503793
50 0.033803747233476435
51 0.0305770380480172
52 0.02765918427358325
53 0.02502046761922653
54 0.02263405755177987
55 0.0204757255530357
56 0.018523588581830876
57 0.016757878588979043
58 0.015160735302628507
59 0.013716019822898027
60 0.012409146844703869
61 0.011226933572489484
62 0.010157463605101162
63 0.009189964257522446
0 10.416666666666668
1 8.643611064888836
2 7.245801145782251
3 6.130229058101584
4 5.229283641151563
5 4.493404605784925
6 3.8859392988983776
7 3.3795255541808933
8 2.9535354593613885
9 2.5922593602156607
10 2.2836084098394376
11 2.018181934943801
12 1.788592664007972
13 1.5889751353081887
14 1.4146249339508103
15 1.2617319061130463
16 1.127181291592359
17 1.0084042583751531
18 0.9032646143909897
19 0.8099721991411759
20 0.7270160953175543
21 0.6531126754330433
22 0.587164837975789
23 0.5282297496096465
24 0.4754931046708537
25 0.42824841781299045
26 0.3858802343589645
27 0.34785041399800903
28 0.3136868440360107
29 0.28297408777345856
30 0.2553455855532387
31 0.23047711051354294
32 0.20808124526796545
33 0.18790269482166033
34 0.16971428882123266
35 0.1533135555186274
36 0.13851977266771812
37 0.12517141849830993
38 0.11312396007038042
39 0.10224792756184713
40 0.09242723203631775
41 0.08355769146773773
42 0.07554573564486756
43 0.0683072653310626
44 0.06176664493898508
45 0.055855811170713525
46 0.05051348270807982
47 0.04568445822362481
48 0.04131899180425319
49 0.037372236405038
50 0.03380374723347646
51 0.0305770380480172
52 0.02765918427358325
53 0.02502046761922653
54 0.022634057551779843
55 0.0204757255530357
56 0.018523588581830886
57 0.01675787858897904
58 0.015160735302628495
59 0.013716019822898044
60 0.012409146844703853
61 0.01122693357248946
62 0.010157463605101138
63 0.009189964257522458
0 10.416666666666664
1 8.643611064888825
2 7.245801145782251
3 6.130229058101576
4 5.229283641151567
5 4.4934046057849235
6 3.8859392988983825
7 3.3795255541808853
8 2.9535354593613876
9 2.59225936021566
10 2.2836084098394345
11 2.018181934943801
12 1.788592664007972
13 1.5889751353081913
14 1.414624933950812
15 1.2617319061130459
16 1.12718129159236
17 1.0084042583751545
18 0.9032646143909897
19 0.8099721991411754
20 0.727016095317554
21 0.6531126754330422
22 0.5871648379757891
23 0.5282297496096464
24 0.47549310467085454
25 0.4282484178129914
26 0.38588023435896535
27 0.34785041399800914
28 0.3136868440360104
29 0.2829740877734591
30 0.2553455855532383
31 0.230477110513543
32 0.2080812452679656
33 0.18790269482166047
34 0.1697142888212325
35 0.15331355551862727
36 0.1385197726677181
37 0.12517141849831
38 0.11312396007038039
39 0.10224792756184717
40 0.0924272320363177
41 0.08355769146773788
42 0.0755457356448678
43 0.06830726533106264
44 0.0617666449389851
45 0.05585581117071359
46 0.050513482708079815
47 0.045684458223624796
48 0.04131899180425319
49 0.037372236405038006
50 0.03380374723347643
51 0.030577038048017233
52 0.02765918427358323
53 0.025020467619226553
54 0.022634057551779854
55 0.020475725553035718
56 0.018523588581830897
57 0.016757878588979033
58 0.015160735302628505
59 0.01371601982289802
60 0.012409146844703855
61 0.01122693357248949
62 0.010157463605101131
63 0.009189964257522443
0 10.416666666666664
1 8.643611064888821
2 7.2458011457822336
3 6.130229058101568
4 5.229283641151566
5 4.493404605784924
6 3.8859392988983794
7 3.3795255541808884
8 2.953535459361392
9 2.5922593602156585
10 2.2836084098394336
11 2.0181819349438
12 1.7885926640079728
13 1.5889751353081887
14 1.4146249339508121
15 1.261731906113045
16 1.1271812915923605
17 1.0084042583751534
18 0.9032646143909894
19 0.8099721991411751
20 0.7270160953175541
21 0.6531126754330419
22 0.5871648379757884
23 0.5282297496096457
24 0.47549310467085415
25 0.42824841781298956
26 0.3858802343589651
27 0.3478504139980091
28 0.3136868440360107
29 0.2829740877734591
30 0.2553455855532382
31 0.23047711051354292
32 0.20808124526796565
33 0.18790269482165994
34 0.16971428882123252
35 0.15331355551862755
36 0.13851977266771798
37 0.12517141849830976
38 0.11312396007038023
39 0.10224792756184743
40 0.09242723203631768
41 0.08355769146773781
42 0.07554573564486773
43 0.06830726533106266
44 0.061766644938984996
45 0.055855811170713476
46 0.05051348270807981
47 0.04568445822362476
48 0.04131899180425319
49 0.03737223640503792
50 0.03380374723347639
51 0.03057703804801722
52 0.027659184273583225
53 0.025020467619226498
54 0.022634057551779864
55 0.020475725553035715
56 0.018523588581830872
57 0.01675787858897904
58 0.015160735302628521
59 0.013716019822898029
60 0.01240914684470388
61 0.011226933572489451
62 0.010157463605101152
63 0.009189964257522458
0 10.416666666666668
1 8.643611064888834
2 7.2458011457822495
3 6.130229058101568
4 5.229283641151572
5 4.49340460578492
6 3.8859392988983825
7 3.379525554180891
8 2.953535459361393
9 2.5922593602156585
10 2.283608409839432
11 2.018181934943804
12 1.7885926640079728
13 1.5889751353081878
14 1.4146249339508128
15 1.2617319061130474
16 1.1271812915923596
17 1.0084042583751542
18 0.9032646143909905
19 0.8099721991411762
20 0.7270160953175536
21 0.6531126754330423
22 0.5871648379757893
23 0.5282297496096459
24 0.47549310467085326
25 0.428248417812991
26 0.3858802343589644
27 0.34785041399800903
28 0.3136868440360107
29 0.2829740877734585
30 0.2553455855532387
31 0.23047711051354294
32 0.20808124526796568
33 0.18790269482166025
34 0.16971428882123243
35 0.1533135555186273
36 0.13851977266771792
37 0.12517141849830987
38 0.11312396007038017
39 0.10224792756184738
40 0.09242723203631785
41 0.0835576914677376
42 0.07554573564486756
43 0.0683072653310625
44 0.06176664493898508
45 0.05585581117071365
46 0.05051348270807988
47 0.04568445822362486
48 0.04131899180425321
49 0.03737223640503798
50 0.03380374723347639
51 0.030577038048017192
52 0.027659184273583295
53 0.025020467619226498
54 0.022634057551779847
55 0.02047572555303573
56 0.018523588581830886
57 0.016757878588979046
58 0.01516073530262851
59 0.01371601982289801
60 0.012409146844703857
61 0.011226933572489469
62 0.010157463605101157
63 0.009189964257522441
0 10.416666666666652
1 8.643611064888843
2 7.245801145782234
3 6.13022905810156
4 5.229283641151572
5 4.4934046057849235
6 3.8859392988983825
7 3.379525554180882
8 2.9535354593613907
9 2.5922593602156594
10 2.2836084098394345
11 2.0181819349438013
12 1.7885926640079737
13 1.5889751353081902
14 1.4146249339508086
15 1.2617319061130468
16 1.1271812915923602
17 1.0084042583751545
18 0.9032646143909897
19 0.8099721991411761
20 0.7270160953175531
21 0.6531126754330423
22 0.5871648379757897
23 0.5282297496096467
24 0.4754931046708538
25 0.4282484178129911
26 0.38588023435896535
27 0.3478504139980091
28 0.3136868440360102
29 0.2829740877734587
30 0.25534558555323855
31 0.2304771105135433
32 0.2080812452679655
33 0.18790269482165997
34 0.16971428882123243
35 0.15331355551862744
36 0.13851977266771778
37 0.1251714184983101
38 0.11312396007038054
39 0.10224792756184706
40 0.09242723203631767
41 0.08355769146773794
42 0.07554573564486775
43 0.06830726533106242
44 0.061766644938985114
45 0.05585581117071352
46 0.05051348270807986
47 0.045684458223624734
48 0.04131899180425328
49 0.03737223640503792
50 0.03380374723347639
51 0.0305770380480172
52 0.027659184273583257
53 0.02502046761922648
54 0.022634057551779864
55 0.020475725553035725
56 0.01852358858183087
57 0.01675787858897903
58 0.015160735302628502
59 0.013716019822898044
60 0.01240914684470388
61 0.011226933572489453
62 0.010157463605101147
63 0.009189964257522451
0 10.416666666666652
1 8.643611064888823
2 7.245801145782242
3 6.130229058101579
4 5.22928364115157
5 4.49340460578492
6 3.885939298898385
7 3.379525554180889
8 2.9535354593613876
9 2.592259360215663
10 2.2836084098394345
11 2.0181819349438017
12 1.7885926640079712
13 1.588975135308191
14 1.4146249339508092
15 1.2617319061130452
16 1.1271812915923591
17 1.008404258375154
18 0.903264614390989
19 0.8099721991411756
20 0.7270160953175548
21 0.6531126754330429
22 0.5871648379757902
23 0.5282297496096463
24 0.47549310467085404
25 0.4282484178129904
26 0.3858802343589648
27 0.34785041399801
28 0.3136868440360107
29 0.2829740877734587
30 0.2553455855532387
31 0.23047711051354347
32 0.20808124526796545
33 0.18790269482166055
34 0.1697142888212326
35 0.15331355551862755
36 0.13851977266771812
37 0.12517141849830996
38 0.11312396007038046
39 0.10224792756184727
40 0.09242723203631782
41 0.08355769146773781
42 0.07554573564486769
43 0.06830726533106254
44 0.06176664493898508
45 0.055855811170713525
46 0.05051348270807985
47 0.0456844582236248
48 0.04131899180425317
49 0.037372236405038
50 0.03380374723347637
51 0.030577038048017122
52 0.027659184273583208
53 0.02502046761922654
54 0.022634057551779854
55 0.02047572555303573
56 0.018523588581830865
57 0.01675787858897906
58 0.015160735302628493
59 0.013716019822898036
60 0.012409146844703865
61 0.011226933572489469
62 0.01015746360510113
63 0.00918996425752245
0 10.416666666666675
1 8.643611064888848
2 7.245801145782251
3 6.13022905810157
4 5.229283641151572
5 4.493404605784928
6 3.885939298898379
7 3.379525554180896
8 2.953535459361397
9 2.5922593602156616
10 2.2836084098394345
11 2.018181934943803
12 1.7885926640079717
13 1.588975135308187
14 1.4146249339508095
15 1.2617319061130468
16 1.1271812915923616
17 1.0084042583751556
18 0.9032646143909887
19 0.8099721991411741
20 0.7270160953175543
21 0.6531126754330421
22 0.5871648379757898
23 0.5282297496096456
24 0.4754931046708538
25 0.4282484178129904
26 0.38588023435896535
27 0.347850413998009
28 0.3136868440360107
29 0.2829740877734584
30 0.25534558555323866
31 0.23047711051354305
32 0.20808124526796565
33 0.1879026948216605
34 0.1697142888212323
35 0.15331355551862721
36 0.1385197726677181
37 0.12517141849830984
38 0.11312396007038036
39 0.10224792756184722
40 0.09242723203631771
41 0.08355769146773766
42 0.07554573564486775
43 0.06830726533106248
44 0.0617666449389851
45 0.055855811170713525
46 0.05051348270807988
47 0.04568445822362487
48 0.041318991804253254
49 0.03737223640503794
50 0.03380374723347644
51 0.030577038048017192
52 0.027659184273583232
53 0.025020467619226498
54 0.022634057551779874
55 0.020475725553035725
56 0.01852358858183089
57 0.01675787858897902
58 0.01516073530262851
59 0.013716019822898013
60 0.01240914684470388
61 0.011226933572489451
62 0.010157463605101136
63 0.009189964257522438
0 10.41666666666666
1 8.643611064888828
2 7.245801145782238
3 6.130229058101576
4 5.229283641151573
5 4.493404605784921
6 3.8859392988983803
7 3.379525554180885
8 2.9535354593613943
9 2.5922593602156616
10 2.283608409839435
11 2.018181934943803
12 1.78859266400797
13 1.5889751353081905
14 1.4146249339508101
15 1.2617319061130472
16 1.1271812915923602
17 1.0084042583751531
18 0.9032646143909886
19 0.8099721991411765
20 0.7270160953175538
21 0.6531126754330434
22 0.5871648379757896
23 0.5282297496096461
24 0.4754931046708539
25 0.4282484178129906
26 0.385880234358965
27 0.3478504139980098
28 0.3136868440360103
29 0.28297408777345895
30 0.2553455855532383
31 0.23047711051354275
32 0.20808124526796556
33 0.18790269482166042
34 0.1697142888212325
35 0.15331355551862733
36 0.13851977266771787
37 0.12517141849830965
38 0.11312396007038043
39 0.10224792756184732
40 0.0924272320363179
41 0.08355769146773774
42 0.07554573564486765
43 0.0683072653310625
44 0.06176664493898498
45 0.05585581117071352
46 0.05051348270807984
47 0.04568445822362479
48 0.04131899180425322
49 0.03737223640503796
50 0.03380374723347641
51 0.030577038048017167
52 0.027659184273583257
53 0.025020467619226525
54 0.02263405755177988
55 0.020475725553035708
56 0.018523588581830848
57 0.016757878588979043
58 0.015160735302628486
59 0.013716019822898032
60 0.012409146844703877
61 0.011226933572489462
62 0.01015746360510116
63 0.009189964257522469
0 10.416666666666673
1 8.643611064888848
2 7.245801145782241
3 6.130229058101576
4 5.229283641151578
5 4.493404605784929
6 3.885939298898379
7 3.379525554180895
8 2.953535459361387
9 2.592259360215661
10 2.2836084098394345
11 2.0181819349438013
12 1.7885926640079717
13 1.5889751353081927
14 1.414624933950809
15 1.2617319061130483
16 1.127181291592359
17 1.0084042583751545
18 0.9032646143909903
19 0.8099721991411759
20 0.7270160953175542
21 0.6531126754330426
22 0.5871648379757897
23 0.5282297496096464
24 0.47549310467085326
25 0.4282484178129908
26 0.38588023435896535
27 0.3478504139980095
28 0.3136868440360106
29 0.28297408777345895
30 0.25534558555323866
31 0.2304771105135431
32 0.20808124526796581
33 0.18790269482166022
34 0.16971428882123246
35 0.1533135555186276
36 0.13851977266771803
37 0.1251714184983099
38 0.1131239600703803
39 0.10224792756184722
40 0.09242723203631778
41 0.0835576914677378
42 0.07554573564486783
43 0.06830726533106243
44 0.06176664493898524
45 0.05585581117071359
46 0.050513482708079885
47 0.04568445822362483
48 0.041318991804253205
49 0.037372236405037916
50 0.03380374723347641
51 0.030577038048017206
52 0.02765918427358325
53 0.025020467619226477
54 0.02263405755177985
55 0.020475725553035732
56 0.018523588581830848
57 0.01675787858897903
58 0.015160735302628493
59 0.01371601982289802
60 0.012409146844703862
61 0.011226933572489448
62 0.010157463605101138
63 0.009189964257522453
0 10.416666666666664
1 8.643611064888823
2 7.245801145782249
3 6.130229058101569
4 5.229283641151578
5 4.49340460578493
6 3.88593929889838
7 3.379525554180892
8 2.9535354593613943
9 2.5922593602156616
10 2.2836084098394362
11 2.0181819349438
12 1.78859266400797
13 1.588975135308192
14 1.4146249339508101
15 1.2617319061130452
16 1.1271812915923611
17 1.008404258375153
18 0.9032646143909903
19 0.8099721991411747
20 0.7270160953175543
21 0.6531126754330422
22 0.5871648379757893
23 0.5282297496096471
24 0.47549310467085326
25 0.4282484178129903
26 0.38588023435896535
27 0.3478504139980096
28 0.31368684403601094
29 0.2829740877734588
30 0.2553455855532385
31 0.23047711051354328
32 0.20808124526796554
33 0.18790269482166055
34 0.16971428882123263
35 0.1533135555186273
36 0.13851977266771806
37 0.1251714184983098
38 0.11312396007038049
39 0.10224792756184725
40 0.09242723203631772
41 0.08355769146773782
42 0.07554573564486765
43 0.06830726533106232
44 0.06176664493898506
45 0.05585581117071365
46 0.050513482708079885
47 0.04568445822362474
48 0.04131899180425315
49 0.03737223640503794
50 0.03380374723347648
51 0.030577038048017206
52 0.027659184273583198
53 0.02502046761922654
54 0.02263405755177986
55 0.020475725553035687
56 0.018523588581830862
57 0.016757878588979043
58 0.015160735302628514
59 0.013716019822897994
60 0.012409146844703895
61 0.011226933572489465
62 0.01015746360510114
63 0.009189964257522448
0 10.416666666666666
1 8.643611064888827
2 7.245801145782247
3 6.130229058101564
4 5.229283641151572
5 4.4934046057849235
6 3.8859392988983807
7 3.3795255541808884
8 2.9535354593613894
9 2.5922593602156603
10 2.283608409839434
11 2.0181819349438013
12 1.7885926640079712
13 1.5889751353081878
14 1.414624933950812
15 1.2617319061130456
16 1.1271812915923605
17 1.0084042583751536
18 0.9032646143909909
19 0.8099721991411765
20 0.7270160953175538
21 0.6531126754330415
22 0.5871648379757898
23 0.5282297496096473
24 0.4754931046708539
25 0.42824841781298983
26 0.38588023435896496
27 0.3478504139980096
28 0.31368684403601127
29 0.2829740877734587
30 0.25534558555323855
31 0.23047711051354308
32 0.20808124526796595
33 0.18790269482166072
34 0.16971428882123263
35 0.15331355551862735
36 0.1385197726677181
37 0.12517141849830993
38 0.11312396007038042
39 0.10224792756184713
40 0.09242723203631781
41 0.08355769146773774
42 0.0755457356448677
43 0.06830726533106231
44 0.061766644938985156
45 0.05585581117071352
46 0.05051348270807988
47 0.04568445822362486
48 0.04131899180425322
49 0.03737223640503801
50 0.03380374723347645
51 0.03057703804801716
52 0.02765918427358324
53 0.025020467619226525
54 0.02263405755177986
55 0.02047572555303574
56 0.018523588581830865
57 0.016757878588979067
58 0.015160735302628507
59 0.013716019822898013
60 0.012409146844703846
61 0.011226933572489458
62 0.01015746360510116
63 0.009189964257522457
0 10.41666666666668
1 8.643611064888828
2 7.245801145782238
3 6.13022905810158
4 5.229283641151576
5 4.49340460578493
6 3.8859392988983767
7 3.379525554180894
8 2.953535459361392
9 2.592259360215663
10 2.2836084098394345
11 2.0181819349438017
12 1.788592664007972
13 1.588975135308188
14 1.4146249339508106
15 1.2617319061130443
16 1.1271812915923611
17 1.0084042583751536
18 0.90326461439099
19 0.8099721991411756
20 0.7270160953175545
21 0.6531126754330439
22 0.5871648379757891
23 0.5282297496096467
24 0.47549310467085437
25 0.4282484178129907
26 0.38588023435896496
27 0.34785041399801
28 0.3136868440360102
29 0.28297408777345856
30 0.25534558555323783
31 0.2304771105135433
32 0.20808124526796556
33 0.18790269482166058
34 0.16971428882123235
35 0.1533135555186275
36 0.1385197726677178
37 0.1251714184983098
38 0.11312396007038039
39 0.10224792756184722
40 0.09242723203631771
41 0.08355769146773777
42 0.07554573564486773
43 0.06830726533106248
44 0.06176664493898506
45 0.05585581117071365
46 0.05051348270807979
47 0.045684458223624755
48 0.04131899180425323
49 0.03737223640503796
50 0.033803747233476365
51 0.030577038048017192
52 0.02765918427358323
53 0.02502046761922651
54 0.022634057551779843
55 0.02047572555303577
56 0.018523588581830893
57 0.016757878588979057
58 0.015160735302628535
59 0.013716019822898011
60 0.012409146844703855
61 0.011226933572489472
62 0.010157463605101143
63 0.009189964257522446
0 10.416666666666666
1 8.643611064888823
2 7.245801145782255
3 6.130229058101573
4 5.229283641151574
5 4.493404605784921
6 3.8859392988983754
7 3.3795255541808897
8 2.953535459361388
9 2.5922593602156607
10 2.283608409839434
11 2.0181819349438013
12 1.7885926640079697
13 1.5889751353081885
14 1.4146249339508121
15 1.2617319061130459
16 1.1271812915923591
17 1.0084042583751542
18 0.9032646143909895
19 0.8099721991411768
20 0.7270160953175535
21 0.6531126754330431
22 0.5871648379757893
23 0.528229749609646
24 0.4754931046708533
25 0.4282484178129907
26 0.38588023435896457
27 0.3478504139980097
28 0.3136868440360103
29 0.2829740877734592
30 0.2553455855532383
31 0.23047711051354328
32 0.2080812452679657
33 0.18790269482166055
34 0.16971428882123274
35 0.1533135555186274
36 0.13851977266771803
37 0.12517141849830973
38 0.11312396007038052
39 0.10224792756184714
40 0.0924272320363179
41 0.0835576914677378
42 0.07554573564486766
43 0.0683072653310626
44 0.061766644938985156
45 0.05585581117071354
46 0.050513482708079864
47 0.045684458223624796
48 0.04131899180425322
49 0.037372236405037965
50 0.033803747233476476
51 0.030577038048017185
52 0.02765918427358325
53 0.025020467619226525
54 0.022634057551779836
55 0.020475725553035725
56 0.018523588581830897
57 0.016757878588979064
58 0.015160735302628507
59 0.013716019822898036
60 0.012409146844703883
61 0.011226933572489465
62 0.010157463605101159
63 0.009189964257522465
0 10.41666666666666
1 8.643611064888834
2 7.2458011457822415
3 6.130229058101572
4 5.229283641151577
5 4.493404605784926
6 3.8859392988983825
7 3.379525554180889
8 2.9535354593613934
9 2.592259360215664
10 2.2836084098394327
11 2.0181819349438035
12 1.7885926640079703
13 1.588975135308193
14 1.414624933950809
15 1.2617319061130459
16 1.1271812915923591
17 1.0084042583751527
18 0.90326461439099
19 0.8099721991411768
20 0.7270160953175544
21 0.6531126754330416
22 0.5871648379757906
23 0.528229749609647
24 0.47549310467085476
25 0.4282484178129908
26 0.3858802343589645
27 0.3478504139980092
28 0.31368684403601066
29 0.2829740877734584
30 0.25534558555323805
31 0.23047711051354328
32 0.20808124526796587
33 0.18790269482166064
34 0.16971428882123246
35 0.15331355551862766
36 0.13851977266771812
37 0.12517141849830996
38 0.11312396007038064
39 0.1022479275618471
40 0.09242723203631789
41 0.08355769146773787
42 0.07554573564486773
43 0.0683072653310625
44 0.061766644938985114
45 0.055855811170713573
46 0.050513482708079815
47 0.045684458223624755
48 0.04131899180425323
49 0.03737223640503795
50 0.03380374723347643
51 0.030577038048017122
52 0.027659184273583246
53 0.025020467619226536
54 0.02263405755177986
55 0.020475725553035753
56 0.018523588581830876
57 0.016757878588979053
58 0.015160735302628502
59 0.013716019822898023
60 0.01240914684470387
61 0.01122693357248946
62 0.010157463605101136
63 0.009189964257522465
0 10.41666666666666
1 8.643611064888836
2 7.245801145782255
3 6.130229058101584
4 5.229283641151584
5 4.493404605784923
6 3.885939298898386
7 3.3795255541808893
8 2.9535354593613934
9 2.5922593602156625
10 2.2836084098394354
11 2.0181819349438066
12 1.7885926640079692
13 1.588975135308191
14 1.4146249339508112
15 1.26173190611305
16 1.1271812915923602
17 1.0084042583751534
18 0.9032646143909889
19 0.8099721991411749
20 0.7270160953175536
21 0.6531126754330433
22 0.5871648379757906
23 0.5282297496096462
24 0.4754931046708538
25 0.4282484178129911
26 0.3858802343589644
27 0.34785041399800987
28 0.31368684403601005
29 0.2829740877734586
30 0.2553455855532385
31 0.23047711051354294
32 0.20808124526796562
33 0.18790269482166014
34 0.1697142888212328
35 0.15331355551862733
36 0.13851977266771826
37 0.1251714184983096
38 0.1131239600703803
39 0.10224792756184727
40 0.0924272320363177
41 0.0835576914677377
42 0.0755457356448679
43 0.06830726533106239
44 0.06176664493898509
45 0.0558558111707135
46 0.050513482708079885
47 0.04568445822362487
48 0.041318991804253226
49 0.03737223640503798
50 0.033803747233476435
51 0.03057703804801717
52 0.027659184273583246
53 0.025020467619226536
54 0.022634057551779854
55 0.02047572555303572
56 0.0185235885818309
57 0.01675787858897905
58 0.015160735302628528
59 0.013716019822898011
60 0.012409146844703865
61 0.011226933572489477
62 0.010157463605101141
63 0.009189964257522465
0 10.416666666666673
1 8.643611064888827
2 7.245801145782249
3 6.130229058101578
4 5.22928364115158
5 4.493404605784915
6 3.8859392988983834
7 3.379525554180888
8 2.9535354593613903
9 2.592259360215655
10 2.2836084098394296
11 2.0181819349438013
12 1.788592664007969
13 1.588975135308189
14 1.4146249339508068
15 1.2617319061130479
16 1.1271812915923602
17 1.0084042583751547
18 0.9032646143909895
19 0.8099721991411754
20 0.7270160953175547
21 0.6531126754330427
22 0.5871648379757897
23 0.5282297496096461
24 0.47549310467085376
25 0.4282484178129905
26 0.3858802343589657
27 0.3478504139980094
28 0.3136868440360103
29 0.28297408777345845
30 0.2553455855532382
31 0.23047711051354328
32 0.2080812452679658
33 0.18790269482166042
34 0.1697142888212327
35 0.1533135555186272
36 0.1385197726677181
37 0.1251714184983101
38 0.1131239600703803
39 0.1022479275618473
40 0.09242723203631782
41 0.08355769146773782
42 0.07554573564486787
43 0.06830726533106236
44 0.06176664493898513
45 0.055855811170713636
46 0.05051348270807978
47 0.04568445822362474
48 0.04131899180425326
49 0.03737223640503794
50 0.03380374723347643
51 0.030577038048017174
52 0.02765918427358325
53 0.02502046761922652
54 0.02263405755177982
55 0.020475725553035708
56 0.018523588581830872
57 0.016757878588979046
58 0.0151607353026285
59 0.013716019822898015
60 0.012409146844703876
61 0.01122693357248946
62 0.010157463605101153
63 0.00918996425752245
0 10.416666666666652
1 8.64361106488885
2 7.245801145782247
3 6.1302290581015635
4 5.229283641151567
5 4.4934046057849155
6 3.8859392988983763
7 3.379525554180893
8 2.953535459361397
9 2.592259360215663
10 2.283608409839434
11 2.0181819349438004
12 1.7885926640079695
13 1.588975135308187
14 1.414624933950811
15 1.2617319061130432
16 1.1271812915923602
17 1.008404258375154
18 0.9032646143909899
19 0.8099721991411758
20 0.7270160953175548
21 0.6531126754330416
22 0.5871648379757898
23 0.5282297496096465
24 0.4754931046708536
25 0.42824841781299156
26 0.3858802343589651
27 0.3478504139980095
28 0.31368684403601066
29 0.282974087773459
30 0.25534558555323833
31 0.23047711051354294
32 0.20808124526796615
33 0.18790269482166047
34 0.16971428882123252
35 0.1533135555186275
36 0.1385197726677178
37 0.1251714184983099
38 0.11312396007038035
39 0.10224792756184745
40 0.09242723203631774
41 0.08355769146773771
42 0.07554573564486756
43 0.06830726533106259
44 0.06176664493898521
45 0.055855811170713386
46 0.05051348270807986
47 0.045684458223624894
48 0.04131899180425323
49 0.03737223640503797
50 0.033803747233476386
51 0.030577038048017265
52 0.027659184273583194
53 0.025020467619226525
54 0.022634057551779843
55 0.020475725553035735
56 0.018523588581830886
57 0.01675787858897902
58 0.015160735302628514
59 0.013716019822898029
60 0.012409146844703886
61 0.011226933572489472
62 0.010157463605101153
63 0.009189964257522467
0 10.416666666666657
1 8.643611064888841
2 7.245801145782242
3 6.130229058101583
4 5.2292836411515795
5 4.493404605784919
6 3.885939298898387
7 3.379525554180891
8 2.9535354593613907
9 2.592259360215661
10 2.283608409839434
11 2.018181934943799
12 1.7885926640079688
13 1.588975135308187
14 1.414624933950809
15 1.2617319061130456
16 1.1271812915923596
17 1.0084042583751527
18 0.9032646143909879
19 0.8099721991411754
20 0.7270160953175557
21 0.6531126754330429
22 0.5871648379757894
23 0.5282297496096472
24 0.47549310467085354
25 0.4282484178129904
26 0.38588023435896424
27 0.34785041399800914
28 0.31368684403601116
29 0.282974087773459
30 0.2553455855532383
31 0.23047711051354283
32 0.20808124526796537
33 0.18790269482166003
34 0.1697142888212325
35 0.15331355551862755
36 0.13851977266771798
37 0.1251714184983097
38 0.11312396007038052
39 0.10224792756184733
40 0.09242723203631789
41 0.08355769146773781
42 0.07554573564486763
43 0.06830726533106248
44 0.06176664493898514
45 0.055855811170713573
46 0.05051348270807988
47 0.0456844582236249
48 0.041318991804253205
49 0.037372236405038
50 0.033803747233476414
51 0.030577038048017192
52 0.02765918427358323
53 0.025020467619226546
54 0.022634057551779826
55 0.020475725553035725
56 0.018523588581830876
57 0.01675787858897906
58 0.015160735302628514
59 0.013716019822898011
60 0.012409146844703891
61 0.011226933572489469
62 0.01015746360510115
63 0.00918996425752246
0 10.416666666666652
1 8.643611064888828
2 7.245801145782253
3 6.130229058101566
4 5.229283641151565
5 4.49340460578493
6 3.8859392988983816
7 3.379525554180888
8 2.9535354593613956
9 2.5922593602156625
10 2.2836084098394354
11 2.018181934943806
12 1.7885926640079717
13 1.5889751353081898
14 1.414624933950809
15 1.261731906113048
16 1.1271812915923594
17 1.0084042583751542
18 0.9032646143909895
19 0.8099721991411758
20 0.7270160953175537
21 0.6531126754330424
22 0.5871648379757906
23 0.528229749609646
24 0.47549310467085404
25 0.42824841781299006
26 0.3858802343589651
27 0.3478504139980093
28 0.313686844036011
29 0.28297408777345856
30 0.2553455855532386
31 0.23047711051354322
32 0.2080812452679658
33 0.1879026948216605
34 0.1697142888212329
35 0.15331355551862733
36 0.1385197726677178
37 0.1251714184983101
38 0.1131239600703803
39 0.10224792756184733
40 0.09242723203631793
41 0.08355769146773774
42 0.07554573564486787
43 0.06830726533106253
44 0.06176664493898513
45 0.05585581117071347
46 0.05051348270807985
47 0.04568445822362484
48 0.04131899180425319
49 0.037372236405037895
50 0.0338037472334765
51 0.030577038048017143
52 0.02765918427358322
53 0.025020467619226525
54 0.022634057551779864
55 0.020475725553035735
56 0.01852358858183089
57 0.016757878588979067
58 0.015160735302628525
59 0.013716019822898039
60 0.012409146844703877
61 0.011226933572489469
62 0.010157463605101119
63 0.009189964257522446
0 10.416666666666659
1 8.64361106488884
2 7.245801145782251
3 6.130229058101578
4 5.229283641151564
5 4.493404605784921
6 3.885939298898385
7 3.3795255541808893
8 2.9535354593613885
9 2.5922593602156594
10 2.283608409839435
11 2.0181819349438053
12 1.788592664007972
13 1.588975135308187
14 1.4146249339508083
15 1.2617319061130472
16 1.1271812915923616
17 1.0084042583751534
18 0.9032646143909899
19 0.8099721991411762
20 0.7270160953175557
21 0.6531126754330423
22 0.5871648379757903
23 0.528229749609647
24 0.4754931046708538
25 0.4282484178129901
26 0.3858802343589647
27 0.3478504139980094
28 0.31368684403600994
29 0.28297408777345895
30 0.2553455855532386
31 0.23047711051354342
32 0.20808124526796526
33 0.18790269482166014
34 0.16971428882123252
35 0.15331355551862696
36 0.13851977266771814
37 0.12517141849830973
38 0.1131239600703803
39 0.1022479275618472
40 0.0924272320363178
41 0.0835576914677377
42 0.07554573564486772
43 0.06830726533106248
44 0.06176664493898508
45 0.0558558111707135
46 0.050513482708079815
47 0.04568445822362481
48 0.041318991804253205
49 0.03737223640503797
50 0.03380374723347642
51 0.030577038048017206
52 0.027659184273583232
53 0.02502046761922651
54 0.022634057551779847
55 0.020475725553035753
56 0.018523588581830872
57 0.016757878588979022
58 0.015160735302628531
59 0.01371601982289804
60 0.012409146844703865
61 0.01122693357248946
62 0.010157463605101153
63 0.009189964257522458
0 10.416666666666664
1 8.643611064888832
2 7.245801145782247
3 6.130229058101579
4 5.229283641151577
5 4.493404605784919
6 3.8859392988983816
7 3.3795255541808884
8 2.9535354593613907
9 2.5922593602156616
10 2.2836084098394345
11 2.0181819349438
12 1.7885926640079717
13 1.5889751353081856
14 1.414624933950811
15 1.2617319061130452
16 1.1271812915923598
17 1.0084042583751542
18 0.9032646143909895
19 0.8099721991411762
20 0.7270160953175548
21 0.6531126754330427
22 0.5871648379757898
23 0.5282297496096466
24 0.47549310467085415
25 0.4282484178129906
26 0.3858802343589645
27 0.347850413998009
28 0.31368684403601055
29 0.28297408777345834
30 0.2553455855532382
31 0.23047711051354292
32 0.2080812452679658
33 0.18790269482166014
34 0.16971428882123285
35 0.15331355551862766
36 0.13851977266771814
37 0.1251714184983096
38 0.11312396007038039
39 0.10224792756184714
40 0.09242723203631775
41 0.08355769146773762
42 0.07554573564486773
43 0.06830726533106252
44 0.06176664493898501
45 0.05585581117071356
46 0.05051348270807992
47 0.045684458223624796
48 0.04131899180425319
49 0.037372236405037965
50 0.033803747233476386
51 0.03057703804801717
52 0.02765918427358325
53 0.025020467619226508
54 0.022634057551779854
55 0.020475725553035718
56 0.018523588581830876
57 0.016757878588979053
58 0.015160735302628525
59 0.01371601982289801
60 0.012409146844703867
61 0.011226933572489472
62 0.010157463605101153
63 0.009189964257522436
0 10.41666666666666
1 8.643611064888846
2 7.245801145782247
3 6.130229058101573
4 5.229283641151569
5 4.493404605784922
6 3.8859392988983803
7 3.3795255541808884
8 2.953535459361389
9 2.5922593602156634
10 2.2836084098394385
11 2.0181819349438035
12 1.7885926640079706
13 1.5889751353081882
14 1.414624933950809
15 1.2617319061130443
16 1.1271812915923587
17 1.008404258375154
18 0.9032646143909895
19 0.8099721991411739
20 0.7270160953175552
21 0.6531126754330422
22 0.5871648379757903
23 0.5282297496096464
24 0.47549310467085415
25 0.42824841781299006
26 0.3858802343589641
27 0.3478504139980085
28 0.3136868440360105
29 0.2829740877734583
30 0.25534558555323855
31 0.230477110513543
32 0.2080812452679657
33 0.1879026948216604
34 0.16971428882123238
35 0.1533135555186271
36 0.13851977266771798
37 0.12517141849830998
38 0.11312396007038042
39 0.10224792756184722
40 0.09242723203631789
41 0.08355769146773749
42 0.0755457356448678
43 0.06830726533106234
44 0.06176664493898505
45 0.05585581117071359
46 0.05051348270807992
47 0.0456844582236248
48 0.041318991804253205
49 0.03737223640503798
50 0.0338037472334764
51 0.030577038048017185
52 0.027659184273583198
53 0.025020467619226557
54 0.022634057551779826
55 0.020475725553035777
56 0.018523588581830903
57 0.016757878588979046
58 0.015160735302628497
59 0.013716019822898008
60 0.01240914684470386
61 0.011226933572489474
62 0.01015746360510115
63 0.009189964257522465
0 10.416666666666652
1 8.643611064888836
2 7.245801145782245
3 6.130229058101569
4 5.2292836411515795
5 4.493404605784922
6 3.8859392988983843
7 3.379525554180883
8 2.9535354593613943
9 2.5922593602156616
10 2.2836084098394376
11 2.0181819349438017
12 1.7885926640079717
13 1.5889751353081891
14 1.414624933950808
15 1.2617319061130479
16 1.1271812915923596
17 1.0084042583751516
18 0.9032646143909876
19 0.8099721991411755
20 0.7270160953175543
21 0.6531126754330443
22 0.5871648379757907
23 0.5282297496096465
24 0.4754931046708537
25 0.4282484178129911
26 0.38588023435896435
27 0.34785041399800914
28 0.313686844036011
29 0.28297408777345884
30 0.2553455855532386
31 0.23047711051354278
32 0.20808124526796595
33 0.18790269482166058
34 0.16971428882123263
35 0.15331355551862755
36 0.1385197726677179
37 0.12517141849830976
38 0.11312396007038032
39 0.10224792756184715
40 0.09242723203631781
41 0.08355769146773764
42 0.07554573564486769
43 0.06830726533106254
44 0.06176664493898508
45 0.05585581117071353
46 0.05051348270807985
47 0.04568445822362474
48 0.041318991804253184
49 0.03737223640503797
50 0.033803747233476414
51 0.0305770380480172
52 0.02765918427358319
53 0.02502046761922652
54 0.022634057551779826
55 0.02047572555303575
56 0.018523588581830872
57 0.01675787858897903
58 0.015160735302628509
59 0.013716019822898036
60 0.01240914684470387
61 0.011226933572489467
62 0.010157463605101147
63 0.009189964257522467
0 10.416666666666666
1 8.643611064888814
2 7.245801145782235
3 6.130229058101578
4 5.22928364115157
5 4.493404605784931
6 3.885939298898377
7 3.3795255541808897
8 2.9535354593613876
9 2.592259360215663
10 2.283608409839434
11 2.018181934943803
12 1.788592664007972
13 1.5889751353081902
14 1.414624933950811
15 1.2617319061130456
16 1.1271812915923618
17 1.0084042583751531
18 0.9032646143909917
19 0.8099721991411774
20 0.7270160953175547
21 0.6531126754330421
22 0.5871648379757897
23 0.5282297496096463
24 0.47549310467085315
25 0.42824841781299045
26 0.38588023435896457
27 0.34785041399800914
28 0.31368684403601055
29 0.2829740877734582
30 0.25534558555323833
31 0.23047711051354328
32 0.208081245267966
33 0.18790269482166033
34 0.1697142888212327
35 0.15331355551862744
36 0.13851977266771792
37 0.12517141849830968
38 0.11312396007038021
39 0.10224792756184718
40 0.09242723203631781
41 0.08355769146773769
42 0.07554573564486765
43 0.06830726533106242
44 0.061766644938985094
45 0.05585581117071351
46 0.05051348270807988
47 0.04568445822362481
48 0.04131899180425321
49 0.03737223640503797
50 0.03380374723347645
51 0.030577038048017157
52 0.027659184273583257
53 0.025020467619226498
54 0.022634057551779826
55 0.020475725553035718
56 0.01852358858183084
57 0.016757878588979036
58 0.015160735302628505
59 0.013716019822898044
60 0.012409146844703844
61 0.011226933572489472
62 0.010157463605101147
63 0.00918996425752246
0 10.416666666666668
1 8.64361106488883
2 7.2458011457822495
3 6.1302290581015635
4 5.22928364115158
5 4.4934046057849235
6 3.885939298898379
7 3.379525554180887
8 2.9535354593613943
9 2.592259360215661
10 2.283608409839432
11 2.0181819349438017
12 1.7885926640079752
13 1.5889751353081898
14 1.414624933950809
15 1.2617319061130445
16 1.1271812915923614
17 1.0084042583751516
18 0.9032646143909878
19 0.8099721991411761
20 0.7270160953175535
21 0.6531126754330424
22 0.5871648379757897
23 0.5282297496096461
24 0.4754931046708533
25 0.4282484178129906
26 0.38588023435896535
27 0.34785041399800865
28 0.31368684403601094
29 0.28297408777345867
30 0.25534558555323766
31 0.23047711051354328
32 0.20808124526796565
33 0.18790269482166014
34 0.1697142888212327
35 0.15331355551862705
36 0.138519772667718
37 0.12517141849830982
38 0.1131239600703803
39 0.10224792756184727
40 0.09242723203631782
41 0.08355769146773781
42 0.07554573564486756
43 0.06830726533106252
44 0.061766644938985114
45 0.055855811170713573
46 0.05051348270807982
47 0.04568445822362487
48 0.04131899180425323
49 0.03737223640503804
50 0.033803747233476414
51 0.030577038048017233
52 0.02765918427358319
53 0.025020467619226484
54 0.02263405755177979
55 0.020475725553035704
56 0.018523588581830862
57 0.016757878588979043
58 0.015160735302628538
59 0.013716019822898013
60 0.012409146844703862
61 0.011226933572489464
62 0.010157463605101143
63 0.009189964257522458
0 10.416666666666668
1 8.64361106488884
2 7.245801145782245
3 6.130229058101576
4 5.2292836411515795
5 4.4934046057849235
6 3.8859392988983816
7 3.3795255541808893
8 2.953535459361393
9 2.59225936021566
10 2.283608409839435
11 2.0181819349438044
12 1.7885926640079668
13 1.5889751353081896
14 1.4146249339508106
15 1.2617319061130459
16 1.12718129159236
17 1.0084042583751534
18 0.9032646143909897
19 0.8099721991411745
20 0.7270160953175545
21 0.6531126754330405
22 0.5871648379757902
23 0.5282297496096456
24 0.4754931046708539
25 0.4282484178129907
26 0.38588023435896457
27 0.34785041399800853
28 0.31368684403601044
29 0.28297408777345884
30 0.25534558555323844
31 0.2304771105135433
32 0.2080812452679658
33 0.18790269482166017
34 0.16971428882123263
35 0.15331355551862716
36 0.13851977266771803
37 0.12517141849830996
38 0.11312396007038056
39 0.1022479275618472
40 0.0924272320363178
41 0.0835576914677378
42 0.07554573564486787
43 0.0683072653310625
44 0.061766644938985184
45 0.055855811170713546
46 0.05051348270807984
47 0.04568445822362474
48 0.04131899180425329
49 0.03737223640503797
50 0.033803747233476365
51 0.03057703804801715
52 0.027659184273583257
53 0.0250204676192265
54 0.02263405755177985
55 0.020475725553035735
56 0.018523588581830865
57 0.016757878588979033
58 0.015160735302628498
59 0.013716019822898013
60 0.012409146844703869
61 0.011226933572489472
62 0.010157463605101143
63 0.009189964257522464
0 10.41666666666668
1 8.643611064888823
2 7.245801145782234
3 6.130229058101572
4 5.229283641151585
5 4.493404605784928
6 3.8859392988983807
7 3.379525554180893
8 2.9535354593613885
9 2.592259360215664
10 2.2836084098394354
11 2.0181819349438004
12 1.7885926640079717
13 1.5889751353081902
14 1.4146249339508112
15 1.2617319061130468
16 1.1271812915923605
17 1.0084042583751516
18 0.9032646143909925
19 0.8099721991411767
20 0.7270160953175541
21 0.653112675433042
22 0.5871648379757896
23 0.5282297496096467
24 0.475493104670853
25 0.4282484178129908
26 0.3858802343589652
27 0.3478504139980097
28 0.3136868440360107
29 0.2829740877734587
30 0.2553455855532385
31 0.23047711051354267
32 0.20808124526796568
33 0.18790269482166028
34 0.16971428882123238
35 0.15331355551862733
36 0.13851977266771814
37 0.12517141849830984
38 0.11312396007038032
39 0.10224792756184732
40 0.09242723203631782
41 0.08355769146773769
42 0.07554573564486765
43 0.06830726533106259
44 0.061766644938985156
45 0.05585581117071359
46 0.05051348270807992
47 0.0456844582236248
48 0.04131899180425325
49 0.03737223640503795
50 0.03380374723347648
51 0.030577038048017105
52 0.02765918427358319
53 0.025020467619226515
54 0.02263405755177983
55 0.02047572555303576
56 0.018523588581830855
57 0.016757878588979012
58 0.015160735302628525
59 0.01371601982289802
60 0.012409146844703872
61 0.011226933572489453
62 0.010157463605101136
63 0.009189964257522458
0 10.416666666666673
1 8.64361106488883
2 7.245801145782255
3 6.130229058101581
4 5.22928364115157
5 4.493404605784924
6 3.885939298898375
7 3.379525554180891
8 2.9535354593613894
9 2.5922593602156607
10 2.2836084098394314
11 2.018181934943804
12 1.788592664007969
13 1.588975135308189
14 1.4146249339508106
15 1.2617319061130468
16 1.1271812915923594
17 1.008404258375153
18 0.9032646143909889
19 0.8099721991411765
20 0.7270160953175541
21 0.6531126754330421
22 0.5871648379757896
23 0.5282297496096456
24 0.4754931046708536
25 0.4282484178129907
26 0.3858802343589648
27 0.34785041399800914
28 0.3136868440360106
29 0.28297408777345884
30 0.25534558555323855
31 0.23047711051354317
32 0.20808124526796595
33 0.18790269482166017
34 0.16971428882123238
35 0.15331355551862758
36 0.13851977266771814
37 0.1251714184983099
38 0.11312396007038049
39 0.10224792756184722
40 0.09242723203631795
41 0.08355769146773769
42 0.07554573564486766
43 0.06830726533106252
44 0.061766644938985114
45 0.05585581117071355
46 0.050513482708079815
47 0.04568445822362478
48 0.04131899180425326
49 0.037372236405038006
50 0.03380374723347642
51 0.030577038048017164
52 0.02765918427358317
53 0.025020467619226525
54 0.02263405755177989
55 0.020475725553035718
56 0.018523588581830886
57 0.016757878588979033
58 0.015160735302628502
59 0.01371601982289801
60 0.01240914684470386
61 0.011226933572489467
62 0.010157463605101152
63 0.009189964257522443
0 10.416666666666663
1 8.643611064888828
2 7.2458011457822495
3 6.13022905810158
4 5.229283641151573
5 4.4934046057849235
6 3.8859392988983825
7 3.3795255541808866
8 2.953535459361385
9 2.5922593602156563
10 2.283608409839432
11 2.0181819349438026
12 1.7885926640079697
13 1.5889751353081867
14 1.414624933950811
15 1.261731906113045
16 1.12718129159236
17 1.0084042583751534
18 0.9032646143909889
19 0.8099721991411765
20 0.7270160953175557
21 0.6531126754330419
22 0.5871648379757896
23 0.5282297496096456
24 0.4754931046708529
25 0.4282484178129898
26 0.3858802343589647
27 0.347850413998009
28 0.31368684403601094
29 0.2829740877734586
30 0.2553455855532387
31 0.23047711051354308
32 0.20808124526796587
33 0.18790269482166055
34 0.1697142888212325
35 0.1533135555186272
36 0.13851977266771823
37 0.1251714184983096
38 0.11312396007038032
39 0.10224792756184707
40 0.09242723203631789
41 0.08355769146773773
42 0.0755457356448676
43 0.06830726533106253
44 0.06176664493898505
45 0.055855811170713594
46 0.05051348270807978
47 0.04568445822362472
48 0.04131899180425315
49 0.03737223640503797
50 0.03380374723347638
51 0.030577038048017157
52 0.027659184273583298
53 0.0250204676192265
54 0.02263405755177987
55 0.020475725553035732
56 0.01852358858183086
57 0.016757878588979026
58 0.015160735302628507
59 0.013716019822898015
60 0.012409146844703867
61 0.011226933572489465
62 0.01015746360510114
63 0.009189964257522446
0 10.416666666666698
1 8.64361106488884
2 7.245801145782247
3 6.130229058101569
4 5.229283641151574
5 4.493404605784926
6 3.8859392988983803
7 3.3795255541808906
8 2.9535354593613947
9 2.5922593602156616
10 2.283608409839435
11 2.0181819349438053
12 1.7885926640079692
13 1.5889751353081885
14 1.41462493395081
15 1.2617319061130456
16 1.1271812915923605
17 1.0084042583751534
18 0.9032646143909893
19 0.8099721991411772
20 0.7270160953175545
21 0.653112675433042
22 0.5871648379757897
23 0.5282297496096465
24 0.47549310467085376
25 0.42824841781299045
26 0.3858802343589652
27 0.34785041399800914
28 0.3136868440360108
29 0.28297408777345856
30 0.2553455855532384
31 0.23047711051354322
32 0.20808124526796593
33 0.1879026948216602
34 0.1697142888212326
35 0.15331355551862713
36 0.1385197726677179
37 0.12517141849830993
38 0.11312396007038043
39 0.10224792756184732
40 0.09242723203631785
41 0.08355769146773782
42 0.07554573564486775
43 0.06830726533106252
44 0.06176664493898509
45 0.05585581117071347
46 0.05051348270807986
47 0.045684458223624894
48 0.041318991804253254
49 0.03737223640503796
50 0.0338037472334764
51 0.030577038048017178
52 0.027659184273583232
53 0.02502046761922653
54 0.022634057551779854
55 0.02047572555303574
56 0.018523588581830876
57 0.01675787858897904
58 0.01516073530262851
59 0.013716019822898029
60 0.012409146844703872
61 0.011226933572489465
62 0.010157463605101157
63 0.009189964257522465
0 10.416666666666652
1 8.64361106488883
2 7.245801145782232
3 6.13022905810158
4 5.229283641151571
5 4.4934046057849155
6 3.8859392988983883
7 3.379525554180893
8 2.9535354593613907
9 2.5922593602156607
10 2.283608409839431
11 2.018181934943799
12 1.7885926640079723
13 1.5889751353081902
14 1.414624933950808
15 1.2617319061130472
16 1.1271812915923582
17 1.0084042583751534
18 0.9032646143909897
19 0.8099721991411758
20 0.727016095317554
21 0.6531126754330417
22 0.5871648379757892
23 0.5282297496096465
24 0.47549310467085415
25 0.4282484178129901
26 0.38588023435896474
27 0.3478504139980088
28 0.3136868440360108
29 0.28297408777345884
30 0.2553455855532388
31 0.23047711051354317
32 0.20808124526796568
33 0.18790269482166
34 0.1697142888212326
35 0.1533135555186275
36 0.13851977266771787
37 0.12517141849830957
38 0.11312396007038046
39 0.10224792756184747
40 0.09242723203631775
41 0.08355769146773777
42 0.0755457356448676
43 0.06830726533106249
44 0.06176664493898508
45 0.055855811170713476
46 0.0505134827080799
47 0.04568445822362476
48 0.041318991804253254
49 0.03737223640503799
50 0.033803747233476435
51 0.030577038048017178
52 0.0276591842735832
53 0.02502046761922651
54 0.02263405755177985
55 0.02047572555303576
56 0.018523588581830848
57 0.016757878588979036
58 0.015160735302628518
59 0.013716019822898015
60 0.012409146844703862
61 0.011226933572489455
62 0.010157463605101141
63 0.00918996425752245
0 10.416666666666657
1 8.643611064888818
2 7.245801145782241
3 6.130229058101579
4 5.229283641151573
5 4.493404605784921
6 3.8859392988983843
7 3.3795255541808933
8 2.9535354593613916
9 2.5922593602156576
10 2.2836084098394314
11 2.0181819349438026
12 1.788592664007969
13 1.5889751353081916
14 1.414624933950809
15 1.2617319061130474
16 1.1271812915923611
17 1.008404258375154
18 0.9032646143909892
19 0.8099721991411744
20 0.7270160953175537
21 0.6531126754330424
22 0.5871648379757911
23 0.528229749609646
24 0.47549310467085415
25 0.42824841781299006
26 0.3858802343589644
27 0.3478504139980085
28 0.3136868440360108
29 0.28297408777345867
30 0.25534558555323855
31 0.2304771105135433
32 0.20808124526796568
33 0.1879026948216605
34 0.1697142888212324
35 0.15331355551862735
36 0.1385197726677181
37 0.12517141849831
38 0.11312396007038046
39 0.10224792756184722
40 0.09242723203631781
41 0.08355769146773782
42 0.0755457356448678
43 0.06830726533106264
44 0.06176664493898509
45 0.05585581117071362
46 0.05051348270807985
47 0.04568445822362485
48 0.0413189918042533
49 0.037372236405037944
50 0.03380374723347644
51 0.030577038048017206
52 0.02765918427358327
53 0.02502046761922653
54 0.02263405755177986
55 0.02047572555303575
56 0.018523588581830886
57 0.016757878588979026
58 0.015160735302628492
59 0.01371601982289804
60 0.012409146844703876
61 0.011226933572489465
62 0.01015746360510115
63 0.009189964257522438
0 10.416666666666663
1 8.643611064888828
2 7.245801145782251
3 6.130229058101566
4 5.229283641151577
5 4.493404605784923
6 3.885939298898386
7 3.3795255541808893
8 2.953535459361392
9 2.5922593602156576
10 2.283608409839432
11 2.0181819349438013
12 1.788592664007968
13 1.5889751353081856
14 1.4146249339508106
15 1.2617319061130468
16 1.1271812915923578
17 1.0084042583751531
18 0.9032646143909886
19 0.8099721991411759
20 0.7270160953175548
21 0.6531126754330414
22 0.5871648379757892
23 0.528229749609647
24 0.47549310467085315
25 0.4282484178129907
26 0.3858802343589653
27 0.34785041399800903
28 0.3136868440360111
29 0.2829740877734584
30 0.255345585553238
31 0.23047711051354322
32 0.20808124526796573
33 0.18790269482166042
34 0.16971428882123246
35 0.15331355551862733
36 0.1385197726677179
37 0.12517141849830984
38 0.1131239600703803
39 0.10224792756184717
40 0.09242723203631789
41 0.0835576914677378
42 0.07554573564486775
43 0.0683072653310626
44 0.061766644938985184
45 0.05585581117071352
46 0.050513482708079864
47 0.04568445822362483
48 0.041318991804253254
49 0.037372236405037944
50 0.03380374723347648
51 0.030577038048017174
52 0.027659184273583194
53 0.02502046761922648
54 0.022634057551779767
55 0.02047572555303571
56 0.018523588581830855
57 0.016757878588979053
58 0.015160735302628531
59 0.013716019822898036
60 0.012409146844703869
61 0.011226933572489474
62 0.01015746360510114
63 0.009189964257522446
0 10.416666666666648
1 8.643611064888825
2 7.2458011457822415
3 6.130229058101581
4 5.229283641151574
5 4.493404605784933
6 3.8859392988983825
7 3.3795255541808844
8 2.9535354593613947
9 2.592259360215658
10 2.283608409839432
11 2.0181819349438017
12 1.7885926640079732
13 1.5889751353081905
14 1.4146249339508106
15 1.261731906113047
16 1.1271812915923585
17 1.0084042583751547
18 0.9032646143909888
19 0.8099721991411765
20 0.7270160953175537
21 0.653112675433041
22 0.5871648379757899
23 0.5282297496096466
24 0.4754931046708539
25 0.4282484178129909
26 0.3858802343589646
27 0.3478504139980091
28 0.31368684403601094
29 0.28297408777345867
30 0.25534558555323805
31 0.2304771105135436
32 0.20808124526796568
33 0.18790269482166028
34 0.16971428882123232
35 0.15331355551862744
36 0.13851977266771795
37 0.1251714184983096
38 0.11312396007038025
39 0.10224792756184711
40 0.09242723203631782
41 0.08355769146773782
42 0.07554573564486775
43 0.06830726533106243
44 0.061766644938985024
45 0.05585581117071356
46 0.05051348270807982
47 0.04568445822362485
48 0.04131899180425331
49 0.03737223640503789
50 0.033803747233476435
51 0.030577038048017213
52 0.027659184273583205
53 0.025020467619226567
54 0.02263405755177988
55 0.02047572555303575
56 0.018523588581830897
57 0.016757878588979015
58 0.01516073530262851
59 0.013716019822898027
60 0.012409146844703869
61 0.01122693357248948
62 0.010157463605101131
63 0.009189964257522467
0 10.416666666666682
1 8.643611064888823
2 7.245801145782243
3 6.130229058101579
4 5.229283641151576
5 4.4934046057849235
6 3.8859392988983843
7 3.379525554180886
8 2.9535354593613934
9 2.592259360215664
10 2.2836084098394354
11 2.0181819349438013
12 1.7885926640079717
13 1.5889751353081885
14 1.414624933950811
15 1.261731906113049
16 1.1271812915923611
17 1.0084042583751525
18 0.9032646143909907
19 0.8099721991411767
20 0.7270160953175541
21 0.6531126754330432
22 0.5871648379757892
23 0.5282297496096472
24 0.47549310467085365
25 0.42824841781298945
26 0.38588023435896457
27 0.3478504139980093
28 0.313686844036012
29 0.28297408777345856
30 0.25534558555323805
31 0.23047711051354317
32 0.2080812452679658
33 0.18790269482166028
34 0.1697142888212324
35 0.15331355551862744
36 0.1385197726677183
37 0.12517141849830982
38 0.11312396007038039
39 0.1022479275618471
40 0.09242723203631785
41 0.0835576914677377
42 0.07554573564486766
43 0.06830726533106264
44 0.06176664493898514
45 0.05585581117071343
46 0.050513482708079836
47 0.04568445822362474
48 0.041318991804253205
49 0.037372236405038006
50 0.033803747233476344
51 0.030577038048017185
52 0.027659184273583232
53 0.025020467619226484
54 0.022634057551779847
55 0.020475725553035732
56 0.01852358858183088
57 0.016757878588979057
58 0.015160735302628502
59 0.013716019822898032
60 0.012409146844703864
61 0.011226933572489465
62 0.010157463605101143
63 0.009189964257522457
0 10.416666666666654
1 8.643611064888837
2 7.2458011457822415
3 6.130229058101578
4 5.229283641151571
5 4.493404605784929
6 3.8859392988983816
7 3.3795255541808933
8 2.9535354593613845
9 2.5922593602156616
10 2.283608409839433
11 2.018181934943801
12 1.7885926640079717
13 1.588975135308191
14 1.414624933950811
15 1.261731906113046
16 1.1271812915923616
17 1.0084042583751547
18 0.9032646143909889
19 0.8099721991411768
20 0.7270160953175547
21 0.653112675433042
22 0.5871648379757892
23 0.5282297496096462
24 0.47549310467085487
25 0.42824841781298995
26 0.38588023435896496
27 0.34785041399800926
28 0.3136868440360109
29 0.2829740877734585
30 0.25534558555323855
31 0.23047711051354342
32 0.20808124526796581
33 0.1879026948216603
34 0.16971428882123238
35 0.1533135555186275
36 0.1385197726677183
37 0.1251714184983099
38 0.11312396007038039
39 0.1022479275618473
40 0.09242723203631775
41 0.08355769146773771
42 0.07554573564486775
43 0.06830726533106253
44 0.06176664493898505
45 0.05585581117071359
46 0.0505134827080799
47 0.04568445822362481
48 0.04131899180425323
49 0.03737223640503794
50 0.033803747233476455
51 0.030577038048017247
52 0.02765918427358327
53 0.025020467619226525
54 0.022634057551779843
55 0.020475725553035732
56 0.0185235885818309
57 0.016757878588979033
58 0.015160735302628514
59 0.013716019822898011
60 0.012409146844703877
61 0.011226933572489465
62 0.01015746360510114
63 0.00918996425752246
0 10.416666666666657
1 8.643611064888843
2 7.245801145782239
3 6.130229058101573
4 5.229283641151569
5 4.493404605784925
6 3.885939298898388
7 3.3795255541808884
8 2.9535354593613916
9 2.592259360215659
10 2.2836084098394336
11 2.0181819349438057
12 1.7885926640079728
13 1.5889751353081916
14 1.4146249339508086
15 1.2617319061130468
16 1.12718129159236
17 1.0084042583751531
18 0.9032646143909905
19 0.8099721991411747
20 0.7270160953175538
21 0.6531126754330421
22 0.587164837975789
23 0.5282297496096466
24 0.47549310467085415
25 0.4282484178129901
26 0.38588023435896535
27 0.3478504139980086
28 0.31368684403601066
29 0.2829740877734585
30 0.2553455855532382
31 0.23047711051354347
32 0.20808124526796573
33 0.18790269482166014
34 0.16971428882123252
35 0.15331355551862777
36 0.13851977266771787
37 0.12517141849830976
38 0.11312396007038036
39 0.1022479275618472
40 0.09242723203631785
41 0.08355769146773766
42 0.0755457356448677
43 0.06830726533106254
44 0.061766644938985066
45 0.05585581117071353
46 0.05051348270807983
47 0.0456844582236248
48 0.04131899180425316
49 0.03737223640503797
50 0.03380374723347641
51 0.03057703804801716
52 0.027659184273583222
53 0.025020467619226494
54 0.022634057551779847
55 0.02047572555303575
56 0.0185235885818309
57 0.01675787858897906
58 0.01516073530262851
59 0.013716019822898011
60 0.012409146844703857
61 0.011226933572489465
62 0.010157463605101145
63 0.009189964257522465
0 10.416666666666666
1 8.643611064888827
2 7.2458011457822495
3 6.1302290581015715
4 5.229283641151566
5 4.493404605784905
6 3.8859392988983825
7 3.379525554180889
8 2.9535354593613943
9 2.592259360215659
10 2.2836084098394367
11 2.0181819349438
12 1.7885926640079712
13 1.5889751353081913
14 1.4146249339508112
15 1.2617319061130474
16 1.1271812915923602
17 1.0084042583751525
18 0.9032646143909886
19 0.8099721991411765
20 0.7270160953175561
21 0.6531126754330426
22 0.5871648379757907
23 0.5282297496096466
24 0.47549310467085326
25 0.4282484178129901
26 0.38588023435896474
27 0.34785041399800964
28 0.31368684403601094
29 0.28297408777345845
30 0.25534558555323833
31 0.23047711051354303
32 0.20808124526796581
33 0.18790269482166033
34 0.16971428882123243
35 0.15331355551862727
36 0.13851977266771792
37 0.12517141849830957
38 0.11312396007038028
39 0.10224792756184743
40 0.09242723203631771
41 0.08355769146773767
42 0.07554573564486781
43 0.06830726533106243
44 0.061766644938985114
45 0.05585581117071356
46 0.05051348270807984
47 0.04568445822362484
48 0.04131899180425325
49 0.037372236405037944
50 0.03380374723347643
51 0.030577038048017213
52 0.02765918427358327
53 0.025020467619226515
54 0.022634057551779854
55 0.02047572555303574
56 0.018523588581830886
57 0.016757878588979036
58 0.015160735302628518
59 0.013716019822898003
60 0.01240914684470387
61 0.011226933572489477
62 0.010157463605101147
63 0.00918996425752247
0 10.416666666666668
1 8.643611064888821
2 7.245801145782233
3 6.130229058101581
4 5.229283641151576
5 4.493404605784915
6 3.8859392988983785
7 3.379525554180896
8 2.95353545936139
9 2.5922593602156607
10 2.2836084098394314
11 2.0181819349438
12 1.7885926640079748
13 1.5889751353081878
14 1.4146249339508083
15 1.2617319061130448
16 1.1271812915923602
17 1.008404258375152
18 0.9032646143909897
19 0.809972199141175
20 0.7270160953175555
21 0.653112675433042
22 0.5871648379757907
23 0.5282297496096459
24 0.47549310467085415
25 0.4282484178129906
26 0.38588023435896496
27 0.3478504139980097
28 0.3136868440360111
29 0.28297408777345867
30 0.2553455855532385
31 0.23047711051354292
32 0.20808124526796573
33 0.1879026948216604
34 0.1697142888212319
35 0.1533135555186274
36 0.13851977266771803
37 0.12517141849830996
38 0.11312396007038049
39 0.10224792756184715
40 0.09242723203631777
41 0.08355769146773748
42 0.07554573564486777
43 0.06830726533106254
44 0.0617666449389851
45 0.05585581117071366
46 0.050513482708079836
47 0.04568445822362473
48 0.041318991804253205
49 0.037372236405037965
50 0.033803747233476386
51 0.03057703804801717
52 0.02765918427358325
53 0.02502046761922651
54 0.022634057551779843
55 0.020475725553035732
56 0.018523588581830876
57 0.01675787858897904
58 0.015160735302628509
59 0.013716019822898006
60 0.01240914684470388
61 0.011226933572489469
62 0.010157463605101145
63 0.009189964257522472
0 10.416666666666654
1 8.643611064888843
2 7.245801145782242
3 6.130229058101578
4 5.229283641151572
5 4.493404605784923
6 3.885939298898386
7 3.3795255541808897
8 2.95353545936139
9 2.592259360215664
10 2.283608409839437
11 2.0181819349438
12 1.7885926640079728
13 1.588975135308192
14 1.4146249339508117
15 1.2617319061130474
16 1.1271812915923605
17 1.0084042583751542
18 0.9032646143909883
19 0.8099721991411748
20 0.7270160953175542
21 0.6531126754330424
22 0.5871648379757892
23 0.5282297496096467
24 0.4754931046708538
25 0.4282484178129907
26 0.3858802343589647
27 0.34785041399800914
28 0.3136868440360108
29 0.28297408777345867
30 0.2553455855532384
31 0.23047711051354297
32 0.20808124526796581
33 0.18790269482166028
34 0.1697142888212325
35 0.15331355551862733
36 0.13851977266771828
37 0.1251714184983098
38 0.11312396007038046
39 0.10224792756184733
40 0.09242723203631777
41 0.08355769146773774
42 0.07554573564486783
43 0.06830726533106256
44 0.06176664493898507
45 0.05585581117071359
46 0.05051348270807994
47 0.04568445822362479
48 0.041318991804253205
49 0.037372236405037916
50 0.03380374723347649
51 0.030577038048017192
52 0.027659184273583205
53 0.02502046761922652
54 0.02263405755177984
55 0.020475725553035718
56 0.01852358858183085
57 0.01675787858897906
58 0.015160735302628525
59 0.013716019822898051
60 0.012409146844703862
61 0.011226933572489474
62 0.010157463605101145
63 0.009189964257522458
0 10.416666666666654
1 8.64361106488884
2 7.245801145782241
3 6.130229058101569
4 5.229283641151569
5 4.493404605784925
6 3.885939298898385
7 3.379525554180895
8 2.9535354593613903
9 2.592259360215661
10 2.2836084098394305
11 2.0181819349438004
12 1.7885926640079692
13 1.5889751353081882
14 1.4146249339508117
15 1.2617319061130463
16 1.1271812915923611
17 1.0084042583751527
18 0.9032646143909887
19 0.8099721991411758
20 0.7270160953175541
21 0.6531126754330427
22 0.5871648379757896
23 0.5282297496096466
24 0.47549310467085454
25 0.4282484178129908
26 0.38588023435896474
27 0.347850413998009
28 0.31368684403601016
29 0.28297408777345856
30 0.25534558555323855
31 0.23047711051354286
32 0.20808124526796562
33 0.18790269482166017
34 0.16971428882123246
35 0.15331355551862744
36 0.13851977266771803
37 0.12517141849830968
38 0.11312396007038039
39 0.10224792756184715
40 0.09242723203631786
41 0.0835576914677378
42 0.07554573564486773
43 0.06830726533106259
44 0.06176664493898503
45 0.05585581117071365
46 0.05051348270807986
47 0.04568445822362483
48 0.041318991804253205
49 0.03737223640503795
50 0.033803747233476455
51 0.0305770380480172
52 0.027659184273583184
53 0.025020467619226525
54 0.02263405755177983
55 0.02047572555303575
56 0.018523588581830893
57 0.01675787858897905
58 0.015160735302628518
59 0.013716019822897997
60 0.01240914684470389
61 0.011226933572489467
62 0.010157463605101138
63 0.009189964257522465
0 10.416666666666666
1 8.64361106488884
2 7.245801145782253
3 6.130229058101571
4 5.229283641151576
5 4.493404605784921
6 3.8859392988983834
7 3.3795255541808964
8 2.953535459361392
9 2.592259360215664
10 2.283608409839435
11 2.018181934943802
12 1.7885926640079706
13 1.5889751353081905
14 1.4146249339508106
15 1.2617319061130479
16 1.1271812915923611
17 1.0084042583751538
18 0.9032646143909899
19 0.8099721991411749
20 0.7270160953175535
21 0.6531126754330431
22 0.5871648379757906
23 0.528229749609646
24 0.4754931046708537
25 0.42824841781299056
26 0.38588023435896474
27 0.3478504139980089
28 0.3136868440360105
29 0.2829740877734588
30 0.25534558555323833
31 0.23047711051354322
32 0.20808124526796554
33 0.18790269482166028
34 0.16971428882123252
35 0.1533135555186273
36 0.1385197726677181
37 0.12517141849830996
38 0.11312396007038049
39 0.10224792756184702
40 0.09242723203631771
41 0.08355769146773774
42 0.07554573564486759
43 0.06830726533106246
44 0.06176664493898517
45 0.05585581117071352
46 0.05051348270807988
47 0.04568445822362488
48 0.041318991804253254
49 0.03737223640503799
50 0.03380374723347642
51 0.030577038048017213
52 0.027659184273583166
53 0.025020467619226498
54 0.022634057551779854
55 0.020475725553035746
56 0.01852358858183087
57 0.016757878588979036
58 0.01516073530262849
59 0.013716019822898015
60 0.0124091468447039
61 0.011226933572489458
62 0.010157463605101131
63 0.009189964257522453
0 10.416666666666666
1 8.643611064888841
2 7.245801145782247
3 6.130229058101564
4 5.229283641151572
5 4.4934046057849235
6 3.88593929889838
7 3.3795255541808835
8 2.953535459361391
9 2.5922593602156585
10 2.283608409839432
11 2.0181819349438013
12 1.7885926640079732
13 1.588975135308191
14 1.4146249339508097
15 1.2617319061130454
16 1.1271812915923618
17 1.0084042583751542
18 0.90326461439099
19 0.8099721991411749
20 0.7270160953175551
21 0.6531126754330421
22 0.5871648379757898
23 0.5282297496096456
24 0.47549310467085426
25 0.42824841781299033
26 0.38588023435896485
27 0.3478504139980095
28 0.3136868440360108
29 0.2829740877734593
30 0.2553455855532386
31 0.2304771105135433
32 0.208081245267966
33 0.1879026948216604
34 0.16971428882123266
35 0.1533135555186274
36 0.1385197726677182
37 0.1251714184983098
38 0.11312396007038056
39 0.10224792756184727
40 0.09242723203631767
41 0.08355769146773775
42 0.07554573564486772
43 0.06830726533106256
44 0.06176664493898496
45 0.05585581117071361
46 0.05051348270807988
47 0.04568445822362482
48 0.04131899180425326
49 0.03737223640503796
50 0.033803747233476414
51 0.030577038048017206
52 0.02765918427358324
53 0.02502046761922658
54 0.022634057551779864
55 0.02047572555303574
56 0.01852358858183089
57 0.016757878588979064
58 0.015160735302628525
59 0.013716019822898001
60 0.01240914684470387
61 0.011226933572489458
62 0.010157463605101141
63 0.009189964257522443
0 10.41666666666668
1 8.643611064888832
2 7.245801145782245
3 6.130229058101575
4 5.229283641151565
5 4.49340460578492
6 3.8859392988983807
7 3.379525554180889
8 2.9535354593613894
9 2.5922593602156625
10 2.283608409839432
11 2.018181934943806
12 1.7885926640079723
13 1.5889751353081867
14 1.4146249339508097
15 1.2617319061130448
16 1.1271812915923618
17 1.008404258375153
18 0.9032646143909882
19 0.8099721991411761
20 0.7270160953175542
21 0.6531126754330431
22 0.5871648379757893
23 0.5282297496096466
24 0.47549310467085426
25 0.428248417812991
26 0.38588023435896546
27 0.3478504139980095
28 0.3136868440360106
29 0.28297408777345817
30 0.25534558555323816
31 0.23047711051354305
32 0.208081245267966
33 0.18790269482166028
34 0.16971428882123227
35 0.15331355551862721
36 0.13851977266771792
37 0.12517141849830973
38 0.1131239600703803
39 0.10224792756184707
40 0.09242723203631795
41 0.08355769146773785
42 0.0755457356448677
43 0.06830726533106246
44 0.061766644938985024
45 0.055855811170713573
46 0.05051348270807981
47 0.04568445822362473
48 0.04131899180425314
49 0.037372236405037916
50 0.03380374723347645
51 0.030577038048017206
52 0.027659184273583257
53 0.025020467619226536
54 0.022634057551779885
55 0.020475725553035732
56 0.01852358858183088
57 0.016757878588979053
58 0.015160735302628507
59 0.013716019822898029
60 0.012409146844703865
61 0.01122693357248946
62 0.01015746360510115
63 0.00918996425752246
0 10.416666666666668
1 8.64361106488883
2 7.245801145782241
3 6.130229058101569
4 5.229283641151572
5 4.493404605784916
6 3.8859392988983763
7 3.3795255541808933
8 2.953535459361392
9 2.5922593602156616
10 2.283608409839433
11 2.0181819349438035
12 1.7885926640079717
13 1.5889751353081887
14 1.414624933950811
15 1.2617319061130463
16 1.12718129159236
17 1.0084042583751536
18 0.9032646143909889
19 0.8099721991411762
20 0.7270160953175533
21 0.6531126754330415
22 0.5871648379757903
23 0.5282297496096456
24 0.47549310467085354
25 0.42824841781299045
26 0.3858802343589645
27 0.34785041399800914
28 0.3136868440360111
29 0.2829740877734584
30 0.2553455855532382
31 0.23047711051354317
32 0.20808124526796556
33 0.18790269482166055
34 0.16971428882123243
35 0.15331355551862705
36 0.13851977266771784
37 0.1251714184983098
38 0.11312396007038021
39 0.1022479275618472
40 0.09242723203631767
41 0.08355769146773762
42 0.07554573564486773
43 0.06830726533106242
44 0.061766644938985114
45 0.055855811170713456
46 0.050513482708079864
47 0.04568445822362483
48 0.04131899180425314
49 0.03737223640503795
50 0.03380374723347642
51 0.030577038048017143
52 0.02765918427358328
53 0.025020467619226536
54 0.022634057551779815
55 0.02047572555303575
56 0.018523588581830844
57 0.01675787858897904
58 0.015160735302628525
59 0.013716019822898023
60 0.012409146844703886
61 0.01122693357248946
62 0.010157463605101131
63 0.009189964257522455
0 10.416666666666668
1 8.64361106488884
2 7.245801145782251
3 6.130229058101573
4 5.229283641151573
5 4.493404605784929
6 3.8859392988983816
7 3.3795255541808866
8 2.9535354593613876
9 2.5922593602156607
10 2.283608409839435
11 2.018181934943803
12 1.7885926640079728
13 1.588975135308188
14 1.414624933950809
15 1.2617319061130472
16 1.1271812915923602
17 1.0084042583751525
18 0.9032646143909903
19 0.809972199141177
20 0.727016095317554
21 0.653112675433042
22 0.5871648379757896
23 0.5282297496096463
24 0.47549310467085415
25 0.42824841781299017
26 0.3858802343589653
27 0.3478504139980093
28 0.3136868440360112
29 0.2829740877734584
30 0.255345585553238
31 0.23047711051354322
32 0.2080812452679658
33 0.18790269482166003
34 0.16971428882123224
35 0.15331355551862746
36 0.13851977266771812
37 0.12517141849830998
38 0.11312396007038039
39 0.10224792756184722
40 0.09242723203631786
41 0.08355769146773782
42 0.07554573564486768
43 0.06830726533106248
44 0.061766644938985225
45 0.05585581117071356
46 0.05051348270807985
47 0.04568445822362478
48 0.04131899180425322
49 0.03737223640503799
50 0.03380374723347642
51 0.030577038048017213
52 0.02765918427358319
53 0.025020467619226498
54 0.022634057551779847
55 0.02047572555303575
56 0.018523588581830865
57 0.01675787858897904
58 0.015160735302628514
59 0.013716019822898023
60 0.012409146844703848
61 0.011226933572489453
62 0.01015746360510114
63 0.009189964257522464
0 10.416666666666671
1 8.643611064888841
2 7.245801145782239
3 6.130229058101568
4 5.229283641151574
5 4.493404605784926
6 3.885939298898378
7 3.379525554180895
8 2.953535459361392
9 2.5922593602156616
10 2.2836084098394323
11 2.018181934943802
12 1.7885926640079683
13 1.5889751353081878
14 1.414624933950809
15 1.261731906113046
16 1.1271812915923605
17 1.0084042583751534
18 0.9032646143909887
19 0.8099721991411745
20 0.7270160953175551
21 0.6531126754330426
22 0.58716483797579
23 0.5282297496096472
24 0.47549310467085376
25 0.4282484178129908
26 0.38588023435896485
27 0.34785041399800887
28 0.31368684403601066
29 0.28297408777345917
30 0.25534558555323855
31 0.2304771105135433
32 0.20808124526796581
33 0.1879026948216603
34 0.16971428882123243
35 0.1533135555186274
36 0.13851977266771787
37 0.12517141849830998
38 0.11312396007038034
39 0.10224792756184713
40 0.09242723203631771
41 0.08355769146773763
42 0.07554573564486768
43 0.06830726533106252
44 0.061766644938985045
45 0.055855811170713546
46 0.050513482708079864
47 0.04568445822362481
48 0.041318991804253205
49 0.037372236405038034
50 0.0338037472334764
51 0.03057703804801718
52 0.027659184273583246
53 0.025020467619226546
54 0.022634057551779847
55 0.02047572555303571
56 0.018523588581830862
57 0.016757878588979057
58 0.015160735302628505
59 0.013716019822898011
60 0.012409146844703876
61 0.011226933572489453
62 0.01015746360510115
63 0.00918996425752247
0 10.416666666666666
1 8.643611064888828
2 7.245801145782245
3 6.130229058101565
4 5.229283641151568
5 4.493404605784925
6 3.88593929889838
7 3.379525554180898
8 2.9535354593613845
9 2.5922593602156585
10 2.2836084098394354
11 2.0181819349438035
12 1.7885926640079703
13 1.588975135308185
14 1.414624933950812
15 1.2617319061130452
16 1.1271812915923598
17 1.0084042583751514
18 0.9032646143909892
19 0.8099721991411761
20 0.7270160953175555
21 0.653112675433042
22 0.5871648379757893
23 0.5282297496096463
24 0.47549310467085326
25 0.4282484178129901
26 0.3858802343589648
27 0.3478504139980095
28 0.31368684403601066
29 0.28297408777345834
30 0.2553455855532384
31 0.23047711051354303
32 0.20808124526796545
33 0.18790269482166033
34 0.16971428882123235
35 0.1533135555186271
36 0.138519772667718
37 0.12517141849830987
38 0.1131239600703803
39 0.10224792756184738
40 0.09242723203631781
41 0.08355769146773781
42 0.07554573564486775
43 0.06830726533106254
44 0.061766644938985156
45 0.055855811170713573
46 0.050513482708079885
47 0.04568445822362485
48 0.041318991804253254
49 0.03737223640503797
50 0.033803747233476414
51 0.030577038048017154
52 0.02765918427358324
53 0.02502046761922654
54 0.022634057551779864
55 0.020475725553035725
56 0.018523588581830886
57 0.01675787858897902
58 0.015160735302628495
59 0.01371601982289802
60 0.012409146844703869
61 0.011226933572489457
62 0.010157463605101157
63 0.009189964257522458
0 10.416666666666654
1 8.643611064888846
2 7.245801145782247
3 6.130229058101569
4 5.229283641151581
5 4.493404605784922
6 3.8859392988983825
7 3.3795255541808906
8 2.9535354593613903
9 2.5922593602156607
10 2.2836084098394323
11 2.018181934943798
12 1.788592664007974
13 1.588975135308192
14 1.414624933950812
15 1.2617319061130463
16 1.1271812915923625
17 1.0084042583751534
18 0.9032646143909889
19 0.8099721991411749
20 0.7270160953175536
21 0.6531126754330427
22 0.5871648379757902
23 0.5282297496096461
24 0.47549310467085404
25 0.4282484178129906
26 0.38588023435896474
27 0.3478504139980097
28 0.31368684403601144
29 0.2829740877734584
30 0.25534558555323833
31 0.23047711051354317
32 0.20808124526796562
33 0.18790269482166028
34 0.1697142888212325
35 0.1533135555186275
36 0.13851977266771803
37 0.12517141849830968
38 0.11312396007038027
39 0.10224792756184721
40 0.09242723203631782
41 0.08355769146773771
42 0.07554573564486763
43 0.06830726533106254
44 0.061766644938985066
45 0.05585581117071359
46 0.050513482708079975
47 0.04568445822362484
48 0.0413189918042532
49 0.037372236405037854
50 0.03380374723347641
51 0.030577038048017167
52 0.027659184273583198
53 0.025020467619226494
54 0.022634057551779843
55 0.020475725553035767
56 0.0185235885818309
57 0.01675787858897903
58 0.015160735302628528
59 0.013716019822898006
60 0.012409146844703909
61 0.011226933572489465
62 0.010157463605101147
63 0.009189964257522465
0 10.416666666666666
1 8.643611064888828
2 7.245801145782247
3 6.130229058101576
4 5.229283641151573
5 4.493404605784925
6 3.885939298898378
7 3.379525554180888
8 2.953535459361391
9 2.592259360215657
10 2.283608409839432
11 2.018181934943802
12 1.7885926640079703
13 1.588975135308187
14 1.4146249339508101
15 1.2617319061130448
16 1.1271812915923598
17 1.0084042583751536
18 0.90326461439099
19 0.8099721991411749
20 0.7270160953175547
21 0.6531126754330424
22 0.5871648379757896
23 0.5282297496096457
24 0.47549310467085326
25 0.4282484178129903
26 0.3858802343589656
27 0.3478504139980089
28 0.3136868440360109
29 0.28297408777345895
30 0.2553455855532386
31 0.23047711051354347
32 0.20808124526796565
33 0.1879026948216602
34 0.16971428882123266
35 0.15331355551862733
36 0.13851977266771792
37 0.12517141849830976
38 0.11312396007038034
39 0.10224792756184732
40 0.09242723203631774
41 0.08355769146773782
42 0.07554573564486766
43 0.06830726533106243
44 0.061766644938985094
45 0.05585581117071347
46 0.05051348270807984
47 0.04568445822362487
48 0.04131899180425326
49 0.03737223640503795
50 0.03380374723347643
51 0.03057703804801715
52 0.027659184273583222
53 0.025020467619226508
54 0.022634057551779805
55 0.020475725553035718
56 0.018523588581830903
57 0.01675787858897905
58 0.015160735302628514
59 0.013716019822898015
60 0.012409146844703877
61 0.011226933572489465
62 0.010157463605101133
63 0.009189964257522446
0 10.41666666666666
1 8.643611064888827
2 7.245801145782249
3 6.130229058101579
4 5.229283641151566
5 4.493404605784924
6 3.8859392988983807
7 3.3795255541808897
8 2.9535354593613934
9 2.59225936021566
10 2.2836084098394354
11 2.018181934943801
12 1.788592664007972
13 1.5889751353081898
14 1.414624933950812
15 1.2617319061130463
16 1.1271812915923605
17 1.0084042583751556
18 0.9032646143909899
19 0.8099721991411768
20 0.7270160953175543
21 0.6531126754330422
22 0.58716483797579
23 0.5282297496096461
24 0.4754931046708535
25 0.428248417812991
26 0.3858802343589656
27 0.3478504139980093
28 0.3136868440360109
29 0.28297408777345856
30 0.2553455855532381
31 0.2304771105135427
32 0.2080812452679655
33 0.1879026948216609
34 0.1697142888212326
35 0.1533135555186272
36 0.13851977266771812
37 0.1251714184983097
38 0.11312396007038036
39 0.10224792756184703
40 0.09242723203631772
41 0.08355769146773788
42 0.07554573564486756
43 0.0683072653310626
44 0.06176664493898517
45 0.05585581117071356
46 0.05051348270807982
47 0.04568445822362474
48 0.04131899180425319
49 0.03737223640503799
50 0.03380374723347644
51 0.030577038048017147
52 0.027659184273583184
53 0.025020467619226456
54 0.022634057551779822
55 0.020475725553035753
56 0.01852358858183086
57 0.016757878588979036
58 0.015160735302628495
59 0.013716019822898011
60 0.012409146844703855
61 0.011226933572489451
62 0.010157463605101153
63 0.009189964257522444
0 10.416666666666652
1 8.643611064888827
2 7.245801145782239
3 6.13022905810157
4 5.229283641151577
5 4.493404605784921
6 3.8859392988983834
7 3.379525554180888
8 2.95353545936139
9 2.592259360215659
10 2.2836084098394323
11 2.0181819349438017
12 1.7885926640079695
13 1.5889751353081916
14 1.414624933950809
15 1.2617319061130468
16 1.1271812915923602
17 1.0084042583751527
18 0.9032646143909899
19 0.8099721991411759
20 0.7270160953175542
21 0.6531126754330417
22 0.5871648379757903
23 0.5282297496096464
24 0.47549310467085404
25 0.4282484178129907
26 0.38588023435896457
27 0.3478504139980092
28 0.3136868440360104
29 0.28297408777345884
30 0.25534558555323833
31 0.23047711051354378
32 0.20808124526796562
33 0.18790269482166017
34 0.1697142888212326
35 0.15331355551862727
36 0.13851977266771784
37 0.12517141849830965
38 0.11312396007038031
39 0.10224792756184732
40 0.09242723203631789
41 0.08355769146773773
42 0.07554573564486769
43 0.06830726533106259
44 0.06176664493898514
45 0.05585581117071356
46 0.05051348270807983
47 0.0456844582236248
48 0.04131899180425326
49 0.03737223640503804
50 0.03380374723347643
51 0.030577038048017174
52 0.02765918427358324
53 0.025020467619226536
54 0.02263405755177984
55 0.020475725553035732
56 0.018523588581830872
57 0.016757878588979026
58 0.01516073530262851
59 0.013716019822898013
60 0.012409146844703891
61 0.011226933572489469
62 0.010157463605101157
63 0.009189964257522472
0 10.416666666666666
1 8.643611064888825
2 7.245801145782242
3 6.130229058101565
4 5.229283641151567
5 4.49340460578492
6 3.8859392988983825
7 3.3795255541808813
8 2.95353545936139
9 2.5922593602156634
10 2.2836084098394367
11 2.018181934943802
12 1.788592664007972
13 1.588975135308187
14 1.4146249339508103
15 1.2617319061130468
16 1.1271812915923602
17 1.008404258375152
18 0.9032646143909899
19 0.8099721991411754
20 0.727016095317554
21 0.6531126754330414
22 0.5871648379757903
23 0.5282297496096457
24 0.4754931046708524
25 0.4282484178129907
26 0.3858802343589644
27 0.3478504139980092
28 0.3136868440360111
29 0.28297408777345884
30 0.2553455855532385
31 0.2304771105135428
32 0.2080812452679661
33 0.1879026948216604
34 0.1697142888212327
35 0.1533135555186274
36 0.13851977266771792
37 0.12517141849830984
38 0.11312396007038042
39 0.10224792756184713
40 0.09242723203631766
41 0.08355769146773777
42 0.07554573564486775
43 0.06830726533106263
44 0.06176664493898501
45 0.05585581117071359
46 0.0505134827080799
47 0.04568445822362487
48 0.04131899180425326
49 0.03737223640503801
50 0.03380374723347639
51 0.03057703804801722
52 0.027659184273583208
53 0.025020467619226536
54 0.02263405755177987
55 0.020475725553035687
56 0.0185235885818309
57 0.016757878588979043
58 0.01516073530262849
59 0.013716019822898023
60 0.012409146844703857
61 0.011226933572489483
62 0.010157463605101162
63 0.009189964257522451
0 10.416666666666654
1 8.643611064888827
2 7.245801145782245
3 6.130229058101575
4 5.229283641151571
5 4.493404605784923
6 3.885939298898374
7 3.379525554180896
8 2.9535354593613903
9 2.5922593602156634
10 2.2836084098394336
11 2.0181819349437995
12 1.7885926640079681
13 1.5889751353081898
14 1.4146249339508106
15 1.2617319061130459
16 1.1271812915923602
17 1.0084042583751505
18 0.9032646143909907
19 0.8099721991411756
20 0.7270160953175541
21 0.6531126754330419
22 0.5871648379757889
23 0.5282297496096459
24 0.47549310467085465
25 0.4282484178129911
26 0.38588023435896474
27 0.3478504139980095
28 0.3136868440360102
29 0.2829740877734583
30 0.25534558555323883
31 0.2304771105135433
32 0.20808124526796554
33 0.1879026948216602
34 0.16971428882123274
35 0.15331355551862733
36 0.13851977266771776
37 0.12517141849830993
38 0.11312396007038042
39 0.1022479275618474
40 0.09242723203631771
41 0.08355769146773774
42 0.07554573564486769
43 0.06830726533106252
44 0.061766644938985094
45 0.055855811170713573
46 0.05051348270807985
47 0.04568445822362482
48 0.041318991804253254
49 0.03737223640503796
50 0.03380374723347645
51 0.030577038048017185
52 0.02765918427358327
53 0.025020467619226498
54 0.02263405755177982
55 0.020475725553035777
56 0.01852358858183086
57 0.016757878588979078
58 0.015160735302628488
59 0.013716019822898027
60 0.012409146844703862
61 0.011226933572489477
62 0.010157463605101131
63 0.009189964257522467
0 10.416666666666675
1 8.643611064888827
2 7.245801145782251
3 6.1302290581015715
4 5.229283641151566
5 4.493404605784919
6 3.8859392988983803
7 3.379525554180889
8 2.9535354593613885
9 2.5922593602156585
10 2.2836084098394323
11 2.018181934943803
12 1.7885926640079723
13 1.5889751353081882
14 1.414624933950814
15 1.2617319061130456
16 1.1271812915923602
17 1.0084042583751527
18 0.9032646143909895
19 0.8099721991411759
20 0.7270160953175547
21 0.6531126754330429
22 0.5871648379757896
23 0.5282297496096461
24 0.4754931046708539
25 0.428248417812991
26 0.38588023435896496
27 0.3478504139980092
28 0.31368684403601094
29 0.28297408777345906
30 0.25534558555323844
31 0.23047711051354322
32 0.20808124526796531
33 0.1879026948216605
34 0.16971428882123274
35 0.1533135555186276
36 0.13851977266771792
37 0.12517141849830976
38 0.11312396007038034
39 0.10224792756184733
40 0.0924272320363177
41 0.08355769146773785
42 0.07554573564486781
43 0.06830726533106245
44 0.061766644938985184
45 0.05585581117071362
46 0.05051348270807983
47 0.045684458223624776
48 0.04131899180425326
49 0.03737223640503796
50 0.03380374723347641
51 0.030577038048017213
52 0.02765918427358327
53 0.025020467619226498
54 0.022634057551779854
55 0.02047572555303579
56 0.018523588581830886
57 0.016757878588979074
58 0.01516073530262851
59 0.01371601982289804
60 0.012409146844703877
61 0.011226933572489469
62 0.01015746360510114
63 0.009189964257522444
0 10.41666666666666
1 8.643611064888816
2 7.245801145782241
3 6.1302290581015715
4 5.229283641151574
5 4.493404605784926
6 3.8859392988983785
7 3.379525554180889
8 2.9535354593613956
9 2.5922593602156656
10 2.2836084098394323
11 2.0181819349438
12 1.78859266400797
13 1.5889751353081858
14 1.414624933950811
15 1.2617319061130468
16 1.1271812915923594
17 1.0084042583751542
18 0.9032646143909892
19 0.8099721991411768
20 0.7270160953175547
21 0.6531126754330414
22 0.5871648379757888
23 0.5282297496096461
24 0.47549310467085404
25 0.4282484178129899
26 0.38588023435896535
27 0.3478504139980096
28 0.31368684403601027
29 0.282974087773459
30 0.25534558555323855
31 0.23047711051354342
32 0.20808124526796587
33 0.18790269482165994
34 0.1697142888212326
35 0.15331355551862733
36 0.1385197726677179
37 0.12517141849830987
38 0.11312396007038025
39 0.10224792756184733
40 0.09242723203631802
41 0.08355769146773785
42 0.07554573564486768
43 0.06830726533106253
44 0.061766644938985114
45 0.05585581117071352
46 0.050513482708079836
47 0.04568445822362478
48 0.0413189918042532
49 0.037372236405037965
50 0.03380374723347639
51 0.030577038048017157
52 0.027659184273583232
53 0.025020467619226463
54 0.022634057551779854
55 0.02047572555303571
56 0.018523588581830862
57 0.01675787858897903
58 0.01516073530262849
59 0.013716019822897994
60 0.012409146844703891
61 0.011226933572489448
62 0.010157463605101159
63 0.009189964257522457
0 10.416666666666679
1 8.643611064888837
2 7.245801145782243
3 6.1302290581015715
4 5.2292836411515795
5 4.493404605784919
6 3.8859392988983767
7 3.379525554180889
8 2.9535354593613934
9 2.592259360215659
10 2.2836084098394314
11 2.0181819349438035
12 1.7885926640079712
13 1.5889751353081913
14 1.4146249339508101
15 1.261731906113045
16 1.1271812915923614
17 1.0084042583751538
18 0.9032646143909903
19 0.8099721991411762
20 0.7270160953175538
21 0.653112675433042
22 0.5871648379757892
23 0.5282297496096461
24 0.47549310467085404
25 0.42824841781299045
26 0.38588023435896485
27 0.3478504139980094
28 0.31368684403601044
29 0.28297408777345906
30 0.25534558555323844
31 0.23047711051354294
32 0.20808124526796568
33 0.18790269482166028
34 0.16971428882123293
35 0.15331355551862755
36 0.1385197726677181
37 0.12517141849830965
38 0.11312396007038042
39 0.10224792756184732
40 0.09242723203631789
41 0.08355769146773763
42 0.07554573564486775
43 0.06830726533106242
44 0.06176664493898507
45 0.05585581117071351
46 0.050513482708079815
47 0.045684458223624796
48 0.04131899180425321
49 0.03737223640503796
50 0.03380374723347646
51 0.030577038048017206
52 0.027659184273583246
53 0.02502046761922654
54 0.02263405755177982
55 0.020475725553035732
56 0.018523588581830855
57 0.016757878588979033
58 0.015160735302628509
59 0.01371601982289802
60 0.012409146844703855
61 0.011226933572489455
62 0.010157463605101159
63 0.009189964257522455
0 10.416666666666659
1 8.643611064888821
2 7.245801145782249
3 6.130229058101569
4 5.229283641151573
5 4.493404605784924
6 3.8859392988983825
7 3.379525554180892
8 2.9535354593613934
9 2.592259360215664
10 2.2836084098394327
11 2.018181934943802
12 1.7885926640079697
13 1.588975135308192
14 1.4146249339508083
15 1.2617319061130425
16 1.127181291592359
17 1.008404258375153
18 0.9032646143909905
19 0.8099721991411747
20 0.7270160953175545
21 0.653112675433041
22 0.58716483797579
23 0.5282297496096449
24 0.47549310467085437
25 0.42824841781299
26 0.3858802343589647
27 0.3478504139980097
28 0.3136868440360103
29 0.282974087773459
30 0.2553455855532385
31 0.23047711051354328
32 0.20808124526796587
33 0.18790269482165994
34 0.1697142888212324
35 0.15331355551862746
36 0.13851977266771806
37 0.1251714184983096
38 0.11312396007038028
39 0.1022479275618473
40 0.09242723203631782
41 0.08355769146773785
42 0.07554573564486773
43 0.06830726533106249
44 0.061766644938985114
45 0.05585581117071345
46 0.050513482708079885
47 0.04568445822362482
48 0.041318991804253184
49 0.03737223640503798
50 0.033803747233476414
51 0.0305770380480172
52 0.027659184273583225
53 0.025020467619226508
54 0.022634057551779826
55 0.020475725553035718
56 0.01852358858183085
57 0.016757878588979012
58 0.015160735302628514
59 0.013716019822898023
60 0.01240914684470388
61 0.011226933572489438
62 0.01015746360510114
63 0.009189964257522483
0 10.416666666666668
1 8.643611064888814
2 7.245801145782245
3 6.130229058101578
4 5.229283641151567
5 4.493404605784931
6 3.8859392988983825
7 3.379525554180885
8 2.9535354593613947
9 2.59225936021566
10 2.283608409839433
11 2.018181934943807
12 1.7885926640079708
13 1.5889751353081896
14 1.4146249339508106
15 1.2617319061130448
16 1.1271812915923616
17 1.0084042583751516
18 0.9032646143909888
19 0.8099721991411768
20 0.7270160953175557
21 0.6531126754330432
22 0.5871648379757893
23 0.5282297496096464
24 0.47549310467085454
25 0.42824841781299045
26 0.38588023435896457
27 0.34785041399800926
28 0.313686844036011
29 0.2829740877734587
30 0.25534558555323883
31 0.230477110513543
32 0.20808124526796587
33 0.18790269482166047
34 0.16971428882123266
35 0.15331355551862724
36 0.1385197726677182
37 0.1251714184983098
38 0.11312396007038042
39 0.10224792756184709
40 0.09242723203631782
41 0.0835576914677378
42 0.07554573564486758
43 0.06830726533106248
44 0.06176664493898506
45 0.055855811170713525
46 0.050513482708079836
47 0.04568445822362481
48 0.04131899180425326
49 0.03737223640503801
50 0.033803747233476414
51 0.030577038048017192
52 0.02765918427358328
53 0.025020467619226494
54 0.022634057551779854
55 0.020475725553035753
56 0.01852358858183089
57 0.016757878588979043
58 0.01516073530262849
59 0.013716019822898015
60 0.012409146844703853
61 0.01122693357248948
62 0.010157463605101153
63 0.009189964257522467
0 10.416666666666664
1 8.643611064888843
2 7.245801145782247
3 6.1302290581015635
4 5.229283641151571
5 4.49340460578493
6 3.8859392988983816
7 3.379525554180886
8 2.9535354593613876
9 2.5922593602156567
10 2.283608409839434
11 2.0181819349437995
12 1.7885926640079683
13 1.5889751353081896
14 1.4146249339508101
15 1.2617319061130448
16 1.1271812915923587
17 1.0084042583751531
18 0.9032646143909897
19 0.8099721991411761
20 0.7270160953175542
21 0.6531126754330422
22 0.5871648379757888
23 0.5282297496096459
24 0.47549310467085343
25 0.42824841781299045
26 0.3858802343589652
27 0.34785041399800964
28 0.3136868440360101
29 0.28297408777345856
30 0.25534558555323794
31 0.23047711051354267
32 0.2080812452679658
33 0.1879026948216602
34 0.16971428882123213
35 0.15331355551862727
36 0.13851977266771787
37 0.12517141849830998
38 0.11312396007038031
39 0.1022479275618472
40 0.0924272320363179
41 0.08355769146773766
42 0.07554573564486781
43 0.06830726533106253
44 0.061766644938985066
45 0.05585581117071361
46 0.050513482708079746
47 0.04568445822362476
48 0.04131899180425316
49 0.03737223640503793
50 0.033803747233476455
51 0.030577038048017174
52 0.027659184273583215
53 0.02502046761922651
54 0.02263405755177987
55 0.02047572555303576
56 0.018523588581830855
57 0.016757878588979046
58 0.015160735302628498
59 0.01371601982289802
60 0.012409146844703851
61 0.011226933572489465
62 0.010157463605101127
63 0.009189964257522458
0 10.416666666666657
1 8.64361106488884
2 7.2458011457822415
3 6.13022905810158
4 5.229283641151581
5 4.493404605784924
6 3.885939298898391
7 3.379525554180887
8 2.95353545936139
9 2.5922593602156594
10 2.2836084098394336
11 2.0181819349438035
12 1.7885926640079675
13 1.5889751353081905
14 1.4146249339508103
15 1.2617319061130468
16 1.1271812915923614
17 1.008404258375154
18 0.9032646143909907
19 0.8099721991411739
20 0.7270160953175536
21 0.6531126754330433
22 0.5871648379757904
23 0.5282297496096453
24 0.4754931046708539
25 0.4282484178129902
26 0.3858802343589644
27 0.34785041399800914
28 0.3136868440360102
29 0.2829740877734588
30 0.2553455855532384
31 0.23047711051354322
32 0.2080812452679658
33 0.18790269482166047
34 0.16971428882123232
35 0.1533135555186274
36 0.13851977266771803
37 0.12517141849830976
38 0.1131239600703803
39 0.10224792756184717
40 0.09242723203631782
41 0.08355769146773782
42 0.07554573564486777
43 0.0683072653310625
44 0.06176664493898507
45 0.055855811170713546
46 0.05051348270807997
47 0.04568445822362481
48 0.04131899180425322
49 0.03737223640503796
50 0.033803747233476414
51 0.0305770380480172
52 0.027659184273583215
53 0.025020467619226536
54 0.02263405755177986
55 0.02047572555303574
56 0.018523588581830897
57 0.016757878588979064
58 0.015160735302628525
59 0.013716019822898018
60 0.012409146844703876
61 0.011226933572489474
62 0.010157463605101141
63 0.009189964257522453
0 10.416666666666664
1 8.643611064888841
2 7.245801145782231
3 6.130229058101584
4 5.2292836411515795
5 4.493404605784928
6 3.8859392988983767
7 3.379525554180887
8 2.9535354593613907
9 2.5922593602156616
10 2.2836084098394336
11 2.018181934943803
12 1.788592664007968
13 1.5889751353081891
14 1.414624933950809
15 1.2617319061130454
16 1.1271812915923605
17 1.0084042583751534
18 0.9032646143909903
19 0.8099721991411765
20 0.7270160953175551
21 0.6531126754330415
22 0.5871648379757892
23 0.5282297496096461
24 0.47549310467085326
25 0.4282484178129894
26 0.3858802343589651
27 0.3478504139980093
28 0.31368684403601005
29 0.2829740877734581
30 0.25534558555323844
31 0.23047711051354294
32 0.20808124526796573
33 0.18790269482166033
34 0.16971428882123238
35 0.1533135555186273
36 0.13851977266771787
37 0.1251714184983098
38 0.11312396007038042
39 0.10224792756184725
40 0.09242723203631782
41 0.0835576914677378
42 0.07554573564486773
43 0.0683072653310625
44 0.06176664493898506
45 0.05585581117071359
46 0.050513482708079885
47 0.045684458223624796
48 0.04131899180425311
49 0.03737223640503794
50 0.03380374723347644
51 0.030577038048017147
52 0.02765918427358327
53 0.02502046761922647
54 0.022634057551779822
55 0.020475725553035718
56 0.01852358858183086
57 0.016757878588979057
58 0.015160735302628521
59 0.013716019822898044
60 0.012409146844703876
61 0.011226933572489469
62 0.010157463605101157
63 0.009189964257522464
0 10.416666666666666
1 8.643611064888837
2 7.245801145782244
3 6.130229058101572
4 5.229283641151574
5 4.493404605784928
6 3.88593929889838
7 3.3795255541808884
8 2.95353545936139
9 2.5922593602156603
10 2.2836084098394314
11 2.018181934943801
12 1.7885926640079732
13 1.5889751353081913
14 1.4146249339508128
15 1.2617319061130463
16 1.1271812915923618
17 1.0084042583751545
18 0.9032646143909885
19 0.8099721991411759
20 0.7270160953175554
21 0.6531126754330434
22 0.5871648379757911
23 0.5282297496096464
24 0.4754931046708536
25 0.4282484178129911
26 0.38588023435896474
27 0.347850413998009
28 0.3136868440360102
29 0.2829740877734587
30 0.25534558555323844
31 0.23047711051354342
32 0.20808124526796593
33 0.18790269482166058
34 0.1697142888212326
35 0.15331355551862727
36 0.1385197726677181
37 0.12517141849830954
38 0.1131239600703803
39 0.10224792756184721
40 0.09242723203631793
41 0.08355769146773769
42 0.07554573564486777
43 0.06830726533106248
44 0.06176664493898503
45 0.05585581117071356
46 0.050513482708079774
47 0.04568445822362484
48 0.041318991804253205
49 0.03737223640503795
50 0.03380374723347642
51 0.030577038048017157
52 0.0276591842735832
53 0.025020467619226546
54 0.02263405755177985
55 0.020475725553035763
56 0.018523588581830876
57 0.016757878588979064
58 0.01516073530262849
59 0.013716019822898017
60 0.012409146844703864
61 0.011226933572489467
62 0.010157463605101143
63 0.009189964257522448
0 10.416666666666668
1 8.643611064888834
2 7.245801145782234
3 6.13022905810156
4 5.229283641151576
5 4.493404605784923
6 3.8859392988983794
7 3.379525554180889
8 2.953535459361384
9 2.5922593602156607
10 2.2836084098394354
11 2.018181934943801
12 1.7885926640079701
13 1.5889751353081871
14 1.4146249339508117
15 1.2617319061130463
16 1.1271812915923596
17 1.0084042583751547
18 0.9032646143909886
19 0.8099721991411739
20 0.7270160953175563
21 0.6531126754330417
22 0.5871648379757893
23 0.5282297496096479
24 0.4754931046708539
25 0.4282484178129911
26 0.38588023435896535
27 0.347850413998009
28 0.3136868440360106
29 0.28297408777345817
30 0.2553455855532385
31 0.23047711051354322
32 0.20808124526796593
33 0.1879026948216602
34 0.16971428882123235
35 0.15331355551862763
36 0.13851977266771812
37 0.1251714184983099
38 0.11312396007038052
39 0.1022479275618472
40 0.09242723203631782
41 0.08355769146773774
42 0.0755457356448677
43 0.06830726533106249
44 0.06176664493898517
45 0.05585581117071356
46 0.05051348270807988
47 0.04568445822362477
48 0.04131899180425325
49 0.03737223640503804
50 0.03380374723347639
51 0.03057703804801717
52 0.027659184273583194
53 0.02502046761922652
54 0.022634057551779843
55 0.02047572555303575
56 0.018523588581830872
57 0.016757878588979033
58 0.01516073530262849
59 0.013716019822898027
60 0.012409146844703877
61 0.011226933572489453
62 0.010157463605101133
63 0.009189964257522455
0 10.416666666666652
1 8.643611064888821
2 7.2458011457822495
3 6.130229058101578
4 5.2292836411515715
5 4.493404605784919
6 3.8859392988983816
7 3.379525554180895
8 2.9535354593613916
9 2.5922593602156625
10 2.2836084098394345
11 2.0181819349438004
12 1.788592664007974
13 1.5889751353081913
14 1.414624933950808
15 1.2617319061130434
16 1.1271812915923616
17 1.0084042583751538
18 0.9032646143909886
19 0.8099721991411765
20 0.7270160953175551
21 0.6531126754330424
22 0.5871648379757902
23 0.5282297496096459
24 0.47549310467085326
25 0.4282484178129907
26 0.38588023435896496
27 0.3478504139980092
28 0.3136868440360108
29 0.282974087773459
30 0.2553455855532386
31 0.23047711051354283
32 0.20808124526796565
33 0.1879026948216601
34 0.16971428882123266
35 0.1533135555186272
36 0.13851977266771792
37 0.12517141849830973
38 0.11312396007038032
39 0.10224792756184715
40 0.09242723203631782
41 0.0835576914677377
42 0.07554573564486765
43 0.06830726533106248
44 0.06176664493898501
45 0.05585581117071365
46 0.0505134827080799
47 0.04568445822362474
48 0.041318991804253274
49 0.03737223640503798
50 0.0338037472334764
51 0.030577038048017233
52 0.027659184273583257
53 0.02502046761922654
54 0.022634057551779874
55 0.020475725553035704
56 0.01852358858183089
57 0.01675787858897904
58 0.015160735302628505
59 0.013716019822898001
60 0.012409146844703891
61 0.011226933572489465
62 0.010157463605101145
63 0.009189964257522457
0 10.416666666666671
1 8.643611064888825
2 7.24580114578224
3 6.13022905810157
4 5.2292836411515795
5 4.493404605784916
6 3.885939298898389
7 3.379525554180889
8 2.9535354593613934
9 2.5922593602156603
10 2.2836084098394345
11 2.018181934943804
12 1.7885926640079732
13 1.5889751353081905
14 1.4146249339508097
15 1.261731906113047
16 1.1271812915923598
17 1.0084042583751538
18 0.9032646143909895
19 0.8099721991411752
20 0.7270160953175536
21 0.6531126754330431
22 0.5871648379757897
23 0.5282297496096459
24 0.47549310467085426
25 0.4282484178129913
26 0.3858802343589651
27 0.3478504139980094
28 0.31368684403600977
29 0.28297408777345856
30 0.25534558555323833
31 0.23047711051354322
32 0.20808124526796554
33 0.18790269482166033
34 0.16971428882123232
35 0.15331355551862716
36 0.1385197726677179
37 0.12517141849830968
38 0.1131239600703801
39 0.10224792756184732
40 0.09242723203631797
41 0.0835576914677377
42 0.0755457356448677
43 0.06830726533106263
44 0.06176664493898509
45 0.055855811170713594
46 0.05051348270807992
47 0.04568445822362482
48 0.04131899180425323
49 0.03737223640503797
50 0.03380374723347639
51 0.030577038048017185
52 0.027659184273583257
53 0.025020467619226505
54 0.0226340575517799
55 0.02047572555303573
56 0.018523588581830872
57 0.01675787858897903
58 0.015160735302628514
59 0.013716019822898013
60 0.012409146844703872
61 0.011226933572489477
62 0.010157463605101136
63 0.009189964257522443
0 10.416666666666666
1 8.64361106488884
2 7.245801145782249
3 6.13022905810157
4 5.229283641151574
5 4.493404605784921
6 3.88593929889838
7 3.3795255541808835
8 2.953535459361396
9 2.5922593602156607
10 2.2836084098394376
11 2.0181819349438004
12 1.7885926640079672
13 1.5889751353081882
14 1.4146249339508092
15 1.2617319061130448
16 1.127181291592359
17 1.0084042583751525
18 0.9032646143909895
19 0.8099721991411767
20 0.727016095317554
21 0.6531126754330429
22 0.5871648379757903
23 0.5282297496096469
24 0.4754931046708537
25 0.428248417812991
26 0.385880234358965
27 0.3478504139980092
28 0.3136868440360103
29 0.2829740877734587
30 0.25534558555323833
31 0.23047711051354294
32 0.2080812452679661
33 0.18790269482166042
34 0.1697142888212326
35 0.15331355551862746
36 0.13851977266771803
37 0.12517141849830976
38 0.11312396007038006
39 0.1022479275618473
40 0.09242723203631775
41 0.08355769146773775
42 0.0755457356448678
43 0.0683072653310625
44 0.06176664493898506
45 0.05585581117071359
46 0.05051348270807992
47 0.04568445822362479
48 0.0413189918042532
49 0.037372236405038006
50 0.033803747233476414
51 0.03057703804801714
52 0.027659184273583232
53 0.025020467619226536
54 0.022634057551779864
55 0.020475725553035735
56 0.018523588581830838
57 0.01675787858897905
58 0.015160735302628498
59 0.013716019822898015
60 0.012409146844703858
61 0.011226933572489455
62 0.010157463605101141
63 0.009189964257522455
0 10.416666666666668
1 8.643611064888832
2 7.245801145782242
3 6.130229058101576
4 5.229283641151577
5 4.493404605784915
6 3.8859392988983794
7 3.3795255541808906
8 2.953535459361391
9 2.5922593602156607
10 2.283608409839434
11 2.018181934943802
12 1.7885926640079743
13 1.5889751353081878
14 1.4146249339508112
15 1.261731906113046
16 1.1271812915923596
17 1.0084042583751536
18 0.9032646143909897
19 0.8099721991411754
20 0.7270160953175545
21 0.6531126754330427
22 0.5871648379757902
23 0.5282297496096472
24 0.47549310467085315
25 0.4282484178129904
26 0.3858802343589639
27 0.34785041399801
28 0.31368684403601066
29 0.2829740877734586
30 0.25534558555323816
31 0.23047711051354328
32 0.20808124526796581
33 0.18790269482166047
34 0.16971428882123255
35 0.15331355551862744
36 0.13851977266771795
37 0.12517141849830987
38 0.11312396007038042
39 0.10224792756184732
40 0.09242723203631772
41 0.08355769146773769
42 0.07554573564486762
43 0.06830726533106254
44 0.06176664493898508
45 0.05585581117071355
46 0.0505134827080798
47 0.04568445822362481
48 0.04131899180425323
49 0.03737223640503793
50 0.03380374723347645
51 0.03057703804801718
52 0.02765918427358327
53 0.025020467619226498
54 0.02263405755177987
55 0.02047572555303569
56 0.01852358858183088
57 0.01675787858897905
58 0.015160735302628505
59 0.01371601982289801
60 0.012409146844703877
61 0.011226933572489465
62 0.010157463605101166
63 0.00918996425752246
0 10.416666666666657
1 8.643611064888832
2 7.245801145782237
3 6.130229058101573
4 5.229283641151568
5 4.4934046057849235
6 3.885939298898376
7 3.379525554180892
8 2.953535459361391
9 2.5922593602156594
10 2.2836084098394354
11 2.0181819349438026
12 1.7885926640079701
13 1.5889751353081878
14 1.4146249339508095
15 1.2617319061130479
16 1.1271812915923578
17 1.0084042583751531
18 0.9032646143909903
19 0.8099721991411755
20 0.7270160953175534
21 0.6531126754330426
22 0.58716483797579
23 0.5282297496096469
24 0.4754931046708539
25 0.42824841781298983
26 0.3858802343589652
27 0.347850413998009
28 0.3136868440360111
29 0.28297408777345867
30 0.2553455855532388
31 0.23047711051354294
32 0.20808124526796562
33 0.18790269482166033
34 0.16971428882123232
35 0.1533135555186275
36 0.1385197726677182
37 0.12517141849830957
38 0.11312396007038049
39 0.10224792756184721
40 0.09242723203631789
41 0.08355769146773791
42 0.07554573564486766
43 0.06830726533106263
44 0.0617666449389851
45 0.055855811170713546
46 0.0505134827080799
47 0.045684458223624755
48 0.041318991804253274
49 0.037372236405038
50 0.033803747233476414
51 0.03057703804801722
52 0.027659184273583264
53 0.02502046761922653
54 0.02263405755177979
55 0.020475725553035725
56 0.01852358858183088
57 0.016757878588979036
58 0.015160735302628518
59 0.013716019822898023
60 0.012409146844703877
61 0.011226933572489465
62 0.010157463605101145
63 0.009189964257522457
0 10.416666666666652
1 8.643611064888823
2 7.245801145782255
3 6.1302290581015715
4 5.229283641151568
5 4.49340460578493
6 3.8859392988983816
7 3.379525554180892
8 2.953535459361396
9 2.5922593602156607
10 2.2836084098394336
11 2.0181819349438
12 1.7885926640079706
13 1.5889751353081887
14 1.4146249339508112
15 1.2617319061130423
16 1.1271812915923576
17 1.0084042583751531
18 0.9032646143909897
19 0.809972199141175
20 0.7270160953175561
21 0.6531126754330431
22 0.5871648379757894
23 0.5282297496096471
24 0.47549310467085465
25 0.42824841781299017
26 0.3858802343589652
27 0.3478504139980091
28 0.3136868440360105
29 0.2829740877734584
30 0.2553455855532385
31 0.23047711051354292
32 0.2080812452679657
33 0.1879026948216602
34 0.16971428882123255
35 0.15331355551862735
36 0.1385197726677181
37 0.12517141849830973
38 0.11312396007038016
39 0.10224792756184697
40 0.09242723203631782
41 0.08355769146773769
42 0.07554573564486769
43 0.06830726533106242
44 0.06176664493898505
45 0.055855811170713573
46 0.050513482708079906
47 0.04568445822362484
48 0.04131899180425323
49 0.03737223640503796
50 0.033803747233476414
51 0.030577038048017154
52 0.027659184273583257
53 0.02502046761922648
54 0.022634057551779833
55 0.02047572555303574
56 0.018523588581830897
57 0.016757878588979053
58 0.015160735302628528
59 0.013716019822898015
60 0.012409146844703864
61 0.011226933572489451
62 0.010157463605101133
63 0.009189964257522467
0 10.416666666666657
1 8.643611064888827
2 7.245801145782244
3 6.130229058101581
4 5.229283641151573
5 4.493404605784923
6 3.8859392988983816
7 3.379525554180893
8 2.953535459361391
9 2.5922593602156656
10 2.283608409839432
11 2.0181819349438026
12 1.7885926640079712
13 1.5889751353081878
14 1.4146249339508095
15 1.261731906113045
16 1.1271812915923596
17 1.0084042583751553
18 0.9032646143909879
19 0.8099721991411754
20 0.7270160953175547
21 0.6531126754330426
22 0.5871648379757887
23 0.5282297496096461
24 0.47549310467085326
25 0.42824841781299056
26 0.3858802343589644
27 0.3478504139980092
28 0.3136868440360109
29 0.2829740877734584
30 0.2553455855532385
31 0.23047711051354336
32 0.20808124526796595
33 0.1879026948216603
34 0.1697142888212324
35 0.15331355551862721
36 0.138519772667718
37 0.12517141849830982
38 0.11312396007038049
39 0.1022479275618473
40 0.09242723203631763
41 0.08355769146773782
42 0.07554573564486759
43 0.06830726533106243
44 0.06176664493898504
45 0.05585581117071347
46 0.05051348270807982
47 0.04568445822362479
48 0.0413189918042532
49 0.03737223640503798
50 0.033803747233476386
51 0.030577038048017154
52 0.02765918427358324
53 0.02502046761922652
54 0.02263405755177982
55 0.020475725553035735
56 0.01852358858183087
57 0.01675787858897905
58 0.015160735302628518
59 0.013716019822898029
60 0.012409146844703869
61 0.011226933572489484
62 0.010157463605101152
63 0.00918996425752244
0 10.416666666666675
1 8.643611064888825
2 7.24580114578224
3 6.1302290581015715
4 5.229283641151578
5 4.493404605784912
6 3.8859392988983754
7 3.379525554180892
8 2.953535459361387
9 2.592259360215664
10 2.283608409839434
11 2.0181819349438017
12 1.7885926640079686
13 1.5889751353081896
14 1.4146249339508095
15 1.261731906113046
16 1.1271812915923587
17 1.0084042583751534
18 0.9032646143909886
19 0.8099721991411749
20 0.7270160953175536
21 0.653112675433042
22 0.5871648379757897
23 0.5282297496096476
24 0.47549310467085454
25 0.4282484178129903
26 0.385880234358965
27 0.3478504139980092
28 0.3136868440360106
29 0.28297408777345867
30 0.255345585553238
31 0.230477110513543
32 0.20808124526796593
33 0.18790269482166047
34 0.1697142888212325
35 0.15331355551862713
36 0.13851977266771795
37 0.12517141849830993
38 0.11312396007038039
39 0.10224792756184722
40 0.09242723203631768
41 0.08355769146773781
42 0.0755457356448677
43 0.06830726533106235
44 0.061766644938985114
45 0.05585581117071349
46 0.050513482708079885
47 0.04568445822362482
48 0.04131899180425318
49 0.03737223640503798
50 0.03380374723347644
51 0.03057703804801716
52 0.0276591842735832
53 0.02502046761922651
54 0.022634057551779854
55 0.020475725553035746
56 0.018523588581830855
57 0.016757878588979036
58 0.015160735302628514
59 0.013716019822898023
60 0.01240914684470386
61 0.011226933572489464
62 0.010157463605101134
63 0.009189964257522476
0 10.416666666666641
1 8.64361106488884
2 7.245801145782249
3 6.130229058101579
4 5.2292836411515795
5 4.493404605784918
6 3.8859392988983745
7 3.379525554180894
8 2.9535354593613854
9 2.5922593602156616
10 2.283608409839432
11 2.0181819349438053
12 1.78859266400797
13 1.5889751353081873
14 1.4146249339508117
15 1.2617319061130452
16 1.1271812915923602
17 1.0084042583751525
18 0.9032646143909903
19 0.8099721991411772
20 0.7270160953175544
21 0.6531126754330412
22 0.5871648379757896
23 0.5282297496096465
24 0.4754931046708534
25 0.42824841781299117
26 0.3858802343589647
27 0.3478504139980094
28 0.3136868440360105
29 0.2829740877734588
30 0.25534558555323844
31 0.2304771105135431
32 0.2080812452679654
33 0.18790269482166025
34 0.1697142888212328
35 0.1533135555186272
36 0.13851977266771803
37 0.1251714184983098
38 0.11312396007038054
39 0.10224792756184709
40 0.09242723203631785
41 0.08355769146773767
42 0.07554573564486779
43 0.06830726533106252
44 0.06176664493898513
45 0.055855811170713546
46 0.05051348270807982
47 0.04568445822362476
48 0.04131899180425325
49 0.0373722364050379
50 0.03380374723347644
51 0.0305770380480172
52 0.027659184273583257
53 0.025020467619226463
54 0.022634057551779826
55 0.02047572555303574
56 0.018523588581830865
57 0.01675787858897904
58 0.015160735302628535
59 0.013716019822898036
60 0.012409146844703843
61 0.011226933572489469
62 0.01015746360510116
63 0.00918996425752245
0 10.41666666666666
1 8.643611064888836
2 7.2458011457822575
3 6.1302290581015635
4 5.229283641151585
5 4.493404605784919
6 3.8859392988983736
7 3.3795255541808893
8 2.9535354593613934
9 2.5922593602156625
10 2.2836084098394376
11 2.018181934943801
12 1.78859266400797
13 1.5889751353081887
14 1.4146249339508101
15 1.2617319061130463
16 1.1271812915923605
17 1.0084042583751525
18 0.9032646143909889
19 0.8099721991411759
20 0.7270160953175557
21 0.6531126754330426
22 0.5871648379757897
23 0.528229749609647
24 0.47549310467085404
25 0.4282484178129909
26 0.385880234358965
27 0.3478504139980095
28 0.31368684403600994
29 0.2829740877734585
30 0.2553455855532385
31 0.2304771105135431
32 0.20808124526796587
33 0.18790269482166022
34 0.16971428882123263
35 0.15331355551862735
36 0.13851977266771806
37 0.12517141849830965
38 0.11312396007038056
39 0.10224792756184707
40 0.09242723203631777
41 0.0835576914677378
42 0.07554573564486772
43 0.06830726533106242
44 0.061766644938984996
45 0.05585581117071356
46 0.05051348270807982
47 0.0456844582236248
48 0.041318991804253274
49 0.03737223640503795
50 0.033803747233476435
51 0.030577038048017192
52 0.027659184273583246
53 0.025020467619226557
54 0.022634057551779864
55 0.020475725553035704
56 0.018523588581830872
57 0.016757878588979015
58 0.015160735302628514
59 0.013716019822898023
60 0.01240914684470388
61 0.011226933572489467
62 0.010157463605101131
63 0.009189964257522444
0 10.416666666666679
1 8.643611064888834
2 7.245801145782239
3 6.130229058101579
4 5.229283641151577
5 4.493404605784914
6 3.8859392988983883
7 3.3795255541808906
8 2.953535459361392
9 2.5922593602156656
10 2.2836084098394327
11 2.0181819349438035
12 1.7885926640079712
13 1.5889751353081885
14 1.4146249339508106
15 1.2617319061130459
16 1.1271812915923596
17 1.0084042583751545
18 0.9032646143909899
19 0.809972199141175
20 0.7270160953175547
21 0.6531126754330414
22 0.5871648379757906
23 0.5282297496096466
24 0.47549310467085437
25 0.42824841781299056
26 0.38588023435896474
27 0.3478504139980092
28 0.3136868440360106
29 0.2829740877734587
30 0.255345585553238
31 0.23047711051354283
32 0.20808124526796556
33 0.18790269482166042
34 0.16971428882123238
35 0.1533135555186271
36 0.13851977266771773
37 0.12517141849830993
38 0.11312396007038028
39 0.10224792756184714
40 0.09242723203631772
41 0.08355769146773775
42 0.07554573564486769
43 0.06830726533106256
44 0.06176664493898513
45 0.055855811170713546
46 0.05051348270807984
47 0.045684458223624755
48 0.04131899180425326
49 0.03737223640503798
50 0.033803747233476455
51 0.030577038048017167
52 0.02765918427358322
53 0.02502046761922654
54 0.02263405755177981
55 0.020475725553035704
56 0.01852358858183087
57 0.01675787858897903
58 0.015160735302628507
59 0.013716019822897997
60 0.012409146844703883
61 0.011226933572489474
62 0.01015746360510116
63 0.009189964257522453
0 10.416666666666663
1 8.643611064888841
2 7.245801145782257
3 6.130229058101581
4 5.2292836411515715
5 4.493404605784921
6 3.885939298898375
7 3.379525554180887
8 2.953535459361387
9 2.5922593602156634
10 2.2836084098394305
11 2.0181819349438035
12 1.7885926640079708
13 1.5889751353081916
14 1.4146249339508083
15 1.2617319061130459
16 1.1271812915923596
17 1.0084042583751536
18 0.9032646143909889
19 0.8099721991411759
20 0.7270160953175541
21 0.653112675433042
22 0.5871648379757892
23 0.5282297496096463
24 0.47549310467085376
25 0.42824841781299056
26 0.38588023435896457
27 0.3478504139980098
28 0.3136868440360104
29 0.28297408777345856
30 0.25534558555323883
31 0.23047711051354308
32 0.20808124526796537
33 0.18790269482166025
34 0.16971428882123207
35 0.15331355551862727
36 0.13851977266771806
37 0.1251714184983097
38 0.11312396007038031
39 0.10224792756184717
40 0.09242723203631775
41 0.08355769146773785
42 0.07554573564486781
43 0.0683072653310625
44 0.061766644938985
45 0.05585581117071347
46 0.05051348270807984
47 0.04568445822362487
48 0.04131899180425325
49 0.037372236405038034
50 0.033803747233476414
51 0.030577038048017226
52 0.027659184273583208
53 0.025020467619226498
54 0.02263405755177985
55 0.020475725553035725
56 0.01852358858183089
57 0.01675787858897904
58 0.015160735302628497
59 0.013716019822898027
60 0.012409146844703886
61 0.011226933572489477
62 0.01015746360510114
63 0.009189964257522448
0 10.416666666666664
1 8.643611064888836
2 7.245801145782249
3 6.130229058101576
4 5.229283641151567
5 4.49340460578492
6 3.88593929889838
7 3.3795255541808866
8 2.9535354593613903
9 2.592259360215665
10 2.2836084098394367
11 2.0181819349438017
12 1.7885926640079723
13 1.5889751353081902
14 1.4146249339508106
15 1.261731906113045
16 1.1271812915923591
17 1.0084042583751538
18 0.903264614390991
19 0.8099721991411746
20 0.7270160953175551
21 0.6531126754330429
22 0.5871648379757902
23 0.5282297496096456
24 0.47549310467085426
25 0.4282484178129905
26 0.3858802343589646
27 0.3478504139980087
28 0.3136868440360107
29 0.28297408777345895
30 0.2553455855532384
31 0.23047711051354294
32 0.20808124526796565
33 0.1879026948216605
34 0.16971428882123255
35 0.1533135555186272
36 0.1385197726677179
37 0.12517141849830965
38 0.11312396007038046
39 0.10224792756184727
40 0.09242723203631785
41 0.08355769146773791
42 0.07554573564486775
43 0.06830726533106236
44 0.061766644938985114
45 0.05585581117071362
46 0.05051348270807993
47 0.04568445822362482
48 0.0413189918042533
49 0.03737223640503793
50 0.03380374723347643
51 0.030577038048017164
52 0.027659184273583246
53 0.02502046761922654
54 0.02263405755177986
55 0.02047572555303573
56 0.018523588581830855
57 0.016757878588979046
58 0.015160735302628497
59 0.013716019822898036
60 0.01240914684470385
61 0.011226933572489462
62 0.010157463605101131
63 0.009189964257522464
0 10.416666666666654
1 8.643611064888828
2 7.2458011457822495
3 6.13022905810157
4 5.2292836411515715
5 4.493404605784929
6 3.8859392988983794
7 3.379525554180891
8 2.9535354593613916
9 2.5922593602156576
10 2.2836084098394362
11 2.018181934943803
12 1.7885926640079723
13 1.5889751353081862
14 1.414624933950811
15 1.2617319061130485
16 1.1271812915923594
17 1.0084042583751538
18 0.9032646143909889
19 0.8099721991411748
20 0.7270160953175543
21 0.6531126754330434
22 0.5871648379757892
23 0.5282297496096464
24 0.47549310467085376
25 0.4282484178129908
26 0.3858802343589638
27 0.34785041399800987
28 0.313686844036011
29 0.2829740877734587
30 0.25534558555323894
31 0.23047711051354308
32 0.2080812452679656
33 0.18790269482166047
34 0.16971428882123227
35 0.1533135555186272
36 0.138519772667718
37 0.12517141849830976
38 0.11312396007038042
39 0.1022479275618472
40 0.0924272320363179
41 0.08355769146773777
42 0.07554573564486766
43 0.06830726533106252
44 0.06176664493898508
45 0.05585581117071359
46 0.05051348270807988
47 0.04568445822362481
48 0.041318991804253184
49 0.03737223640503797
50 0.033803747233476476
51 0.030577038048017147
52 0.027659184273583232
53 0.02502046761922649
54 0.02263405755177985
55 0.020475725553035718
56 0.018523588581830855
57 0.016757878588979043
58 0.015160735302628481
59 0.01371601982289804
60 0.01240914684470386
61 0.01122693357248946
62 0.010157463605101147
63 0.00918996425752243
0 10.416666666666671
1 8.643611064888834
2 7.245801145782245
3 6.130229058101569
4 5.229283641151566
5 4.493404605784925
6 3.885939298898377
7 3.379525554180892
8 2.9535354593613885
9 2.5922593602156563
10 2.283608409839434
11 2.018181934943803
12 1.78859266400797
13 1.5889751353081927
14 1.4146249339508083
15 1.2617319061130459
16 1.1271812915923598
17 1.0084042583751545
18 0.9032646143909876
19 0.8099721991411759
20 0.7270160953175547
21 0.6531126754330427
22 0.5871648379757902
23 0.5282297496096455
24 0.47549310467085426
25 0.4282484178129903
26 0.385880234358965
27 0.3478504139980092
28 0.31368684403601016
29 0.2829740877734583
30 0.2553455855532387
31 0.2304771105135426
32 0.20808124526796556
33 0.1879026948216601
34 0.16971428882123252
35 0.1533135555186273
36 0.13851977266771803
37 0.12517141849830962
38 0.1131239600703803
39 0.10224792756184717
40 0.09242723203631782
41 0.08355769146773773
42 0.0755457356448678
43 0.06830726533106249
44 0.0617666449389851
45 0.05585581117071367
46 0.050513482708079885
47 0.04568445822362486
48 0.041318991804253226
49 0.037372236405038
50 0.0338037472334764
51 0.030577038048017178
52 0.02765918427358323
53 0.02502046761922654
54 0.022634057551779843
55 0.020475725553035746
56 0.018523588581830855
57 0.01675787858897906
58 0.015160735302628531
59 0.013716019822898032
60 0.012409146844703877
61 0.011226933572489469
62 0.010157463605101145
63 0.00918996425752248
0 10.416666666666671
1 8.643611064888836
2 7.245801145782255
3 6.13022905810158
4 5.229283641151569
5 4.493404605784917
6 3.8859392988983785
7 3.379525554180888
8 2.953535459361392
9 2.5922593602156616
10 2.283608409839437
11 2.0181819349438
12 1.7885926640079648
13 1.5889751353081878
14 1.41462493395081
15 1.261731906113045
16 1.1271812915923602
17 1.0084042583751538
18 0.9032646143909895
19 0.8099721991411749
20 0.7270160953175547
21 0.6531126754330434
22 0.5871648379757902
23 0.5282297496096464
24 0.47549310467085415
25 0.428248417812991
26 0.38588023435896485
27 0.3478504139980093
28 0.31368684403601044
29 0.28297408777345884
30 0.2553455855532385
31 0.230477110513543
32 0.2080812452679658
33 0.18790269482166028
34 0.1697142888212327
35 0.15331355551862727
36 0.13851977266771806
37 0.12517141849831004
38 0.11312396007038009
39 0.1022479275618473
40 0.09242723203631781
41 0.08355769146773774
42 0.07554573564486781
43 0.06830726533106243
44 0.06176664493898506
45 0.055855811170713525
46 0.05051348270807985
47 0.04568445822362481
48 0.04131899180425316
49 0.037372236405037916
50 0.03380374723347636
51 0.030577038048017185
52 0.027659184273583205
53 0.02502046761922654
54 0.022634057551779906
55 0.020475725553035753
56 0.0185235885818309
57 0.016757878588979057
58 0.015160735302628505
59 0.01371601982289802
60 0.012409146844703877
61 0.011226933572489462
62 0.01015746360510114
63 0.009189964257522458
0 10.41666666666666
1 8.643611064888834
2 7.245801145782251
3 6.130229058101584
4 5.229283641151572
5 4.493404605784933
6 3.8859392988983834
7 3.379525554180893
8 2.95353545936139
9 2.5922593602156607
10 2.2836084098394314
11 2.0181819349438
12 1.7885926640079717
13 1.5889751353081878
14 1.4146249339508097
15 1.2617319061130463
16 1.1271812915923602
17 1.0084042583751518
18 0.9032646143909907
19 0.8099721991411754
20 0.7270160953175543
21 0.6531126754330424
22 0.5871648379757903
23 0.5282297496096464
24 0.4754931046708534
25 0.42824841781299006
26 0.3858802343589651
27 0.3478504139980089
28 0.31368684403601016
29 0.2829740877734592
30 0.255345585553238
31 0.23047711051354336
32 0.208081245267966
33 0.18790269482166022
34 0.16971428882123263
35 0.15331355551862727
36 0.1385197726677181
37 0.12517141849830982
38 0.11312396007038043
39 0.10224792756184721
40 0.09242723203631785
41 0.08355769146773775
42 0.0755457356448678
43 0.06830726533106246
44 0.0617666449389851
45 0.05585581117071365
46 0.05051348270807981
47 0.04568445822362478
48 0.041318991804253156
49 0.03737223640503792
50 0.033803747233476386
51 0.030577038048017185
52 0.027659184273583257
53 0.025020467619226536
54 0.022634057551779885
55 0.020475725553035735
56 0.01852358858183092
57 0.01675787858897904
58 0.015160735302628493
59 0.013716019822898011
60 0.012409146844703883
61 0.011226933572489455
62 0.010157463605101143
63 0.009189964257522455
0 10.41666666666666
1 8.643611064888846
2 7.245801145782251
3 6.13022905810157
4 5.2292836411515795
5 4.493404605784938
6 3.8859392988983816
7 3.3795255541808857
8 2.95353545936139
9 2.5922593602156674
10 2.2836084098394345
11 2.018181934943802
12 1.7885926640079712
13 1.5889751353081885
14 1.4146249339508106
15 1.2617319061130479
16 1.1271812915923587
17 1.0084042583751531
18 0.90326461439099
19 0.8099721991411765
20 0.7270160953175535
21 0.6531126754330421
22 0.5871648379757893
23 0.5282297496096462
24 0.47549310467085437
25 0.42824841781299045
26 0.3858802343589648
27 0.347850413998009
28 0.31368684403601094
29 0.28297408777345895
30 0.2553455855532381
31 0.23047711051354297
32 0.20808124526796548
33 0.1879026948216601
34 0.16971428882123255
35 0.15331355551862724
36 0.13851977266771787
37 0.12517141849830973
38 0.11312396007038043
39 0.10224792756184722
40 0.09242723203631799
41 0.08355769146773771
42 0.0755457356448677
43 0.06830726533106246
44 0.06176664493898502
45 0.055855811170713414
46 0.050513482708079885
47 0.04568445822362473
48 0.04131899180425325
49 0.037372236405037944
50 0.03380374723347645
51 0.030577038048017167
52 0.02765918427358325
53 0.025020467619226484
54 0.022634057551779836
55 0.02047572555303573
56 0.01852358858183087
57 0.016757878588979074
58 0.015160735302628488
59 0.013716019822898027
60 0.012409146844703876
61 0.01122693357248948
62 0.01015746360510115
63 0.00918996425752246
0 10.416666666666657
1 8.643611064888816
2 7.245801145782233
3 6.130229058101575
4 5.229283641151567
5 4.493404605784924
6 3.885939298898373
7 3.3795255541808906
8 2.9535354593613983
9 2.592259360215663
10 2.28360840983944
11 2.0181819349438004
12 1.7885926640079732
13 1.5889751353081896
14 1.414624933950809
15 1.2617319061130472
16 1.1271812915923596
17 1.008404258375154
18 0.9032646143909897
19 0.8099721991411762
20 0.7270160953175545
21 0.6531126754330421
22 0.5871648379757899
23 0.5282297496096472
24 0.4754931046708539
25 0.42824841781299117
26 0.38588023435896474
27 0.34785041399800853
28 0.3136868440360109
29 0.28297408777345895
30 0.2553455855532381
31 0.2304771105135433
32 0.2080812452679661
33 0.18790269482166058
34 0.16971428882123263
35 0.15331355551862696
36 0.13851977266771798
37 0.1251714184983098
38 0.11312396007038049
39 0.10224792756184721
40 0.09242723203631774
41 0.08355769146773766
42 0.07554573564486773
43 0.0683072653310625
44 0.061766644938985114
45 0.055855811170713594
46 0.05051348270807994
47 0.04568445822362477
48 0.04131899180425325
49 0.03737223640503799
50 0.03380374723347644
51 0.03057703804801718
52 0.02765918427358322
53 0.025020467619226515
54 0.0226340575517798
55 0.02047572555303574
56 0.018523588581830862
57 0.01675787858897905
58 0.01516073530262849
59 0.013716019822898006
60 0.012409146844703883
61 0.011226933572489474
62 0.010157463605101147
63 0.009189964257522451
0 10.41666666666668
1 8.643611064888834
2 7.2458011457822495
3 6.13022905810158
4 5.229283641151582
5 4.493404605784917
6 3.88593929889838
7 3.3795255541808884
8 2.9535354593613947
9 2.5922593602156607
10 2.2836084098394345
11 2.0181819349438044
12 1.7885926640079697
13 1.5889751353081927
14 1.4146249339508117
15 1.2617319061130483
16 1.1271812915923605
17 1.008404258375153
18 0.9032646143909885
19 0.8099721991411745
20 0.7270160953175545
21 0.6531126754330424
22 0.58716483797579
23 0.5282297496096462
24 0.47549310467085426
25 0.4282484178129911
26 0.3858802343589656
27 0.3478504139980094
28 0.31368684403601066
29 0.28297408777345895
30 0.2553455855532384
31 0.23047711051354328
32 0.20808124526796587
33 0.1879026948216604
34 0.16971428882123224
35 0.15331355551862744
36 0.138519772667718
37 0.12517141849831007
38 0.11312396007038043
39 0.10224792756184717
40 0.09242723203631795
41 0.08355769146773759
42 0.07554573564486775
43 0.06830726533106253
44 0.06176664493898513
45 0.055855811170713573
46 0.0505134827080798
47 0.04568445822362478
48 0.04131899180425329
49 0.03737223640503795
50 0.03380374723347638
51 0.030577038048017136
52 0.02765918427358322
53 0.02502046761922651
54 0.022634057551779843
55 0.02047572555303574
56 0.018523588581830848
57 0.016757878588979026
58 0.0151607353026285
59 0.01371601982289801
60 0.012409146844703877
61 0.011226933572489465
62 0.010157463605101131
63 0.009189964257522451
0 10.416666666666682
1 8.643611064888853
2 7.245801145782243
3 6.130229058101581
4 5.229283641151577
5 4.493404605784926
6 3.885939298898386
7 3.3795255541808835
8 2.95353545936139
9 2.592259360215664
10 2.283608409839433
11 2.018181934943802
12 1.7885926640079712
13 1.5889751353081876
14 1.414624933950809
15 1.2617319061130483
16 1.1271812915923596
17 1.008404258375155
18 0.9032646143909893
19 0.8099721991411754
20 0.7270160953175528
21 0.6531126754330423
22 0.5871648379757892
23 0.5282297496096469
24 0.47549310467085426
25 0.42824841781299056
26 0.3858802343589651
27 0.34785041399800926
28 0.3136868440360107
29 0.2829740877734587
30 0.25534558555323866
31 0.23047711051354336
32 0.20808124526796595
33 0.1879026948216605
34 0.1697142888212326
35 0.15331355551862727
36 0.13851977266771803
37 0.12517141849831007
38 0.11312396007038032
39 0.10224792756184727
40 0.09242723203631782
41 0.08355769146773775
42 0.07554573564486773
43 0.06830726533106248
44 0.06176664493898509
45 0.05585581117071349
46 0.050513482708079906
47 0.04568445822362487
48 0.04131899180425322
49 0.03737223640503799
50 0.03380374723347641
51 0.030577038048017164
52 0.027659184273583215
53 0.025020467619226494
54 0.02263405755177983
55 0.02047572555303573
56 0.018523588581830897
57 0.016757878588979043
58 0.015160735302628509
59 0.013716019822898008
60 0.012409146844703891
61 0.011226933572489464
62 0.01015746360510116
63 0.009189964257522457
0 10.416666666666673
1 8.643611064888843
2 7.2458011457822495
3 6.130229058101578
4 5.2292836411515795
5 4.493404605784919
6 3.8859392988983825
7 3.379525554180886
8 2.953535459361391
9 2.592259360215663
10 2.28360840983943
11 2.018181934943802
12 1.7885926640079692
13 1.5889751353081853
14 1.414624933950812
15 1.2617319061130452
16 1.1271812915923585
17 1.0084042583751536
18 0.9032646143909909
19 0.8099721991411745
20 0.7270160953175551
21 0.6531126754330429
22 0.58716483797579
23 0.5282297496096461
24 0.4754931046708531
25 0.428248417812991
26 0.38588023435896496
27 0.34785041399800926
28 0.31368684403601066
29 0.282974087773459
30 0.25534558555323855
31 0.23047711051354328
32 0.20808124526796593
33 0.18790269482166028
34 0.16971428882123238
35 0.15331355551862744
36 0.1385197726677181
37 0.12517141849830976
38 0.11312396007038035
39 0.10224792756184745
40 0.09242723203631786
41 0.08355769146773755
42 0.07554573564486772
43 0.06830726533106245
44 0.061766644938984976
45 0.05585581117071353
46 0.05051348270807994
47 0.0456844582236247
48 0.04131899180425317
49 0.03737223640503798
50 0.03380374723347646
51 0.0305770380480172
52 0.02765918427358319
53 0.02502046761922653
54 0.022634057551779847
55 0.020475725553035735
56 0.01852358858183088
57 0.016757878588979043
58 0.015160735302628525
59 0.01371601982289802
60 0.01240914684470388
61 0.01122693357248946
62 0.010157463605101107
63 0.009189964257522464
0 10.416666666666673
1 8.643611064888841
2 7.245801145782233
3 6.130229058101575
4 5.229283641151564
5 4.49340460578492
6 3.8859392988983816
7 3.379525554180893
8 2.953535459361391
9 2.592259360215663
10 2.283608409839432
11 2.0181819349438035
12 1.7885926640079717
13 1.5889751353081865
14 1.4146249339508097
15 1.2617319061130436
16 1.1271812915923594
17 1.0084042583751531
18 0.9032646143909915
19 0.8099721991411756
20 0.7270160953175548
21 0.6531126754330422
22 0.5871648379757904
23 0.5282297496096455
24 0.47549310467085404
25 0.4282484178129914
26 0.38588023435896446
27 0.3478504139980091
28 0.3136868440360106
29 0.2829740877734587
30 0.25534558555323816
31 0.23047711051354258
32 0.20808124526796615
33 0.1879026948216603
34 0.1697142888212325
35 0.1533135555186273
36 0.13851977266771792
37 0.12517141849831
38 0.11312396007038031
39 0.10224792756184722
40 0.0924272320363178
41 0.08355769146773748
42 0.07554573564486773
43 0.06830726533106248
44 0.061766644938985184
45 0.05585581117071347
46 0.05051348270807997
47 0.04568445822362477
48 0.041318991804253184
49 0.03737223640503797
50 0.03380374723347641
51 0.030577038048017174
52 0.027659184273583194
53 0.025020467619226563
54 0.022634057551779836
55 0.020475725553035746
56 0.01852358858183089
57 0.016757878588979026
58 0.015160735302628509
59 0.013716019822898027
60 0.012409146844703862
61 0.011226933572489465
62 0.010157463605101136
63 0.009189964257522443
0 10.416666666666664
1 8.64361106488884
2 7.245801145782244
3 6.130229058101569
4 5.229283641151573
5 4.49340460578492
6 3.8859392988983825
7 3.3795255541808853
8 2.953535459361392
9 2.592259360215664
10 2.283608409839432
11 2.0181819349438
12 1.78859266400797
13 1.5889751353081896
14 1.4146249339508106
15 1.2617319061130459
16 1.1271812915923596
17 1.0084042583751565
18 0.903264614390989
19 0.8099721991411744
20 0.7270160953175534
21 0.6531126754330415
22 0.5871648379757906
23 0.5282297496096462
24 0.47549310467085326
25 0.42824841781299056
26 0.3858802343589647
27 0.3478504139980093
28 0.3136868440360111
29 0.28297408777345895
30 0.2553455855532385
31 0.23047711051354294
32 0.20808124526796573
33 0.18790269482166014
34 0.16971428882123238
35 0.15331355551862721
36 0.13851977266771767
37 0.12517141849830984
38 0.11312396007038035
39 0.10224792756184706
40 0.09242723203631785
41 0.08355769146773775
42 0.07554573564486775
43 0.06830726533106252
44 0.06176664493898504
45 0.05585581117071355
46 0.050513482708079906
47 0.04568445822362485
48 0.04131899180425322
49 0.03737223640503791
50 0.03380374723347636
51 0.030577038048017185
52 0.027659184273583208
53 0.02502046761922652
54 0.022634057551779874
55 0.02047572555303575
56 0.01852358858183087
57 0.01675787858897904
58 0.01516073530262851
59 0.013716019822898013
60 0.012409146844703872
61 0.011226933572489462
62 0.010157463605101166
63 0.009189964257522464
0 10.416666666666666
1 8.64361106488884
2 7.245801145782235
3 6.130229058101573
4 5.229283641151573
5 4.493404605784928
6 3.88593929889838
7 3.3795255541808893
8 2.953535459361393
9 2.5922593602156625
10 2.2836084098394354
11 2.0181819349438004
12 1.7885926640079732
13 1.5889751353081905
14 1.4146249339508095
15 1.2617319061130456
16 1.1271812915923614
17 1.0084042583751518
18 0.90326461439099
19 0.8099721991411747
20 0.7270160953175543
21 0.6531126754330431
22 0.5871648379757896
23 0.5282297496096457
24 0.4754931046708544
25 0.4282484178129901
26 0.38588023435896485
27 0.3478504139980093
28 0.3136868440360109
29 0.2829740877734586
30 0.2553455855532386
31 0.23047711051354308
32 0.2080812452679656
33 0.1879026948216604
34 0.1697142888212326
35 0.15331355551862733
36 0.13851977266771828
37 0.12517141849830993
38 0.11312396007038036
39 0.1022479275618471
40 0.09242723203631793
41 0.08355769146773774
42 0.07554573564486758
43 0.06830726533106249
44 0.061766644938985094
45 0.05585581117071354
46 0.050513482708079864
47 0.04568445822362479
48 0.04131899180425321
49 0.037372236405037916
50 0.03380374723347635
51 0.030577038048017213
52 0.027659184273583208
53 0.02502046761922653
54 0.022634057551779843
55 0.02047572555303573
56 0.018523588581830855
57 0.016757878588979033
58 0.015160735302628521
59 0.013716019822898029
60 0.012409146844703862
61 0.011226933572489472
62 0.010157463605101159
63 0.009189964257522469
0 10.416666666666679
1 8.64361106488884
2 7.245801145782241
3 6.13022905810158
4 5.229283641151578
5 4.493404605784925
6 3.8859392988983834
7 3.379525554180893
8 2.953535459361388
9 2.592259360215665
10 2.283608409839435
11 2.0181819349438013
12 1.7885926640079717
13 1.588975135308189
14 1.4146249339508117
15 1.2617319061130448
16 1.1271812915923607
17 1.0084042583751538
18 0.9032646143909899
19 0.8099721991411735
20 0.7270160953175552
21 0.6531126754330423
22 0.58716483797579
23 0.528229749609647
24 0.47549310467085465
25 0.4282484178129905
26 0.3858802343589652
27 0.3478504139980096
28 0.3136868440360106
29 0.2829740877734581
30 0.2553455855532382
31 0.23047711051354297
32 0.20808124526796554
33 0.1879026948216604
34 0.16971428882123266
35 0.1533135555186272
36 0.13851977266771823
37 0.12517141849830993
38 0.11312396007038056
39 0.1022479275618472
40 0.0924272320363178
41 0.08355769146773757
42 0.0755457356448677
43 0.06830726533106245
44 0.0617666449389852
45 0.05585581117071353
46 0.050513482708079975
47 0.04568445822362476
48 0.041318991804253254
49 0.03737223640503797
50 0.0338037472334764
51 0.030577038048017206
52 0.027659184273583257
53 0.02502046761922644
54 0.02263405755177985
55 0.02047572555303574
56 0.01852358858183086
57 0.016757878588979043
58 0.015160735302628521
59 0.013716019822898004
60 0.012409146844703876
61 0.01122693357248946
62 0.010157463605101147
63 0.00918996425752247
0 10.416666666666648
1 8.643611064888823
2 7.2458011457822495
3 6.130229058101563
4 5.229283641151572
5 4.49340460578492
6 3.885939298898389
7 3.379525554180892
8 2.9535354593613947
9 2.5922593602156607
10 2.2836084098394402
11 2.0181819349438035
12 1.7885926640079717
13 1.5889751353081891
14 1.4146249339508101
15 1.261731906113046
16 1.1271812915923607
17 1.0084042583751531
18 0.9032646143909889
19 0.8099721991411758
20 0.7270160953175545
21 0.6531126754330432
22 0.5871648379757897
23 0.5282297496096467
24 0.47549310467085315
25 0.4282484178129911
26 0.3858802343589645
27 0.3478504139980088
28 0.3136868440360107
29 0.28297408777345845
30 0.2553455855532382
31 0.23047711051354308
32 0.208081245267966
33 0.1879026948216604
34 0.16971428882123246
35 0.15331355551862746
36 0.13851977266771798
37 0.1251714184983099
38 0.11312396007038034
39 0.1022479275618473
40 0.0924272320363178
41 0.0835576914677378
42 0.07554573564486768
43 0.06830726533106242
44 0.06176664493898521
45 0.05585581117071347
46 0.05051348270807997
47 0.04568445822362487
48 0.041318991804253205
49 0.03737223640503795
50 0.03380374723347639
51 0.030577038048017254
52 0.02765918427358321
53 0.025020467619226508
54 0.0226340575517798
55 0.02047572555303578
56 0.018523588581830862
57 0.016757878588979036
58 0.015160735302628498
59 0.013716019822898023
60 0.01240914684470388
61 0.011226933572489474
62 0.010157463605101136
63 0.009189964257522455
0 10.416666666666659
1 8.643611064888828
2 7.2458011457822495
3 6.130229058101578
4 5.22928364115158
5 4.49340460578493
6 3.8859392988983816
7 3.379525554180891
8 2.9535354593613907
9 2.5922593602156603
10 2.2836084098394296
11 2.0181819349437995
12 1.7885926640079688
13 1.5889751353081896
14 1.41462493395081
15 1.2617319061130485
16 1.1271812915923622
17 1.0084042583751545
18 0.9032646143909903
19 0.8099721991411765
20 0.7270160953175543
21 0.6531126754330422
22 0.5871648379757892
23 0.5282297496096462
24 0.47549310467085437
25 0.4282484178129907
26 0.38588023435896474
27 0.34785041399800914
28 0.31368684403601066
29 0.282974087773459
30 0.2553455855532381
31 0.23047711051354305
32 0.20808124526796593
33 0.18790269482166005
34 0.16971428882123274
35 0.15331355551862716
36 0.13851977266771812
37 0.12517141849830982
38 0.11312396007038042
39 0.1022479275618471
40 0.09242723203631782
41 0.08355769146773773
42 0.0755457356448678
43 0.06830726533106245
44 0.0617666449389851
45 0.05585581117071354
46 0.050513482708079885
47 0.04568445822362486
48 0.041318991804253226
49 0.03737223640503798
50 0.033803747233476386
51 0.030577038048017185
52 0.027659184273583198
53 0.025020467619226498
54 0.02263405755177988
55 0.020475725553035732
56 0.01852358858183086
57 0.016757878588979046
58 0.015160735302628488
59 0.013716019822898044
60 0.012409146844703867
61 0.011226933572489469
62 0.010157463605101143
63 0.009189964257522455
0 10.41666666666666
1 8.643611064888823
2 7.245801145782247
3 6.130229058101566
4 5.229283641151571
5 4.4934046057849235
6 3.885939298898379
7 3.3795255541808906
8 2.953535459361392
9 2.5922593602156603
10 2.283608409839435
11 2.018181934943803
12 1.7885926640079697
13 1.5889751353081891
14 1.4146249339508117
15 1.2617319061130452
16 1.1271812915923605
17 1.0084042583751531
18 0.9032646143909909
19 0.8099721991411768
20 0.7270160953175545
21 0.6531126754330417
22 0.5871648379757899
23 0.5282297496096473
24 0.47549310467085326
25 0.4282484178129907
26 0.3858802343589639
27 0.3478504139980092
28 0.31368684403601016
29 0.2829740877734583
30 0.25534558555323844
31 0.230477110513543
32 0.208081245267966
33 0.18790269482166028
34 0.16971428882123235
35 0.15331355551862702
36 0.13851977266771787
37 0.1251714184983097
38 0.11312396007038046
39 0.10224792756184727
40 0.09242723203631766
41 0.08355769146773775
42 0.07554573564486766
43 0.06830726533106249
44 0.06176664493898506
45 0.05585581117071351
46 0.05051348270807978
47 0.0456844582236248
48 0.04131899180425319
49 0.037372236405038
50 0.03380374723347648
51 0.030577038048017157
52 0.027659184273583215
53 0.025020467619226557
54 0.02263405755177987
55 0.0204757255530357
56 0.018523588581830893
57 0.016757878588979053
58 0.01516073530262851
59 0.01371601982289802
60 0.012409146844703877
61 0.011226933572489477
62 0.010157463605101127
63 0.009189964257522476
0 10.416666666666663
1 8.643611064888827
2 7.245801145782241
3 6.130229058101583
4 5.229283641151581
5 4.49340460578492
6 3.8859392988983816
7 3.379525554180894
8 2.953535459361392
9 2.5922593602156563
10 2.2836084098394314
11 2.0181819349438004
12 1.7885926640079706
13 1.5889751353081902
14 1.4146249339508097
15 1.2617319061130468
16 1.1271812915923605
17 1.008404258375154
18 0.9032646143909892
19 0.8099721991411762
20 0.7270160953175545
21 0.6531126754330415
22 0.5871648379757892
23 0.5282297496096459
24 0.47549310467085426
25 0.428248417812991
26 0.38588023435896457
27 0.3478504139980092
28 0.3136868440360112
29 0.2829740877734586
30 0.2553455855532386
31 0.23047711051354297
32 0.20808124526796545
33 0.18790269482166008
34 0.16971428882123263
35 0.15331355551862724
36 0.13851977266771776
37 0.12517141849830968
38 0.1131239600703801
39 0.10224792756184717
40 0.09242723203631797
41 0.08355769146773769
42 0.07554573564486765
43 0.06830726533106253
44 0.06176664493898514
45 0.055855811170713594
46 0.050513482708079885
47 0.04568445822362482
48 0.04131899180425328
49 0.037372236405037895
50 0.03380374723347645
51 0.030577038048017206
52 0.0276591842735832
53 0.025020467619226484
54 0.022634057551779822
55 0.020475725553035718
56 0.01852358858183087
57 0.016757878588979064
58 0.015160735302628525
59 0.013716019822898027
60 0.012409146844703896
61 0.011226933572489472
62 0.010157463605101131
63 0.00918996425752245
0 10.416666666666673
1 8.643611064888812
2 7.245801145782249
3 6.130229058101578
4 5.2292836411515715
5 4.4934046057849235
6 3.8859392988983843
7 3.379525554180896
8 2.953535459361392
9 2.5922593602156656
10 2.28360840983943
11 2.018181934943804
12 1.7885926640079712
13 1.5889751353081878
14 1.4146249339508086
15 1.261731906113048
16 1.1271812915923576
17 1.0084042583751534
18 0.903264614390991
19 0.8099721991411748
20 0.7270160953175548
21 0.6531126754330416
22 0.5871648379757899
23 0.5282297496096469
24 0.47549310467085326
25 0.4282484178129898
26 0.38588023435896535
27 0.34785041399800964
28 0.3136868440360107
29 0.282974087773459
30 0.25534558555323833
31 0.23047711051354342
32 0.20808124526796629
33 0.18790269482166055
34 0.16971428882123243
35 0.15331355551862744
36 0.13851977266771784
37 0.12517141849830973
38 0.11312396007038035
39 0.10224792756184732
40 0.09242723203631774
41 0.08355769146773788
42 0.07554573564486773
43 0.06830726533106267
44 0.061766644938985045
45 0.055855811170713573
46 0.05051348270807992
47 0.045684458223624796
48 0.0413189918042532
49 0.03737223640503794
50 0.03380374723347649
51 0.030577038048017192
52 0.027659184273583225
53 0.025020467619226508
54 0.02263405755177981
55 0.020475725553035715
56 0.01852358858183092
57 0.016757878588979057
58 0.015160735302628514
59 0.01371601982289804
60 0.012409146844703869
61 0.011226933572489467
62 0.010157463605101133
63 0.00918996425752247
0 10.416666666666671
1 8.643611064888836
2 7.2458011457822415
3 6.130229058101567
4 5.229283641151573
5 4.493404605784917
6 3.8859392988983816
7 3.3795255541808897
8 2.9535354593613885
9 2.5922593602156616
10 2.283608409839432
11 2.0181819349438026
12 1.788592664007972
13 1.5889751353081896
14 1.4146249339508121
15 1.261731906113046
16 1.1271812915923578
17 1.0084042583751545
18 0.903264614390991
19 0.809972199141177
20 0.7270160953175551
21 0.6531126754330427
22 0.5871648379757898
23 0.5282297496096472
24 0.4754931046708544
25 0.4282484178129914
26 0.3858802343589648
27 0.3478504139980094
28 0.3136868440360106
29 0.2829740877734583
30 0.25534558555323844
31 0.23047711051354322
32 0.20808124526796606
33 0.18790269482166058
34 0.1697142888212325
35 0.15331355551862727
36 0.1385197726677181
37 0.1251714184983097
38 0.11312396007038013
39 0.10224792756184725
40 0.09242723203631778
41 0.08355769146773753
42 0.07554573564486765
43 0.06830726533106248
44 0.06176664493898507
45 0.05585581117071361
46 0.05051348270807988
47 0.045684458223624685
48 0.04131899180425329
49 0.03737223640503796
50 0.033803747233476365
51 0.030577038048017192
52 0.027659184273583305
53 0.025020467619226463
54 0.022634057551779864
55 0.02047572555303576
56 0.01852358858183088
57 0.016757878588979043
58 0.015160735302628485
59 0.013716019822898039
60 0.012409146844703869
61 0.011226933572489444
62 0.010157463605101159
63 0.009189964257522455
0 10.416666666666671
1 8.64361106488883
2 7.245801145782245
3 6.130229058101563
4 5.22928364115157
5 4.49340460578492
6 3.88593929889838
7 3.3795255541808884
8 2.9535354593613885
9 2.592259360215661
10 2.2836084098394345
11 2.018181934943802
12 1.7885926640079697
13 1.5889751353081905
14 1.4146249339508077
15 1.261731906113046
16 1.1271812915923587
17 1.0084042583751547
18 0.9032646143909907
19 0.8099721991411745
20 0.7270160953175543
21 0.6531126754330414
22 0.5871648379757898
23 0.5282297496096469
24 0.4754931046708537
25 0.42824841781299117
26 0.38588023435896546
27 0.347850413998009
28 0.3136868440360106
29 0.2829740877734584
30 0.2553455855532385
31 0.2304771105135433
32 0.20808124526796581
33 0.1879026948216605
34 0.16971428882123255
35 0.15331355551862702
36 0.13851977266771814
37 0.12517141849830976
38 0.11312396007038028
39 0.10224792756184709
40 0.09242723203631786
41 0.08355769146773774
42 0.0755457356448677
43 0.06830726533106267
44 0.06176664493898513
45 0.05585581117071356
46 0.05051348270807999
47 0.04568445822362485
48 0.041318991804253205
49 0.037372236405037916
50 0.03380374723347641
51 0.030577038048017178
52 0.027659184273583205
53 0.025020467619226515
54 0.022634057551779864
55 0.020475725553035725
56 0.018523588581830886
57 0.01675787858897904
58 0.015160735302628486
59 0.013716019822898011
60 0.01240914684470388
61 0.011226933572489464
62 0.010157463605101131
63 0.009189964257522453
0 10.416666666666673
1 8.64361106488883
2 7.245801145782257
3 6.13022905810158
4 5.22928364115157
5 4.49340460578492
6 3.8859392988983794
7 3.379525554180886
8 2.953535459361397
9 2.5922593602156616
10 2.283608409839438
11 2.018181934943803
12 1.788592664007974
13 1.5889751353081873
14 1.41462493395081
15 1.2617319061130474
16 1.1271812915923596
17 1.008404258375152
18 0.90326461439099
19 0.8099721991411746
20 0.7270160953175552
21 0.6531126754330423
22 0.5871648379757912
23 0.5282297496096452
24 0.47549310467085343
25 0.4282484178129913
26 0.38588023435896474
27 0.34785041399800853
28 0.3136868440360107
29 0.2829740877734588
30 0.25534558555323833
31 0.23047711051354303
32 0.20808124526796554
33 0.18790269482166033
34 0.1697142888212324
35 0.1533135555186274
36 0.13851977266771812
37 0.1251714184983099
38 0.11312396007038056
39 0.10224792756184709
40 0.09242723203631777
41 0.08355769146773782
42 0.07554573564486772
43 0.06830726533106252
44 0.061766644938985114
45 0.05585581117071349
46 0.05051348270807977
47 0.04568445822362484
48 0.04131899180425322
49 0.03737223640503798
50 0.03380374723347644
51 0.030577038048017254
52 0.02765918427358327
53 0.02502046761922653
54 0.022634057551779854
55 0.020475725553035687
56 0.018523588581830865
57 0.016757878588979088
58 0.0151607353026285
59 0.01371601982289802
60 0.012409146844703843
61 0.011226933572489462
62 0.010157463605101152
63 0.00918996425752244
0 10.416666666666671
1 8.643611064888836
2 7.245801145782255
3 6.1302290581015715
4 5.229283641151573
5 4.49340460578492
6 3.885939298898379
7 3.379525554180893
8 2.9535354593613916
9 2.59225936021566
10 2.2836084098394314
11 2.0181819349437995
12 1.7885926640079706
13 1.5889751353081913
14 1.41462493395081
15 1.2617319061130472
16 1.12718129159236
17 1.0084042583751531
18 0.90326461439099
19 0.8099721991411758
20 0.7270160953175551
21 0.6531126754330436
22 0.5871648379757903
23 0.5282297496096472
24 0.4754931046708531
25 0.4282484178129906
26 0.38588023435896496
27 0.34785041399800914
28 0.3136868440360107
29 0.2829740877734587
30 0.2553455855532385
31 0.23047711051354322
32 0.20808124526796556
33 0.1879026948216603
34 0.16971428882123266
35 0.1533135555186274
36 0.1385197726677181
37 0.1251714184983097
38 0.11312396007038043
39 0.10224792756184709
40 0.09242723203631795
41 0.08355769146773771
42 0.07554573564486775
43 0.0683072653310626
44 0.061766644938985184
45 0.05585581117071356
46 0.05051348270807985
47 0.04568445822362484
48 0.041318991804253274
49 0.03737223640503801
50 0.03380374723347641
51 0.030577038048017178
52 0.027659184273583312
53 0.025020467619226567
54 0.022634057551779847
55 0.02047572555303575
56 0.018523588581830897
57 0.01675787858897906
58 0.015160735302628497
59 0.013716019822898015
60 0.012409146844703869
61 0.011226933572489448
62 0.010157463605101143
63 0.009189964257522448
0 10.416666666666655
1 8.643611064888843
2 7.24580114578224
3 6.130229058101575
4 5.229283641151574
5 4.493404605784916
6 3.8859392988983825
7 3.379525554180887
8 2.9535354593613885
9 2.5922593602156594
10 2.2836084098394354
11 2.018181934943799
12 1.7885926640079712
13 1.588975135308186
14 1.4146249339508083
15 1.2617319061130485
16 1.1271812915923594
17 1.0084042583751522
18 0.9032646143909903
19 0.8099721991411758
20 0.7270160953175551
21 0.6531126754330424
22 0.5871648379757897
23 0.5282297496096462
24 0.47549310467085437
25 0.4282484178129906
26 0.3858802343589645
27 0.3478504139980086
28 0.31368684403601066
29 0.28297408777345956
30 0.2553455855532384
31 0.2304771105135433
32 0.20808124526796587
33 0.1879026948216604
34 0.16971428882123252
35 0.15331355551862758
36 0.13851977266771806
37 0.12517141849830984
38 0.11312396007038042
39 0.10224792756184715
40 0.0924272320363179
41 0.08355769146773785
42 0.07554573564486762
43 0.06830726533106234
44 0.061766644938985184
45 0.05585581117071353
46 0.05051348270807982
47 0.04568445822362481
48 0.04131899180425325
49 0.03737223640503799
50 0.03380374723347646
51 0.03057703804801722
52 0.02765918427358321
53 0.025020467619226494
54 0.02263405755177987
55 0.020475725553035725
56 0.01852358858183086
57 0.016757878588979053
58 0.01516073530262849
59 0.013716019822898039
60 0.01240914684470387
61 0.011226933572489474
62 0.01015746360510114
63 0.009189964257522465
0 10.416666666666671
1 8.643611064888837
2 7.245801145782243
3 6.130229058101569
4 5.229283641151569
5 4.49340460578492
6 3.8859392988983776
7 3.379525554180891
8 2.9535354593613947
9 2.5922593602156567
10 2.283608409839435
11 2.018181934943803
12 1.7885926640079701
13 1.5889751353081876
14 1.414624933950809
15 1.261731906113047
16 1.1271812915923602
17 1.0084042583751542
18 0.9032646143909864
19 0.8099721991411762
20 0.7270160953175543
21 0.6531126754330424
22 0.5871648379757891
23 0.5282297496096456
24 0.4754931046708536
25 0.4282484178129911
26 0.385880234358965
27 0.34785041399800887
28 0.31368684403601044
29 0.28297408777345884
30 0.25534558555323855
31 0.23047711051354303
32 0.20808124526796573
33 0.18790269482166028
34 0.1697142888212324
35 0.1533135555186275
36 0.13851977266771806
37 0.12517141849830976
38 0.11312396007038031
39 0.10224792756184727
40 0.09242723203631771
41 0.08355769146773782
42 0.07554573564486781
43 0.06830726533106242
44 0.0617666449389851
45 0.05585581117071355
46 0.05051348270807997
47 0.04568445822362479
48 0.041318991804253254
49 0.03737223640503801
50 0.033803747233476365
51 0.030577038048017154
52 0.027659184273583222
53 0.02502046761922651
54 0.022634057551779854
55 0.020475725553035704
56 0.018523588581830834
57 0.01675787858897903
58 0.015160735302628525
59 0.013716019822898001
60 0.012409146844703886
61 0.011226933572489472
62 0.010157463605101159
63 0.009189964257522469
0 10.41666666666665
1 8.643611064888814
2 7.245801145782247
3 6.130229058101573
4 5.229283641151578
5 4.493404605784926
6 3.8859392988983785
7 3.379525554180889
8 2.9535354593613974
9 2.5922593602156585
10 2.283608409839434
11 2.0181819349438004
12 1.7885926640079743
13 1.588975135308188
14 1.414624933950812
15 1.2617319061130448
16 1.1271812915923578
17 1.0084042583751525
18 0.9032646143909897
19 0.8099721991411744
20 0.7270160953175552
21 0.6531126754330434
22 0.5871648379757907
23 0.5282297496096456
24 0.47549310467085376
25 0.4282484178129903
26 0.38588023435896474
27 0.3478504139980088
28 0.3136868440360106
29 0.2829740877734586
30 0.2553455855532384
31 0.23047711051354303
32 0.2080812452679656
33 0.18790269482166042
34 0.16971428882123246
35 0.15331355551862727
36 0.1385197726677178
37 0.1251714184983098
38 0.11312396007038027
39 0.1022479275618473
40 0.09242723203631778
41 0.08355769146773769
42 0.07554573564486765
43 0.0683072653310625
44 0.061766644938985156
45 0.05585581117071352
46 0.050513482708079906
47 0.04568445822362484
48 0.041318991804253205
49 0.03737223640503797
50 0.03380374723347636
51 0.030577038048017174
52 0.027659184273583232
53 0.025020467619226487
54 0.022634057551779854
55 0.020475725553035732
56 0.01852358858183089
57 0.016757878588979053
58 0.015160735302628518
59 0.013716019822898006
60 0.012409146844703902
61 0.011226933572489474
62 0.01015746360510114
63 0.009189964257522451
0 10.416666666666668
1 8.643611064888834
2 7.245801145782253
3 6.1302290581015635
4 5.229283641151567
5 4.493404605784929
6 3.885939298898379
7 3.379525554180887
8 2.953535459361391
9 2.592259360215664
10 2.28360840983943
11 2.018181934943796
12 1.7885926640079692
13 1.5889751353081891
14 1.4146249339508097
15 1.261731906113045
16 1.1271812915923585
17 1.0084042583751553
18 0.9032646143909903
19 0.8099721991411765
20 0.7270160953175548
21 0.6531126754330429
22 0.5871648379757902
23 0.5282297496096462
24 0.47549310467085415
25 0.428248417812991
26 0.38588023435896535
27 0.3478504139980096
28 0.313686844036011
29 0.28297408777345895
30 0.2553455855532388
31 0.23047711051354308
32 0.20808124526796581
33 0.1879026948216604
34 0.16971428882123263
35 0.15331355551862724
36 0.138519772667718
37 0.12517141849830998
38 0.11312396007038023
39 0.1022479275618472
40 0.09242723203631777
41 0.08355769146773775
42 0.0755457356448677
43 0.06830726533106246
44 0.061766644938985114
45 0.05585581117071352
46 0.050513482708079864
47 0.04568445822362482
48 0.04131899180425328
49 0.03737223640503793
50 0.03380374723347643
51 0.030577038048017233
52 0.02765918427358325
53 0.025020467619226508
54 0.02263405755177983
55 0.020475725553035704
56 0.018523588581830876
57 0.016757878588979057
58 0.015160735302628495
59 0.01371601982289802
60 0.012409146844703883
61 0.01122693357248946
62 0.010157463605101124
63 0.009189964257522434
0 10.416666666666666
1 8.643611064888823
2 7.245801145782243
3 6.130229058101575
4 5.229283641151578
5 4.493404605784919
6 3.885939298898376
7 3.3795255541808884
8 2.953535459361387
9 2.5922593602156656
10 2.28360840983943
11 2.0181819349437973
12 1.788592664007972
13 1.5889751353081887
14 1.414624933950809
15 1.2617319061130436
16 1.127181291592359
17 1.0084042583751525
18 0.9032646143909897
19 0.8099721991411768
20 0.7270160953175542
21 0.6531126754330419
22 0.5871648379757892
23 0.5282297496096462
24 0.47549310467085404
25 0.42824841781299006
26 0.38588023435896496
27 0.34785041399800803
28 0.3136868440360105
29 0.2829740877734588
30 0.2553455855532391
31 0.2304771105135431
32 0.20808124526796581
33 0.1879026948216601
34 0.1697142888212326
35 0.15331355551862696
36 0.13851977266771812
37 0.12517141849830965
38 0.11312396007038036
39 0.10224792756184709
40 0.09242723203631774
41 0.08355769146773773
42 0.07554573564486781
43 0.06830726533106243
44 0.06176664493898503
45 0.055855811170713594
46 0.050513482708079864
47 0.045684458223624734
48 0.04131899180425325
49 0.037372236405037874
50 0.03380374723347638
51 0.03057703804801722
52 0.027659184273583246
53 0.02502046761922651
54 0.022634057551779864
55 0.02047572555303576
56 0.018523588581830886
57 0.016757878588979043
58 0.015160735302628521
59 0.013716019822897994
60 0.012409146844703858
61 0.011226933572489472
62 0.010157463605101141
63 0.009189964257522448
0 10.41666666666666
1 8.643611064888834
2 7.245801145782228
3 6.130229058101579
4 5.229283641151572
5 4.493404605784921
6 3.885939298898376
7 3.379525554180893
8 2.9535354593613974
9 2.59225936021566
10 2.2836084098394296
11 2.0181819349437986
12 1.7885926640079677
13 1.5889751353081896
14 1.4146249339508101
15 1.2617319061130485
16 1.1271812915923605
17 1.0084042583751531
18 0.9032646143909903
19 0.8099721991411756
20 0.727016095317554
21 0.6531126754330429
22 0.5871648379757894
23 0.528229749609646
24 0.47549310467085404
25 0.42824841781299045
26 0.38588023435896474
27 0.3478504139980088
28 0.3136868440360108
29 0.2829740877734592
30 0.255345585553238
31 0.23047711051354322
32 0.20808124526796606
33 0.1879026948216605
34 0.16971428882123224
35 0.15331355551862713
36 0.13851977266771806
37 0.12517141849830973
38 0.11312396007038046
39 0.102247927561847
40 0.09242723203631789
41 0.08355769146773775
42 0.07554573564486769
43 0.06830726533106259
44 0.06176664493898509
45 0.055855811170713573
46 0.050513482708079885
47 0.04568445822362478
48 0.041318991804253254
49 0.03737223640503798
50 0.03380374723347645
51 0.030577038048017185
52 0.027659184273583264
53 0.025020467619226494
54 0.02263405755177981
55 0.020475725553035725
56 0.018523588581830897
57 0.016757878588979033
58 0.015160735302628509
59 0.013716019822898015
60 0.012409146844703869
61 0.011226933572489464
62 0.010157463605101145
63 0.009189964257522465
0 10.416666666666666
1 8.64361106488883
2 7.245801145782259
3 6.1302290581015715
4 5.2292836411515715
5 4.493404605784937
6 3.8859392988983763
7 3.379525554180893
8 2.95353545936139
9 2.59225936021566
10 2.2836084098394336
11 2.0181819349438053
12 1.78859266400797
13 1.5889751353081916
14 1.4146249339508086
15 1.2617319061130443
16 1.1271812915923587
17 1.0084042583751545
18 0.9032646143909894
19 0.8099721991411754
20 0.7270160953175543
21 0.6531126754330417
22 0.5871648379757903
23 0.5282297496096461
24 0.4754931046708544
25 0.4282484178129908
26 0.3858802343589651
27 0.3478504139980089
28 0.3136868440360108
29 0.28297408777345834
30 0.25534558555323866
31 0.23047711051354267
32 0.20808124526796573
33 0.1879026948216601
34 0.16971428882123274
35 0.15331355551862758
36 0.1385197726677181
37 0.12517141849830976
38 0.11312396007038034
39 0.10224792756184718
40 0.09242723203631753
41 0.08355769146773773
42 0.0755457356448677
43 0.06830726533106252
44 0.06176664493898505
45 0.05585581117071362
46 0.050513482708079885
47 0.04568445822362483
48 0.041318991804253205
49 0.03737223640503796
50 0.03380374723347642
51 0.030577038048017254
52 0.02765918427358324
53 0.02502046761922652
54 0.022634057551779847
55 0.020475725553035725
56 0.01852358858183087
57 0.016757878588979046
58 0.01516073530262851
59 0.013716019822898039
60 0.012409146844703883
61 0.011226933572489477
62 0.01015746360510116
63 0.009189964257522443
0 10.416666666666648
1 8.64361106488884
2 7.245801145782242
3 6.130229058101573
4 5.229283641151576
5 4.493404605784925
6 3.8859392988983807
7 3.379525554180893
8 2.9535354593613934
9 2.5922593602156625
10 2.283608409839431
11 2.0181819349437986
12 1.7885926640079697
13 1.5889751353081898
14 1.41462493395081
15 1.261731906113046
16 1.1271812915923602
17 1.0084042583751531
18 0.903264614390989
19 0.8099721991411756
20 0.7270160953175545
21 0.6531126754330419
22 0.5871648379757899
23 0.5282297496096462
24 0.47549310467085426
25 0.4282484178129907
26 0.3858802343589648
27 0.3478504139980089
28 0.3136868440360109
29 0.28297408777345917
30 0.2553455855532384
31 0.2304771105135431
32 0.20808124526796556
33 0.18790269482166047
34 0.16971428882123246
35 0.15331355551862727
36 0.1385197726677181
37 0.12517141849830982
38 0.11312396007038043
39 0.10224792756184727
40 0.09242723203631814
41 0.08355769146773782
42 0.07554573564486773
43 0.06830726533106259
44 0.06176664493898505
45 0.05585581117071362
46 0.0505134827080799
47 0.04568445822362478
48 0.04131899180425325
49 0.03737223640503798
50 0.0338037472334764
51 0.030577038048017206
52 0.027659184273583264
53 0.025020467619226498
54 0.022634057551779854
55 0.020475725553035763
56 0.018523588581830844
57 0.01675787858897905
58 0.015160735302628514
59 0.013716019822898017
60 0.01240914684470385
61 0.011226933572489474
62 0.010157463605101127
63 0.009189964257522464
0 10.416666666666679
1 8.643611064888836
2 7.245801145782261
3 6.130229058101569
4 5.229283641151572
5 4.493404605784921
6 3.8859392988983776
7 3.3795255541808875
8 2.953535459361391
9 2.5922593602156625
10 2.2836084098394336
11 2.0181819349438017
12 1.7885926640079683
13 1.5889751353081898
14 1.414624933950812
15 1.2617319061130434
16 1.1271812915923591
17 1.008404258375154
18 0.903264614390989
19 0.8099721991411761
20 0.7270160953175537
21 0.6531126754330433
22 0.5871648379757896
23 0.5282297496096465
24 0.47549310467085315
25 0.4282484178129908
26 0.38588023435896474
27 0.3478504139980087
28 0.3136868440360114
29 0.2829740877734587
30 0.25534558555323833
31 0.23047711051354294
32 0.2080812452679655
33 0.18790269482166014
34 0.1697142888212325
35 0.15331355551862713
36 0.1385197726677181
37 0.1251714184983098
38 0.11312396007038043
39 0.10224792756184722
40 0.09242723203631786
41 0.0835576914677378
42 0.07554573564486766
43 0.0683072653310624
44 0.06176664493898524
45 0.055855811170713594
46 0.05051348270807984
47 0.04568445822362482
48 0.041318991804253226
49 0.037372236405037965
50 0.03380374723347642
51 0.030577038048017147
52 0.027659184273583222
53 0.025020467619226525
54 0.022634057551779854
55 0.020475725553035732
56 0.01852358858183086
57 0.016757878588979046
58 0.015160735302628531
59 0.013716019822898011
60 0.012409146844703896
61 0.01122693357248948
62 0.010157463605101169
63 0.00918996425752246
0 10.416666666666666
1 8.643611064888827
2 7.245801145782231
3 6.130229058101579
4 5.229283641151576
5 4.493404605784921
6 3.88593929889838
7 3.3795255541808897
8 2.9535354593613885
9 2.5922593602156625
10 2.2836084098394345
11 2.0181819349438013
12 1.78859266400797
13 1.5889751353081902
14 1.4146249339508103
15 1.2617319061130479
16 1.1271812915923614
17 1.008404258375155
18 0.9032646143909894
19 0.8099721991411762
20 0.7270160953175537
21 0.6531126754330434
22 0.5871648379757899
23 0.5282297496096473
24 0.47549310467085415
25 0.4282484178129904
26 0.3858802343589655
27 0.3478504139980096
28 0.3136868440360105
29 0.2829740877734586
30 0.2553455855532385
31 0.23047711051354328
32 0.2080812452679656
33 0.1879026948216603
34 0.16971428882123255
35 0.1533135555186272
36 0.138519772667718
37 0.1251714184983098
38 0.1131239600703803
39 0.10224792756184722
40 0.09242723203631767
41 0.08355769146773756
42 0.07554573564486777
43 0.06830726533106259
44 0.061766644938985114
45 0.05585581117071355
46 0.0505134827080799
47 0.04568445822362481
48 0.04131899180425325
49 0.03737223640503793
50 0.03380374723347641
51 0.0305770380480172
52 0.027659184273583222
53 0.02502046761922653
54 0.022634057551779854
55 0.02047572555303575
56 0.0185235885818309
57 0.016757878588979053
58 0.01516073530262854
59 0.013716019822898008
60 0.012409146844703865
61 0.011226933572489474
62 0.010157463605101143
63 0.009189964257522458
0 10.416666666666679
1 8.643611064888827
2 7.245801145782253
3 6.130229058101569
4 5.229283641151572
5 4.493404605784925
6 3.885939298898379
7 3.379525554180894
8 2.9535354593613863
9 2.5922593602156634
10 2.2836084098394367
11 2.018181934943802
12 1.78859266400797
13 1.5889751353081882
14 1.414624933950811
15 1.2617319061130459
16 1.1271812915923607
17 1.0084042583751527
18 0.9032646143909889
19 0.8099721991411751
20 0.7270160953175543
21 0.6531126754330434
22 0.5871648379757899
23 0.5282297496096461
24 0.4754931046708538
25 0.42824841781299045
26 0.3858802343589653
27 0.34785041399800964
28 0.31368684403601094
29 0.2829740877734585
30 0.25534558555323844
31 0.23047711051354336
32 0.20808124526796568
33 0.1879026948216605
34 0.16971428882123285
35 0.15331355551862727
36 0.13851977266771776
37 0.12517141849830965
38 0.11312396007038043
39 0.1022479275618473
40 0.09242723203631786
41 0.08355769146773785
42 0.07554573564486766
43 0.06830726533106249
44 0.06176664493898508
45 0.05585581117071362
46 0.05051348270807983
47 0.0456844582236248
48 0.041318991804253184
49 0.03737223640503798
50 0.03380374723347641
51 0.030577038048017213
52 0.02765918427358322
53 0.02502046761922653
54 0.02263405755177986
55 0.020475725553035687
56 0.01852358858183088
57 0.01675787858897905
58 0.015160735302628525
59 0.013716019822898004
60 0.01240914684470388
61 0.011226933572489469
62 0.01015746360510114
63 0.00918996425752246
0 10.416666666666645
1 8.643611064888832
2 7.245801145782249
3 6.130229058101572
4 5.229283641151577
5 4.493404605784919
6 3.8859392988983767
7 3.3795255541808875
8 2.953535459361392
9 2.592259360215659
10 2.2836084098394367
11 2.0181819349438013
12 1.788592664007968
13 1.5889751353081858
14 1.4146249339508117
15 1.2617319061130452
16 1.1271812915923605
17 1.008404258375152
18 0.9032646143909903
19 0.8099721991411758
20 0.7270160953175538
21 0.6531126754330416
22 0.5871648379757903
23 0.5282297496096456
24 0.47549310467085354
25 0.4282484178129908
26 0.3858802343589646
27 0.34785041399800926
28 0.31368684403601116
29 0.2829740877734585
30 0.2553455855532388
31 0.2304771105135431
32 0.20808124526796593
33 0.1879026948216603
34 0.1697142888212325
35 0.15331355551862735
36 0.13851977266771812
37 0.1251714184983099
38 0.11312396007038036
39 0.10224792756184721
40 0.0924272320363179
41 0.08355769146773769
42 0.07554573564486787
43 0.06830726533106248
44 0.061766644938985225
45 0.055855811170713525
46 0.05051348270807992
47 0.0456844582236248
48 0.04131899180425322
49 0.03737223640503797
50 0.033803747233476344
51 0.030577038048017192
52 0.02765918427358325
53 0.02502046761922649
54 0.02263405755177986
55 0.02047572555303575
56 0.018523588581830893
57 0.01675787858897903
58 0.015160735302628507
59 0.013716019822898029
60 0.012409146844703876
61 0.011226933572489469
62 0.010157463605101145
63 0.009189964257522453
0 10.416666666666654
1 8.643611064888843
2 7.245801145782241
3 6.130229058101562
4 5.229283641151573
5 4.493404605784919
6 3.8859392988983807
7 3.379525554180896
8 2.953535459361389
9 2.5922593602156665
10 2.2836084098394376
11 2.0181819349438017
12 1.7885926640079677
13 1.5889751353081922
14 1.4146249339508112
15 1.261731906113046
16 1.1271812915923591
17 1.0084042583751531
18 0.9032646143909892
19 0.8099721991411754
20 0.7270160953175545
21 0.6531126754330439
22 0.5871648379757904
23 0.5282297496096459
24 0.47549310467085343
25 0.4282484178129907
26 0.3858802343589645
27 0.3478504139980094
28 0.31368684403601066
29 0.28297408777345884
30 0.2553455855532389
31 0.23047711051354294
32 0.20808124526796568
33 0.18790269482166025
34 0.1697142888212322
35 0.15331355551862716
36 0.1385197726677181
37 0.12517141849831
38 0.11312396007038039
39 0.10224792756184707
40 0.09242723203631786
41 0.0835576914677376
42 0.07554573564486768
43 0.0683072653310625
44 0.06176664493898525
45 0.05585581117071359
46 0.05051348270807984
47 0.04568445822362483
48 0.041318991804253254
49 0.037372236405038006
50 0.033803747233476476
51 0.030577038048017167
52 0.027659184273583225
53 0.025020467619226546
54 0.022634057551779812
55 0.02047572555303574
56 0.01852358858183089
57 0.016757878588979036
58 0.015160735302628514
59 0.01371601982289801
60 0.012409146844703877
61 0.011226933572489457
62 0.010157463605101141
63 0.00918996425752247
0 10.416666666666668
1 8.64361106488882
2 7.245801145782237
3 6.130229058101559
4 5.229283641151568
5 4.493404605784924
6 3.8859392988983816
7 3.379525554180895
8 2.953535459361388
9 2.592259360215667
10 2.283608409839435
11 2.0181819349437986
12 1.7885926640079692
13 1.5889751353081913
14 1.4146249339508106
15 1.261731906113044
16 1.1271812915923598
17 1.008404258375155
18 0.9032646143909886
19 0.8099721991411768
20 0.7270160953175547
21 0.6531126754330423
22 0.5871648379757893
23 0.5282297496096466
24 0.47549310467085465
25 0.42824841781299117
26 0.3858802343589644
27 0.34785041399800926
28 0.3136868440360108
29 0.2829740877734583
30 0.25534558555323894
31 0.23047711051354292
32 0.20808124526796593
33 0.18790269482166028
34 0.16971428882123266
35 0.15331355551862713
36 0.13851977266771792
37 0.12517141849830987
38 0.11312396007038039
39 0.10224792756184727
40 0.09242723203631781
41 0.08355769146773791
42 0.07554573564486773
43 0.06830726533106253
44 0.06176664493898513
45 0.05585581117071352
46 0.050513482708079885
47 0.04568445822362487
48 0.041318991804253205
49 0.03737223640503795
50 0.03380374723347643
51 0.030577038048017192
52 0.0276591842735832
53 0.025020467619226536
54 0.022634057551779864
55 0.020475725553035718
56 0.018523588581830848
57 0.01675787858897905
58 0.015160735302628514
59 0.013716019822898017
60 0.012409146844703858
61 0.011226933572489451
62 0.01015746360510115
63 0.009189964257522458
0 10.416666666666666
1 8.643611064888805
2 7.2458011457822495
3 6.130229058101566
4 5.229283641151571
5 4.493404605784921
6 3.885939298898379
7 3.3795255541808893
8 2.9535354593613885
9 2.5922593602156634
10 2.2836084098394283
11 2.0181819349438
12 1.7885926640079712
13 1.5889751353081853
14 1.414624933950808
15 1.261731906113044
16 1.1271812915923602
17 1.0084042583751527
18 0.9032646143909889
19 0.8099721991411756
20 0.7270160953175545
21 0.6531126754330422
22 0.5871648379757893
23 0.5282297496096464
24 0.47549310467085426
25 0.42824841781299033
26 0.3858802343589642
27 0.3478504139980097
28 0.3136868440360106
29 0.2829740877734588
30 0.25534558555323833
31 0.23047711051354322
32 0.2080812452679655
33 0.18790269482166058
34 0.1697142888212325
35 0.15331355551862735
36 0.13851977266771792
37 0.12517141849830976
38 0.11312396007038024
39 0.10224792756184714
40 0.09242723203631793
41 0.08355769146773777
42 0.07554573564486783
43 0.06830726533106245
44 0.061766644938985094
45 0.055855811170713573
46 0.05051348270807984
47 0.04568445822362478
48 0.041318991804253226
49 0.03737223640503795
50 0.033803747233476455
51 0.030577038048017206
52 0.02765918427358322
53 0.025020467619226508
54 0.022634057551779826
55 0.02047572555303571
56 0.018523588581830865
57 0.016757878588979067
58 0.015160735302628467
59 0.013716019822898032
60 0.012409146844703865
61 0.011226933572489483
62 0.010157463605101136
63 0.009189964257522443
0 10.416666666666645
1 8.643611064888848
2 7.245801145782237
3 6.130229058101571
4 5.229283641151562
5 4.4934046057849235
6 3.8859392988983825
7 3.379525554180886
8 2.953535459361387
9 2.5922593602156634
10 2.283608409839433
11 2.0181819349438004
12 1.7885926640079748
13 1.588975135308189
14 1.4146249339508097
15 1.2617319061130479
16 1.1271812915923618
17 1.0084042583751536
18 0.9032646143909894
19 0.8099721991411748
20 0.7270160953175544
21 0.6531126754330429
22 0.58716483797579
23 0.5282297496096453
24 0.4754931046708539
25 0.4282484178129906
26 0.38588023435896474
27 0.3478504139980087
28 0.3136868440360106
29 0.2829740877734584
30 0.2553455855532389
31 0.2304771105135433
32 0.2080812452679656
33 0.18790269482166017
34 0.16971428882123243
35 0.15331355551862694
36 0.13851977266771806
37 0.12517141849830993
38 0.11312396007038039
39 0.10224792756184714
40 0.09242723203631768
41 0.08355769146773785
42 0.07554573564486777
43 0.06830726533106261
44 0.061766644938985066
45 0.055855811170713525
46 0.05051348270807992
47 0.04568445822362487
48 0.04131899180425323
49 0.03737223640503793
50 0.03380374723347638
51 0.030577038048017192
52 0.027659184273583288
53 0.025020467619226525
54 0.022634057551779833
55 0.02047572555303575
56 0.01852358858183086
57 0.016757878588979064
58 0.015160735302628509
59 0.013716019822898027
60 0.01240914684470387
61 0.011226933572489469
62 0.010157463605101157
63 0.009189964257522467
0 10.416666666666663
1 8.643611064888834
2 7.24580114578224
3 6.130229058101583
4 5.229283641151582
5 4.493404605784922
6 3.8859392988983807
7 3.3795255541808897
8 2.9535354593613916
9 2.5922593602156594
10 2.283608409839431
11 2.018181934943803
12 1.7885926640079723
13 1.588975135308191
14 1.4146249339508086
15 1.2617319061130448
16 1.127181291592359
17 1.0084042583751534
18 0.903264614390991
19 0.8099721991411762
20 0.7270160953175545
21 0.6531126754330424
22 0.5871648379757893
23 0.5282297496096463
24 0.4754931046708534
25 0.4282484178129903
26 0.3858802343589644
27 0.3478504139980093
28 0.3136868440360108
29 0.282974087773459
30 0.25534558555323833
31 0.23047711051354297
32 0.2080812452679658
33 0.1879026948216602
34 0.16971428882123282
35 0.15331355551862746
36 0.13851977266771792
37 0.12517141849830984
38 0.11312396007038049
39 0.10224792756184725
40 0.09242723203631793
41 0.08355769146773781
42 0.0755457356448678
43 0.06830726533106263
44 0.061766644938985184
45 0.05585581117071352
46 0.05051348270807986
47 0.04568445822362482
48 0.0413189918042532
49 0.03737223640503793
50 0.03380374723347642
51 0.030577038048017147
52 0.027659184273583222
53 0.02502046761922651
54 0.022634057551779847
55 0.02047572555303574
56 0.01852358858183088
57 0.016757878588979043
58 0.015160735302628514
59 0.013716019822897989
60 0.012409146844703869
61 0.011226933572489477
62 0.010157463605101159
63 0.00918996425752245
0 10.416666666666657
1 8.643611064888832
2 7.245801145782242
3 6.13022905810156
4 5.2292836411515795
5 4.493404605784928
6 3.8859392988983803
7 3.3795255541808964
8 2.953535459361392
9 2.5922593602156607
10 2.2836084098394345
11 2.0181819349438035
12 1.7885926640079717
13 1.5889751353081891
14 1.4146249339508101
15 1.2617319061130472
16 1.1271812915923618
17 1.0084042583751525
18 0.9032646143909903
19 0.8099721991411761
20 0.7270160953175536
21 0.6531126754330431
22 0.58716483797579
23 0.5282297496096465
24 0.4754931046708534
25 0.42824841781299
26 0.3858802343589646
27 0.34785041399800887
28 0.3136868440360109
29 0.2829740877734591
30 0.2553455855532388
31 0.2304771105135428
32 0.20808124526796554
33 0.1879026948216603
34 0.16971428882123263
35 0.1533135555186271
36 0.13851977266771787
37 0.1251714184983099
38 0.11312396007038049
39 0.10224792756184711
40 0.09242723203631782
41 0.08355769146773774
42 0.07554573564486766
43 0.06830726533106242
44 0.06176664493898506
45 0.05585581117071359
46 0.05051348270807986
47 0.04568445822362484
48 0.04131899180425322
49 0.03737223640503796
50 0.03380374723347643
51 0.03057703804801722
52 0.02765918427358323
53 0.025020467619226563
54 0.02263405755177983
55 0.02047572555303573
56 0.018523588581830876
57 0.016757878588979074
58 0.015160735302628504
59 0.013716019822898013
60 0.01240914684470389
61 0.011226933572489483
62 0.010157463605101143
63 0.009189964257522458
0 10.416666666666675
1 8.64361106488884
2 7.245801145782245
3 6.130229058101567
4 5.22928364115158
5 4.493404605784923
6 3.8859392988983834
7 3.379525554180896
8 2.953535459361397
9 2.5922593602156647
10 2.2836084098394274
11 2.0181819349438026
12 1.788592664007974
13 1.588975135308187
14 1.4146249339508112
15 1.261731906113046
16 1.1271812915923607
17 1.0084042583751525
18 0.903264614390988
19 0.8099721991411761
20 0.7270160953175534
21 0.6531126754330424
22 0.5871648379757907
23 0.528229749609646
24 0.47549310467085454
25 0.4282484178129903
26 0.3858802343589657
27 0.34785041399800903
28 0.3136868440360109
29 0.2829740877734591
30 0.25534558555323816
31 0.2304771105135431
32 0.2080812452679658
33 0.18790269482166047
34 0.1697142888212327
35 0.1533135555186273
36 0.13851977266771806
37 0.12517141849830993
38 0.11312396007038046
39 0.10224792756184732
40 0.09242723203631763
41 0.08355769146773777
42 0.0755457356448679
43 0.06830726533106253
44 0.0617666449389851
45 0.055855811170713573
46 0.050513482708079836
47 0.04568445822362474
48 0.041318991804253254
49 0.03737223640503798
50 0.03380374723347645
51 0.030577038048017192
52 0.02765918427358325
53 0.025020467619226546
54 0.022634057551779843
55 0.02047572555303574
56 0.01852358858183089
57 0.016757878588979078
58 0.015160735302628531
59 0.013716019822898029
60 0.012409146844703869
61 0.011226933572489469
62 0.010157463605101159
63 0.009189964257522455
0 10.416666666666679
1 8.643611064888837
2 7.245801145782245
3 6.130229058101575
4 5.22928364115157
5 4.493404605784919
6 3.8859392988983794
7 3.3795255541808897
8 2.953535459361393
9 2.59225936021566
10 2.2836084098394336
11 2.0181819349438057
12 1.7885926640079695
13 1.5889751353081891
14 1.4146249339508103
15 1.2617319061130452
16 1.1271812915923591
17 1.0084042583751527
18 0.9032646143909903
19 0.8099721991411747
20 0.7270160953175548
21 0.653112675433041
22 0.5871648379757893
23 0.5282297496096463
24 0.47549310467085326
25 0.4282484178129895
26 0.3858802343589652
27 0.3478504139980097
28 0.3136868440360107
29 0.2829740877734584
30 0.2553455855532385
31 0.23047711051354286
32 0.20808124526796568
33 0.18790269482166064
34 0.1697142888212324
35 0.1533135555186271
36 0.13851977266771784
37 0.1251714184983098
38 0.11312396007038028
39 0.10224792756184718
40 0.0924272320363179
41 0.08355769146773771
42 0.07554573564486779
43 0.06830726533106245
44 0.06176664493898506
45 0.055855811170713594
46 0.05051348270807986
47 0.04568445822362477
48 0.04131899180425325
49 0.03737223640503796
50 0.03380374723347644
51 0.030577038048017192
52 0.027659184273583194
53 0.025020467619226484
54 0.02263405755177988
55 0.02047572555303572
56 0.018523588581830865
57 0.016757878588979064
58 0.015160735302628518
59 0.01371601982289801
60 0.012409146844703877
61 0.011226933572489483
62 0.010157463605101124
63 0.00918996425752245
0 10.416666666666684
1 8.643611064888834
2 7.245801145782251
3 6.1302290581015715
4 5.229283641151572
5 4.493404605784928
6 3.88593929889838
7 3.3795255541808973
8 2.9535354593613885
9 2.592259360215659
10 2.283608409839434
11 2.018181934943807
12 1.7885926640079732
13 1.5889751353081891
14 1.4146249339508101
15 1.261731906113047
16 1.1271812915923602
17 1.008404258375154
18 0.9032646143909897
19 0.8099721991411759
20 0.727016095317554
21 0.6531126754330427
22 0.5871648379757903
23 0.5282297496096452
24 0.47549310467085365
25 0.42824841781299033
26 0.38588023435896535
27 0.3478504139980095
28 0.31368684403601127
29 0.2829740877734579
30 0.2553455855532386
31 0.23047711051354308
32 0.2080812452679654
33 0.1879026948216604
34 0.16971428882123216
35 0.15331355551862755
36 0.1385197726677181
37 0.12517141849830998
38 0.11312396007038031
39 0.10224792756184717
40 0.0924272320363179
41 0.08355769146773769
42 0.07554573564486762
43 0.06830726533106249
44 0.061766644938985114
45 0.055855811170713435
46 0.05051348270807983
47 0.0456844582236249
48 0.04131899180425316
49 0.03737223640503796
50 0.03380374723347645
51 0.030577038048017192
52 0.027659184273583222
53 0.02502046761922652
54 0.022634057551779798
55 0.020475725553035704
56 0.018523588581830872
57 0.016757878588979043
58 0.015160735302628493
59 0.013716019822898032
60 0.012409146844703876
61 0.011226933572489484
62 0.010157463605101136
63 0.009189964257522457
0 10.416666666666664
1 8.643611064888834
2 7.245801145782236
3 6.130229058101575
4 5.22928364115158
5 4.493404605784925
6 3.8859392988983807
7 3.3795255541808884
8 2.9535354593614036
9 2.5922593602156607
10 2.2836084098394327
11 2.0181819349438035
12 1.7885926640079701
13 1.5889751353081905
14 1.4146249339508121
15 1.2617319061130472
16 1.1271812915923594
17 1.0084042583751538
18 0.9032646143909899
19 0.8099721991411749
20 0.7270160953175557
21 0.6531126754330417
22 0.5871648379757897
23 0.5282297496096463
24 0.47549310467085343
25 0.428248417812991
26 0.38588023435896474
27 0.3478504139980096
28 0.31368684403601116
29 0.2829740877734587
30 0.2553455855532385
31 0.23047711051354317
32 0.20808124526796581
33 0.18790269482166047
34 0.16971428882123238
35 0.1533135555186272
36 0.13851977266771798
37 0.1251714184983099
38 0.11312396007038042
39 0.10224792756184721
40 0.09242723203631803
41 0.08355769146773777
42 0.07554573564486765
43 0.06830726533106248
44 0.06176664493898509
45 0.05585581117071355
46 0.050513482708079906
47 0.04568445822362487
48 0.04131899180425322
49 0.03737223640503795
50 0.03380374723347642
51 0.030577038048017157
52 0.027659184273583264
53 0.025020467619226505
54 0.022634057551779836
55 0.02047572555303574
56 0.018523588581830893
57 0.016757878588979057
58 0.015160735302628531
59 0.013716019822898003
60 0.01240914684470388
61 0.011226933572489453
62 0.010157463605101147
63 0.009189964257522446
0 10.416666666666664
1 8.643611064888832
2 7.245801145782261
3 6.130229058101572
4 5.229283641151581
5 4.49340460578492
6 3.8859392988983816
7 3.379525554180885
8 2.9535354593613974
9 2.592259360215659
10 2.283608409839437
11 2.018181934943798
12 1.7885926640079717
13 1.5889751353081873
14 1.4146249339508117
15 1.261731906113048
16 1.1271812915923587
17 1.0084042583751534
18 0.9032646143909897
19 0.8099721991411754
20 0.7270160953175535
21 0.6531126754330417
22 0.5871648379757903
23 0.5282297496096469
24 0.4754931046708538
25 0.4282484178129902
26 0.3858802343589644
27 0.34785041399800903
28 0.3136868440360107
29 0.28297408777345884
30 0.2553455855532384
31 0.23047711051354322
32 0.2080812452679657
33 0.18790269482166033
34 0.16971428882123243
35 0.15331355551862766
36 0.13851977266771784
37 0.12517141849830976
38 0.11312396007038035
39 0.1022479275618472
40 0.0924272320363179
41 0.08355769146773777
42 0.07554573564486766
43 0.06830726533106245
44 0.061766644938985184
45 0.055855811170713594
46 0.050513482708079864
47 0.04568445822362476
48 0.04131899180425325
49 0.037372236405037916
50 0.03380374723347641
51 0.030577038048017192
52 0.02765918427358324
53 0.025020467619226574
54 0.022634057551779836
55 0.020475725553035715
56 0.018523588581830848
57 0.016757878588979057
58 0.015160735302628525
59 0.013716019822898006
60 0.012409146844703862
61 0.011226933572489453
62 0.010157463605101143
63 0.009189964257522451
0 10.416666666666654
1 8.643611064888825
2 7.2458011457822495
3 6.13022905810158
4 5.229283641151585
5 4.4934046057849235
6 3.8859392988983816
7 3.3795255541808906
8 2.953535459361393
9 2.5922593602156603
10 2.283608409839434
11 2.0181819349438017
12 1.7885926640079701
13 1.5889751353081916
14 1.4146249339508112
15 1.2617319061130456
16 1.12718129159236
17 1.0084042583751536
18 0.9032646143909903
19 0.8099721991411759
20 0.7270160953175543
21 0.6531126754330424
22 0.5871648379757896
23 0.5282297496096465
24 0.4754931046708537
25 0.4282484178129914
26 0.38588023435896457
27 0.34785041399800876
28 0.31368684403601027
29 0.28297408777345906
30 0.25534558555323866
31 0.23047711051354317
32 0.20808124526796581
33 0.1879026948216602
34 0.16971428882123266
35 0.15331355551862721
36 0.138519772667718
37 0.12517141849830973
38 0.11312396007038036
39 0.10224792756184717
40 0.09242723203631793
41 0.08355769146773782
42 0.07554573564486762
43 0.06830726533106253
44 0.06176664493898513
45 0.05585581117071355
46 0.050513482708079885
47 0.04568445822362481
48 0.04131899180425325
49 0.03737223640503793
50 0.033803747233476365
51 0.03057703804801717
52 0.0276591842735832
53 0.025020467619226553
54 0.022634057551779854
55 0.020475725553035767
56 0.018523588581830848
57 0.016757878588979022
58 0.015160735302628521
59 0.013716019822898029
60 0.01240914684470386
61 0.011226933572489455
62 0.010157463605101147
63 0.009189964257522455
0 10.41666666666669
1 8.643611064888814
2 7.245801145782237
3 6.130229058101576
4 5.229283641151576
5 4.493404605784921
6 3.8859392988983843
7 3.379525554180885
8 2.9535354593613885
9 2.5922593602156656
10 2.28360840983943
11 2.018181934943802
12 1.7885926640079692
13 1.5889751353081896
14 1.4146249339508112
15 1.2617319061130479
16 1.12718129159236
17 1.0084042583751534
18 0.9032646143909903
19 0.8099721991411751
20 0.7270160953175543
21 0.6531126754330433
22 0.5871648379757897
23 0.5282297496096464
24 0.4754931046708535
25 0.42824841781299045
26 0.38588023435896485
27 0.34785041399800964
28 0.3136868440360109
29 0.28297408777345884
30 0.25534558555323805
31 0.23047711051354305
32 0.20808124526796568
33 0.1879026948216602
34 0.1697142888212325
35 0.15331355551862763
36 0.13851977266771792
37 0.12517141849830996
38 0.11312396007038036
39 0.10224792756184725
40 0.09242723203631775
41 0.08355769146773766
42 0.0755457356448677
43 0.06830726533106253
44 0.06176664493898502
45 0.05585581117071353
46 0.0505134827080799
47 0.04568445822362487
48 0.04131899180425328
49 0.037372236405038006
50 0.03380374723347642
51 0.030577038048017164
52 0.027659184273583246
53 0.025020467619226536
54 0.022634057551779826
55 0.02047572555303574
56 0.01852358858183086
57 0.01675787858897902
58 0.01516073530262851
59 0.013716019822898032
60 0.012409146844703857
61 0.01122693357248946
62 0.010157463605101131
63 0.009189964257522469
0 10.416666666666682
1 8.64361106488883
2 7.245801145782247
3 6.130229058101584
4 5.229283641151566
5 4.493404605784906
6 3.885939298898385
7 3.379525554180889
8 2.953535459361393
9 2.5922593602156634
10 2.283608409839435
11 2.0181819349438057
12 1.78859266400797
13 1.5889751353081898
14 1.4146249339508121
15 1.261731906113047
16 1.1271812915923591
17 1.0084042583751545
18 0.9032646143909879
19 0.8099721991411746
20 0.7270160953175554
21 0.6531126754330424
22 0.5871648379757893
23 0.528229749609647
24 0.4754931046708539
25 0.4282484178129906
26 0.38588023435896474
27 0.34785041399800876
28 0.3136868440360108
29 0.28297408777345906
30 0.25534558555323844
31 0.23047711051354303
32 0.20808124526796593
33 0.18790269482166047
34 0.1697142888212326
35 0.1533135555186271
36 0.1385197726677179
37 0.12517141849830993
38 0.11312396007038016
39 0.10224792756184733
40 0.09242723203631759
41 0.0835576914677378
42 0.07554573564486765
43 0.06830726533106253
44 0.061766644938984996
45 0.055855811170713504
46 0.0505134827080798
47 0.0456844582236248
48 0.041318991804253274
49 0.03737223640503788
50 0.03380374723347642
51 0.030577038048017192
52 0.02765918427358325
53 0.025020467619226505
54 0.02263405755177987
55 0.020475725553035777
56 0.01852358858183086
57 0.01675787858897905
58 0.015160735302628521
59 0.013716019822898051
60 0.012409146844703867
61 0.011226933572489462
62 0.010157463605101141
63 0.009189964257522469
0 10.416666666666654
1 8.643611064888834
2 7.245801145782245
3 6.130229058101568
4 5.229283641151574
5 4.493404605784923
6 3.8859392988983794
7 3.379525554180892
8 2.9535354593613907
9 2.5922593602156616
10 2.2836084098394354
11 2.0181819349438044
12 1.7885926640079686
13 1.588975135308189
14 1.4146249339508097
15 1.2617319061130474
16 1.1271812915923614
17 1.008404258375155
18 0.9032646143909897
19 0.8099721991411768
20 0.727016095317554
21 0.6531126754330417
22 0.5871648379757908
23 0.5282297496096462
24 0.47549310467085376
25 0.4282484178129906
26 0.3858802343589653
27 0.3478504139980092
28 0.31368684403600994
29 0.2829740877734584
30 0.25534558555323883
31 0.23047711051354336
32 0.20808124526796587
33 0.1879026948216603
34 0.16971428882123252
35 0.15331355551862735
36 0.13851977266771792
37 0.12517141849830982
38 0.11312396007038059
39 0.10224792756184732
40 0.0924272320363178
41 0.08355769146773785
42 0.0755457356448677
43 0.06830726533106245
44 0.061766644938985066
45 0.05585581117071365
46 0.050513482708079864
47 0.04568445822362485
48 0.04131899180425321
49 0.03737223640503798
50 0.033803747233476386
51 0.030577038048017213
52 0.027659184273583246
53 0.02502046761922651
54 0.02263405755177985
55 0.020475725553035704
56 0.018523588581830855
57 0.01675787858897905
58 0.015160735302628538
59 0.013716019822898032
60 0.012409146844703872
61 0.011226933572489496
62 0.01015746360510115
63 0.009189964257522451
0 10.416666666666673
1 8.64361106488883
2 7.24580114578224
3 6.130229058101572
4 5.22928364115156
5 4.493404605784924
6 3.8859392988983807
7 3.379525554180887
8 2.953535459361389
9 2.59225936021566
10 2.283608409839434
11 2.0181819349438044
12 1.78859266400797
13 1.5889751353081876
14 1.4146249339508106
15 1.2617319061130448
16 1.1271812915923605
17 1.0084042583751527
18 0.9032646143909887
19 0.8099721991411756
20 0.7270160953175548
21 0.653112675433042
22 0.5871648379757899
23 0.5282297496096466
24 0.4754931046708544
25 0.4282484178129898
26 0.3858802343589648
27 0.34785041399800964
28 0.313686844036011
29 0.2829740877734585
30 0.25534558555323855
31 0.23047711051354317
32 0.20808124526796587
33 0.1879026948216604
34 0.16971428882123238
35 0.1533135555186275
36 0.1385197726677181
37 0.12517141849830976
38 0.11312396007038036
39 0.1022479275618472
40 0.0924272320363178
41 0.08355769146773782
42 0.0755457356448677
43 0.06830726533106254
44 0.061766644938985114
45 0.05585581117071353
46 0.05051348270807997
47 0.04568445822362487
48 0.0413189918042532
49 0.03737223640503794
50 0.033803747233476435
51 0.03057703804801722
52 0.027659184273583264
53 0.025020467619226546
54 0.022634057551779826
55 0.02047572555303574
56 0.018523588581830844
57 0.016757878588979036
58 0.015160735302628492
59 0.013716019822897992
60 0.01240914684470385
61 0.011226933572489467
62 0.01015746360510116
63 0.009189964257522458
0 10.416666666666687
1 8.643611064888827
2 7.2458011457822575
3 6.130229058101578
4 5.22928364115158
5 4.493404605784926
6 3.8859392988983763
7 3.379525554180886
8 2.95353545936139
9 2.59225936021566
10 2.2836084098394345
11 2.018181934943801
12 1.788592664007968
13 1.5889751353081913
14 1.4146249339508117
15 1.2617319061130448
16 1.1271812915923607
17 1.0084042583751536
18 0.9032646143909889
19 0.8099721991411765
20 0.7270160953175541
21 0.6531126754330436
22 0.5871648379757893
23 0.5282297496096461
24 0.47549310467085354
25 0.4282484178129901
26 0.3858802343589642
27 0.3478504139980098
28 0.3136868440360107
29 0.28297408777345884
30 0.25534558555323833
31 0.230477110513543
32 0.20808124526796568
33 0.18790269482166033
34 0.16971428882123235
35 0.15331355551862724
36 0.13851977266771806
37 0.1251714184983099
38 0.11312396007038035
39 0.10224792756184736
40 0.09242723203631786
41 0.08355769146773769
42 0.07554573564486769
43 0.06830726533106239
44 0.06176664493898501
45 0.05585581117071356
46 0.05051348270807985
47 0.04568445822362481
48 0.04131899180425323
49 0.037372236405038034
50 0.03380374723347643
51 0.030577038048017178
52 0.027659184273583187
53 0.025020467619226498
54 0.02263405755177982
55 0.020475725553035753
56 0.018523588581830848
57 0.01675787858897905
58 0.015160735302628525
59 0.013716019822898017
60 0.012409146844703848
61 0.01122693357248946
62 0.010157463605101162
63 0.009189964257522451
0 10.416666666666654
1 8.643611064888843
2 7.245801145782247
3 6.130229058101575
4 5.229283641151574
5 4.493404605784931
6 3.8859392988983807
7 3.379525554180891
8 2.953535459361391
9 2.592259360215664
10 2.2836084098394336
11 2.018181934943803
12 1.7885926640079703
13 1.5889751353081862
14 1.4146249339508083
15 1.2617319061130463
16 1.1271812915923594
17 1.008404258375152
18 0.9032646143909878
19 0.8099721991411752
20 0.7270160953175552
21 0.6531126754330417
22 0.5871648379757892
23 0.5282297496096459
24 0.4754931046708539
25 0.4282484178129907
26 0.38588023435896496
27 0.3478504139980088
28 0.3136868440360104
29 0.2829740877734584
30 0.25534558555323833
31 0.23047711051354328
32 0.20808124526796581
33 0.18790269482166072
34 0.16971428882123243
35 0.15331355551862724
36 0.13851977266771803
37 0.12517141849830987
38 0.11312396007038031
39 0.10224792756184725
40 0.09242723203631785
41 0.08355769146773781
42 0.07554573564486773
43 0.06830726533106253
44 0.061766644938985045
45 0.05585581117071362
46 0.0505134827080799
47 0.045684458223624796
48 0.041318991804253205
49 0.03737223640503797
50 0.033803747233476504
51 0.030577038048017226
52 0.027659184273583298
53 0.025020467619226494
54 0.02263405755177988
55 0.02047572555303574
56 0.01852358858183085
57 0.016757878588979053
58 0.015160735302628507
59 0.013716019822898018
60 0.01240914684470387
61 0.011226933572489469
62 0.010157463605101145
63 0.009189964257522458
0 10.416666666666654
1 8.64361106488884
2 7.245801145782245
3 6.130229058101583
4 5.229283641151577
5 4.4934046057849235
6 3.8859392988983807
7 3.379525554180891
8 2.95353545936139
9 2.5922593602156607
10 2.2836084098394345
11 2.0181819349438026
12 1.7885926640079701
13 1.5889751353081876
14 1.4146249339508101
15 1.261731906113046
16 1.1271812915923596
17 1.008404258375154
18 0.9032646143909894
19 0.8099721991411761
20 0.7270160953175544
21 0.6531126754330427
22 0.5871648379757903
23 0.5282297496096477
24 0.4754931046708536
25 0.4282484178129907
26 0.38588023435896457
27 0.3478504139980096
28 0.3136868440360102
29 0.28297408777345867
30 0.2553455855532385
31 0.2304771105135431
32 0.20808124526796593
33 0.18790269482166064
34 0.16971428882123263
35 0.15331355551862705
36 0.13851977266771814
37 0.12517141849830982
38 0.11312396007038032
39 0.10224792756184733
40 0.09242723203631782
41 0.08355769146773781
42 0.07554573564486773
43 0.06830726533106249
44 0.0617666449389851
45 0.055855811170713594
46 0.05051348270807993
47 0.04568445822362488
48 0.04131899180425323
49 0.03737223640503796
50 0.03380374723347641
51 0.03057703804801716
52 0.02765918427358328
53 0.02502046761922651
54 0.02263405755177988
55 0.02047572555303574
56 0.01852358858183088
57 0.01675787858897906
58 0.015160735302628514
59 0.013716019822898044
60 0.012409146844703843
61 0.011226933572489474
62 0.010157463605101147
63 0.009189964257522446
0 10.416666666666668
1 8.643611064888846
2 7.245801145782259
3 6.130229058101578
4 5.229283641151573
5 4.493404605784925
6 3.8859392988983825
7 3.379525554180892
8 2.9535354593613947
9 2.5922593602156634
10 2.283608409839431
11 2.018181934943803
12 1.7885926640079717
13 1.5889751353081878
14 1.414624933950809
15 1.2617319061130494
16 1.127181291592359
17 1.0084042583751527
18 0.9032646143909903
19 0.8099721991411758
20 0.7270160953175536
21 0.6531126754330431
22 0.5871648379757888
23 0.5282297496096464
24 0.4754931046708532
25 0.4282484178129906
26 0.3858802343589653
27 0.3478504139980096
28 0.3136868440360103
29 0.28297408777345845
30 0.2553455855532389
31 0.23047711051354292
32 0.20808124526796593
33 0.18790269482166025
34 0.16971428882123255
35 0.15331355551862713
36 0.13851977266771814
37 0.12517141849830962
38 0.11312396007038039
39 0.10224792756184738
40 0.0924272320363178
41 0.08355769146773799
42 0.07554573564486756
43 0.06830726533106261
44 0.0617666449389852
45 0.055855811170713573
46 0.05051348270807983
47 0.0456844582236248
48 0.04131899180425322
49 0.037372236405038006
50 0.03380374723347639
51 0.030577038048017206
52 0.02765918427358327
53 0.025020467619226515
54 0.02263405755177985
55 0.020475725553035725
56 0.018523588581830872
57 0.01675787858897906
58 0.015160735302628507
59 0.013716019822897992
60 0.012409146844703872
61 0.011226933572489453
62 0.010157463605101166
63 0.009189964257522465
0 10.416666666666664
1 8.643611064888825
2 7.2458011457822495
3 6.130229058101581
4 5.229283641151574
5 4.493404605784929
6 3.8859392988983834
7 3.379525554180898
8 2.9535354593613943
9 2.592259360215663
10 2.28360840983943
11 2.0181819349438035
12 1.7885926640079708
13 1.5889751353081922
14 1.414624933950808
15 1.261731906113046
16 1.1271812915923582
17 1.0084042583751547
18 0.9032646143909907
19 0.809972199141177
20 0.7270160953175543
21 0.653112675433042
22 0.5871648379757902
23 0.5282297496096464
24 0.4754931046708536
25 0.42824841781299056
26 0.3858802343589648
27 0.347850413998009
28 0.3136868440360111
29 0.2829740877734587
30 0.25534558555323866
31 0.23047711051354283
32 0.20808124526796581
33 0.18790269482166033
34 0.1697142888212325
35 0.1533135555186275
36 0.1385197726677177
37 0.12517141849830998
38 0.11312396007038039
39 0.1022479275618472
40 0.09242723203631786
41 0.08355769146773763
42 0.0755457356448678
43 0.0683072653310625
44 0.06176664493898499
45 0.05585581117071347
46 0.05051348270807984
47 0.04568445822362482
48 0.04131899180425319
49 0.037372236405038
50 0.03380374723347646
51 0.030577038048017213
52 0.02765918427358323
53 0.02502046761922653
54 0.02263405755177985
55 0.02047572555303575
56 0.01852358858183088
57 0.01675787858897904
58 0.015160735302628514
59 0.013716019822898032
60 0.01240914684470388
61 0.01122693357248948
62 0.01015746360510115
63 0.009189964257522457
0 10.416666666666668
1 8.643611064888834
2 7.245801145782245
3 6.1302290581015635
4 5.229283641151572
5 4.493404605784925
6 3.8859392988983785
7 3.379525554180891
8 2.9535354593613974
9 2.592259360215657
10 2.283608409839433
11 2.0181819349437977
12 1.7885926640079701
13 1.5889751353081878
14 1.4146249339508132
15 1.2617319061130463
16 1.1271812915923614
17 1.0084042583751534
18 0.9032646143909894
19 0.8099721991411747
20 0.7270160953175544
21 0.6531126754330417
22 0.5871648379757907
23 0.5282297496096465
24 0.4754931046708534
25 0.4282484178129911
26 0.38588023435896457
27 0.3478504139980088
28 0.31368684403601027
29 0.2829740877734588
30 0.25534558555323833
31 0.23047711051354303
32 0.20808124526796593
33 0.18790269482166003
34 0.1697142888212323
35 0.15331355551862713
36 0.13851977266771784
37 0.12517141849830987
38 0.11312396007038025
39 0.1022479275618473
40 0.09242723203631775
41 0.08355769146773787
42 0.07554573564486781
43 0.06830726533106245
44 0.06176664493898525
45 0.05585581117071352
46 0.05051348270807982
47 0.04568445822362482
48 0.041318991804253226
49 0.03737223640503795
50 0.033803747233476504
51 0.030577038048017213
52 0.02765918427358319
53 0.02502046761922654
54 0.022634057551779836
55 0.020475725553035753
56 0.018523588581830886
57 0.016757878588979053
58 0.015160735302628483
59 0.013716019822898015
60 0.012409146844703867
61 0.011226933572489474
62 0.010157463605101159
63 0.009189964257522448
0 10.416666666666684
1 8.64361106488884
2 7.2458011457822495
3 6.130229058101573
4 5.229283641151568
5 4.493404605784916
6 3.885939298898386
7 3.3795255541808817
8 2.9535354593613956
9 2.5922593602156625
10 2.2836084098394327
11 2.018181934943801
12 1.7885926640079723
13 1.588975135308189
14 1.4146249339508112
15 1.2617319061130452
16 1.1271812915923622
17 1.0084042583751518
18 0.9032646143909893
19 0.8099721991411761
20 0.7270160953175554
21 0.6531126754330432
22 0.5871648379757911
23 0.5282297496096457
24 0.4754931046708534
25 0.4282484178129908
26 0.38588023435896457
27 0.3478504139980092
28 0.3136868440360106
29 0.28297408777345884
30 0.25534558555323844
31 0.23047711051354336
32 0.20808124526796543
33 0.18790269482166014
34 0.1697142888212325
35 0.1533135555186274
36 0.13851977266771795
37 0.12517141849830973
38 0.11312396007038034
39 0.10224792756184733
40 0.09242723203631785
41 0.08355769146773756
42 0.07554573564486783
43 0.0683072653310625
44 0.06176664493898508
45 0.055855811170713594
46 0.05051348270807992
47 0.04568445822362479
48 0.04131899180425319
49 0.037372236405037916
50 0.03380374723347643
51 0.030577038048017157
52 0.02765918427358328
53 0.025020467619226498
54 0.02263405755177985
55 0.020475725553035725
56 0.01852358858183087
57 0.016757878588979043
58 0.01516073530262854
59 0.013716019822898003
60 0.012409146844703877
61 0.011226933572489455
62 0.01015746360510115
63 0.009189964257522464
0 10.416666666666668
1 8.643611064888836
2 7.245801145782255
3 6.13022905810157
4 5.229283641151568
5 4.4934046057849235
6 3.885939298898386
7 3.379525554180893
8 2.9535354593613916
9 2.592259360215658
10 2.2836084098394296
11 2.0181819349438017
12 1.7885926640079681
13 1.5889751353081867
14 1.4146249339508126
15 1.261731906113046
16 1.1271812915923602
17 1.0084042583751545
18 0.9032646143909894
19 0.8099721991411761
20 0.7270160953175551
21 0.6531126754330432
22 0.5871648379757892
23 0.5282297496096463
24 0.47549310467085437
25 0.4282484178129907
26 0.385880234358965
27 0.3478504139980093
28 0.31368684403601005
29 0.28297408777345856
30 0.25534558555323844
31 0.23047711051354328
32 0.20808124526796568
33 0.18790269482166017
34 0.1697142888212323
35 0.15331355551862758
36 0.13851977266771814
37 0.12517141849830996
38 0.11312396007038042
39 0.10224792756184722
40 0.09242723203631793
41 0.08355769146773769
42 0.07554573564486781
43 0.06830726533106248
44 0.061766644938985066
45 0.05585581117071349
46 0.050513482708079906
47 0.04568445822362484
48 0.04131899180425322
49 0.03737223640503793
50 0.033803747233476414
51 0.030577038048017206
52 0.027659184273583232
53 0.025020467619226553
54 0.022634057551779812
55 0.020475725553035732
56 0.018523588581830893
57 0.016757878588979033
58 0.015160735302628488
59 0.013716019822898032
60 0.012409146844703886
61 0.011226933572489464
62 0.010157463605101147
63 0.009189964257522465
