0 0.18658664468889669
1 0.17639829403819615
2 0.1671900327995927
3 0.15895781839130688
4 0.15166361908448667
5 0.14524594813704586
6 0.13962939931797755
7 0.1347324174854737
8 0.13047307827554874
9 0.126773007483331
10 0.12355975387754643
11 0.1207679845408349
12 0.1183398499743849
13 0.11622480780595866
14 0.11437912578895276
15 0.11276522159902701
16 0.1113509450002605
17 0.1101088685255515
18 0.10901562465252958
19 0.10805130837719386
20 0.10719895182757631
21 0.10644407014880967
22 0.10577427377564924
23 0.10517894023797786
24 0.10464893800552144
25 0.10417639501825397
26 0.10375450510716012
27 0.10337736625686705
28 0.1030398454613581
29 0.10273746569648967
30 0.1024663112397884
31 0.10222294819093915
32 0.10200435758299976
33 0.10180787892875064
34 0.10163116242663067
35 0.10147212836602357
36 0.10132893253165007
37 0.10119993662008034
38 0.1010836828561047
39 0.10097887213942251
40 0.10088434516861734
41 0.10079906608465937
42 0.10072210825390954
43 0.10065264187430588
44 0.10058992314046265
45 0.1005332847465803
46 0.10048212754083899
47 0.10043591317461309
48 0.10039415761344372
49 0.10035642539719329
50 0.10032232455294532
51 0.10029150207864758
52 0.10026363992675467
53 0.10023845142719116
54 0.10021567809713404
55 0.10019508679210432
56 0.10017646715892135
57 0.10015962935605889
58 0.10014440201128703
59 0.10013063039032394
60 0.10011817475325821
61 0.1001069088784567
62 0.1000967187359366
63 -7.033050319415794
0 0.1865866446888976
1 0.1763982940381965
2 0.1671900327995944
3 0.1589578183913044
4 0.15166361908448725
5 0.14524594813704356
6 0.1396293993179791
7 0.13473241748547274
8 0.13047307827554971
9 0.12677300748332884
10 0.12355975387755154
11 0.12076798454083214
12 0.1183398499743843
13 0.11622480780595747
14 0.11437912578895494
15 0.1127652215990272
16 0.11135094500025952
17 0.1101088685255511
18 0.10901562465252798
19 0.10805130837719386
20 0.10719895182757731
21 0.10644407014881008
22 0.10577427377564805
23 0.10517894023798025
24 0.10464893800551944
25 0.10417639501825497
26 0.10375450510716072
27 0.10337736625686805
28 0.10303984546135748
29 0.10273746569648948
30 0.1024663112397884
31 0.10222294819093795
32 0.10200435758299897
33 0.10180787892875204
34 0.10163116242663048
35 0.10147212836602597
36 0.10132893253164826
37 0.10119993662007752
38 0.1010836828561057
39 0.10097887213942251
40 0.10088434516861755
41 0.10079906608465918
42 0.10072210825391074
43 0.10065264187430507
44 0.10058992314046325
45 0.10053328474657869
46 0.10048212754083939
47 0.10043591317461228
48 0.10039415761344474
49 0.10035642539719329
50 0.10032232455294712
51 0.10029150207864737
52 0.10026363992675306
53 0.10023845142719216
54 0.10021567809713364
55 0.10019508679210351
56 0.10017646715892155
57 0.10015962935605868
58 0.10014440201128663
59 0.10013063039032535
60 0.10011817475325639
61 0.10010690887845691
62 0.1000967187359368
63 -7.033050319415792
0 0.1865866446888952
1 0.1763982940381984
2 0.16719003279959027
3 0.1589578183913097
4 0.15166361908448325
5 0.14524594813704644
6 0.13962939931797813
7 0.13473241748547352
8 0.13047307827554913
9 0.12677300748332943
10 0.12355975387754604
11 0.12076798454083627
12 0.11833984997438549
13 0.11622480780595708
14 0.11437912578895376
15 0.11276522159902741
16 0.11135094500025773
17 0.11010886852555368
18 0.10901562465252779
19 0.10805130837719307
20 0.10719895182757891
21 0.10644407014880948
22 0.10577427377564864
23 0.10517894023798005
24 0.10464893800551783
25 0.10417639501825597
26 0.10375450510716053
27 0.10337736625686907
28 0.1030398454613567
29 0.10273746569648848
30 0.1024663112397862
31 0.10222294819094237
32 0.10200435758299596
33 0.10180787892875204
34 0.10163116242663048
35 0.10147212836602557
36 0.10132893253165108
37 0.10119993662007792
38 0.10108368285610429
39 0.10097887213942251
40 0.10088434516861594
41 0.10079906608466178
42 0.10072210825390954
43 0.10065264187430346
44 0.10058992314046467
45 0.1005332847465785
46 0.1004821275408418
47 0.10043591317461129
48 0.10039415761344453
49 0.10035642539719168
50 0.10032232455294793
51 0.10029150207864677
52 0.10026363992675366
53 0.10023845142719176
54 0.10021567809713364
55 0.10019508679210593
56 0.10017646715892035
57 0.10015962935605828
58 0.10014440201128945
59 0.10013063039032213
60 0.10011817475325821
61 0.1001069088784559
62 0.10009671873593559
63 -7.033050319415789
0 0.18658664468889669
1 0.1763982940381971
2 0.1671900327995959
3 0.1589578183913048
4 0.1516636190844842
5 0.14524594813704758
6 0.13962939931797716
7 0.13473241748547313
8 0.1304730782755499
9 0.1267730074833314
10 0.12355975387754546
11 0.12076798454083391
12 0.11833984997438352
13 0.11622480780596063
14 0.11437912578895336
15 0.112765221599028
16 0.11135094500025972
17 0.1101088685255495
18 0.10901562465253058
19 0.10805130837719226
20 0.1071989518275785
21 0.10644407014880808
22 0.10577427377564884
23 0.10517894023798205
24 0.10464893800551744
25 0.10417639501825417
26 0.10375450510716072
27 0.10337736625686945
28 0.10303984546135748
29 0.10273746569648748
30 0.1024663112397872
31 0.10222294819094116
32 0.10200435758299817
33 0.10180787892875244
34 0.10163116242663268
35 0.10147212836602316
36 0.10132893253165007
37 0.10119993662007673
38 0.1010836828561059
39 0.10097887213942332
40 0.10088434516861454
41 0.10079906608466017
42 0.10072210825391477
43 0.10065264187430185
44 0.10058992314046265
45 0.1005332847465799
46 0.1004821275408402
47 0.10043591317461269
48 0.10039415761344332
49 0.10035642539719149
50 0.10032232455294672
51 0.10029150207864637
52 0.10026363992675406
53 0.10023845142719197
54 0.10021567809713726
55 0.1001950867921017
56 0.10017646715892436
57 0.10015962935605667
58 0.10014440201128864
59 0.10013063039032052
60 0.10011817475325821
61 0.1001069088784577
62 0.10009671873593398
63 -7.03305031941579
0 0.18658664468889502
1 0.176398294038198
2 0.16719003279959216
3 0.15895781839130763
4 0.15166361908448517
5 0.1452459481370468
6 0.13962939931797524
7 0.1347324174854743
8 0.1304730782755505
9 0.12677300748332904
10 0.1235597538775486
11 0.12076798454083332
12 0.1183398499743847
13 0.11622480780596003
14 0.11437912578895118
15 0.11276522159902919
16 0.11135094500025673
17 0.11010886852555289
18 0.10901562465252917
19 0.10805130837719307
20 0.1071989518275785
21 0.10644407014880967
22 0.10577427377564905
23 0.10517894023797725
24 0.10464893800551964
25 0.10417639501825417
26 0.10375450510716272
27 0.10337736625686626
28 0.1030398454613609
29 0.10273746569648767
30 0.1024663112397874
31 0.10222294819093836
32 0.10200435758300097
33 0.10180787892875104
34 0.10163116242662908
35 0.10147212836602357
36 0.10132893253165087
37 0.10119993662008013
38 0.10108368285610349
39 0.10097887213942372
40 0.10088434516861534
41 0.10079906608466098
42 0.10072210825391195
43 0.10065264187430327
44 0.10058992314046165
45 0.1005332847465807
46 0.1004821275408398
47 0.10043591317461169
48 0.10039415761344413
49 0.10035642539719289
50 0.10032232455294934
51 0.10029150207864476
52 0.10026363992675406
53 0.10023845142719318
54 0.10021567809713364
55 0.10019508679210552
56 0.10017646715891934
57 0.10015962935605828
58 0.10014440201128744
59 0.10013063039032152
60 0.10011817475326042
61 0.10010690887845651
62 0.1000967187359366
63 -7.033050319415791
0 0.1865866446888963
1 0.17639829403819374
2 0.16719003279959668
3 0.15895781839130613
4 0.15166361908448248
5 0.14524594813705027
6 0.1396293993179762
7 0.13473241748547313
8 0.1304730782755499
9 0.1267730074833314
10 0.12355975387754684
11 0.12076798454083411
12 0.11833984997438332
13 0.11622480780596123
14 0.11437912578895178
15 0.11276522159902602
16 0.11135094500025833
17 0.11010886852555528
18 0.10901562465252639
19 0.10805130837719386
20 0.10719895182757931
21 0.10644407014880987
22 0.10577427377564705
23 0.10517894023797945
24 0.10464893800551804
25 0.10417639501825618
26 0.10375450510716032
27 0.10337736625686846
28 0.10303984546135829
29 0.10273746569648727
30 0.1024663112397902
31 0.10222294819093715
32 0.10200435758299876
33 0.10180787892875225
34 0.10163116242663107
35 0.10147212836602476
36 0.10132893253164867
37 0.10119993662008034
38 0.10108368285610309
39 0.10097887213942351
40 0.10088434516861694
41 0.10079906608465877
42 0.10072210825391295
43 0.10065264187430346
44 0.10058992314046165
45 0.1005332847465799
46 0.1004821275408418
47 0.10043591317461129
48 0.10039415761344514
49 0.10035642539719129
50 0.10032232455294753
51 0.10029150207864818
52 0.10026363992675326
53 0.10023845142719237
54 0.10021567809713283
55 0.10019508679210512
56 0.10017646715891894
57 0.10015962935605968
58 0.10014440201128784
59 0.10013063039032415
60 0.1001181747532572
61 0.1001069088784573
62 0.1000967187359364
63 -7.033050319415791
0 0.18658664468889447
1 0.1763982940381969
2 0.167190032799595
3 0.15895781839130801
4 0.15166361908448095
5 0.1452459481370474
6 0.1396293993179793
7 0.1347324174854706
8 0.13047307827555146
9 0.1267730074833273
10 0.12355975387754978
11 0.1207679845408351
12 0.11833984997438272
13 0.11622480780596003
14 0.11437912578895276
15 0.1127652215990282
16 0.11135094500025912
17 0.1101088685255511
18 0.10901562465252838
19 0.10805130837719247
20 0.10719895182757831
21 0.10644407014881287
22 0.10577427377564665
23 0.10517894023797945
24 0.10464893800551983
25 0.10417639501825277
26 0.10375450510716092
27 0.10337736625686966
28 0.10303984546135748
29 0.10273746569648948
30 0.1024663112397894
31 0.10222294819093554
32 0.10200435758299876
33 0.10180787892875304
34 0.10163116242663148
35 0.10147212836602697
36 0.10132893253164847
37 0.10119993662007853
38 0.10108368285610389
39 0.10097887213942071
40 0.10088434516861874
41 0.10079906608465937
42 0.10072210825391176
43 0.10065264187430406
44 0.10058992314046405
45 0.10053328474657708
46 0.100482127540843
47 0.10043591317461008
48 0.10039415761344574
49 0.10035642539719149
50 0.10032232455294592
51 0.10029150207864818
52 0.10026363992675326
53 0.10023845142719318
54 0.10021567809713183
55 0.10019508679210472
56 0.10017646715892356
57 0.10015962935605688
58 0.10014440201128684
59 0.10013063039032394
60 0.1001181747532598
61 0.1001069088784555
62 0.100096718735935
63 -7.033050319415789
0 0.1865866446888976
1 0.17639829403819615
2 0.16719003279959346
3 0.15895781839130782
4 0.15166361908448325
5 0.14524594813704778
6 0.13962939931797833
7 0.1347324174854708
8 0.13047307827554971
9 0.12677300748333178
10 0.12355975387754742
11 0.12076798454083332
12 0.11833984997438529
13 0.11622480780595866
14 0.11437912578895415
15 0.11276522159902622
16 0.11135094500025892
17 0.11010886852555189
18 0.10901562465253037
19 0.10805130837718907
20 0.10719895182758091
21 0.10644407014881048
22 0.10577427377564505
23 0.10517894023798285
24 0.10464893800551923
25 0.10417639501825457
26 0.10375450510716193
27 0.10337736625686546
28 0.1030398454613595
29 0.10273746569648888
30 0.1024663112397866
31 0.10222294819094056
32 0.10200435758299656
33 0.10180787892875486
34 0.10163116242662988
35 0.10147212836602516
36 0.10132893253164707
37 0.10119993662007873
38 0.1010836828561067
39 0.1009788721394205
40 0.10088434516861795
41 0.10079906608465837
42 0.10072210825391477
43 0.10065264187430406
44 0.10058992314046285
45 0.10053328474657748
46 0.10048212754083918
47 0.10043591317461269
48 0.10039415761344593
49 0.10035642539719009
50 0.10032232455294833
51 0.10029150207864697
52 0.10026363992675366
53 0.10023845142719277
54 0.10021567809713484
55 0.10019508679210493
56 0.10017646715891955
57 0.10015962935605849
58 0.10014440201128604
59 0.10013063039032495
60 0.10011817475326001
61 0.1001069088784545
62 0.10009671873593398
63 -7.03305031941579
0 0.18658664468889447
1 0.1763982940381995
2 0.1671900327995933
3 0.15895781839130763
4 0.15166361908447923
5 0.14524594813704836
6 0.1396293993179762
7 0.13473241748547507
8 0.13047307827554952
9 0.12677300748333256
10 0.12355975387754467
11 0.12076798454083706
12 0.11833984997438411
13 0.11622480780595845
14 0.11437912578895316
15 0.11276522159902622
16 0.11135094500025992
17 0.11010886852555189
18 0.10901562465252879
19 0.10805130837719047
20 0.1071989518275815
21 0.10644407014880948
22 0.10577427377564684
23 0.10517894023798285
24 0.10464893800551664
25 0.10417639501825457
26 0.10375450510715932
27 0.10337736625686986
28 0.10303984546135869
29 0.10273746569648647
30 0.1024663112397902
31 0.10222294819093755
32 0.10200435758299836
33 0.10180787892875284
34 0.10163116242663169
35 0.10147212836602376
36 0.10132893253165128
37 0.10119993662007833
38 0.10108368285610449
39 0.10097887213942211
40 0.10088434516861594
41 0.10079906608465897
42 0.10072210825391356
43 0.10065264187430327
44 0.10058992314046206
45 0.10053328474657829
46 0.1004821275408418
47 0.1004359131746147
48 0.10039415761344092
49 0.1003564253971957
50 0.10032232455294653
51 0.10029150207864457
52 0.10026363992675567
53 0.10023845142718955
54 0.10021567809713544
55 0.10019508679210533
56 0.10017646715892235
57 0.10015962935605607
58 0.10014440201128623
59 0.10013063039032495
60 0.1001181747532568
61 0.1001069088784573
62 0.1000967187359354
63 -7.033050319415789
0 0.18658664468889594
1 0.17639829403819726
2 0.1671900327995929
3 0.15895781839130688
4 0.1516636190844842
5 0.14524594813704894
6 0.13962939931797544
7 0.13473241748547352
8 0.1304730782755499
9 0.12677300748332923
10 0.12355975387754664
11 0.12076798454083548
12 0.11833984997438411
13 0.11622480780595768
14 0.11437912578895396
15 0.11276522159902701
16 0.11135094500026131
17 0.1101088685255511
18 0.10901562465252719
19 0.10805130837719286
20 0.1071989518275801
21 0.10644407014880887
22 0.10577427377564805
23 0.10517894023798086
24 0.10464893800551864
25 0.10417639501825478
26 0.10375450510716012
27 0.10337736625686966
28 0.10303984546135969
29 0.10273746569648647
30 0.102466311239786
31 0.10222294819094296
32 0.10200435758299696
33 0.10180787892875164
34 0.10163116242663088
35 0.10147212836602376
36 0.10132893253164987
37 0.10119993662007873
38 0.1010836828561047
39 0.10097887213942372
40 0.10088434516861634
41 0.10079906608465956
42 0.10072210825391235
43 0.10065264187430406
44 0.10058992314046325
45 0.10053328474657668
46 0.1004821275408434
47 0.10043591317461108
48 0.10039415761344372
49 0.1003564253971949
50 0.10032232455294592
51 0.10029150207864677
52 0.10026363992675527
53 0.10023845142719297
54 0.10021567809713203
55 0.10019508679210432
56 0.10017646715892135
57 0.10015962935605667
58 0.10014440201128885
59 0.10013063039032093
60 0.10011817475326203
61 0.10010690887845711
62 0.10009671873593319
63 -7.03305031941579
0 0.18658664468889613
1 0.17639829403819876
2 0.16719003279959235
3 0.15895781839130574
4 0.15166361908448533
5 0.145245948137047
6 0.13962939931797677
7 0.1347324174854737
8 0.13047307827554952
9 0.12677300748333004
10 0.12355975387754703
11 0.12076798454083608
12 0.11833984997438234
13 0.11622480780595965
14 0.11437912578895257
15 0.11276522159902978
16 0.11135094500025733
17 0.1101088685255505
18 0.10901562465253137
19 0.10805130837719286
20 0.10719895182757931
21 0.10644407014880788
22 0.10577427377564524
23 0.10517894023798224
24 0.10464893800551724
25 0.10417639501825737
26 0.10375450510715872
27 0.10337736625687026
28 0.10303984546135729
29 0.10273746569648928
30 0.102466311239789
31 0.10222294819093695
32 0.10200435758299937
33 0.10180787892875064
34 0.10163116242663228
35 0.10147212836602457
36 0.10132893253165068
37 0.10119993662007712
38 0.1010836828561069
39 0.1009788721394203
40 0.10088434516861775
41 0.10079906608465977
42 0.10072210825391276
43 0.10065264187430367
44 0.10058992314046225
45 0.10053328474657969
46 0.1004821275408406
47 0.10043591317461008
48 0.10039415761344614
49 0.10035642539719249
50 0.10032232455294632
51 0.10029150207864737
52 0.10026363992675287
53 0.10023845142719216
54 0.10021567809713525
55 0.10019508679210151
56 0.10017646715892316
57 0.10015962935605909
58 0.10014440201128764
59 0.10013063039032354
60 0.1001181747532588
61 0.10010690887845429
62 0.10009671873593781
63 -7.033050319415792
0 0.1865866446888976
1 0.1763982940381967
2 0.1671900327995961
3 0.15895781839130385
4 0.1516636190844844
5 0.14524594813704797
6 0.13962939931797563
7 0.13473241748547352
8 0.13047307827555088
9 0.12677300748333062
10 0.12355975387754722
11 0.12076798454083293
12 0.1183398499743843
13 0.11622480780596063
14 0.11437912578895257
15 0.11276522159902641
16 0.11135094500025793
17 0.11010886852555349
18 0.10901562465252938
19 0.10805130837719028
20 0.10719895182758091
21 0.10644407014880868
22 0.10577427377564684
23 0.10517894023798165
24 0.10464893800551844
25 0.10417639501825478
26 0.10375450510716132
27 0.10337736625686846
28 0.1030398454613585
29 0.10273746569648808
30 0.1024663112397888
31 0.10222294819093755
32 0.10200435758299876
33 0.10180787892875204
34 0.10163116242663128
35 0.10147212836602457
36 0.10132893253164867
37 0.10119993662008174
38 0.10108368285610168
39 0.10097887213942332
40 0.10088434516861775
41 0.10079906608465816
42 0.10072210825391316
43 0.10065264187430206
44 0.10058992314046486
45 0.10053328474657809
46 0.1004821275408412
47 0.10043591317461228
48 0.10039415761344493
49 0.10035642539719089
50 0.10032232455294653
51 0.10029150207864616
52 0.10026363992675467
53 0.10023845142719237
54 0.10021567809713484
55 0.10019508679210291
56 0.10017646715892337
57 0.10015962935605728
58 0.10014440201128663
59 0.10013063039032555
60 0.10011817475325559
61 0.10010690887845831
62 0.10009671873593519
63 -7.033050319415792
0 0.1865866446888965
1 0.1763982940381958
2 0.16719003279959574
3 0.1589578183913042
4 0.1516636190844863
5 0.14524594813704625
6 0.13962939931797658
7 0.1347324174854743
8 0.13047307827554583
9 0.12677300748333414
10 0.12355975387754684
11 0.12076798454083332
12 0.11833984997438687
13 0.11622480780595629
14 0.11437912578895434
15 0.11276522159902662
16 0.11135094500026091
17 0.1101088685255521
18 0.1090156246525266
19 0.10805130837719266
20 0.10719895182757991
21 0.10644407014880927
22 0.10577427377564784
23 0.10517894023798245
24 0.10464893800551883
25 0.10417639501825497
26 0.10375450510715992
27 0.10337736625686945
28 0.10303984546135629
29 0.10273746569648848
30 0.102466311239788
31 0.10222294819093755
32 0.10200435758299917
33 0.10180787892875225
34 0.10163116242663107
35 0.10147212836602577
36 0.10132893253164947
37 0.10119993662007833
38 0.10108368285610529
39 0.10097887213942171
40 0.10088434516861634
41 0.10079906608465776
42 0.10072210825391437
43 0.10065264187430367
44 0.10058992314046285
45 0.10053328474657929
46 0.10048212754083859
47 0.1004359131746159
48 0.10039415761344173
49 0.10035642539719289
50 0.10032232455294592
51 0.10029150207864877
52 0.10026363992675065
53 0.10023845142719358
54 0.10021567809713565
55 0.10019508679210372
56 0.10017646715892235
57 0.10015962935605748
58 0.10014440201128744
59 0.10013063039032254
60 0.100118174753259
61 0.1001069088784567
62 0.100096718735935
63 -7.03305031941579
0 0.1865866446888941
1 0.17639829403819726
2 0.16719003279959346
3 0.15895781839130554
4 0.15166361908448497
5 0.1452459481370468
6 0.13962939931797697
7 0.13473241748547313
8 0.13047307827555185
9 0.12677300748333042
10 0.1235597538775484
11 0.12076798454083194
12 0.11833984997438529
13 0.11622480780595747
14 0.11437912578895355
15 0.112765221599028
16 0.11135094500025673
17 0.11010886852555349
18 0.10901562465252917
19 0.10805130837719307
20 0.10719895182757731
21 0.10644407014881008
22 0.10577427377564945
23 0.10517894023797986
24 0.10464893800551744
25 0.10417639501825737
26 0.10375450510715852
27 0.10337736625686705
28 0.1030398454613609
29 0.10273746569648647
30 0.102466311239787
31 0.10222294819094056
32 0.10200435758299836
33 0.10180787892875164
34 0.10163116242663107
35 0.10147212836602476
36 0.10132893253165168
37 0.10119993662007813
38 0.10108368285610389
39 0.1009788721394219
40 0.10088434516861534
41 0.10079906608466077
42 0.10072210825391335
43 0.10065264187430105
44 0.10058992314046467
45 0.10053328474658049
46 0.1004821275408402
47 0.10043591317461069
48 0.10039415761344433
49 0.1003564253971931
50 0.10032232455294733
51 0.10029150207864677
52 0.10026363992675406
53 0.10023845142719036
54 0.10021567809713383
55 0.10019508679210612
56 0.10017646715892076
57 0.10015962935605828
58 0.10014440201128824
59 0.10013063039032354
60 0.1001181747532584
61 0.10010690887845751
62 0.10009671873593479
63 -7.03305031941579
0 0.18658664468889705
1 0.17639829403819635
2 0.1671900327995944
3 0.15895781839130838
4 0.15166361908448192
5 0.1452459481370495
6 0.13962939931797466
7 0.1347324174854745
8 0.13047307827554777
9 0.12677300748333178
10 0.12355975387754761
11 0.1207679845408351
12 0.11833984997438272
13 0.11622480780595965
14 0.11437912578895197
15 0.1127652215990278
16 0.11135094500025892
17 0.11010886852555309
18 0.10901562465253017
19 0.10805130837719147
20 0.10719895182757751
21 0.10644407014880948
22 0.10577427377564745
23 0.10517894023798265
24 0.10464893800551824
25 0.10417639501825357
26 0.10375450510715992
27 0.10337736625686986
28 0.1030398454613581
29 0.10273746569648967
30 0.1024663112397876
31 0.10222294819093634
32 0.10200435758300097
33 0.10180787892875184
34 0.10163116242663088
35 0.10147212836602497
36 0.10132893253165108
37 0.10119993662007773
38 0.1010836828561047
39 0.10097887213942151
40 0.10088434516861694
41 0.10079906608465877
42 0.10072210825391437
43 0.10065264187430045
44 0.10058992314046486
45 0.10053328474657769
46 0.100482127540841
47 0.10043591317461188
48 0.10039415761344674
49 0.1003564253971937
50 0.10032232455294592
51 0.10029150207864536
52 0.10026363992675326
53 0.10023845142719337
54 0.10021567809713423
55 0.10019508679210071
56 0.10017646715892396
57 0.10015962935605949
58 0.10014440201128544
59 0.10013063039032515
60 0.10011817475326001
61 0.10010690887845348
62 0.1000967187359368
63 -7.033050319415792
0 0.18658664468889463
1 0.1763982940381971
2 0.1671900327995944
3 0.15895781839130574
4 0.1516636190844861
5 0.1452459481370472
6 0.13962939931797638
7 0.13473241748547293
8 0.13047307827554971
9 0.12677300748333023
10 0.12355975387754722
11 0.12076798454083372
12 0.1183398499743847
13 0.11622480780595984
14 0.11437912578895158
15 0.11276522159902899
16 0.11135094500025713
17 0.11010886852555289
18 0.10901562465252917
19 0.10805130837719226
20 0.1071989518275805
21 0.10644407014880868
22 0.10577427377564864
23 0.10517894023797925
24 0.10464893800552023
25 0.10417639501825478
26 0.10375450510715752
27 0.10337736625686866
28 0.10303984546135829
29 0.10273746569649148
30 0.1024663112397882
31 0.10222294819093795
32 0.10200435758299876
33 0.10180787892875044
34 0.10163116242663169
35 0.10147212836602437
36 0.10132893253165028
37 0.10119993662007913
38 0.10108368285610188
39 0.10097887213942311
40 0.10088434516861834
41 0.10079906608465716
42 0.10072210825391496
43 0.10065264187430287
44 0.10058992314046104
45 0.1005332847465817
46 0.10048212754084039
47 0.10043591317461069
48 0.10039415761344313
49 0.10035642539719249
50 0.10032232455294833
51 0.10029150207864496
52 0.10026363992675728
53 0.10023845142719116
54 0.10021567809713304
55 0.10019508679210533
56 0.10017646715892095
57 0.10015962935605828
58 0.10014440201128684
59 0.10013063039032394
60 0.10011817475326021
61 0.1001069088784551
62 0.1000967187359362
63 -7.03305031941579
0 0.1865866446888972
1 0.1763982940381956
2 0.1671900327995933
3 0.15895781839130763
4 0.15166361908448345
5 0.14524594813704816
6 0.13962939931797524
7 0.13473241748547488
8 0.13047307827554855
9 0.1267730074833316
10 0.12355975387754664
11 0.12076798454083529
12 0.1183398499743845
13 0.11622480780595806
14 0.11437912578895079
15 0.11276522159902998
16 0.11135094500026012
17 0.1101088685255515
18 0.1090156246525248
19 0.10805130837719486
20 0.1071989518275795
21 0.10644407014880948
22 0.10577427377564624
23 0.10517894023798165
24 0.10464893800551783
25 0.10417639501825578
26 0.10375450510716072
27 0.10337736625686826
28 0.1030398454613585
29 0.10273746569648948
30 0.1024663112397894
31 0.10222294819093414
32 0.10200435758299876
33 0.10180787892875284
34 0.10163116242663107
35 0.10147212836602516
36 0.10132893253165108
37 0.10119993662007894
38 0.10108368285610408
39 0.10097887213942171
40 0.10088434516861715
41 0.10079906608465977
42 0.10072210825391135
43 0.10065264187430346
44 0.10058992314046165
45 0.1005332847465795
46 0.1004821275408434
47 0.10043591317460948
48 0.10039415761344593
49 0.10035642539719229
50 0.10032232455294472
51 0.10029150207864697
52 0.10026363992675527
53 0.10023845142719176
54 0.10021567809713504
55 0.10019508679210472
56 0.10017646715892155
57 0.10015962935605868
58 0.10014440201128504
59 0.10013063039032595
60 0.10011817475325821
61 0.1001069088784559
62 0.1000967187359366
63 -7.033050319415791
0 0.1865866446888974
1 0.1763982940381941
2 0.16719003279959346
3 0.1589578183913065
4 0.15166361908448345
5 0.1452459481370497
6 0.13962939931797677
7 0.13473241748547313
8 0.1304730782755501
9 0.12677300748332787
10 0.12355975387754879
11 0.12076798454083686
12 0.11833984997438292
13 0.11622480780595806
14 0.11437912578895514
15 0.11276522159902483
16 0.11135094500026071
17 0.1101088685255527
18 0.10901562465252779
19 0.10805130837719286
20 0.10719895182757731
21 0.10644407014881067
22 0.10577427377564824
23 0.10517894023798124
24 0.10464893800551683
25 0.10417639501825697
26 0.10375450510715852
27 0.10337736625686966
28 0.10303984546135689
29 0.10273746569648787
30 0.10246631123978961
31 0.10222294819093775
32 0.10200435758299836
33 0.10180787892875184
34 0.10163116242663107
35 0.10147212836602497
36 0.10132893253164987
37 0.10119993662008053
38 0.1010836828561057
39 0.10097887213942071
40 0.10088434516861253
41 0.10079906608466238
42 0.10072210825391416
43 0.10065264187430185
44 0.10058992314046346
45 0.10053328474657888
46 0.1004821275408412
47 0.10043591317461188
48 0.10039415761344514
49 0.10035642539719089
50 0.10032232455294873
51 0.10029150207864536
52 0.10026363992675487
53 0.10023845142719136
54 0.10021567809713423
55 0.10019508679210533
56 0.10017646715891995
57 0.10015962935605968
58 0.10014440201128744
59 0.10013063039032313
60 0.100118174753258
61 0.10010690887845711
62 0.100096718735938
63 -7.033050319415793
0 0.18658664468889316
1 0.17639829403819896
2 0.16719003279959346
3 0.1589578183913063
4 0.151663619084484
5 0.1452459481370472
6 0.13962939931797735
7 0.1347324174854745
8 0.13047307827554971
9 0.12677300748332884
10 0.1235597538775484
11 0.12076798454083372
12 0.11833984997438628
13 0.11622480780595866
14 0.11437912578895058
15 0.1127652215990288
16 0.11135094500025892
17 0.1101088685255505
18 0.10901562465253077
19 0.10805130837719126
20 0.1071989518275807
21 0.10644407014881048
22 0.10577427377564745
23 0.10517894023797886
24 0.10464893800551923
25 0.10417639501825618
26 0.10375450510715852
27 0.10337736625686805
28 0.10303984546135748
29 0.10273746569648748
30 0.1024663112397898
31 0.10222294819093976
32 0.10200435758299777
33 0.10180787892875123
34 0.10163116242663288
35 0.10147212836602357
36 0.10132893253164928
37 0.10119993662008174
38 0.10108368285610268
39 0.1009788721394209
40 0.10088434516861715
41 0.10079906608465977
42 0.10072210825391356
43 0.10065264187430126
44 0.10058992314046467
45 0.1005332847465811
46 0.10048212754083999
47 0.10043591317460988
48 0.10039415761344514
49 0.10035642539719329
50 0.10032232455294632
51 0.10029150207864697
52 0.10026363992675287
53 0.10023845142719437
54 0.10021567809713364
55 0.10019508679210512
56 0.10017646715892095
57 0.10015962935605648
58 0.10014440201128824
59 0.10013063039032213
60 0.1001181747532594
61 0.1001069088784557
62 0.10009671873593519
63 -7.033050319415788
0 0.18658664468889594
1 0.1763982940381967
2 0.16719003279959385
3 0.1589578183913065
4 0.1516636190844838
5 0.14524594813704644
6 0.13962939931797697
7 0.1347324174854743
8 0.13047307827555088
9 0.1267730074833308
10 0.12355975387754604
11 0.12076798454083411
12 0.11833984997438549
13 0.11622480780595768
14 0.11437912578895415
15 0.11276522159902522
16 0.11135094500026131
17 0.1101088685255505
18 0.10901562465252917
19 0.10805130837719147
20 0.10719895182757871
21 0.10644407014880967
22 0.10577427377564784
23 0.10517894023798105
24 0.10464893800551964
25 0.10417639501825338
26 0.10375450510716212
27 0.10337736625686766
28 0.1030398454613585
29 0.10273746569648608
30 0.1024663112397884
31 0.10222294819094076
32 0.10200435758299817
33 0.10180787892875244
34 0.10163116242663048
35 0.10147212836602437
36 0.10132893253164928
37 0.10119993662008094
38 0.10108368285610309
39 0.1009788721394213
40 0.10088434516861815
41 0.10079906608465856
42 0.10072210825391356
43 0.10065264187430287
44 0.10058992314046386
45 0.10053328474657869
46 0.100482127540841
47 0.10043591317461088
48 0.10039415761344453
49 0.1003564253971939
50 0.10032232455294612
51 0.10029150207864697
52 0.10026363992675347
53 0.10023845142719458
54 0.10021567809713162
55 0.10019508679210512
56 0.10017646715892256
57 0.10015962935605707
58 0.10014440201128544
59 0.10013063039032535
60 0.1001181747532584
61 0.10010690887845611
62 0.100096718735935
63 -7.033050319415789
0 0.18658664468889613
1 0.17639829403819635
2 0.16719003279959668
3 0.15895781839130535
4 0.15166361908448228
5 0.1452459481370474
6 0.13962939931797852
7 0.13473241748547216
8 0.13047307827554933
9 0.126773007483331
10 0.1235597538775484
11 0.1207679845408343
12 0.1183398499743845
13 0.11622480780595924
14 0.11437912578895137
15 0.1127652215990282
16 0.11135094500025733
17 0.1101088685255523
18 0.10901562465252938
19 0.10805130837719266
20 0.1071989518275827
21 0.10644407014880548
22 0.10577427377564745
23 0.10517894023798224
24 0.10464893800551764
25 0.10417639501825557
26 0.10375450510715813
27 0.10337736625687026
28 0.10303984546136029
29 0.10273746569648708
30 0.1024663112397888
31 0.10222294819093575
32 0.10200435758299757
33 0.10180787892875524
34 0.10163116242663209
35 0.10147212836602276
36 0.10132893253165168
37 0.10119993662007712
38 0.1010836828561061
39 0.1009788721394209
40 0.10088434516861634
41 0.10079906608465997
42 0.10072210825391115
43 0.10065264187430427
44 0.10058992314046285
45 0.10053328474657969
46 0.1004821275408402
47 0.10043591317461069
48 0.10039415761344514
49 0.1003564253971937
50 0.10032232455294954
51 0.10029150207864457
52 0.10026363992675347
53 0.10023845142719136
54 0.10021567809713404
55 0.10019508679210552
56 0.10017646715891974
57 0.1001596293560611
58 0.10014440201128663
59 0.10013063039032354
60 0.1001181747532576
61 0.1001069088784557
62 0.1000967187359362
63 -7.033050319415791
0 0.18658664468889558
1 0.17639829403819524
2 0.1671900327995963
3 0.1589578183913046
4 0.1516636190844863
5 0.14524594813704644
6 0.13962939931797658
7 0.13473241748547235
8 0.1304730782755505
9 0.1267730074833312
10 0.12355975387754585
11 0.12076798454083372
12 0.11833984997438687
13 0.11622480780595747
14 0.11437912578895396
15 0.1127652215990272
16 0.11135094500025873
17 0.11010886852555349
18 0.10901562465252738
19 0.10805130837719307
20 0.1071989518275795
21 0.10644407014880927
22 0.10577427377564924
23 0.10517894023798005
24 0.10464893800551624
25 0.10417639501825497
26 0.10375450510715972
27 0.10337736625687047
28 0.10303984546135689
29 0.10273746569648748
30 0.102466311239789
31 0.10222294819094016
32 0.10200435758299917
33 0.10180787892875004
34 0.10163116242663048
35 0.10147212836602597
36 0.10132893253164887
37 0.10119993662007953
38 0.1010836828561047
39 0.1009788721394219
40 0.10088434516861675
41 0.10079906608465977
42 0.10072210825391115
43 0.10065264187430406
44 0.10058992314046405
45 0.10053328474657929
46 0.1004821275408418
47 0.10043591317460887
48 0.10039415761344735
49 0.10035642539719168
50 0.10032232455294553
51 0.10029150207864677
52 0.10026363992675387
53 0.10023845142719437
54 0.10021567809713264
55 0.10019508679210472
56 0.10017646715892015
57 0.10015962935605949
58 0.10014440201128523
59 0.10013063039032495
60 0.1001181747532584
61 0.1001069088784573
62 0.10009671873593559
63 -7.03305031941579
0 0.18658664468889669
1 0.1763982940381941
2 0.16719003279959535
3 0.15895781839130668
4 0.15166361908448459
5 0.14524594813704586
6 0.13962939931797852
7 0.13473241748547216
8 0.1304730782755505
9 0.12677300748333004
10 0.12355975387754801
11 0.12076798454083312
12 0.1183398499743843
13 0.11622480780596063
14 0.11437912578895079
15 0.1127652215990284
16 0.11135094500025833
17 0.1101088685255515
18 0.10901562465253177
19 0.10805130837718868
20 0.10719895182758289
21 0.10644407014880908
22 0.10577427377564624
23 0.10517894023798005
24 0.10464893800551844
25 0.10417639501825578
26 0.10375450510715972
27 0.10337736625687066
28 0.10303984546135689
29 0.10273746569648608
30 0.10246631123979341
31 0.10222294819093575
32 0.10200435758299857
33 0.10180787892875304
34 0.10163116242663067
35 0.10147212836602457
36 0.10132893253165007
37 0.10119993662007873
38 0.1010836828561057
39 0.1009788721394201
40 0.10088434516861815
41 0.10079906608465956
42 0.10072210825391015
43 0.10065264187430588
44 0.10058992314046265
45 0.1005332847465811
46 0.1004821275408388
47 0.10043591317461209
48 0.10039415761344514
49 0.10035642539719129
50 0.10032232455294672
51 0.10029150207864777
52 0.10026363992675247
53 0.10023845142719257
54 0.10021567809713525
55 0.10019508679210452
56 0.10017646715892015
57 0.10015962935606008
58 0.10014440201128523
59 0.10013063039032415
60 0.1001181747532598
61 0.1001069088784559
62 0.10009671873593239
63 -7.033050319415787
0 0.18658664468889613
1 0.17639829403819726
2 0.16719003279959235
3 0.15895781839130668
4 0.15166361908448572
5 0.1452459481370472
6 0.13962939931797716
7 0.1347324174854741
8 0.1304730782755464
9 0.12677300748333276
10 0.12355975387754664
11 0.1207679845408343
12 0.1183398499743847
13 0.11622480780595965
14 0.11437912578895297
15 0.11276522159902662
16 0.11135094500025813
17 0.11010886852555488
18 0.10901562465252758
19 0.10805130837719147
20 0.10719895182757831
21 0.10644407014881067
22 0.10577427377564705
23 0.10517894023798145
24 0.10464893800551904
25 0.10417639501825457
26 0.10375450510715852
27 0.10337736625687007
28 0.10303984546135929
29 0.10273746569648587
30 0.1024663112397894
31 0.10222294819093775
32 0.10200435758299717
33 0.10180787892875486
34 0.10163116242663148
35 0.10147212836602658
36 0.10132893253164686
37 0.10119993662007853
38 0.10108368285610529
39 0.10097887213942171
40 0.10088434516861594
41 0.10079906608465977
42 0.10072210825391316
43 0.10065264187430367
44 0.10058992314046265
45 0.1005332847465785
46 0.1004821275408424
47 0.10043591317461088
48 0.10039415761344533
49 0.10035642539719229
50 0.10032232455294612
51 0.10029150207864637
52 0.10026363992675427
53 0.10023845142719297
54 0.10021567809713605
55 0.1001950867921013
56 0.10017646715892337
57 0.10015962935605707
58 0.10014440201128604
59 0.10013063039032434
60 0.10011817475325961
61 0.10010690887845469
62 0.1000967187359366
63 -7.033050319415791
0 0.1865866446888976
1 0.17639829403819615
2 0.1671900327995946
3 0.15895781839130668
4 0.1516636190844842
5 0.14524594813704567
6 0.13962939931797697
7 0.13473241748547565
8 0.13047307827554758
9 0.12677300748333023
10 0.12355975387754643
11 0.1207679845408351
12 0.11833984997438529
13 0.11622480780595924
14 0.11437912578895158
15 0.1127652215990272
16 0.11135094500025933
17 0.11010886852555289
18 0.10901562465252838
19 0.10805130837719386
20 0.10719895182757751
21 0.10644407014880927
22 0.10577427377564905
23 0.10517894023798045
24 0.10464893800551683
25 0.10417639501825657
26 0.10375450510715832
27 0.10337736625686986
28 0.10303984546135729
29 0.10273746569649007
30 0.1024663112397876
31 0.10222294819093655
32 0.10200435758300178
33 0.10180787892874964
34 0.10163116242663468
35 0.10147212836602276
36 0.10132893253164887
37 0.10119993662008013
38 0.10108368285610389
39 0.10097887213942071
40 0.10088434516861795
41 0.10079906608466138
42 0.10072210825391055
43 0.10065264187430287
44 0.10058992314046365
45 0.1005332847465799
46 0.100482127540841
47 0.10043591317461228
48 0.10039415761344393
49 0.10035642539719049
50 0.10032232455294733
51 0.10029150207864718
52 0.10026363992675508
53 0.10023845142719237
54 0.10021567809713364
55 0.10019508679210452
56 0.10017646715892155
57 0.10015962935605868
58 0.10014440201128623
59 0.10013063039032474
60 0.100118174753258
61 0.1001069088784551
62 0.1000967187359386
63 -7.033050319415793
0 0.18658664468889463
1 0.1763982940381984
2 0.16719003279959366
3 0.15895781839130688
4 0.15166361908448325
5 0.14524594813704836
6 0.13962939931797408
7 0.1347324174854776
8 0.1304730782755466
9 0.12677300748333237
10 0.12355975387754703
11 0.12076798454083155
12 0.11833984997438805
13 0.11622480780595727
14 0.11437912578895415
15 0.11276522159902562
16 0.1113509450002611
17 0.11010886852554971
18 0.10901562465253017
19 0.10805130837718928
20 0.10719895182758449
21 0.10644407014880448
22 0.10577427377564964
23 0.10517894023798305
24 0.10464893800551824
25 0.10417639501825317
26 0.10375450510716072
27 0.10337736625686907
28 0.10303984546135549
29 0.10273746569649007
30 0.1024663112397908
31 0.10222294819093435
32 0.10200435758299976
33 0.10180787892875225
34 0.10163116242663128
35 0.10147212836602497
36 0.10132893253165068
37 0.10119993662007792
38 0.1010836828561069
39 0.1009788721394197
40 0.10088434516861874
41 0.10079906608465716
42 0.10072210825391416
43 0.10065264187430226
44 0.10058992314046365
45 0.10053328474657929
46 0.1004821275408414
47 0.10043591317460988
48 0.10039415761344332
49 0.1003564253971937
50 0.10032232455294612
51 0.10029150207864877
52 0.10026363992675186
53 0.10023845142719277
54 0.10021567809713605
55 0.10019508679210412
56 0.10017646715892076
57 0.10015962935605849
58 0.10014440201128604
59 0.10013063039032394
60 0.1001181747532594
61 0.1001069088784577
62 0.10009671873593398
63 -7.03305031941579
0 0.1865866446888974
1 0.1763982940381941
2 0.16719003279959385
3 0.15895781839130743
4 0.15166361908448364
5 0.14524594813704797
6 0.13962939931797833
7 0.13473241748547254
8 0.13047307827554797
9 0.126773007483331
10 0.12355975387754939
11 0.12076798454083175
12 0.11833984997438608
13 0.11622480780595885
14 0.11437912578895297
15 0.1127652215990276
16 0.11135094500025555
17 0.11010886852555408
18 0.10901562465252698
19 0.10805130837719405
20 0.1071989518275795
21 0.10644407014881087
22 0.10577427377564545
23 0.10517894023798025
24 0.10464893800551864
25 0.10417639501825537
26 0.10375450510716053
27 0.10337736625686886
28 0.10303984546135729
29 0.10273746569648827
30 0.1024663112397908
31 0.10222294819093734
32 0.10200435758299836
33 0.10180787892875405
34 0.10163116242662767
35 0.10147212836602516
36 0.10132893253165068
37 0.10119993662007934
38 0.10108368285610529
39 0.10097887213942071
40 0.10088434516861654
41 0.10079906608466017
42 0.10072210825391316
43 0.10065264187430226
44 0.10058992314046405
45 0.10053328474657888
46 0.1004821275408424
47 0.10043591317460908
48 0.10039415761344633
49 0.10035642539719229
50 0.10032232455294653
51 0.10029150207864597
52 0.10026363992675508
53 0.10023845142719157
54 0.10021567809713383
55 0.10019508679210452
56 0.10017646715892356
57 0.10015962935605567
58 0.10014440201128764
59 0.10013063039032434
60 0.10011817475325861
61 0.1001069088784553
62 0.10009671873593338
63 -7.033050319415787
0 0.1865866446888972
1 0.1763982940381956
2 0.16719003279959405
3 0.15895781839130668
4 0.1516636190844842
5 0.14524594813704797
6 0.139629399317976
7 0.13473241748547313
8 0.13047307827554933
9 0.126773007483331
10 0.12355975387754801
11 0.1207679845408349
12 0.1183398499743849
13 0.11622480780595648
14 0.11437912578895455
15 0.1127652215990276
16 0.11135094500025912
17 0.1101088685255517
18 0.10901562465252898
19 0.10805130837719207
20 0.1071989518275785
21 0.10644407014881027
22 0.10577427377564805
23 0.10517894023797986
24 0.10464893800551944
25 0.10417639501825397
26 0.10375450510716312
27 0.10337736625686546
28 0.10303984546135969
29 0.10273746569648767
30 0.1024663112397866
31 0.10222294819093695
32 0.10200435758300157
33 0.10180787892875204
34 0.10163116242663088
35 0.10147212836602597
36 0.10132893253164746
37 0.10119993662007994
38 0.10108368285610489
39 0.10097887213942111
40 0.10088434516861895
41 0.10079906608465695
42 0.10072210825391437
43 0.10065264187430327
44 0.10058992314046185
45 0.10053328474658191
46 0.10048212754083899
47 0.10043591317460927
48 0.10039415761344614
49 0.10035642539719289
50 0.10032232455294672
51 0.10029150207864777
52 0.10026363992675347
53 0.10023845142719176
54 0.10021567809713504
55 0.10019508679210573
56 0.10017646715891773
57 0.10015962935606049
58 0.10014440201128744
59 0.10013063039032415
60 0.1001181747532584
61 0.1001069088784553
62 0.100096718735936
63 -7.033050319415791
0 0.1865866446888941
1 0.17639829403819876
2 0.1671900327995948
3 0.15895781839130554
4 0.15166361908448248
5 0.14524594813704894
6 0.13962939931797735
7 0.1347324174854743
8 0.13047307827554894
9 0.12677300748332984
10 0.12355975387755036
11 0.12076798454083214
12 0.11833984997438568
13 0.11622480780595688
14 0.11437912578895158
15 0.11276522159902998
16 0.11135094500025852
17 0.1101088685255523
18 0.10901562465252758
19 0.10805130837719266
20 0.10719895182758031
21 0.10644407014880927
22 0.10577427377564705
23 0.10517894023798025
24 0.10464893800551783
25 0.10417639501825678
26 0.10375450510715872
27 0.10337736625686926
28 0.1030398454613585
29 0.10273746569648867
30 0.102466311239788
31 0.10222294819093695
32 0.10200435758299796
33 0.10180787892875565
34 0.10163116242662867
35 0.10147212836602618
36 0.10132893253164867
37 0.10119993662007934
38 0.10108368285610368
39 0.10097887213942311
40 0.10088434516861573
41 0.10079906608465977
42 0.10072210825391416
43 0.10065264187430145
44 0.10058992314046365
45 0.1005332847465807
46 0.10048212754083939
47 0.10043591317461169
48 0.10039415761344332
49 0.1003564253971945
50 0.10032232455294653
51 0.10029150207864557
52 0.10026363992675366
53 0.10023845142719277
54 0.10021567809713645
55 0.10019508679210251
56 0.10017646715892417
57 0.10015962935605546
58 0.10014440201128985
59 0.10013063039032052
60 0.10011817475325961
61 0.10010690887845711
62 0.10009671873593359
63 -7.033050319415789
0 0.18658664468889427
1 0.17639829403819524
2 0.16719003279959818
3 0.15895781839130366
4 0.1516636190844844
5 0.1452459481370474
6 0.13962939931797638
7 0.1347324174854737
8 0.13047307827555127
9 0.12677300748332984
10 0.12355975387754821
11 0.1207679845408349
12 0.11833984997438234
13 0.11622480780595845
14 0.11437912578895475
15 0.11276522159902662
16 0.11135094500025873
17 0.1101088685255505
18 0.10901562465253077
19 0.10805130837719186
20 0.10719895182757772
21 0.10644407014881167
22 0.10577427377564605
23 0.10517894023798165
24 0.10464893800551923
25 0.10417639501825238
26 0.10375450510716232
27 0.10337736625686846
28 0.10303984546135869
29 0.10273746569648627
30 0.1024663112397902
31 0.10222294819093955
32 0.10200435758299757
33 0.10180787892875084
34 0.10163116242663209
35 0.10147212836602437
36 0.10132893253165068
37 0.10119993662007894
38 0.10108368285610389
39 0.10097887213942151
40 0.10088434516861935
41 0.10079906608465616
42 0.10072210825391577
43 0.10065264187430226
44 0.10058992314046346
45 0.1005332847465799
46 0.10048212754083719
47 0.1004359131746157
48 0.10039415761344272
49 0.1003564253971931
50 0.10032232455294733
51 0.10029150207864798
52 0.10026363992675166
53 0.10023845142719176
54 0.10021567809713423
55 0.10019508679210612
56 0.10017646715892055
57 0.10015962935605507
58 0.10014440201129125
59 0.10013063039032233
60 0.100118174753257
61 0.10010690887845711
62 0.10009671873593479
63 -7.033050319415788
0 0.1865866446888926
1 0.17639829403819912
2 0.16719003279959255
3 0.15895781839130707
4 0.15166361908448364
5 0.14524594813704989
6 0.1396293993179731
7 0.13473241748547507
8 0.1304730782755505
9 0.12677300748332807
10 0.12355975387754939
11 0.1207679845408347
12 0.1183398499743845
13 0.11622480780595668
14 0.11437912578895336
15 0.11276522159902919
16 0.11135094500025793
17 0.11010886852555449
18 0.1090156246525256
19 0.10805130837719286
20 0.1071989518275801
21 0.10644407014880967
22 0.10577427377564605
23 0.10517894023798485
24 0.10464893800551343
25 0.10417639501825578
26 0.10375450510716193
27 0.10337736625686726
28 0.1030398454613605
29 0.10273746569648787
30 0.1024663112397888
31 0.10222294819093554
32 0.10200435758300057
33 0.10180787892875204
34 0.10163116242663148
35 0.10147212836602255
36 0.10132893253165288
37 0.10119993662007752
38 0.10108368285610309
39 0.10097887213942151
40 0.10088434516861834
41 0.10079906608465877
42 0.10072210825391195
43 0.10065264187430507
44 0.10058992314046125
45 0.10053328474657869
46 0.1004821275408434
47 0.10043591317461048
48 0.10039415761344674
49 0.10035642539719049
50 0.10032232455294612
51 0.10029150207864677
52 0.10026363992675669
53 0.10023845142718915
54 0.10021567809713423
55 0.10019508679210533
56 0.10017646715892276
57 0.10015962935605809
58 0.10014440201128623
59 0.10013063039032515
60 0.10011817475325821
61 0.1001069088784553
62 0.1000967187359364
63 -7.03305031941579
0 0.18658664468889538
1 0.17639829403819615
2 0.1671900327995946
3 0.15895781839130593
4 0.15166361908448478
5 0.14524594813704778
6 0.13962939931797388
7 0.13473241748547624
8 0.13047307827554894
9 0.12677300748333023
10 0.12355975387754821
11 0.1207679845408347
12 0.1183398499743843
13 0.11622480780595688
14 0.11437912578895434
15 0.1127652215990294
16 0.11135094500025713
17 0.11010886852555249
18 0.10901562465252858
19 0.10805130837719226
20 0.10719895182757712
21 0.10644407014880927
22 0.10577427377565005
23 0.10517894023798045
24 0.10464893800551804
25 0.10417639501825597
26 0.10375450510715913
27 0.10337736625686826
28 0.10303984546135889
29 0.10273746569648787
30 0.1024663112397882
31 0.10222294819093755
32 0.10200435758299997
33 0.10180787892875265
34 0.10163116242663088
35 0.10147212836602457
36 0.10132893253165108
37 0.10119993662007873
38 0.1010836828561047
39 0.10097887213942071
40 0.10088434516861694
41 0.10079906608465977
42 0.10072210825391095
43 0.10065264187430527
44 0.10058992314046285
45 0.10053328474657969
46 0.10048212754083899
47 0.10043591317461048
48 0.10039415761344735
49 0.10035642539719149
50 0.10032232455294632
51 0.10029150207864877
52 0.10026363992675427
53 0.10023845142719216
54 0.10021567809713063
55 0.10019508679210593
56 0.10017646715892155
57 0.10015962935605849
58 0.10014440201128764
59 0.10013063039032133
60 0.10011817475326122
61 0.1001069088784551
62 0.10009671873593379
63 -7.033050319415787
0 0.18658664468889427
1 0.1763982940381967
2 0.1671900327995946
3 0.15895781839130554
4 0.1516636190844844
5 0.1452459481370468
6 0.13962939931797658
7 0.13473241748547546
8 0.1304730782755499
9 0.12677300748333042
10 0.12355975387754527
11 0.1207679845408343
12 0.11833984997438568
13 0.11622480780595984
14 0.11437912578895197
15 0.11276522159902662
16 0.11135094500025992
17 0.11010886852555249
18 0.10901562465252758
19 0.10805130837719247
20 0.10719895182758091
21 0.10644407014880868
22 0.10577427377564824
23 0.10517894023798045
24 0.10464893800551844
25 0.10417639501825557
26 0.10375450510716032
27 0.10337736625686686
28 0.1030398454613585
29 0.10273746569649007
30 0.10246631123978639
31 0.10222294819093554
32 0.10200435758300277
33 0.10180787892875184
34 0.10163116242663268
35 0.10147212836602296
36 0.10132893253164928
37 0.10119993662007773
38 0.1010836828561069
39 0.1009788721394201
40 0.10088434516861834
41 0.10079906608465877
42 0.10072210825391316
43 0.10065264187430507
44 0.10058992314046185
45 0.1005332847465803
46 0.10048212754083859
47 0.10043591317461148
48 0.10039415761344514
49 0.10035642539719289
50 0.10032232455294773
51 0.10029150207864516
52 0.10026363992675447
53 0.10023845142719358
54 0.10021567809713344
55 0.1001950867921019
56 0.10017646715892176
57 0.10015962935605989
58 0.10014440201128703
59 0.10013063039032535
60 0.1001181747532568
61 0.10010690887845711
62 0.1000967187359354
63 -7.033050319415791
0 0.18658664468889669
1 0.1763982940381965
2 0.1671900327995929
3 0.15895781839130613
4 0.15166361908448364
5 0.14524594813704816
6 0.13962939931797447
7 0.13473241748547585
8 0.13047307827554874
9 0.1267730074833312
10 0.12355975387754821
11 0.12076798454083332
12 0.11833984997438332
13 0.11622480780596103
14 0.11437912578895396
15 0.11276522159902662
16 0.11135094500025694
17 0.11010886852555389
18 0.10901562465252719
19 0.10805130837719087
20 0.1071989518275805
21 0.10644407014881267
22 0.10577427377564505
23 0.10517894023798185
24 0.10464893800551744
25 0.10417639501825637
26 0.10375450510715852
27 0.10337736625686805
28 0.10303984546135929
29 0.10273746569648948
30 0.1024663112397882
31 0.10222294819093494
32 0.10200435758300078
33 0.10180787892875284
34 0.10163116242662967
35 0.10147212836602618
36 0.10132893253164947
37 0.10119993662007953
38 0.1010836828561033
39 0.1009788721394219
40 0.10088434516861554
41 0.10079906608466077
42 0.10072210825391376
43 0.10065264187430387
44 0.10058992314046104
45 0.1005332847465809
46 0.10048212754084039
47 0.10043591317461108
48 0.10039415761344313
49 0.1003564253971953
50 0.10032232455294733
51 0.10029150207864496
52 0.10026363992675427
53 0.10023845142719257
54 0.10021567809713344
55 0.10019508679210372
56 0.10017646715892176
57 0.10015962935605667
58 0.10014440201128985
59 0.10013063039032173
60 0.10011817475326021
61 0.1001069088784549
62 0.10009671873593921
63 -7.033050319415793
0 0.1865866446888965
1 0.17639829403819726
2 0.1671900327995927
3 0.1589578183913063
4 0.15166361908448517
5 0.14524594813704625
6 0.1396293993179758
7 0.1347324174854741
8 0.13047307827554933
9 0.12677300748333062
10 0.12355975387754899
11 0.12076798454083391
12 0.1183398499743843
13 0.11622480780595845
14 0.11437912578895099
15 0.11276522159903196
16 0.11135094500025555
17 0.11010886852555449
18 0.10901562465252738
19 0.10805130837719186
20 0.10719895182758091
21 0.10644407014880848
22 0.10577427377564624
23 0.10517894023798224
24 0.10464893800551624
25 0.10417639501825757
26 0.10375450510715953
27 0.10337736625686766
28 0.1030398454613601
29 0.10273746569648848
30 0.1024663112397866
31 0.10222294819093855
32 0.10200435758299736
33 0.10180787892875486
34 0.10163116242662988
35 0.10147212836602416
36 0.10132893253165007
37 0.10119993662007873
38 0.1010836828561059
39 0.10097887213942111
40 0.10088434516861775
41 0.10079906608465918
42 0.10072210825391195
43 0.10065264187430548
44 0.10058992314046145
45 0.10053328474657909
46 0.1004821275408412
47 0.10043591317461228
48 0.10039415761344272
49 0.1003564253971927
50 0.10032232455294793
51 0.10029150207864677
52 0.10026363992675366
53 0.10023845142719377
54 0.10021567809713264
55 0.10019508679210391
56 0.10017646715892195
57 0.10015962935605728
58 0.10014440201128864
59 0.10013063039032152
60 0.10011817475325821
61 0.10010690887845952
62 0.10009671873593459
63 -7.03305031941579
0 0.1865866446888939
1 0.1763982940381969
2 0.16719003279959405
3 0.15895781839130707
4 0.15166361908448192
5 0.1452459481370474
6 0.13962939931797658
7 0.13473241748547546
8 0.13047307827554797
9 0.1267730074833312
10 0.12355975387754918
11 0.12076798454083332
12 0.1183398499743839
13 0.11622480780595806
14 0.11437912578895276
15 0.11276522159902959
16 0.11135094500025773
17 0.11010886852555189
18 0.10901562465252719
19 0.10805130837719247
20 0.10719895182758091
21 0.10644407014880948
22 0.10577427377564724
23 0.10517894023798145
24 0.10464893800551704
25 0.10417639501825718
26 0.10375450510715772
27 0.10337736625686966
28 0.10303984546135969
29 0.10273746569648727
30 0.1024663112397888
31 0.10222294819093615
32 0.10200435758299937
33 0.10180787892875384
34 0.10163116242663088
35 0.10147212836602357
36 0.10132893253164887
37 0.10119993662007953
38 0.10108368285610529
39 0.1009788721394203
40 0.10088434516861694
41 0.10079906608466117
42 0.10072210825391295
43 0.10065264187430246
44 0.10058992314046365
45 0.1005332847465821
46 0.10048212754083719
47 0.10043591317461269
48 0.10039415761344433
49 0.1003564253971937
50 0.10032232455294451
51 0.10029150207864858
52 0.10026363992675266
53 0.10023845142719498
54 0.10021567809713063
55 0.10019508679210391
56 0.10017646715892356
57 0.10015962935605707
58 0.10014440201128784
59 0.10013063039032113
60 0.10011817475326142
61 0.10010690887845691
62 0.1000967187359358
63 -7.033050319415789
0 0.18658664468889447
1 0.17639829403819876
2 0.16719003279959216
3 0.1589578183913082
4 0.1516636190844844
5 0.1452459481370474
6 0.1396293993179762
7 0.13473241748547507
8 0.13047307827554797
9 0.1267730074833314
10 0.1235597538775486
11 0.1207679845408343
12 0.11833984997438313
13 0.11622480780595984
14 0.11437912578895158
15 0.1127652215990284
16 0.11135094500025615
17 0.11010886852555568
18 0.109015624652526
19 0.10805130837719346
20 0.1071989518275797
21 0.10644407014880887
22 0.10577427377564565
23 0.10517894023798285
24 0.10464893800551983
25 0.10417639501825417
26 0.10375450510716053
27 0.10337736625687026
28 0.10303984546135589
29 0.10273746569648928
30 0.1024663112397856
31 0.10222294819094016
32 0.10200435758299937
33 0.10180787892874983
34 0.10163116242663268
35 0.10147212836602597
36 0.10132893253165047
37 0.10119993662007712
38 0.10108368285610408
39 0.10097887213942111
40 0.10088434516861654
41 0.10079906608465997
42 0.10072210825391396
43 0.10065264187430185
44 0.10058992314046225
45 0.1005332847465817
46 0.10048212754084039
47 0.10043591317461108
48 0.10039415761344533
49 0.10035642539719149
50 0.10032232455294733
51 0.10029150207864697
52 0.10026363992675306
53 0.10023845142719176
54 0.10021567809713404
55 0.10019508679210593
56 0.10017646715892276
57 0.10015962935605567
58 0.10014440201128744
59 0.10013063039032374
60 0.1001181747532568
61 0.10010690887845791
62 0.1000967187359354
63 -7.03305031941579
0 0.18658664468889483
1 0.1763982940381967
2 0.16719003279959574
3 0.15895781839130366
4 0.15166361908448478
5 0.14524594813704836
6 0.13962939931797716
7 0.13473241748547235
8 0.13047307827555107
9 0.12677300748332943
10 0.12355975387754684
11 0.1207679845408349
12 0.1183398499743851
13 0.11622480780595866
14 0.11437912578895276
15 0.11276522159902641
16 0.11135094500025833
17 0.11010886852555349
18 0.10901562465252879
19 0.10805130837719266
20 0.1071989518275801
21 0.10644407014880927
22 0.10577427377564945
23 0.10517894023797945
24 0.10464893800551643
25 0.10417639501825478
26 0.10375450510716272
27 0.10337736625686786
28 0.10303984546135608
29 0.10273746569648988
30 0.1024663112397886
31 0.10222294819093734
32 0.10200435758300118
33 0.10180787892875044
34 0.10163116242662948
35 0.10147212836602718
36 0.10132893253164726
37 0.10119993662008074
38 0.10108368285610429
39 0.10097887213942211
40 0.10088434516861634
41 0.10079906608466017
42 0.10072210825391496
43 0.10065264187429945
44 0.10058992314046507
45 0.10053328474657829
46 0.1004821275408414
47 0.10043591317460968
48 0.10039415761344775
49 0.10035642539719289
50 0.10032232455294572
51 0.10029150207864637
52 0.10026363992675447
53 0.10023845142719377
54 0.10021567809713122
55 0.10019508679210573
56 0.10017646715891915
57 0.10015962935606029
58 0.10014440201128563
59 0.10013063039032595
60 0.10011817475325821
61 0.1001069088784551
62 0.1000967187359366
63 -7.03305031941579
0 0.18658664468889705
1 0.17639829403819596
2 0.16719003279959385
3 0.15895781839130535
4 0.1516636190844838
5 0.14524594813704989
6 0.13962939931797735
7 0.13473241748547274
8 0.13047307827554952
9 0.1267730074833308
10 0.12355975387754918
11 0.12076798454083115
12 0.11833984997438549
13 0.11622480780595629
14 0.11437912578895434
15 0.11276522159902701
16 0.11135094500026131
17 0.1101088685255501
18 0.10901562465252998
19 0.10805130837719167
20 0.1071989518275819
21 0.10644407014880768
22 0.10577427377564765
23 0.10517894023798105
24 0.10464893800551744
25 0.10417639501825517
26 0.10375450510715972
27 0.10337736625686966
28 0.1030398454613577
29 0.10273746569648967
30 0.1024663112397886
31 0.10222294819093554
32 0.10200435758300078
33 0.10180787892874983
34 0.10163116242663449
35 0.10147212836602316
36 0.10132893253165028
37 0.10119993662007873
38 0.1010836828561047
39 0.10097887213942251
40 0.10088434516861755
41 0.10079906608466017
42 0.10072210825391135
43 0.10065264187430185
44 0.10058992314046507
45 0.10053328474657929
46 0.10048212754084039
47 0.10043591317460787
48 0.10039415761344855
49 0.10035642539719049
50 0.10032232455294894
51 0.10029150207864697
52 0.10026363992675306
53 0.10023845142719116
54 0.10021567809713484
55 0.1001950867921023
56 0.10017646715892235
57 0.10015962935605748
58 0.10014440201128764
59 0.10013063039032313
60 0.10011817475326061
61 0.10010690887845611
62 0.10009671873593279
63 -7.033050319415789
0 0.18658664468889669
1 0.1763982940381969
2 0.16719003279959346
3 0.15895781839130613
4 0.15166361908448228
5 0.145245948137052
6 0.13962939931797716
7 0.1347324174854706
8 0.1304730782755499
9 0.126773007483331
10 0.12355975387754684
11 0.12076798454083608
12 0.11833984997438234
13 0.11622480780595845
14 0.11437912578895376
15 0.11276522159902919
16 0.11135094500025673
17 0.11010886852555189
18 0.10901562465252977
19 0.10805130837719307
20 0.10719895182757831
21 0.10644407014881127
22 0.10577427377564605
23 0.10517894023798025
24 0.10464893800551664
25 0.10417639501825537
26 0.10375450510716132
27 0.10337736625686846
28 0.10303984546135869
29 0.10273746569648967
30 0.1024663112397904
31 0.10222294819093435
32 0.10200435758299917
33 0.10180787892875265
34 0.10163116242663228
35 0.10147212836602476
36 0.10132893253164987
37 0.10119993662007733
38 0.1010836828561059
39 0.1009788721394205
40 0.10088434516861815
41 0.10079906608465956
42 0.10072210825391095
43 0.10065264187430527
44 0.10058992314046285
45 0.10053328474657809
46 0.100482127540842
47 0.10043591317461108
48 0.10039415761344413
49 0.1003564253971945
50 0.10032232455294653
51 0.10029150207864737
52 0.10026363992675326
53 0.10023845142719157
54 0.10021567809713364
55 0.10019508679210332
56 0.10017646715892356
57 0.10015962935605648
58 0.10014440201128684
59 0.10013063039032495
60 0.1001181747532576
61 0.10010690887845389
62 0.10009671873593941
63 -7.033050319415792
0 0.1865866446888952
1 0.1763982940381969
2 0.16719003279959255
3 0.15895781839130915
4 0.15166361908448267
5 0.14524594813704528
6 0.13962939931797833
7 0.13473241748547352
8 0.13047307827554894
9 0.1267730074833316
10 0.12355975387754761
11 0.12076798454083351
12 0.1183398499743843
13 0.11622480780596063
14 0.11437912578895217
15 0.1127652215990282
16 0.11135094500025793
17 0.1101088685255527
18 0.10901562465252958
19 0.10805130837719067
20 0.1071989518275797
21 0.10644407014880987
22 0.10577427377564624
23 0.10517894023798086
24 0.10464893800551864
25 0.10417639501825438
26 0.10375450510716172
27 0.10337736625687007
28 0.10303984546135529
29 0.10273746569648988
30 0.102466311239789
31 0.10222294819093836
32 0.10200435758299817
33 0.10180787892875325
34 0.10163116242662967
35 0.10147212836602637
36 0.10132893253164907
37 0.10119993662007833
38 0.10108368285610529
39 0.1009788721394201
40 0.10088434516861715
41 0.10079906608465997
42 0.10072210825391376
43 0.10065264187430246
44 0.10058992314046285
45 0.1005332847465799
46 0.10048212754084039
47 0.10043591317461129
48 0.10039415761344433
49 0.1003564253971947
50 0.10032232455294572
51 0.10029150207864637
52 0.10026363992675508
53 0.10023845142719197
54 0.10021567809713605
55 0.1001950867921005
56 0.10017646715892216
57 0.10015962935605648
58 0.10014440201129006
59 0.10013063039032273
60 0.10011817475325921
61 0.10010690887845469
62 0.10009671873593741
63 -7.033050319415789
0 0.1865866446888952
1 0.17639829403819635
2 0.167190032799595
3 0.158957818391305
4 0.15166361908448572
5 0.1452459481370468
6 0.13962939931797544
7 0.13473241748547585
8 0.13047307827554933
9 0.12677300748333023
10 0.12355975387754821
11 0.12076798454083372
12 0.11833984997438371
13 0.11622480780595965
14 0.11437912578895079
15 0.11276522159902959
16 0.11135094500025673
17 0.11010886852555189
18 0.10901562465252958
19 0.10805130837719466
20 0.1071989518275791
21 0.10644407014880887
22 0.10577427377564864
23 0.10517894023797825
24 0.10464893800552083
25 0.10417639501825338
26 0.10375450510716072
27 0.10337736625686726
28 0.1030398454613605
29 0.10273746569648587
30 0.1024663112397894
31 0.10222294819093876
32 0.10200435758299717
33 0.10180787892875184
34 0.10163116242663349
35 0.10147212836602437
36 0.10132893253165148
37 0.10119993662007733
38 0.10108368285610489
39 0.10097887213942071
40 0.10088434516861694
41 0.10079906608465956
42 0.10072210825391356
43 0.10065264187430166
44 0.10058992314046365
45 0.10053328474657809
46 0.1004821275408416
47 0.10043591317461249
48 0.10039415761344514
49 0.10035642539719149
50 0.10032232455294793
51 0.10029150207864557
52 0.10026363992675387
53 0.10023845142719237
54 0.10021567809713444
55 0.10019508679210512
56 0.10017646715892216
57 0.10015962935605849
58 0.10014440201128563
59 0.10013063039032152
60 0.10011817475326243
61 0.1001069088784527
62 0.100096718735939
63 -7.033050319415792
0 0.18658664468889613
1 0.1763982940381958
2 0.1671900327995929
3 0.1589578183913082
4 0.151663619084484
5 0.14524594813704605
6 0.13962939931797755
7 0.13473241748547488
8 0.13047307827554835
9 0.1267730074833314
10 0.1235597538775478
11 0.12076798454083332
12 0.11833984997438667
13 0.11622480780595845
14 0.11437912578895158
15 0.1127652215990284
16 0.11135094500025754
17 0.11010886852555309
18 0.10901562465252917
19 0.10805130837718907
20 0.1071989518275813
21 0.10644407014880967
22 0.10577427377564905
23 0.10517894023797986
24 0.10464893800551724
25 0.10417639501825657
26 0.10375450510715832
27 0.10337736625686986
28 0.10303984546135789
29 0.10273746569648867
30 0.1024663112397862
31 0.10222294819093955
32 0.10200435758299976
33 0.10180787892875023
34 0.10163116242663328
35 0.10147212836602316
36 0.10132893253165208
37 0.10119993662007833
38 0.10108368285610309
39 0.1009788721394213
40 0.10088434516861734
41 0.10079906608465956
42 0.10072210825391356
43 0.10065264187430427
44 0.10058992314046185
45 0.10053328474657929
46 0.10048212754083959
47 0.10043591317461108
48 0.10039415761344775
49 0.10035642539719068
50 0.10032232455294712
51 0.10029150207864697
52 0.10026363992675266
53 0.10023845142719197
54 0.10021567809713484
55 0.10019508679210552
56 0.10017646715892095
57 0.10015962935605748
58 0.10014440201128663
59 0.10013063039032495
60 0.10011817475325821
61 0.10010690887845711
62 0.1000967187359358
63 -7.033050319415792
0 0.1865866446888965
1 0.17639829403819615
2 0.16719003279959424
3 0.158957818391305
4 0.15166361908448533
5 0.145245948137047
6 0.13962939931797505
7 0.1347324174854743
8 0.13047307827555127
9 0.12677300748333042
10 0.12355975387754703
11 0.12076798454083608
12 0.11833984997438371
13 0.11622480780595747
14 0.11437912578895355
15 0.11276522159902581
16 0.1113509450002615
17 0.1101088685255523
18 0.10901562465252838
19 0.10805130837719126
20 0.1071989518275797
21 0.10644407014880748
22 0.10577427377565024
23 0.10517894023798045
24 0.10464893800551683
25 0.10417639501825657
26 0.10375450510715913
27 0.10337736625686907
28 0.10303984546135748
29 0.10273746569649088
30 0.1024663112397862
31 0.10222294819093876
32 0.10200435758299817
33 0.10180787892875304
34 0.10163116242662927
35 0.10147212836602838
36 0.10132893253164646
37 0.10119993662008094
38 0.10108368285610268
39 0.10097887213942211
40 0.10088434516861675
41 0.10079906608465937
42 0.10072210825391195
43 0.10065264187430607
44 0.10058992314046265
45 0.10053328474657969
46 0.10048212754083959
47 0.10043591317461269
48 0.10039415761344292
49 0.1003564253971943
50 0.10032232455294733
51 0.10029150207864657
52 0.10026363992675366
53 0.10023845142719297
54 0.10021567809713264
55 0.10019508679210332
56 0.10017646715892155
57 0.10015962935605949
58 0.10014440201128644
59 0.10013063039032374
60 0.100118174753258
61 0.1001069088784563
62 0.1000967187359364
63 -7.03305031941579
0 0.18658664468889335
1 0.1763982940381965
2 0.16719003279959685
3 0.1589578183913063
4 0.1516636190844842
5 0.1452459481370443
6 0.13962939931797833
7 0.1347324174854737
8 0.13047307827554874
9 0.12677300748333217
10 0.12355975387754703
11 0.1207679845408351
12 0.11833984997438253
13 0.11622480780596044
14 0.11437912578895137
15 0.11276522159902741
16 0.11135094500026012
17 0.11010886852555091
18 0.10901562465253077
19 0.10805130837719207
20 0.10719895182757812
21 0.10644407014881027
22 0.10577427377564884
23 0.10517894023797986
24 0.10464893800551624
25 0.10417639501825737
26 0.10375450510715913
27 0.10337736625686945
28 0.10303984546135729
29 0.10273746569648808
30 0.1024663112397882
31 0.10222294819093815
32 0.10200435758299817
33 0.10180787892875265
34 0.10163116242663148
35 0.10147212836602557
36 0.10132893253165227
37 0.10119993662007633
38 0.1010836828561051
39 0.10097887213942151
40 0.10088434516861815
41 0.10079906608465655
42 0.10072210825391577
43 0.10065264187430085
44 0.10058992314046346
45 0.10053328474657888
46 0.1004821275408406
47 0.10043591317460948
48 0.10039415761344593
49 0.1003564253971931
50 0.10032232455294612
51 0.10029150207864818
52 0.10026363992675406
53 0.10023845142719277
54 0.10021567809713383
55 0.10019508679210291
56 0.10017646715892256
57 0.10015962935605809
58 0.10014440201128784
59 0.10013063039032133
60 0.10011817475326001
61 0.1001069088784555
62 0.1000967187359366
63 -7.033050319415789
0 0.1865866446888952
1 0.17639829403819726
2 0.16719003279959366
3 0.15895781839130743
4 0.15166361908448553
5 0.1452459481370449
6 0.13962939931797774
7 0.13473241748547235
8 0.13047307827554894
9 0.1267730074833314
10 0.12355975387754761
11 0.12076798454083568
12 0.11833984997438214
13 0.11622480780596142
14 0.11437912578895158
15 0.1127652215990284
16 0.11135094500025773
17 0.1101088685255521
18 0.10901562465252998
19 0.10805130837719126
20 0.10719895182758031
21 0.10644407014880927
22 0.10577427377564645
23 0.10517894023798245
24 0.10464893800551443
25 0.10417639501825778
26 0.10375450510715892
27 0.10337736625686726
28 0.1030398454613619
29 0.10273746569648727
30 0.1024663112397884
31 0.10222294819093836
32 0.10200435758299656
33 0.10180787892875365
34 0.10163116242662988
35 0.10147212836602658
36 0.10132893253164867
37 0.10119993662007994
38 0.1010836828561047
39 0.10097887213942111
40 0.10088434516861634
41 0.10079906608466077
42 0.10072210825391316
43 0.10065264187430306
44 0.10058992314046225
45 0.1005332847465809
46 0.1004821275408398
47 0.10043591317460927
48 0.10039415761344775
49 0.10035642539719168
50 0.10032232455294451
51 0.10029150207864898
52 0.10026363992675427
53 0.10023845142719136
54 0.10021567809713464
55 0.10019508679210291
56 0.10017646715892417
57 0.10015962935605648
58 0.10014440201128724
59 0.10013063039032374
60 0.100118174753259
61 0.1001069088784553
62 0.10009671873593479
63 -7.033050319415788
0 0.18658664468889483
1 0.1763982940381969
2 0.16719003279959554
3 0.15895781839130516
4 0.15166361908448478
5 0.14524594813704778
6 0.13962939931797697
7 0.13473241748547332
8 0.13047307827554835
9 0.12677300748333237
10 0.12355975387754684
11 0.12076798454083233
12 0.11833984997438647
13 0.11622480780595885
14 0.11437912578895158
15 0.1127652215990288
16 0.11135094500025912
17 0.1101088685255501
18 0.10901562465253156
19 0.10805130837719087
20 0.10719895182757991
21 0.10644407014881087
22 0.10577427377564684
23 0.10517894023798005
24 0.10464893800551944
25 0.10417639501825397
26 0.10375450510715992
27 0.10337736625686786
28 0.10303984546135869
29 0.10273746569648867
30 0.1024663112397886
31 0.10222294819093815
32 0.10200435758299876
33 0.10180787892875184
34 0.10163116242663228
35 0.10147212836602497
36 0.10132893253164887
37 0.10119993662007792
38 0.1010836828561061
39 0.10097887213942351
40 0.10088434516861373
41 0.10079906608465977
42 0.10072210825391376
43 0.10065264187430287
44 0.10058992314046206
45 0.10053328474657888
46 0.1004821275408424
47 0.10043591317461048
48 0.10039415761344332
49 0.1003564253971939
50 0.10032232455294833
51 0.10029150207864697
52 0.10026363992675025
53 0.10023845142719638
54 0.10021567809713203
55 0.10019508679210533
56 0.10017646715892055
57 0.10015962935605707
58 0.10014440201129025
59 0.10013063039032173
60 0.100118174753257
61 0.1001069088784567
62 0.10009671873593459
63 -7.033050319415788
0 0.18658664468889335
1 0.1763982940381969
2 0.16719003279959405
3 0.15895781839130838
4 0.15166361908448114
5 0.14524594813705066
6 0.13962939931797466
7 0.13473241748547488
8 0.13047307827554971
9 0.1267730074833314
10 0.12355975387754527
11 0.12076798454083588
12 0.1183398499743845
13 0.11622480780595747
14 0.11437912578895237
15 0.1127652215990282
16 0.11135094500025933
17 0.1101088685255533
18 0.10901562465252719
19 0.10805130837719386
20 0.10719895182757751
21 0.10644407014880967
22 0.10577427377564765
23 0.10517894023798205
24 0.10464893800551604
25 0.10417639501825597
26 0.10375450510716253
27 0.10337736625686826
28 0.10303984546135629
29 0.10273746569648907
30 0.1024663112397892
31 0.10222294819093695
32 0.10200435758299937
33 0.10180787892875084
34 0.10163116242663169
35 0.10147212836602476
36 0.10132893253165108
37 0.10119993662007934
38 0.10108368285610268
39 0.1009788721394219
40 0.10088434516861815
41 0.10079906608465797
42 0.10072210825391437
43 0.10065264187430327
44 0.10058992314046225
45 0.10053328474657729
46 0.10048212754084221
47 0.10043591317461269
48 0.10039415761344372
49 0.10035642539719289
50 0.10032232455294632
51 0.10029150207864677
52 0.10026363992675427
53 0.10023845142719437
54 0.10021567809713323
55 0.1001950867921027
56 0.10017646715892135
57 0.10015962935605809
58 0.10014440201128744
59 0.10013063039032574
60 0.1001181747532568
61 0.10010690887845469
62 0.10009671873593981
63 -7.033050319415792
0 0.18658664468889538
1 0.17639829403819615
2 0.16719003279959216
3 0.15895781839130782
4 0.15166361908448267
5 0.14524594813705105
6 0.13962939931797388
7 0.13473241748547254
8 0.13047307827555166
9 0.12677300748332787
10 0.12355975387755096
11 0.12076798454083332
12 0.11833984997438589
13 0.11622480780595708
14 0.11437912578895376
15 0.11276522159902483
16 0.11135094500026012
17 0.1101088685255511
18 0.10901562465252838
19 0.10805130837719486
20 0.1071989518275801
21 0.10644407014880689
22 0.10577427377564984
23 0.10517894023797945
24 0.10464893800551864
25 0.10417639501825517
26 0.10375450510716032
27 0.10337736625686786
28 0.1030398454613591
29 0.10273746569648687
30 0.1024663112397902
31 0.10222294819093615
32 0.10200435758300097
33 0.10180787892875144
34 0.10163116242663188
35 0.10147212836602336
36 0.10132893253165068
37 0.10119993662007773
38 0.1010836828561051
39 0.10097887213942291
40 0.10088434516861634
41 0.10079906608465897
42 0.10072210825391356
43 0.10065264187430287
44 0.10058992314046225
45 0.10053328474658009
46 0.1004821275408402
47 0.10043591317461228
48 0.10039415761344292
49 0.1003564253971953
50 0.10032232455294392
51 0.10029150207864758
52 0.10026363992675306
53 0.10023845142719257
54 0.10021567809713444
55 0.10019508679210673
56 0.10017646715892135
57 0.10015962935605768
58 0.10014440201128504
59 0.10013063039032233
60 0.10011817475326182
61 0.10010690887845651
62 0.1000967187359358
63 -7.03305031941579
0 0.1865866446888952
1 0.17639829403819524
2 0.1671900327995929
3 0.1589578183913095
4 0.15166361908448248
5 0.14524594813704758
6 0.13962939931797677
7 0.1347324174854739
8 0.13047307827554777
9 0.126773007483331
10 0.12355975387754939
11 0.1207679845408343
12 0.11833984997438332
13 0.11622480780596044
14 0.11437912578895297
15 0.11276522159902581
16 0.11135094500025892
17 0.11010886852555289
18 0.10901562465252819
19 0.10805130837719386
20 0.10719895182758031
21 0.10644407014880808
22 0.10577427377564684
23 0.10517894023798165
24 0.10464893800551764
25 0.10417639501825478
26 0.10375450510716053
27 0.10337736625686826
28 0.10303984546135729
29 0.10273746569649068
30 0.102466311239786
31 0.10222294819094116
32 0.10200435758299556
33 0.10180787892875585
34 0.10163116242662927
35 0.10147212836602296
36 0.10132893253165087
37 0.10119993662007934
38 0.10108368285610449
39 0.1009788721394203
40 0.10088434516861755
41 0.10079906608465997
42 0.10072210825391356
43 0.10065264187430166
44 0.10058992314046325
45 0.10053328474657929
46 0.10048212754084321
47 0.10043591317460707
48 0.10039415761344694
49 0.10035642539719168
50 0.10032232455294632
51 0.10029150207864818
52 0.10026363992675347
53 0.10023845142719176
54 0.10021567809713504
55 0.10019508679210372
56 0.10017646715892195
57 0.10015962935605849
58 0.10014440201128703
59 0.10013063039032334
60 0.1001181747532574
61 0.1001069088784567
62 0.1000967187359376
63 -7.03305031941579
0 0.1865866446888939
1 0.17639829403819726
2 0.1671900327995948
3 0.15895781839130366
4 0.15166361908448572
5 0.14524594813704816
6 0.13962939931797466
7 0.13473241748547604
8 0.13047307827554952
9 0.12677300748332904
10 0.12355975387754703
11 0.1207679845408343
12 0.11833984997438529
13 0.11622480780595945
14 0.11437912578895039
15 0.11276522159902622
16 0.11135094500026131
17 0.11010886852555249
18 0.10901562465252819
19 0.10805130837719326
20 0.10719895182757891
21 0.10644407014881048
22 0.10577427377564724
23 0.10517894023798045
24 0.10464893800551783
25 0.10417639501825597
26 0.10375450510715792
27 0.10337736625687086
28 0.10303984546135729
29 0.10273746569648787
30 0.1024663112397884
31 0.10222294819094056
32 0.10200435758299696
33 0.10180787892875204
34 0.10163116242663148
35 0.10147212836602557
36 0.10132893253164807
37 0.10119993662008094
38 0.10108368285610368
39 0.1009788721394223
40 0.10088434516861594
41 0.10079906608465897
42 0.10072210825391577
43 0.10065264187430327
44 0.10058992314046125
45 0.10053328474657969
46 0.10048212754084039
47 0.10043591317461029
48 0.10039415761344735
49 0.10035642539719229
50 0.10032232455294572
51 0.10029150207864396
52 0.10026363992675809
53 0.10023845142719096
54 0.10021567809713404
55 0.10019508679210332
56 0.10017646715892235
57 0.10015962935605809
58 0.10014440201128703
59 0.10013063039032374
60 0.10011817475325861
61 0.1001069088784555
62 0.10009671873593741
63 -7.033050319415789
0 0.18658664468889483
1 0.1763982940381954
2 0.16719003279959668
3 0.15895781839130516
4 0.151663619084484
5 0.14524594813704816
6 0.13962939931797716
7 0.13473241748547293
8 0.1304730782755464
9 0.12677300748333395
10 0.1235597538775478
11 0.1207679845408345
12 0.11833984997438253
13 0.11622480780596003
14 0.11437912578895237
15 0.11276522159902899
16 0.11135094500025873
17 0.1101088685255515
18 0.10901562465252819
19 0.10805130837719107
20 0.1071989518275797
21 0.10644407014880908
22 0.10577427377564884
23 0.10517894023797945
24 0.10464893800551844
25 0.10417639501825618
26 0.10375450510716012
27 0.10337736625687047
28 0.10303984546135748
29 0.10273746569648907
30 0.1024663112397856
31 0.10222294819093876
32 0.10200435758299836
33 0.10180787892875184
34 0.10163116242663248
35 0.10147212836602457
36 0.10132893253165028
37 0.10119993662007813
38 0.10108368285610529
39 0.1009788721394209
40 0.10088434516861775
41 0.10079906608465918
42 0.10072210825391276
43 0.10065264187430306
44 0.10058992314046346
45 0.1005332847465807
46 0.10048212754083859
47 0.10043591317461269
48 0.10039415761344453
49 0.10035642539719289
50 0.10032232455294653
51 0.10029150207864557
52 0.10026363992675366
53 0.10023845142719358
54 0.10021567809713484
55 0.10019508679210332
56 0.10017646715892135
57 0.10015962935605728
58 0.10014440201128905
59 0.10013063039032334
60 0.100118174753259
61 0.1001069088784549
62 0.10009671873593701
63 -7.033050319415791
0 0.1865866446888972
1 0.17639829403819504
2 0.167190032799595
3 0.15895781839130574
4 0.15166361908448364
5 0.1452459481370468
6 0.13962939931797716
7 0.13473241748547488
8 0.13047307827554738
9 0.12677300748333256
10 0.12355975387754585
11 0.12076798454083529
12 0.1183398499743843
13 0.11622480780595826
14 0.11437912578895415
15 0.1127652215990284
16 0.11135094500025833
17 0.11010886852555249
18 0.10901562465252958
19 0.10805130837718928
20 0.1071989518275791
21 0.10644407014881048
22 0.10577427377564884
23 0.10517894023798065
24 0.10464893800551604
25 0.10417639501825517
26 0.10375450510716153
27 0.10337736625686726
28 0.1030398454613599
29 0.10273746569648808
30 0.1024663112397892
31 0.10222294819093876
32 0.10200435758299757
33 0.10180787892875244
34 0.10163116242663088
35 0.10147212836602336
36 0.10132893253165108
37 0.10119993662007833
38 0.1010836828561055
39 0.1009788721394209
40 0.10088434516861634
41 0.10079906608466017
42 0.10072210825391155
43 0.10065264187430406
44 0.10058992314046365
45 0.10053328474657909
46 0.1004821275408438
47 0.10043591317460887
48 0.10039415761344272
49 0.1003564253971935
50 0.10032232455294572
51 0.10029150207864758
52 0.10026363992675508
53 0.10023845142719216
54 0.10021567809713464
55 0.10019508679210412
56 0.10017646715892055
57 0.10015962935605909
58 0.10014440201128663
59 0.10013063039032313
60 0.10011817475326021
61 0.10010690887845611
62 0.10009671873593379
63 -7.033050319415789
0 0.18658664468889463
1 0.17639829403819968
2 0.16719003279959255
3 0.158957818391305
4 0.15166361908448248
5 0.14524594813705066
6 0.13962939931797524
7 0.13473241748547643
8 0.13047307827554758
9 0.12677300748333062
10 0.12355975387754801
11 0.12076798454083351
12 0.1183398499743849
13 0.11622480780595727
14 0.11437912578895594
15 0.11276522159902404
16 0.1113509450002617
17 0.11010886852554912
18 0.10901562465252858
19 0.10805130837719147
20 0.1071989518275815
21 0.10644407014881048
22 0.10577427377564745
23 0.10517894023797945
24 0.10464893800551923
25 0.10417639501825557
26 0.10375450510715953
27 0.10337736625687106
28 0.1030398454613585
29 0.10273746569648567
30 0.1024663112397892
31 0.10222294819093734
32 0.10200435758299817
33 0.10180787892875405
34 0.10163116242663067
35 0.10147212836602357
36 0.10132893253165168
37 0.10119993662007712
38 0.1010836828561057
39 0.10097887213942211
40 0.10088434516861675
41 0.10079906608465856
42 0.10072210825391376
43 0.10065264187430367
44 0.10058992314046045
45 0.1005332847465803
46 0.1004821275408424
47 0.10043591317460948
48 0.10039415761344493
49 0.1003564253971939
50 0.10032232455294712
51 0.10029150207864718
52 0.10026363992675247
53 0.10023845142719337
54 0.10021567809713344
55 0.10019508679210472
56 0.10017646715892135
57 0.10015962935605648
58 0.10014440201128784
59 0.10013063039032354
60 0.100118174753259
61 0.10010690887845611
62 0.10009671873593459
63 -7.033050319415788
0 0.18658664468889463
1 0.1763982940381956
2 0.16719003279959516
3 0.1589578183913044
4 0.1516636190844842
5 0.14524594813704989
6 0.13962939931797677
7 0.13473241748547138
8 0.13047307827555069
9 0.12677300748332923
10 0.12355975387754821
11 0.12076798454083529
12 0.11833984997438411
13 0.11622480780595885
14 0.11437912578895237
15 0.1127652215990278
16 0.11135094500025892
17 0.1101088685255523
18 0.1090156246525254
19 0.10805130837719605
20 0.10719895182757831
21 0.10644407014880987
22 0.10577427377564624
23 0.10517894023798124
24 0.10464893800551944
25 0.10417639501825478
26 0.10375450510715852
27 0.10337736625687066
28 0.1030398454613591
29 0.10273746569648708
30 0.1024663112397898
31 0.10222294819093695
32 0.10200435758299857
33 0.10180787892875244
34 0.10163116242663107
35 0.10147212836602416
36 0.10132893253164947
37 0.10119993662007873
38 0.10108368285610489
39 0.10097887213942151
40 0.10088434516861634
41 0.10079906608466017
42 0.10072210825391255
43 0.10065264187430387
44 0.10058992314046346
45 0.10053328474657929
46 0.10048212754083899
47 0.10043591317461108
48 0.10039415761344574
49 0.1003564253971939
50 0.10032232455294672
51 0.10029150207864557
52 0.10026363992675387
53 0.10023845142719418
54 0.10021567809713544
55 0.10019508679210291
56 0.10017646715892015
57 0.10015962935606008
58 0.10014440201128423
59 0.10013063039032474
60 0.100118174753258
61 0.1001069088784573
62 0.100096718735936
63 -7.033050319415788
0 0.1865866446888939
1 0.176398294038198
2 0.16719003279959196
3 0.15895781839130668
4 0.15166361908448459
5 0.1452459481370474
6 0.1396293993179762
7 0.13473241748547313
8 0.13047307827555069
9 0.12677300748332865
10 0.12355975387755055
11 0.12076798454083096
12 0.11833984997438825
13 0.11622480780595727
14 0.11437912578895099
15 0.11276522159902919
16 0.11135094500025833
17 0.1101088685255517
18 0.10901562465252879
19 0.10805130837719405
20 0.10719895182757931
21 0.10644407014880908
22 0.10577427377564705
23 0.10517894023798086
24 0.10464893800551824
25 0.10417639501825557
26 0.10375450510715813
27 0.10337736625687026
28 0.1030398454613577
29 0.10273746569648907
30 0.102466311239789
31 0.10222294819093675
32 0.10200435758299796
33 0.10180787892875244
34 0.10163116242663209
35 0.10147212836602658
36 0.10132893253164746
37 0.10119993662008134
38 0.10108368285610429
39 0.1009788721394213
40 0.10088434516861715
41 0.10079906608465757
42 0.10072210825391376
43 0.10065264187430287
44 0.10058992314046405
45 0.10053328474657869
46 0.10048212754083999
47 0.10043591317461309
48 0.10039415761344474
49 0.10035642539719289
50 0.10032232455294693
51 0.10029150207864536
52 0.10026363992675347
53 0.10023845142719297
54 0.10021567809713464
55 0.10019508679210251
56 0.10017646715892377
57 0.10015962935605728
58 0.10014440201128584
59 0.10013063039032434
60 0.10011817475326082
61 0.10010690887845208
62 0.1000967187359372
63 -7.033050319415787
0 0.18658664468889372
1 0.17639829403819615
2 0.16719003279959554
3 0.15895781839130613
4 0.15166361908448553
5 0.14524594813704644
6 0.13962939931797544
7 0.13473241748547526
8 0.13047307827554894
9 0.12677300748332984
10 0.12355975387754643
11 0.12076798454083647
12 0.11833984997438332
13 0.11622480780595845
14 0.11437912578895415
15 0.11276522159902681
16 0.11135094500025873
17 0.11010886852555249
18 0.10901562465253117
19 0.10805130837718928
20 0.1071989518275797
21 0.10644407014881048
22 0.10577427377564765
23 0.10517894023798305
24 0.10464893800551543
25 0.10417639501825637
26 0.10375450510716153
27 0.10337736625686586
28 0.1030398454613591
29 0.10273746569648888
30 0.1024663112397872
31 0.10222294819093855
32 0.10200435758299777
33 0.10180787892875365
34 0.10163116242662948
35 0.10147212836602618
36 0.10132893253164867
37 0.10119993662007994
38 0.10108368285610309
39 0.10097887213942412
40 0.10088434516861573
41 0.10079906608465956
42 0.10072210825391276
43 0.10065264187430226
44 0.10058992314046246
45 0.10053328474658049
46 0.1004821275408424
47 0.10043591317460968
48 0.10039415761344474
49 0.1003564253971951
50 0.10032232455294592
51 0.10029150207864557
52 0.10026363992675387
53 0.10023845142719277
54 0.10021567809713504
55 0.10019508679210111
56 0.10017646715892276
57 0.10015962935605889
58 0.10014440201128644
59 0.10013063039032193
60 0.10011817475326042
61 0.1001069088784577
62 0.10009671873593438
63 -7.033050319415789
0 0.18658664468889538
1 0.176398294038198
2 0.1671900327995929
3 0.1589578183913042
4 0.15166361908448345
5 0.14524594813705258
6 0.1396293993179733
7 0.13473241748547254
8 0.13047307827555282
9 0.12677300748332904
10 0.12355975387754918
11 0.12076798454083332
12 0.11833984997438371
13 0.11622480780595924
14 0.11437912578895237
15 0.112765221599028
16 0.11135094500025912
17 0.11010886852555189
18 0.10901562465252819
19 0.10805130837719007
20 0.1071989518275821
21 0.10644407014880827
22 0.10577427377564805
23 0.10517894023798065
24 0.10464893800551744
25 0.10417639501825637
26 0.10375450510715913
27 0.10337736625686986
28 0.1030398454613595
29 0.10273746569648888
30 0.10246631123978679
31 0.10222294819093675
32 0.10200435758299876
33 0.10180787892875244
34 0.10163116242663048
35 0.10147212836602577
36 0.10132893253165148
37 0.10119993662007873
38 0.10108368285610529
39 0.1009788721394197
40 0.10088434516861755
41 0.10079906608465837
42 0.10072210825391255
43 0.10065264187430367
44 0.10058992314046486
45 0.10053328474657829
46 0.10048212754084221
47 0.10043591317460887
48 0.10039415761344554
49 0.10035642539719108
50 0.10032232455294894
51 0.10029150207864697
52 0.10026363992675166
53 0.10023845142719216
54 0.10021567809713525
55 0.10019508679210472
56 0.10017646715892256
57 0.10015962935605909
58 0.10014440201128483
59 0.10013063039032555
60 0.1001181747532588
61 0.1001069088784545
62 0.10009671873593519
63 -7.033050319415789
0 0.18658664468889669
1 0.17639829403819524
2 0.1671900327995933
3 0.1589578183913082
4 0.15166361908448173
5 0.1452459481370493
6 0.13962939931797697
7 0.13473241748547293
8 0.13047307827554738
9 0.12677300748333178
10 0.12355975387754939
11 0.12076798454083332
12 0.11833984997438292
13 0.11622480780596083
14 0.11437912578895079
15 0.11276522159902919
16 0.11135094500025933
17 0.1101088685255495
18 0.10901562465252819
19 0.10805130837719466
20 0.1071989518275785
21 0.10644407014881208
22 0.10577427377564584
23 0.10517894023798324
24 0.10464893800551543
25 0.10417639501825657
26 0.10375450510716072
27 0.10337736625686525
28 0.10303984546135829
29 0.10273746569648888
30 0.1024663112397894
31 0.10222294819093855
32 0.10200435758299857
33 0.10180787892875325
34 0.10163116242662927
35 0.10147212836602577
36 0.10132893253164826
37 0.10119993662007934
38 0.1010836828561051
39 0.10097887213942151
40 0.10088434516861715
41 0.10079906608465937
42 0.10072210825391295
43 0.10065264187430387
44 0.10058992314046246
45 0.10053328474657909
46 0.1004821275408414
47 0.10043591317460927
48 0.10039415761344453
49 0.1003564253971945
50 0.10032232455294592
51 0.10029150207864697
52 0.10026363992675306
53 0.10023845142719458
54 0.10021567809713203
55 0.10019508679210633
56 0.10017646715892176
57 0.10015962935605607
58 0.10014440201128864
59 0.10013063039032415
60 0.1001181747532576
61 0.1001069088784567
62 0.10009671873593519
63 -7.033050319415789
0 0.18658664468889316
1 0.1763982940381967
2 0.1671900327995961
3 0.1589578183913042
4 0.15166361908448592
5 0.14524594813704778
6 0.1396293993179735
7 0.13473241748547662
8 0.1304730782755505
9 0.12677300748332884
10 0.12355975387754761
11 0.12076798454083372
12 0.11833984997438529
13 0.11622480780595806
14 0.11437912578895316
15 0.1127652215990276
16 0.11135094500025754
17 0.11010886852555249
18 0.10901562465252898
19 0.10805130837719247
20 0.10719895182757772
21 0.10644407014881246
22 0.10577427377564605
23 0.10517894023797886
24 0.10464893800552064
25 0.10417639501825478
26 0.10375450510715932
27 0.10337736625686746
28 0.1030398454613609
29 0.10273746569648727
30 0.102466311239788
31 0.10222294819094116
32 0.10200435758299456
33 0.10180787892875344
34 0.10163116242663148
35 0.10147212836602718
36 0.10132893253164847
37 0.10119993662007652
38 0.10108368285610529
39 0.10097887213942351
40 0.10088434516861494
41 0.10079906608466138
42 0.10072210825391295
43 0.10065264187430166
44 0.10058992314046467
45 0.10053328474657869
46 0.1004821275408402
47 0.10043591317461029
48 0.10039415761344493
49 0.1003564253971945
50 0.10032232455294793
51 0.10029150207864496
52 0.10026363992675326
53 0.10023845142719318
54 0.10021567809713364
55 0.10019508679210372
56 0.10017646715892216
57 0.10015962935605788
58 0.10014440201128824
59 0.10013063039032273
60 0.10011817475326001
61 0.10010690887845329
62 0.1000967187359376
63 -7.033050319415788
0 0.1865866446888952
1 0.17639829403819485
2 0.1671900327995963
3 0.15895781839130743
4 0.1516636190844806
5 0.14524594813704855
6 0.13962939931797677
7 0.1347324174854741
8 0.1304730782755505
9 0.12677300748333062
10 0.12355975387754742
11 0.12076798454083115
12 0.11833984997438667
13 0.11622480780595945
14 0.11437912578895197
15 0.11276522159902701
16 0.11135094500025972
17 0.1101088685255515
18 0.10901562465252917
19 0.10805130837719186
20 0.1071989518275819
21 0.10644407014880768
22 0.10577427377564765
23 0.10517894023797925
24 0.10464893800551824
25 0.10417639501825557
26 0.10375450510716153
27 0.10337736625686805
28 0.1030398454613577
29 0.10273746569648888
30 0.1024663112397914
31 0.10222294819093594
32 0.10200435758299677
33 0.10180787892875304
34 0.10163116242663288
35 0.10147212836602236
36 0.10132893253165028
37 0.10119993662007953
38 0.10108368285610429
39 0.1009788721394201
40 0.10088434516861915
41 0.10079906608465776
42 0.10072210825391356
43 0.10065264187430306
44 0.10058992314046365
45 0.10053328474658049
46 0.10048212754084221
47 0.10043591317461008
48 0.10039415761344393
49 0.10035642539719229
50 0.10032232455294572
51 0.10029150207864677
52 0.10026363992675447
53 0.10023845142719458
54 0.10021567809713283
55 0.1001950867921027
56 0.10017646715892316
57 0.10015962935605928
58 0.10014440201128604
59 0.10013063039032152
60 0.1001181747532584
61 0.1001069088784559
62 0.1000967187359376
63 -7.033050319415789
0 0.18658664468889447
1 0.1763982940381971
2 0.1671900327995927
3 0.15895781839130743
4 0.15166361908448364
5 0.1452459481370493
6 0.13962939931797677
7 0.13473241748547235
8 0.1304730782755505
9 0.12677300748332984
10 0.12355975387754643
11 0.12076798454083391
12 0.11833984997438568
13 0.11622480780595924
14 0.11437912578895197
15 0.11276522159903038
16 0.11135094500025733
17 0.11010886852554971
18 0.10901562465252958
19 0.10805130837719266
20 0.1071989518275811
21 0.10644407014880927
22 0.10577427377564724
23 0.10517894023798025
24 0.10464893800551764
25 0.10417639501825597
26 0.10375450510715872
27 0.10337736625687047
28 0.10303984546135929
29 0.10273746569648487
30 0.1024663112397922
31 0.10222294819093655
32 0.10200435758299656
33 0.10180787892875424
34 0.10163116242663128
35 0.10147212836602437
36 0.10132893253164767
37 0.10119993662008013
38 0.10108368285610629
39 0.10097887213942151
40 0.10088434516861675
41 0.10079906608466037
42 0.10072210825391155
43 0.10065264187430387
44 0.10058992314046225
45 0.10053328474657969
46 0.1004821275408416
47 0.10043591317460887
48 0.10039415761344433
49 0.1003564253971951
50 0.10032232455294432
51 0.10029150207865019
52 0.10026363992675247
53 0.10023845142719216
54 0.10021567809713464
55 0.10019508679210493
56 0.10017646715891894
57 0.10015962935605889
58 0.10014440201128724
59 0.10013063039032676
60 0.1001181747532568
61 0.1001069088784563
62 0.10009671873593379
63 -7.033050319415788
0 0.18658664468889613
1 0.17639829403819635
2 0.16719003279959235
3 0.15895781839130896
4 0.15166361908448192
5 0.14524594813705008
6 0.13962939931797466
7 0.1347324174854745
8 0.1304730782755472
9 0.12677300748333217
10 0.12355975387754742
11 0.1207679845408345
12 0.11833984997438411
13 0.11622480780595885
14 0.11437912578895415
15 0.11276522159902859
16 0.11135094500025813
17 0.1101088685255511
18 0.10901562465252879
19 0.10805130837719286
20 0.10719895182757871
21 0.10644407014881127
22 0.10577427377564545
23 0.10517894023798224
24 0.10464893800551643
25 0.10417639501825718
26 0.10375450510715992
27 0.10337736625687047
28 0.10303984546135508
29 0.10273746569648808
30 0.1024663112397898
31 0.10222294819093634
32 0.10200435758299917
33 0.10180787892875424
34 0.10163116242663107
35 0.10147212836602255
36 0.10132893253165028
37 0.10119993662007853
38 0.10108368285610429
39 0.1009788721394227
40 0.10088434516861874
41 0.10079906608465797
42 0.10072210825391335
43 0.10065264187430246
44 0.10058992314046125
45 0.1005332847465813
46 0.1004821275408408
47 0.10043591317461069
48 0.10039415761344714
49 0.10035642539719149
50 0.10032232455294592
51 0.10029150207864758
52 0.10026363992675226
53 0.10023845142719458
54 0.10021567809713444
55 0.1001950867921013
56 0.10017646715892195
57 0.10015962935605828
58 0.10014440201128784
59 0.10013063039032273
60 0.1001181747532588
61 0.10010690887845651
62 0.10009671873593479
63 -7.033050319415789
0 0.18658664468889244
1 0.17639829403819765
2 0.1671900327995946
3 0.15895781839130574
4 0.15166361908448533
5 0.14524594813704644
6 0.13962939931797852
7 0.13473241748547352
8 0.13047307827554777
9 0.126773007483331
10 0.1235597538775484
11 0.12076798454083254
12 0.1183398499743839
13 0.11622480780596003
14 0.11437912578895158
15 0.11276522159902919
16 0.11135094500025852
17 0.1101088685255517
18 0.10901562465252779
19 0.10805130837719247
20 0.1071989518275801
21 0.10644407014880967
22 0.10577427377564845
23 0.10517894023797905
24 0.10464893800551804
25 0.10417639501825657
26 0.10375450510715932
27 0.10337736625686945
28 0.10303984546135969
29 0.10273746569648608
30 0.10246631123979101
31 0.10222294819093675
32 0.10200435758299836
33 0.10180787892875265
34 0.10163116242662887
35 0.10147212836602376
36 0.10132893253165288
37 0.10119993662007833
38 0.1010836828561055
39 0.1009788721394201
40 0.10088434516861895
41 0.10079906608465695
42 0.10072210825391396
43 0.10065264187430226
44 0.10058992314046206
45 0.1005332847465803
46 0.10048212754084421
47 0.10043591317460666
48 0.10039415761344654
49 0.1003564253971931
50 0.10032232455294612
51 0.10029150207864476
52 0.10026363992675669
53 0.10023845142719055
54 0.10021567809713464
55 0.10019508679210533
56 0.10017646715892115
57 0.10015962935605968
58 0.10014440201128663
59 0.10013063039032273
60 0.10011817475325861
61 0.1001069088784557
62 0.10009671873593701
63 -7.033050319415788
0 0.1865866446888987
1 0.1763982940381956
2 0.16719003279959066
3 0.15895781839131048
4 0.15166361908448267
5 0.14524594813704855
6 0.13962939931797638
7 0.13473241748547507
8 0.1304730782755464
9 0.1267730074833308
10 0.12355975387754643
11 0.12076798454083706
12 0.11833984997438292
13 0.11622480780595905
14 0.11437912578895297
15 0.1127652215990284
16 0.11135094500025952
17 0.1101088685255507
18 0.10901562465252879
19 0.10805130837719226
20 0.1071989518275805
21 0.10644407014880887
22 0.10577427377564645
23 0.10517894023798265
24 0.10464893800551624
25 0.10417639501825637
26 0.10375450510715972
27 0.10337736625686826
28 0.1030398454613577
29 0.10273746569648928
30 0.1024663112397884
31 0.10222294819093915
32 0.10200435758299836
33 0.10180787892875325
34 0.10163116242663048
35 0.10147212836602156
36 0.10132893253164987
37 0.10119993662008193
38 0.10108368285610268
39 0.1009788721394227
40 0.10088434516861694
41 0.10079906608465776
42 0.10072210825391356
43 0.10065264187430467
44 0.10058992314046185
45 0.10053328474657929
46 0.10048212754083999
47 0.10043591317461309
48 0.10039415761344292
49 0.1003564253971945
50 0.10032232455294632
51 0.10029150207864597
52 0.10026363992675207
53 0.10023845142719377
54 0.10021567809713584
55 0.10019508679210251
56 0.10017646715892276
57 0.10015962935605868
58 0.10014440201128845
59 0.10013063039032073
60 0.10011817475326082
61 0.10010690887845308
62 0.1000967187359364
63 -7.03305031941579
0 0.1865866446888952
1 0.1763982940381969
2 0.16719003279959366
3 0.1589578183913048
4 0.15166361908448459
5 0.14524594813704989
6 0.13962939931797505
7 0.1347324174854737
8 0.13047307827555088
9 0.12677300748332884
10 0.12355975387754899
11 0.12076798454083096
12 0.11833984997438667
13 0.11622480780595905
14 0.11437912578895178
15 0.1127652215990288
16 0.11135094500025892
17 0.11010886852555189
18 0.10901562465252798
19 0.10805130837719346
20 0.10719895182757871
21 0.10644407014881208
22 0.10577427377564365
23 0.10517894023798105
24 0.10464893800551744
25 0.10417639501825737
26 0.10375450510715953
27 0.10337736625686926
28 0.1030398454613585
29 0.10273746569648767
30 0.1024663112397892
31 0.10222294819093755
32 0.10200435758299717
33 0.10180787892875365
34 0.10163116242663067
35 0.10147212836602658
36 0.10132893253164887
37 0.10119993662007934
38 0.10108368285610408
39 0.10097887213942171
40 0.10088434516861573
41 0.10079906608465977
42 0.10072210825391276
43 0.10065264187430387
44 0.10058992314046325
45 0.10053328474657788
46 0.1004821275408412
47 0.10043591317461148
48 0.10039415761344514
49 0.1003564253971951
50 0.10032232455294411
51 0.10029150207864818
52 0.10026363992675387
53 0.10023845142719116
54 0.10021567809713404
55 0.10019508679210552
56 0.10017646715892095
57 0.10015962935605768
58 0.10014440201128764
59 0.10013063039032415
60 0.1001181747532576
61 0.1001069088784563
62 0.100096718735935
63 -7.033050319415788
0 0.18658664468889777
1 0.17639829403819615
2 0.16719003279959405
3 0.15895781839130516
4 0.15166361908448306
5 0.14524594813705238
6 0.13962939931797233
7 0.1347324174854745
8 0.1304730782755499
9 0.12677300748332787
10 0.12355975387754958
11 0.12076798454083391
12 0.11833984997438411
13 0.11622480780596024
14 0.11437912578895276
15 0.112765221599028
16 0.11135094500025933
17 0.1101088685255513
18 0.10901562465252938
19 0.10805130837719167
20 0.1071989518275795
21 0.10644407014881067
22 0.10577427377564724
23 0.10517894023798045
24 0.10464893800551864
25 0.10417639501825277
26 0.10375450510716092
27 0.10337736625686926
28 0.10303984546135829
29 0.10273746569648948
30 0.102466311239786
31 0.10222294819094035
32 0.10200435758299677
33 0.10180787892875405
34 0.10163116242662927
35 0.10147212836602437
36 0.10132893253165047
37 0.10119993662007934
38 0.1010836828561051
39 0.10097887213942111
40 0.10088434516861895
41 0.10079906608465918
42 0.10072210825391135
43 0.10065264187430346
44 0.10058992314046206
45 0.1005332847465799
46 0.10048212754083999
47 0.10043591317461048
48 0.10039415761344574
49 0.10035642539719289
50 0.10032232455294773
51 0.10029150207864616
52 0.10026363992675467
53 0.10023845142719096
54 0.10021567809713665
55 0.10019508679210311
56 0.10017646715891955
57 0.10015962935605989
58 0.10014440201128744
59 0.10013063039032354
60 0.1001181747532568
61 0.10010690887845691
62 0.10009671873593741
63 -7.033050319415792
0 0.1865866446888965
1 0.17639829403819782
2 0.1671900327995916
3 0.15895781839130801
4 0.15166361908448459
5 0.1452459481370468
6 0.139629399317976
7 0.13473241748547546
8 0.13047307827554971
9 0.12677300748333023
10 0.12355975387754821
11 0.1207679845408345
12 0.1183398499743845
13 0.11622480780595648
14 0.11437912578895594
15 0.11276522159902641
16 0.11135094500025912
17 0.11010886852554912
18 0.10901562465252998
19 0.10805130837719226
20 0.10719895182757931
21 0.10644407014881208
22 0.10577427377564684
23 0.10517894023798025
24 0.10464893800551643
25 0.10417639501825597
26 0.10375450510716032
27 0.10337736625686826
28 0.1030398454613595
29 0.10273746569648787
30 0.1024663112397882
31 0.10222294819093895
32 0.10200435758299677
33 0.10180787892875405
34 0.10163116242663148
35 0.10147212836602296
36 0.10132893253165068
37 0.10119993662007934
38 0.10108368285610629
39 0.1009788721394185
40 0.10088434516861795
41 0.10079906608466037
42 0.10072210825391135
43 0.10065264187430467
44 0.10058992314046024
45 0.10053328474658191
46 0.100482127540841
47 0.10043591317460868
48 0.10039415761344674
49 0.1003564253971941
50 0.10032232455294472
51 0.10029150207864597
52 0.10026363992675567
53 0.10023845142719176
54 0.10021567809713584
55 0.10019508679210311
56 0.10017646715892155
57 0.10015962935605849
58 0.10014440201128563
59 0.10013063039032294
60 0.10011817475326021
61 0.10010690887845611
62 0.100096718735935
63 -7.033050319415791
0 0.18658664468889427
1 0.1763982940381984
2 0.1671900327995914
3 0.15895781839130688
4 0.1516636190844844
5 0.14524594813704758
6 0.13962939931797658
7 0.1347324174854741
8 0.13047307827554894
9 0.12677300748333062
10 0.1235597538775484
11 0.12076798454083351
12 0.11833984997438352
13 0.11622480780596063
14 0.11437912578895297
15 0.11276522159902543
16 0.1113509450002605
17 0.1101088685255527
18 0.10901562465252819
19 0.10805130837719307
20 0.10719895182757812
21 0.10644407014880987
22 0.10577427377564624
23 0.10517894023798165
24 0.10464893800551764
25 0.10417639501825637
26 0.10375450510716032
27 0.10337736625686746
28 0.10303984546135789
29 0.10273746569648928
30 0.1024663112397888
31 0.10222294819093915
32 0.10200435758299876
33 0.10180787892875123
34 0.10163116242663169
35 0.10147212836602357
36 0.10132893253165047
37 0.10119993662007953
38 0.10108368285610148
39 0.10097887213942351
40 0.10088434516861815
41 0.10079906608465655
42 0.10072210825391456
43 0.10065264187430427
44 0.10058992314046165
45 0.1005332847465803
46 0.1004821275408412
47 0.10043591317461048
48 0.10039415761344554
49 0.10035642539719149
50 0.10032232455294672
51 0.10029150207864737
52 0.10026363992675406
53 0.10023845142719257
54 0.10021567809713525
55 0.10019508679210071
56 0.10017646715892316
57 0.10015962935605968
58 0.10014440201128423
59 0.10013063039032595
60 0.10011817475325781
61 0.1001069088784567
62 0.10009671873593438
63 -7.033050319415787
0 0.18658664468889685
1 0.17639829403819485
2 0.16719003279959554
3 0.15895781839130743
4 0.15166361908448212
5 0.145245948137047
6 0.13962939931797658
7 0.1347324174854739
8 0.13047307827554971
9 0.1267730074833314
10 0.12355975387754821
11 0.12076798454083411
12 0.11833984997438253
13 0.11622480780596123
14 0.11437912578895178
15 0.1127652215990282
16 0.11135094500026031
17 0.11010886852555189
18 0.10901562465252639
19 0.10805130837719147
20 0.1071989518275817
21 0.10644407014880788
22 0.10577427377564924
23 0.10517894023798185
24 0.10464893800551704
25 0.10417639501825397
26 0.10375450510716232
27 0.10337736625686686
28 0.10303984546135789
29 0.10273746569648967
30 0.102466311239786
31 0.10222294819093895
32 0.10200435758299976
33 0.10180787892875265
34 0.10163116242663248
35 0.10147212836602296
36 0.10132893253164947
37 0.10119993662007733
38 0.10108368285610629
39 0.10097887213942151
40 0.10088434516861795
41 0.10079906608465816
42 0.10072210825391335
43 0.10065264187430306
44 0.10058992314046206
45 0.1005332847465817
46 0.1004821275408412
47 0.10043591317460807
48 0.10039415761344574
49 0.10035642539719189
50 0.10032232455295034
51 0.10029150207864396
52 0.10026363992675548
53 0.10023845142719197
54 0.10021567809713264
55 0.10019508679210573
56 0.10017646715891894
57 0.10015962935605828
58 0.10014440201129066
59 0.10013063039032254
60 0.1001181747532576
61 0.1001069088784545
62 0.1000967187359382
63 -7.033050319415792
0 0.18658664468889613
1 0.17639829403819765
2 0.16719003279959346
3 0.1589578183913063
4 0.15166361908448267
5 0.145245948137052
6 0.13962939931797388
7 0.13473241748547468
8 0.13047307827554894
9 0.1267730074833314
10 0.12355975387754506
11 0.12076798454083529
12 0.1183398499743845
13 0.11622480780595885
14 0.11437912578895178
15 0.1127652215990282
16 0.11135094500025952
17 0.1101088685255511
18 0.10901562465252819
19 0.10805130837719445
20 0.10719895182757931
21 0.10644407014880568
22 0.10577427377565184
23 0.10517894023798005
24 0.10464893800551683
25 0.10417639501825657
26 0.10375450510716053
27 0.10337736625686786
28 0.1030398454613577
29 0.10273746569649007
30 0.1024663112397872
31 0.10222294819093715
32 0.10200435758299997
33 0.10180787892875225
34 0.10163116242663169
35 0.10147212836602376
36 0.10132893253165227
37 0.10119993662007652
38 0.1010836828561047
39 0.10097887213942151
40 0.10088434516861775
41 0.10079906608465596
42 0.10072210825391496
43 0.10065264187430287
44 0.10058992314046405
45 0.10053328474657869
46 0.1004821275408416
47 0.10043591317461088
48 0.10039415761344413
49 0.10035642539719289
50 0.10032232455294814
51 0.10029150207864496
52 0.10026363992675467
53 0.10023845142719157
54 0.10021567809713504
55 0.10019508679210372
56 0.10017646715892256
57 0.10015962935605788
58 0.10014440201128784
59 0.10013063039032394
60 0.10011817475325861
61 0.1001069088784563
62 0.100096718735935
63 -7.033050319415791
0 0.18658664468889613
1 0.1763982940381958
2 0.1671900327995931
3 0.15895781839130743
4 0.15166361908448306
5 0.1452459481370472
6 0.13962939931797871
7 0.13473241748547254
8 0.1304730782755505
9 0.12677300748333004
10 0.12355975387754604
11 0.12076798454083588
12 0.11833984997438529
13 0.11622480780595905
14 0.11437912578895039
15 0.11276522159902899
16 0.11135094500025892
17 0.1101088685255507
18 0.10901562465253117
19 0.10805130837719067
20 0.10719895182757931
21 0.10644407014881048
22 0.10577427377564645
23 0.10517894023798205
24 0.10464893800551764
25 0.10417639501825497
26 0.10375450510716112
27 0.10337736625686686
28 0.10303984546135829
29 0.10273746569648787
30 0.1024663112397908
31 0.10222294819093675
32 0.10200435758299796
33 0.10180787892875144
34 0.10163116242663489
35 0.10147212836602316
36 0.10132893253164786
37 0.10119993662007934
38 0.1010836828561047
39 0.1009788721394227
40 0.10088434516861573
41 0.10079906608466037
42 0.10072210825391416
43 0.10065264187430166
44 0.10058992314046486
45 0.10053328474657869
46 0.100482127540841
47 0.10043591317460948
48 0.10039415761344574
49 0.1003564253971935
50 0.10032232455294612
51 0.10029150207864597
52 0.10026363992675347
53 0.10023845142719277
54 0.10021567809713423
55 0.10019508679210573
56 0.10017646715892095
57 0.10015962935605667
58 0.10014440201128845
59 0.10013063039032313
60 0.1001181747532584
61 0.10010690887845711
62 0.10009671873593379
63 -7.033050319415788
0 0.1865866446888963
1 0.1763982940381982
2 0.16719003279959105
3 0.15895781839130554
4 0.15166361908448725
5 0.145245948137047
6 0.13962939931797544
7 0.1347324174854741
8 0.1304730782755503
9 0.12677300748332923
10 0.1235597538775486
11 0.12076798454083529
12 0.11833984997438332
13 0.11622480780595648
14 0.11437912578895573
15 0.11276522159902543
16 0.11135094500025972
17 0.1101088685255507
18 0.10901562465252879
19 0.10805130837719445
20 0.1071989518275791
21 0.10644407014881008
22 0.10577427377564524
23 0.10517894023798345
24 0.10464893800551543
25 0.10417639501825497
26 0.10375450510716212
27 0.10337736625686907
28 0.1030398454613567
29 0.10273746569648808
30 0.102466311239789
31 0.10222294819093876
32 0.10200435758299857
33 0.10180787892875064
34 0.10163116242663368
35 0.10147212836602376
36 0.10132893253164826
37 0.10119993662007934
38 0.10108368285610489
39 0.10097887213942351
40 0.10088434516861734
41 0.10079906608465856
42 0.10072210825391155
43 0.10065264187430487
44 0.10058992314046285
45 0.1005332847465803
46 0.10048212754083839
47 0.10043591317461188
48 0.10039415761344633
49 0.10035642539719189
50 0.10032232455294572
51 0.10029150207864657
52 0.10026363992675427
53 0.10023845142719358
54 0.10021567809713344
55 0.10019508679210251
56 0.10017646715892176
57 0.10015962935605809
58 0.10014440201128724
59 0.10013063039032574
60 0.1001181747532588
61 0.10010690887845429
62 0.100096718735938
63 -7.033050319415792
0 0.1865866446888939
1 0.17639829403819635
2 0.1671900327995961
3 0.1589578183913082
4 0.15166361908448267
5 0.1452459481370474
6 0.13962939931797852
7 0.13473241748547293
8 0.13047307827554758
9 0.12677300748333004
10 0.12355975387755096
11 0.12076798454083214
12 0.1183398499743849
13 0.11622480780595826
14 0.11437912578895415
15 0.11276522159902641
16 0.11135094500025992
17 0.1101088685255515
18 0.10901562465252917
19 0.10805130837719147
20 0.1071989518275795
21 0.10644407014881067
22 0.10577427377564765
23 0.10517894023797945
24 0.10464893800551704
25 0.10417639501825637
26 0.10375450510716053
27 0.10337736625686705
28 0.10303984546135789
29 0.10273746569649028
30 0.1024663112397888
31 0.10222294819094076
32 0.10200435758299416
33 0.10180787892875365
34 0.10163116242663169
35 0.10147212836602316
36 0.10132893253164967
37 0.10119993662007894
38 0.1010836828561059
39 0.1009788721394219
40 0.10088434516861614
41 0.10079906608465856
42 0.10072210825391556
43 0.10065264187429986
44 0.10058992314046566
45 0.10053328474657809
46 0.100482127540842
47 0.10043591317460927
48 0.10039415761344574
49 0.10035642539719229
50 0.10032232455294612
51 0.10029150207864838
52 0.10026363992675306
53 0.10023845142719277
54 0.10021567809713625
55 0.10019508679210211
56 0.10017646715892076
57 0.10015962935605828
58 0.10014440201128905
59 0.10013063039032152
60 0.10011817475326021
61 0.10010690887845611
62 0.10009671873593479
63 -7.03305031941579
0 0.18658664468889669
1 0.1763982940381965
2 0.16719003279959255
3 0.15895781839130668
4 0.15166361908448533
5 0.14524594813704625
6 0.1396293993179762
7 0.13473241748547565
8 0.13047307827554835
9 0.1267730074833312
10 0.12355975387754643
11 0.12076798454083548
12 0.11833984997438371
13 0.11622480780595787
14 0.11437912578895455
15 0.1127652215990276
16 0.11135094500025933
17 0.11010886852555091
18 0.10901562465252879
19 0.10805130837719346
20 0.10719895182758031
21 0.10644407014880848
22 0.10577427377564824
23 0.10517894023798086
24 0.10464893800551643
25 0.10417639501825417
26 0.10375450510716132
27 0.10337736625686586
28 0.10303984546136209
29 0.10273746569648567
30 0.1024663112397894
31 0.10222294819093976
32 0.10200435758299796
33 0.10180787892875265
34 0.10163116242663128
35 0.10147212836602336
36 0.10132893253164947
37 0.10119993662007934
38 0.1010836828561051
39 0.1009788721394209
40 0.10088434516861855
41 0.10079906608465877
42 0.10072210825391517
43 0.10065264187429986
44 0.10058992314046306
45 0.1005332847465807
46 0.1004821275408402
47 0.10043591317461188
48 0.10039415761344474
49 0.1003564253971935
50 0.10032232455294553
51 0.10029150207864737
52 0.10026363992675387
53 0.10023845142719136
54 0.10021567809713544
55 0.1001950867921019
56 0.10017646715892216
57 0.10015962935605949
58 0.10014440201128764
59 0.10013063039032415
60 0.10011817475325599
61 0.1001069088784577
62 0.1000967187359354
63 -7.03305031941579
0 0.18658664468889447
1 0.17639829403819635
2 0.16719003279959235
3 0.15895781839130801
4 0.15166361908448572
5 0.14524594813704586
6 0.13962939931797755
7 0.13473241748547216
8 0.13047307827554971
9 0.1267730074833314
10 0.12355975387754761
11 0.1207679845408351
12 0.1183398499743845
13 0.11622480780595727
14 0.11437912578895415
15 0.112765221599028
16 0.11135094500025892
17 0.1101088685255505
18 0.10901562465252819
19 0.10805130837719247
20 0.1071989518275813
21 0.10644407014880827
22 0.10577427377564684
23 0.10517894023798224
24 0.10464893800551704
25 0.10417639501825597
26 0.10375450510715913
27 0.10337736625687086
28 0.10303984546135689
29 0.10273746569648808
30 0.1024663112397872
31 0.10222294819093755
32 0.10200435758300057
33 0.10180787892875244
34 0.10163116242663107
35 0.10147212836602255
36 0.10132893253165047
37 0.10119993662007833
38 0.1010836828561065
39 0.10097887213942171
40 0.10088434516861614
41 0.10079906608465997
42 0.10072210825391176
43 0.10065264187430427
44 0.10058992314046185
45 0.1005332847465825
46 0.1004821275408426
47 0.10043591317461008
48 0.10039415761344372
49 0.10035642539719229
50 0.10032232455294592
51 0.10029150207864718
52 0.10026363992675447
53 0.10023845142719116
54 0.10021567809713565
55 0.10019508679210493
56 0.10017646715891915
57 0.10015962935605728
58 0.10014440201128845
59 0.10013063039032474
60 0.1001181747532576
61 0.1001069088784577
62 0.10009671873593459
63 -7.033050319415789
0 0.18658664468889685
1 0.1763982940381971
2 0.16719003279959346
3 0.15895781839130593
4 0.1516636190844842
5 0.14524594813704778
6 0.139629399317976
7 0.13473241748547526
8 0.1304730782755466
9 0.12677300748333198
10 0.1235597538775484
11 0.12076798454083332
12 0.1183398499743847
13 0.11622480780595826
14 0.11437912578895178
15 0.11276522159902959
16 0.11135094500025733
17 0.1101088685255533
18 0.10901562465252819
19 0.10805130837719266
20 0.1071989518275795
21 0.10644407014881027
22 0.10577427377564645
23 0.10517894023798124
24 0.10464893800551864
25 0.10417639501825497
26 0.10375450510715852
27 0.10337736625687066
28 0.10303984546135869
29 0.10273746569648767
30 0.1024663112397886
31 0.10222294819093634
32 0.10200435758299957
33 0.10180787892875445
34 0.10163116242662967
35 0.10147212836602537
36 0.10132893253164987
37 0.10119993662007792
38 0.10108368285610309
39 0.10097887213942451
40 0.10088434516861675
41 0.10079906608465695
42 0.10072210825391356
43 0.10065264187430226
44 0.10058992314046446
45 0.1005332847465795
46 0.1004821275408414
47 0.10043591317460927
48 0.10039415761344714
49 0.10035642539719229
50 0.10032232455294693
51 0.10029150207864677
52 0.10026363992675467
53 0.10023845142719136
54 0.10021567809713525
55 0.10019508679210311
56 0.10017646715892235
57 0.10015962935605607
58 0.10014440201128864
59 0.10013063039032334
60 0.10011817475325861
61 0.10010690887845711
62 0.10009671873593438
63 -7.033050319415791
0 0.18658664468889502
1 0.17639829403819782
2 0.1671900327995929
3 0.1589578183913065
4 0.1516636190844865
5 0.14524594813704547
6 0.13962939931797833
7 0.1347324174854706
8 0.13047307827555185
9 0.12677300748332962
10 0.12355975387754684
11 0.12076798454083608
12 0.1183398499743845
13 0.11622480780595845
14 0.11437912578895039
15 0.11276522159903117
16 0.11135094500025773
17 0.11010886852555189
18 0.10901562465252858
19 0.10805130837719207
20 0.1071989518275801
21 0.10644407014881008
22 0.10577427377564705
23 0.10517894023798245
24 0.10464893800551384
25 0.10417639501825797
26 0.10375450510715972
27 0.10337736625686907
28 0.1030398454613571
29 0.10273746569648988
30 0.1024663112397888
31 0.10222294819093594
32 0.10200435758299897
33 0.10180787892875304
34 0.10163116242662927
35 0.10147212836602557
36 0.10132893253164967
37 0.10119993662007994
38 0.10108368285610489
39 0.10097887213942071
40 0.10088434516861775
41 0.10079906608465837
42 0.10072210825391255
43 0.10065264187430287
44 0.10058992314046365
45 0.1005332847465795
46 0.100482127540841
47 0.10043591317461048
48 0.10039415761344633
49 0.1003564253971935
50 0.10032232455294392
51 0.10029150207864798
52 0.10026363992675427
53 0.10023845142719116
54 0.10021567809713423
55 0.10019508679210351
56 0.10017646715892276
57 0.10015962935605928
58 0.10014440201128463
59 0.10013063039032574
60 0.1001181747532576
61 0.1001069088784567
62 0.10009671873593459
63 -7.033050319415789
0 0.18658664468889594
1 0.1763982940381956
2 0.16719003279959385
3 0.15895781839130743
4 0.15166361908448345
5 0.14524594813704875
6 0.13962939931797524
7 0.1347324174854743
8 0.1304730782755501
9 0.12677300748332923
10 0.12355975387754821
11 0.1207679845408351
12 0.11833984997438272
13 0.11622480780595747
14 0.11437912578895475
15 0.1127652215990276
16 0.11135094500025992
17 0.1101088685255513
18 0.10901562465252798
19 0.10805130837719386
20 0.10719895182757891
21 0.10644407014881067
22 0.10577427377564765
23 0.10517894023797886
24 0.10464893800551904
25 0.10417639501825297
26 0.10375450510716072
27 0.10337736625687026
28 0.10303984546135748
29 0.10273746569648948
30 0.1024663112397876
31 0.10222294819093955
32 0.10200435758299857
33 0.10180787892875044
34 0.10163116242663128
35 0.10147212836602537
36 0.10132893253164987
37 0.10119993662007813
38 0.10108368285610429
39 0.1009788721394213
40 0.10088434516861775
41 0.10079906608465877
42 0.10072210825391437
43 0.10065264187430266
44 0.10058992314046486
45 0.10053328474657829
46 0.1004821275408418
47 0.10043591317460948
48 0.10039415761344433
49 0.1003564253971927
50 0.10032232455294653
51 0.10029150207864557
52 0.10026363992675548
53 0.10023845142719318
54 0.10021567809713544
55 0.10019508679210332
56 0.10017646715892015
57 0.10015962935606008
58 0.10014440201128523
59 0.10013063039032394
60 0.1001181747532594
61 0.1001069088784559
62 0.100096718735935
63 -7.033050319415789
0 0.18658664468889208
1 0.17639829403819782
2 0.1671900327995927
3 0.15895781839130707
4 0.15166361908448267
5 0.14524594813704797
6 0.13962939931797677
7 0.13473241748547313
8 0.13047307827554971
9 0.1267730074833312
10 0.12355975387754624
11 0.1207679845408349
12 0.11833984997438214
13 0.11622480780596262
14 0.11437912578895237
15 0.11276522159902859
16 0.11135094500025852
17 0.1101088685255515
18 0.10901562465252938
19 0.10805130837719087
20 0.1071989518275795
21 0.10644407014880908
22 0.10577427377564765
23 0.10517894023798145
24 0.10464893800551883
25 0.10417639501825537
26 0.10375450510715813
27 0.10337736625687106
28 0.10303984546135629
29 0.10273746569648928
30 0.1024663112397872
31 0.10222294819094016
32 0.10200435758299636
33 0.10180787892875424
34 0.10163116242662867
35 0.10147212836602697
36 0.10132893253164967
37 0.10119993662007752
38 0.1010836828561057
39 0.10097887213942211
40 0.10088434516861514
41 0.10079906608466158
42 0.10072210825391034
43 0.10065264187430467
44 0.10058992314046365
45 0.1005332847465785
46 0.1004821275408408
47 0.10043591317461129
48 0.10039415761344453
49 0.1003564253971941
50 0.10032232455294592
51 0.10029150207864616
52 0.10026363992675387
53 0.10023845142719318
54 0.10021567809713383
55 0.10019508679210351
56 0.10017646715892135
57 0.10015962935605949
58 0.10014440201128663
59 0.10013063039032535
60 0.10011817475325599
61 0.1001069088784573
62 0.10009671873593258
63 -7.033050319415783
0 0.1865866446888972
1 0.17639829403819596
2 0.1671900327995959
3 0.15895781839130516
4 0.15166361908448364
5 0.1452459481370491
6 0.13962939931797697
7 0.13473241748547332
8 0.13047307827554913
9 0.12677300748333004
10 0.12355975387754978
11 0.12076798454083273
12 0.11833984997438352
13 0.11622480780595965
14 0.11437912578895137
15 0.11276522159903019
16 0.11135094500025673
17 0.11010886852555349
18 0.10901562465252958
19 0.10805130837718967
20 0.1071989518275801
21 0.10644407014880948
22 0.10577427377564505
23 0.10517894023798245
24 0.10464893800551904
25 0.10417639501825497
26 0.10375450510715813
27 0.10337736625687106
28 0.10303984546135869
29 0.10273746569648748
30 0.1024663112397904
31 0.10222294819093594
32 0.10200435758299957
33 0.10180787892875284
34 0.10163116242662967
35 0.10147212836602618
36 0.10132893253164786
37 0.10119993662008013
38 0.10108368285610349
39 0.10097887213942171
40 0.10088434516861654
41 0.10079906608466017
42 0.10072210825391316
43 0.10065264187430266
44 0.10058992314046185
45 0.10053328474658191
46 0.10048212754083999
47 0.10043591317461188
48 0.10039415761344292
49 0.1003564253971935
50 0.10032232455294712
51 0.10029150207864597
52 0.10026363992675508
53 0.10023845142719116
54 0.10021567809713544
55 0.10019508679210552
56 0.10017646715892015
57 0.10015962935605688
58 0.10014440201128985
59 0.10013063039032113
60 0.1001181747532598
61 0.10010690887845469
62 0.10009671873593741
63 -7.033050319415793
0 0.18658664468889538
1 0.1763982940381954
2 0.16719003279959554
3 0.158957818391305
4 0.151663619084484
5 0.1452459481370491
6 0.13962939931797735
7 0.13473241748547118
8 0.13047307827554835
9 0.12677300748333198
10 0.12355975387754958
11 0.12076798454083254
12 0.11833984997438549
13 0.11622480780595588
14 0.11437912578895494
15 0.11276522159902741
16 0.11135094500025852
17 0.1101088685255515
18 0.10901562465252977
19 0.10805130837719126
20 0.10719895182757991
21 0.10644407014881108
22 0.10577427377564724
23 0.10517894023797945
24 0.10464893800551964
25 0.10417639501825497
26 0.10375450510716053
27 0.10337736625686746
28 0.1030398454613585
29 0.10273746569648787
30 0.1024663112397908
31 0.10222294819093634
32 0.10200435758299937
33 0.10180787892875204
34 0.10163116242663067
35 0.10147212836602497
36 0.10132893253164847
37 0.10119993662007953
38 0.1010836828561047
39 0.10097887213942071
40 0.10088434516861715
41 0.10079906608465977
42 0.10072210825391295
43 0.10065264187430427
44 0.10058992314046064
45 0.1005332847465823
46 0.1004821275408402
47 0.10043591317461129
48 0.10039415761344533
49 0.10035642539718988
50 0.10032232455294873
51 0.10029150207864858
52 0.10026363992675065
53 0.10023845142719337
54 0.10021567809713504
55 0.1001950867921027
56 0.10017646715892216
57 0.10015962935605889
58 0.10014440201128744
59 0.10013063039032273
60 0.10011817475325861
61 0.1001069088784563
62 0.1000967187359358
63 -7.033050319415789
0 0.1865866446888976
1 0.17639829403819393
2 0.1671900327995946
3 0.1589578183913065
4 0.15166361908448478
5 0.14524594813704816
6 0.13962939931797658
7 0.13473241748547196
8 0.13047307827554913
9 0.1267730074833312
10 0.12355975387754958
11 0.12076798454083273
12 0.11833984997438292
13 0.11622480780596063
14 0.11437912578895197
15 0.11276522159902919
16 0.11135094500025933
17 0.11010886852555189
18 0.10901562465252819
19 0.10805130837719207
20 0.1071989518275795
21 0.10644407014880868
22 0.10577427377564905
23 0.10517894023798065
24 0.10464893800551683
25 0.10417639501825678
26 0.10375450510715972
27 0.10337736625686926
28 0.10303984546135649
29 0.10273746569648888
30 0.102466311239788
31 0.10222294819093876
32 0.10200435758299897
33 0.10180787892875144
34 0.10163116242663349
35 0.10147212836602357
36 0.10132893253164807
37 0.10119993662008074
38 0.10108368285610449
39 0.1009788721394203
40 0.10088434516861874
41 0.10079906608465757
42 0.10072210825391477
43 0.10065264187430185
44 0.10058992314046346
45 0.10053328474658049
46 0.1004821275408414
47 0.10043591317461029
48 0.10039415761344554
49 0.10035642539719149
50 0.10032232455294612
51 0.10029150207864858
52 0.10026363992675207
53 0.10023845142719337
54 0.10021567809713304
55 0.10019508679210573
56 0.10017646715892115
57 0.10015962935605868
58 0.10014440201128644
59 0.10013063039032334
60 0.1001181747532574
61 0.1001069088784557
62 0.10009671873593741
63 -7.033050319415791
0 0.1865866446888972
1 0.1763982940381945
2 0.1671900327995944
3 0.15895781839130763
4 0.15166361908448228
5 0.14524594813704758
6 0.13962939931797852
7 0.1347324174854741
8 0.13047307827554933
9 0.12677300748333023
10 0.12355975387754722
11 0.12076798454083293
12 0.11833984997438589
13 0.11622480780595965
14 0.11437912578895178
15 0.11276522159902662
16 0.11135094500026071
17 0.11010886852555091
18 0.10901562465252958
19 0.10805130837719087
20 0.1071989518275813
21 0.10644407014880868
22 0.10577427377564964
23 0.10517894023798025
24 0.10464893800551604
25 0.10417639501825678
26 0.10375450510715792
27 0.10337736625687147
28 0.10303984546135789
29 0.10273746569648687
30 0.1024663112397898
31 0.10222294819093615
32 0.10200435758299817
33 0.10180787892875405
34 0.10163116242663128
35 0.10147212836602437
36 0.10132893253164987
37 0.10119993662007752
38 0.1010836828561061
39 0.10097887213942311
40 0.10088434516861514
41 0.10079906608466017
42 0.10072210825391216
43 0.10065264187430467
44 0.10058992314046206
45 0.10053328474657969
46 0.100482127540843
47 0.10043591317460887
48 0.10039415761344735
49 0.10035642539719068
50 0.10032232455294693
51 0.10029150207864576
52 0.10026363992675347
53 0.10023845142719297
54 0.10021567809713344
55 0.10019508679210652
56 0.10017646715891995
57 0.10015962935605828
58 0.10014440201128644
59 0.10013063039032455
60 0.1001181747532572
61 0.10010690887845872
62 0.10009671873593459
63 -7.033050319415791
0 0.18658664468889574
1 0.1763982940381956
2 0.1671900327995959
3 0.15895781839130574
4 0.1516636190844844
5 0.14524594813704797
6 0.1396293993179758
7 0.13473241748547352
8 0.13047307827555127
9 0.12677300748332826
10 0.12355975387754624
11 0.12076798454083726
12 0.11833984997438272
13 0.11622480780595806
14 0.11437912578895455
15 0.11276522159902859
16 0.11135094500025694
17 0.11010886852555428
18 0.10901562465252639
19 0.10805130837719346
20 0.1071989518275797
21 0.10644407014880848
22 0.10577427377564805
23 0.10517894023798045
24 0.10464893800551904
25 0.10417639501825537
26 0.10375450510715932
27 0.10337736625686786
28 0.1030398454613595
29 0.10273746569648848
30 0.1024663112397872
31 0.10222294819094016
32 0.10200435758299777
33 0.10180787892875104
34 0.10163116242663188
35 0.10147212836602677
36 0.10132893253164767
37 0.10119993662007652
38 0.10108368285610851
39 0.1009788721394199
40 0.10088434516861654
41 0.10079906608465897
42 0.10072210825391255
43 0.10065264187430287
44 0.10058992314046405
45 0.1005332847465807
46 0.1004821275408406
47 0.10043591317461069
48 0.10039415761344654
49 0.10035642539719068
50 0.10032232455294793
51 0.10029150207864697
52 0.10026363992675266
53 0.10023845142719318
54 0.10021567809713423
55 0.1001950867921027
56 0.10017646715892035
57 0.10015962935605909
58 0.10014440201128864
59 0.10013063039032374
60 0.1001181747532544
61 0.1001069088784581
62 0.10009671873593438
63 -7.033050319415787
0 0.18658664468889316
1 0.1763982940381982
2 0.1671900327995961
3 0.158957818391305
4 0.1516636190844861
5 0.1452459481370474
6 0.13962939931797658
7 0.13473241748547138
8 0.13047307827554894
9 0.126773007483331
10 0.12355975387754899
11 0.1207679845408343
12 0.1183398499743845
13 0.11622480780595845
14 0.11437912578895434
15 0.11276522159902463
16 0.11135094500026131
17 0.1101088685255515
18 0.10901562465252719
19 0.10805130837719286
20 0.10719895182757791
21 0.10644407014881267
22 0.10577427377564684
23 0.10517894023798086
24 0.10464893800551744
25 0.10417639501825417
26 0.10375450510716072
27 0.10337736625686866
28 0.1030398454613601
29 0.10273746569648527
30 0.10246631123979161
31 0.10222294819093734
32 0.10200435758299897
33 0.10180787892875164
34 0.10163116242663088
35 0.10147212836602336
36 0.10132893253165108
37 0.10119993662008034
38 0.10108368285610368
39 0.1009788721394227
40 0.10088434516861454
41 0.10079906608465977
42 0.10072210825391295
43 0.10065264187430367
44 0.10058992314046285
45 0.10053328474657929
46 0.10048212754084039
47 0.10043591317461269
48 0.10039415761344353
49 0.1003564253971945
50 0.10032232455294532
51 0.10029150207864818
52 0.10026363992675306
53 0.10023845142719176
54 0.10021567809713323
55 0.10019508679210612
56 0.10017646715892095
57 0.10015962935605889
58 0.10014440201128623
59 0.10013063039032515
60 0.10011817475325539
61 0.1001069088784559
62 0.1000967187359368
63 -7.033050319415789
0 0.18658664468889558
1 0.1763982940381954
2 0.16719003279959516
3 0.15895781839130516
4 0.15166361908448592
5 0.14524594813704816
6 0.1396293993179731
7 0.13473241748547565
8 0.13047307827554835
9 0.126773007483331
10 0.12355975387754879
11 0.12076798454083293
12 0.1183398499743843
13 0.11622480780596044
14 0.11437912578895237
15 0.11276522159902641
16 0.11135094500025992
17 0.11010886852555091
18 0.10901562465253077
19 0.10805130837719126
20 0.1071989518275785
21 0.10644407014880788
22 0.10577427377564945
23 0.10517894023798105
24 0.10464893800551904
25 0.10417639501825537
26 0.10375450510715913
27 0.10337736625686766
28 0.10303984546136069
29 0.10273746569648767
30 0.1024663112397884
31 0.10222294819093915
32 0.10200435758299757
33 0.10180787892875265
34 0.10163116242662967
35 0.10147212836602376
36 0.10132893253165087
37 0.10119993662007934
38 0.10108368285610408
39 0.10097887213942291
40 0.10088434516861534
41 0.10079906608466017
42 0.10072210825391477
43 0.10065264187430085
44 0.10058992314046285
45 0.1005332847465815
46 0.1004821275408388
47 0.10043591317461029
48 0.10039415761344775
49 0.10035642539719208
50 0.10032232455294693
51 0.10029150207864718
52 0.10026363992675145
53 0.10023845142719237
54 0.10021567809713605
55 0.10019508679210351
56 0.10017646715892035
57 0.10015962935605989
58 0.10014440201128744
59 0.10013063039032354
60 0.1001181747532566
61 0.1001069088784577
62 0.10009671873593701
63 -7.033050319415791
0 0.18658664468889574
1 0.17639829403819635
2 0.1671900327995948
3 0.1589578183913044
4 0.15166361908448533
5 0.14524594813704797
6 0.1396293993179762
7 0.13473241748547565
8 0.1304730782755468
9 0.12677300748333237
10 0.1235597538775484
11 0.12076798454083155
12 0.11833984997438647
13 0.11622480780595905
14 0.11437912578895276
15 0.1127652215990288
16 0.11135094500025813
17 0.1101088685255521
18 0.10901562465252858
19 0.10805130837719167
20 0.10719895182757812
21 0.10644407014881087
22 0.10577427377564705
23 0.10517894023798005
24 0.10464893800551864
25 0.10417639501825557
26 0.10375450510715813
27 0.10337736625687187
28 0.10303984546135729
29 0.10273746569648727
30 0.10246631123979
31 0.10222294819093575
32 0.10200435758299876
33 0.10180787892875304
34 0.10163116242663067
35 0.10147212836602637
36 0.10132893253164807
37 0.10119993662007934
38 0.10108368285610449
39 0.1009788721394223
40 0.10088434516861534
41 0.10079906608466198
42 0.10072210825391216
43 0.10065264187430387
44 0.10058992314046265
45 0.10053328474657888
46 0.1004821275408414
47 0.10043591317461008
48 0.10039415761344593
49 0.10035642539718988
50 0.10032232455295013
51 0.10029150207864557
52 0.10026363992675105
53 0.10023845142719437
54 0.10021567809713625
55 0.1001950867921019
56 0.10017646715892436
57 0.10015962935605527
58 0.10014440201128945
59 0.10013063039032213
60 0.1001181747532594
61 0.1001069088784553
62 0.10009671873593559
63 -7.03305031941579
0 0.18658664468889316
1 0.176398294038198
2 0.1671900327995948
3 0.15895781839130535
4 0.1516636190844844
5 0.1452459481370495
6 0.13962939931797505
7 0.1347324174854745
8 0.13047307827555069
9 0.12677300748332807
10 0.12355975387754899
11 0.1207679845408349
12 0.1183398499743851
13 0.11622480780595826
14 0.11437912578895178
15 0.11276522159902899
16 0.11135094500025694
17 0.1101088685255533
18 0.10901562465252838
19 0.10805130837719226
20 0.1071989518275807
21 0.10644407014880848
22 0.10577427377564724
23 0.10517894023798165
24 0.10464893800551883
25 0.10417639501825317
26 0.10375450510715832
27 0.10337736625687287
28 0.1030398454613567
29 0.10273746569648808
30 0.102466311239788
31 0.10222294819093955
32 0.10200435758299777
33 0.10180787892875164
34 0.10163116242663088
35 0.10147212836602416
36 0.10132893253165187
37 0.10119993662007913
38 0.10108368285610489
39 0.1009788721394213
40 0.10088434516861654
41 0.10079906608465997
42 0.10072210825391095
43 0.10065264187430628
44 0.10058992314046285
45 0.10053328474657809
46 0.1004821275408408
47 0.10043591317461008
48 0.10039415761344674
49 0.10035642539719329
50 0.10032232455294492
51 0.10029150207864818
52 0.10026363992675226
53 0.10023845142719216
54 0.10021567809713565
55 0.1001950867921027
56 0.10017646715892176
57 0.10015962935605849
58 0.10014440201128623
59 0.10013063039032455
60 0.1001181747532576
61 0.10010690887845711
62 0.100096718735935
63 -7.033050319415789
0 0.18658664468889372
1 0.1763982940381971
2 0.16719003279959366
3 0.1589578183913065
4 0.1516636190844838
5 0.14524594813704797
6 0.13962939931797755
7 0.13473241748547274
8 0.1304730782755501
9 0.12677300748332984
10 0.12355975387754684
11 0.12076798454083411
12 0.11833984997438568
13 0.11622480780595826
14 0.11437912578895355
15 0.1127652215990282
16 0.11135094500025733
17 0.11010886852555309
18 0.10901562465252779
19 0.10805130837719147
20 0.1071989518275805
21 0.10644407014881048
22 0.10577427377564645
23 0.10517894023798086
24 0.10464893800552044
25 0.10417639501825338
26 0.10375450510715953
27 0.10337736625687047
28 0.10303984546135748
29 0.10273746569648767
30 0.1024663112397904
31 0.10222294819093715
32 0.10200435758299957
33 0.10180787892875244
34 0.10163116242662867
35 0.10147212836602357
36 0.10132893253165288
37 0.10119993662007712
38 0.10108368285610389
39 0.10097887213942332
40 0.10088434516861675
41 0.10079906608465897
42 0.10072210825391517
43 0.10065264187429945
44 0.10058992314046426
45 0.1005332847465807
46 0.10048212754084039
47 0.10043591317460988
48 0.10039415761344574
49 0.10035642539719249
50 0.10032232455294693
51 0.10029150207864758
52 0.10026363992675406
53 0.10023845142719076
54 0.10021567809713423
55 0.10019508679210351
56 0.10017646715892356
57 0.10015962935605809
58 0.10014440201128845
59 0.10013063039032254
60 0.100118174753257
61 0.1001069088784557
62 0.100096718735936
63 -7.033050319415787
0 0.18658664468889538
1 0.1763982940381969
2 0.16719003279959405
3 0.1589578183913046
4 0.15166361908448667
5 0.14524594813704567
6 0.13962939931797852
7 0.1347324174854706
8 0.1304730782755499
9 0.12677300748333334
10 0.12355975387754722
11 0.12076798454083293
12 0.11833984997438608
13 0.11622480780595727
14 0.11437912578895137
15 0.1127652215990282
16 0.11135094500025912
17 0.11010886852555408
18 0.10901562465252579
19 0.10805130837719307
20 0.1071989518275801
21 0.10644407014880887
22 0.10577427377564705
23 0.10517894023798086
24 0.10464893800551844
25 0.10417639501825657
26 0.10375450510715852
27 0.10337736625686945
28 0.10303984546135869
29 0.10273746569648867
30 0.1024663112397902
31 0.10222294819093554
32 0.10200435758299796
33 0.10180787892875465
34 0.10163116242662827
35 0.10147212836602718
36 0.10132893253164807
37 0.10119993662008053
38 0.10108368285610268
39 0.10097887213942251
40 0.10088434516861614
41 0.10079906608465856
42 0.10072210825391677
43 0.10065264187430105
44 0.10058992314046306
45 0.1005332847465795
46 0.1004821275408414
47 0.10043591317461048
48 0.10039415761344593
49 0.10035642539719289
50 0.10032232455294572
51 0.10029150207864718
52 0.10026363992675347
53 0.10023845142719197
54 0.10021567809713504
55 0.10019508679210391
56 0.10017646715892276
57 0.10015962935605889
58 0.10014440201128563
59 0.10013063039032313
60 0.10011817475325921
61 0.1001069088784567
62 0.10009671873593359
63 -7.033050319415789
0 0.18658664468889594
1 0.17639829403819615
2 0.16719003279959366
3 0.1589578183913048
4 0.1516636190844863
5 0.145245948137047
6 0.13962939931797427
7 0.13473241748547585
8 0.13047307827554913
9 0.12677300748333237
10 0.12355975387754742
11 0.12076798454083233
12 0.1183398499743847
13 0.11622480780595727
14 0.11437912578895376
15 0.1127652215990288
16 0.11135094500025912
17 0.1101088685255523
18 0.10901562465252819
19 0.10805130837719247
20 0.10719895182757831
21 0.10644407014880827
22 0.10577427377565024
23 0.10517894023798105
24 0.10464893800551683
25 0.10417639501825378
26 0.10375450510716153
27 0.10337736625686686
28 0.1030398454613581
29 0.10273746569649249
30 0.102466311239787
31 0.10222294819093594
32 0.10200435758300037
33 0.10180787892875084
34 0.10163116242663328
35 0.10147212836602476
36 0.10132893253164807
37 0.10119993662008074
38 0.1010836828561033
39 0.10097887213942332
40 0.10088434516861454
41 0.10079906608466198
42 0.10072210825391155
43 0.10065264187430427
44 0.10058992314046165
45 0.10053328474658009
46 0.10048212754083818
47 0.1004359131746129
48 0.10039415761344474
49 0.1003564253971935
50 0.10032232455294532
51 0.10029150207864697
52 0.10026363992675366
53 0.10023845142719318
54 0.10021567809713364
55 0.10019508679210251
56 0.10017646715892316
57 0.10015962935605928
58 0.10014440201128703
59 0.10013063039032173
60 0.10011817475326001
61 0.10010690887845469
62 0.1000967187359376
63 -7.03305031941579
0 0.18658664468889538
1 0.17639829403819746
2 0.16719003279959574
3 0.15895781839130405
4 0.1516636190844861
5 0.1452459481370449
6 0.13962939931797735
7 0.13473241748547274
8 0.13047307827554971
9 0.12677300748333023
10 0.12355975387754939
11 0.1207679845408351
12 0.11833984997438313
13 0.11622480780595708
14 0.11437912578895455
15 0.11276522159902701
16 0.11135094500025852
17 0.1101088685255521
18 0.10901562465252879
19 0.10805130837719247
20 0.1071989518275807
21 0.10644407014880967
22 0.10577427377564705
23 0.10517894023798165
24 0.10464893800551704
25 0.10417639501825557
26 0.10375450510715932
27 0.10337736625686846
28 0.10303984546135649
29 0.10273746569648808
30 0.1024663112397904
31 0.10222294819093855
32 0.10200435758299817
33 0.10180787892875486
34 0.10163116242663088
35 0.10147212836602316
36 0.10132893253164826
37 0.10119993662008053
38 0.10108368285610429
39 0.1009788721394209
40 0.10088434516861795
41 0.10079906608466017
42 0.10072210825391195
43 0.10065264187430226
44 0.10058992314046246
45 0.10053328474658191
46 0.10048212754083939
47 0.10043591317461008
48 0.10039415761344633
49 0.10035642539719289
50 0.10032232455294492
51 0.10029150207864718
52 0.10026363992675427
53 0.10023845142719136
54 0.10021567809713544
55 0.10019508679210612
56 0.10017646715892176
57 0.10015962935605728
58 0.10014440201128604
59 0.10013063039032334
60 0.100118174753258
61 0.1001069088784573
62 0.1000967187359362
63 -7.033050319415791
0 0.18658664468889594
1 0.1763982940381956
2 0.16719003279959554
3 0.15895781839130535
4 0.15166361908448533
5 0.14524594813704836
6 0.13962939931797755
7 0.13473241748547254
8 0.13047307827554816
9 0.12677300748332962
10 0.12355975387754997
11 0.12076798454083233
12 0.1183398499743843
13 0.11622480780596241
14 0.1143791257889494
15 0.1127652215990288
16 0.11135094500025873
17 0.11010886852555289
18 0.10901562465252798
19 0.10805130837719247
20 0.1071989518275811
21 0.10644407014880589
22 0.10577427377565024
23 0.10517894023798105
24 0.10464893800551844
25 0.10417639501825517
26 0.10375450510716032
27 0.10337736625686646
28 0.10303984546135889
29 0.10273746569648888
30 0.1024663112397876
31 0.10222294819093755
32 0.10200435758299976
33 0.10180787892875225
34 0.10163116242663128
35 0.10147212836602397
36 0.10132893253165047
37 0.10119993662007894
38 0.1010836828561051
39 0.1009788721394203
40 0.10088434516861715
41 0.10079906608466058
42 0.10072210825391235
43 0.10065264187430487
44 0.10058992314046145
45 0.1005332847465803
46 0.10048212754083959
47 0.10043591317461188
48 0.10039415761344514
49 0.10035642539718947
50 0.10032232455294914
51 0.10029150207864597
52 0.10026363992675508
53 0.10023845142719157
54 0.10021567809713565
55 0.1001950867921027
56 0.10017646715892256
57 0.10015962935605768
58 0.10014440201128563
59 0.10013063039032614
60 0.1001181747532584
61 0.10010690887845691
62 0.10009671873593239
63 -7.03305031941579
0 0.18658664468889447
1 0.17639829403819876
2 0.1671900327995916
3 0.15895781839131048
4 0.15166361908448286
5 0.14524594813704778
6 0.13962939931797544
7 0.1347324174854737
8 0.13047307827554894
9 0.1267730074833312
10 0.12355975387754742
11 0.1207679845408349
12 0.11833984997438253
13 0.11622480780595885
14 0.11437912578895455
15 0.1127652215990272
16 0.11135094500025873
17 0.11010886852555189
18 0.10901562465252898
19 0.10805130837719266
20 0.10719895182757731
21 0.10644407014881087
22 0.10577427377564824
23 0.10517894023798045
24 0.10464893800551744
25 0.10417639501825497
26 0.10375450510716132
27 0.10337736625686826
28 0.10303984546135649
29 0.10273746569649048
30 0.102466311239787
31 0.10222294819093995
32 0.10200435758299736
33 0.10180787892875164
34 0.10163116242663209
35 0.10147212836602416
36 0.10132893253165028
37 0.10119993662007894
38 0.10108368285610368
39 0.1009788721394205
40 0.10088434516861915
41 0.10079906608465776
42 0.10072210825391416
43 0.10065264187430246
44 0.10058992314046306
45 0.1005332847465795
46 0.100482127540841
47 0.10043591317461188
48 0.10039415761344372
49 0.1003564253971955
50 0.10032232455294712
51 0.10029150207864235
52 0.10026363992675708
53 0.10023845142719176
54 0.10021567809713404
55 0.10019508679210311
56 0.10017646715892095
57 0.10015962935605868
58 0.10014440201128644
59 0.10013063039032655
60 0.1001181747532572
61 0.1001069088784537
62 0.10009671873593841
63 -7.033050319415791
0 0.18658664468889538
1 0.1763982940381954
2 0.16719003279959366
3 0.15895781839130593
4 0.15166361908448533
5 0.14524594813704797
6 0.13962939931797466
7 0.13473241748547488
8 0.1304730782755501
9 0.1267730074833271
10 0.12355975387755233
11 0.12076798454083254
12 0.1183398499743849
13 0.11622480780595924
14 0.11437912578895355
15 0.11276522159902701
16 0.11135094500025733
17 0.11010886852555289
18 0.10901562465253037
19 0.10805130837719087
20 0.1071989518275795
21 0.10644407014880868
22 0.10577427377564905
23 0.10517894023798105
24 0.10464893800551764
25 0.10417639501825457
26 0.10375450510716012
27 0.10337736625686826
28 0.10303984546135889
29 0.10273746569648967
30 0.1024663112397884
31 0.10222294819093655
32 0.10200435758299857
33 0.10180787892875304
34 0.10163116242663048
35 0.10147212836602537
36 0.10132893253165028
37 0.10119993662007833
38 0.10108368285610408
39 0.1009788721394223
40 0.10088434516861815
41 0.10079906608465676
42 0.10072210825391376
43 0.10065264187430226
44 0.10058992314046467
45 0.10053328474657969
46 0.1004821275408408
47 0.10043591317461069
48 0.10039415761344474
49 0.10035642539719329
50 0.10032232455294572
51 0.10029150207864637
52 0.10026363992675447
53 0.10023845142719237
54 0.10021567809713383
55 0.10019508679210633
56 0.10017646715891894
57 0.10015962935605849
58 0.10014440201128905
59 0.10013063039032093
60 0.100118174753259
61 0.1001069088784563
62 0.10009671873593741
63 -7.03305031941579
0 0.18658664468889538
1 0.17639829403819726
2 0.1671900327995929
3 0.15895781839130668
4 0.15166361908448497
5 0.14524594813704758
6 0.139629399317976
7 0.13473241748547488
8 0.13047307827554933
9 0.1267730074833316
10 0.12355975387754585
11 0.1207679845408347
12 0.11833984997438411
13 0.11622480780595845
14 0.11437912578895316
15 0.11276522159902681
16 0.11135094500025892
17 0.1101088685255521
18 0.10901562465252879
19 0.10805130837719067
20 0.10719895182758031
21 0.10644407014880967
22 0.10577427377564845
23 0.10517894023797845
24 0.10464893800552164
25 0.10417639501825457
26 0.10375450510716112
27 0.10337736625686665
28 0.10303984546135729
29 0.10273746569649028
30 0.102466311239787
31 0.10222294819093995
32 0.10200435758299757
33 0.10180787892875184
34 0.10163116242663169
35 0.10147212836602557
36 0.10132893253164947
37 0.10119993662007712
38 0.10108368285610449
39 0.10097887213942291
40 0.10088434516861654
41 0.10079906608465956
42 0.10072210825391235
43 0.10065264187430367
44 0.10058992314046346
45 0.1005332847465803
46 0.100482127540841
47 0.10043591317461069
48 0.10039415761344493
49 0.10035642539719089
50 0.10032232455294873
51 0.10029150207864697
52 0.10026363992675186
53 0.10023845142719418
54 0.10021567809713404
55 0.10019508679210251
56 0.10017646715892276
57 0.10015962935605607
58 0.10014440201128945
59 0.10013063039032273
60 0.10011817475325961
61 0.10010690887845611
62 0.10009671873593438
63 -7.033050319415789
0 0.1865866446888941
1 0.1763982940381969
2 0.16719003279959196
3 0.1589578183913082
4 0.15166361908448478
5 0.1452459481370472
6 0.13962939931797697
7 0.13473241748547216
8 0.1304730782755501
9 0.1267730074833308
10 0.1235597538775478
11 0.1207679845408351
12 0.11833984997438352
13 0.11622480780595768
14 0.11437912578895376
15 0.11276522159902581
16 0.11135094500025912
17 0.1101088685255521
18 0.10901562465252879
19 0.10805130837719405
20 0.10719895182757871
21 0.10644407014881008
22 0.10577427377564805
23 0.10517894023797925
24 0.10464893800551804
25 0.10417639501825618
26 0.10375450510715972
27 0.10337736625686886
28 0.10303984546135729
29 0.10273746569648928
30 0.1024663112397882
31 0.10222294819093695
32 0.10200435758299997
33 0.10180787892875144
34 0.10163116242663288
35 0.10147212836602497
36 0.10132893253164847
37 0.10119993662007913
38 0.10108368285610408
39 0.10097887213942171
40 0.10088434516861715
41 0.10079906608465856
42 0.10072210825391437
43 0.10065264187430287
44 0.10058992314046346
45 0.10053328474657869
46 0.10048212754084039
47 0.10043591317461249
48 0.10039415761344313
49 0.1003564253971935
50 0.10032232455294873
51 0.10029150207864576
52 0.10026363992675347
53 0.10023845142719036
54 0.10021567809713584
55 0.10019508679210391
56 0.10017646715892216
57 0.10015962935605567
58 0.10014440201129025
59 0.10013063039032254
60 0.1001181747532584
61 0.1001069088784555
62 0.10009671873593841
63 -7.03305031941579
0 0.18658664468889427
1 0.17639829403819746
2 0.16719003279959554
3 0.15895781839130688
4 0.15166361908448306
5 0.1452459481370493
6 0.13962939931797658
7 0.13473241748547274
8 0.13047307827554894
9 0.1267730074833316
10 0.1235597538775484
11 0.12076798454083254
12 0.11833984997438371
13 0.11622480780595747
14 0.11437912578895534
15 0.11276522159902741
16 0.11135094500025813
17 0.11010886852555349
18 0.10901562465252639
19 0.10805130837719266
20 0.10719895182758031
21 0.10644407014880908
22 0.10577427377564705
23 0.10517894023798145
24 0.10464893800551683
25 0.10417639501825438
26 0.10375450510716193
27 0.10337736625686945
28 0.1030398454613591
29 0.10273746569648587
30 0.1024663112397898
31 0.10222294819093855
32 0.10200435758299817
33 0.10180787892875325
34 0.10163116242663027
35 0.10147212836602416
36 0.10132893253164907
37 0.10119993662008214
38 0.10108368285610268
39 0.10097887213942251
40 0.10088434516861634
41 0.10079906608465897
42 0.10072210825391396
43 0.10065264187430306
44 0.10058992314046346
45 0.1005332847465807
46 0.10048212754083899
47 0.10043591317461088
48 0.10039415761344272
49 0.1003564253971967
50 0.10032232455294532
51 0.10029150207864718
52 0.10026363992675427
53 0.10023845142719237
54 0.10021567809713444
55 0.10019508679210251
56 0.10017646715892296
57 0.10015962935605748
58 0.10014440201128604
59 0.10013063039032455
60 0.1001181747532576
61 0.1001069088784557
62 0.1000967187359358
63 -7.033050319415789
0 0.18658664468889316
1 0.1763982940381984
2 0.1671900327995929
3 0.15895781839130801
4 0.151663619084484
5 0.1452459481370468
6 0.13962939931797638
7 0.13473241748547488
8 0.13047307827555166
9 0.12677300748332845
10 0.12355975387754684
11 0.1207679845408347
12 0.11833984997438411
13 0.11622480780595905
14 0.11437912578895434
15 0.11276522159902562
16 0.1113509450002605
17 0.11010886852555189
18 0.10901562465252738
19 0.10805130837719346
20 0.10719895182757871
21 0.10644407014881087
22 0.10577427377564684
23 0.10517894023798105
24 0.10464893800551783
25 0.10417639501825578
26 0.10375450510715913
27 0.10337736625686866
28 0.10303984546135729
29 0.10273746569649007
30 0.102466311239788
31 0.10222294819093554
32 0.10200435758300057
33 0.10180787892875225
34 0.10163116242663128
35 0.10147212836602677
36 0.10132893253164847
37 0.10119993662008074
38 0.10108368285610168
39 0.1009788721394209
40 0.10088434516861915
41 0.10079906608465695
42 0.10072210825391617
43 0.10065264187430346
44 0.10058992314046104
45 0.1005332847465809
46 0.1004821275408408
47 0.10043591317460887
48 0.10039415761344735
49 0.10035642539719229
50 0.10032232455294632
51 0.10029150207864597
52 0.10026363992675387
53 0.10023845142719318
54 0.10021567809713565
55 0.10019508679210151
56 0.10017646715891974
57 0.10015962935606008
58 0.10014440201128764
59 0.10013063039032455
60 0.1001181747532584
61 0.1001069088784573
62 0.10009671873593379
63 -7.033050319415789
0 0.18658664468889335
1 0.17639829403819596
2 0.16719003279959535
3 0.15895781839130535
4 0.15166361908448459
5 0.14524594813704797
6 0.13962939931797774
7 0.13473241748547274
8 0.13047307827554913
9 0.1267730074833312
10 0.12355975387754703
11 0.1207679845408349
12 0.11833984997438313
13 0.11622480780595905
14 0.11437912578895355
15 0.1127652215990284
16 0.11135094500025713
17 0.11010886852555349
18 0.10901562465252917
19 0.10805130837718947
20 0.1071989518275795
21 0.10644407014881167
22 0.10577427377564824
23 0.10517894023797965
24 0.10464893800551724
25 0.10417639501825557
26 0.10375450510715932
27 0.10337736625687047
28 0.1030398454613577
29 0.10273746569648827
30 0.1024663112397902
31 0.10222294819093715
32 0.10200435758299696
33 0.10180787892875265
34 0.10163116242663228
35 0.10147212836602316
36 0.10132893253165268
37 0.10119993662007853
38 0.10108368285610449
39 0.10097887213942111
40 0.10088434516861694
41 0.10079906608465856
42 0.10072210825391396
43 0.10065264187430126
44 0.10058992314046587
45 0.10053328474657888
46 0.10048212754083959
47 0.10043591317461269
48 0.10039415761344213
49 0.1003564253971955
50 0.10032232455294592
51 0.10029150207864697
52 0.10026363992675387
53 0.10023845142719157
54 0.10021567809713404
55 0.10019508679210533
56 0.10017646715891934
57 0.10015962935605949
58 0.10014440201128805
59 0.10013063039032354
60 0.1001181747532576
61 0.1001069088784559
62 0.100096718735936
63 -7.033050319415788
0 0.1865866446888976
1 0.17639829403819635
2 0.1671900327995944
3 0.1589578183913063
4 0.15166361908448517
5 0.14524594813704836
6 0.13962939931797505
7 0.13473241748547624
8 0.1304730782755468
9 0.1267730074833308
10 0.12355975387754879
11 0.12076798454083312
12 0.11833984997438549
13 0.11622480780595885
14 0.11437912578895099
15 0.11276522159902859
16 0.11135094500025694
17 0.1101088685255513
18 0.10901562465253058
19 0.10805130837719266
20 0.10719895182757812
21 0.10644407014881327
22 0.10577427377564684
23 0.10517894023797986
24 0.10464893800551724
25 0.10417639501825557
26 0.10375450510716012
27 0.10337736625686805
28 0.10303984546135889
29 0.10273746569648767
30 0.102466311239789
31 0.10222294819093855
32 0.10200435758299897
33 0.10180787892875244
34 0.10163116242663008
35 0.10147212836602537
36 0.10132893253164767
37 0.10119993662008074
38 0.10108368285610289
39 0.10097887213942472
40 0.10088434516861554
41 0.10079906608466058
42 0.10072210825391216
43 0.10065264187430206
44 0.10058992314046405
45 0.1005332847465795
46 0.10048212754084039
47 0.10043591317460887
48 0.10039415761344815
49 0.1003564253971931
50 0.10032232455294612
51 0.10029150207864597
52 0.10026363992675467
53 0.10023845142719136
54 0.10021567809713404
55 0.10019508679210593
56 0.10017646715891874
57 0.1001596293560611
58 0.10014440201128563
59 0.10013063039032374
60 0.100118174753257
61 0.10010690887845851
62 0.1000967187359354
63 -7.033050319415793
0 0.1865866446888963
1 0.17639829403819635
2 0.1671900327995959
3 0.1589578183913042
4 0.15166361908448517
5 0.14524594813704855
6 0.13962939931797697
7 0.13473241748547293
8 0.13047307827555146
9 0.12677300748332748
10 0.12355975387754879
11 0.1207679845408345
12 0.1183398499743851
13 0.11622480780595826
14 0.11437912578895118
15 0.11276522159903057
16 0.11135094500025694
17 0.1101088685255527
18 0.10901562465252819
19 0.10805130837719047
20 0.1071989518275805
21 0.10644407014881127
22 0.10577427377564745
23 0.10517894023797925
24 0.10464893800551844
25 0.10417639501825837
26 0.10375450510715692
27 0.10337736625686866
28 0.10303984546135869
29 0.10273746569648888
30 0.1024663112397878
31 0.10222294819093715
32 0.10200435758299616
33 0.10180787892875626
34 0.10163116242663088
35 0.10147212836602637
36 0.10132893253164646
37 0.10119993662007994
38 0.1010836828561059
39 0.1009788721394199
40 0.10088434516861935
41 0.10079906608465676
42 0.10072210825391477
43 0.10065264187430105
44 0.10058992314046365
45 0.10053328474657909
46 0.1004821275408424
47 0.10043591317461148
48 0.10039415761344292
49 0.1003564253971927
50 0.10032232455294854
51 0.10029150207864718
52 0.10026363992675186
53 0.10023845142719318
54 0.10021567809713444
55 0.10019508679210493
56 0.10017646715891955
57 0.10015962935606029
58 0.10014440201128463
59 0.10013063039032535
60 0.1001181747532584
61 0.10010690887845611
62 0.100096718735938
63 -7.033050319415794
0 0.18658664468889447
1 0.17639829403819596
2 0.1671900327995948
3 0.15895781839130743
4 0.15166361908448076
5 0.1452459481370495
6 0.13962939931797658
7 0.13473241748547507
8 0.13047307827554913
9 0.12677300748332923
10 0.1235597538775486
11 0.12076798454083293
12 0.11833984997438371
13 0.11622480780596162
14 0.11437912578895297
15 0.11276522159902543
16 0.11135094500025992
17 0.1101088685255513
18 0.10901562465252779
19 0.10805130837719207
20 0.1071989518275827
21 0.10644407014880748
22 0.10577427377564684
23 0.10517894023798245
24 0.10464893800551844
25 0.10417639501825578
26 0.10375450510715872
27 0.10337736625686966
28 0.1030398454613577
29 0.10273746569648948
30 0.102466311239787
31 0.10222294819093895
32 0.10200435758299957
33 0.10180787892874964
34 0.10163116242663268
35 0.10147212836602437
36 0.10132893253164947
37 0.10119993662007913
38 0.10108368285610408
39 0.1009788721394213
40 0.10088434516861554
41 0.10079906608465997
42 0.10072210825391416
43 0.10065264187430427
44 0.10058992314046185
45 0.10053328474657929
46 0.10048212754083959
47 0.10043591317461269
48 0.10039415761344694
49 0.10035642539719129
50 0.10032232455294653
51 0.10029150207864838
52 0.10026363992675207
53 0.10023845142719237
54 0.10021567809713404
55 0.10019508679210432
56 0.10017646715892076
57 0.10015962935605949
58 0.10014440201128604
59 0.10013063039032313
60 0.10011817475325961
61 0.1001069088784567
62 0.1000967187359358
63 -7.033050319415789
0 0.18658664468889558
1 0.1763982940381965
2 0.16719003279959255
3 0.15895781839130668
4 0.15166361908448533
5 0.14524594813704508
6 0.1396293993179789
7 0.1347324174854737
8 0.13047307827554913
9 0.12677300748332962
10 0.12355975387754939
11 0.1207679845408349
12 0.11833984997438313
13 0.11622480780595787
14 0.11437912578895355
15 0.11276522159902741
16 0.11135094500025992
17 0.1101088685255507
18 0.10901562465252998
19 0.10805130837719028
20 0.10719895182757931
21 0.10644407014881287
22 0.10577427377564624
23 0.10517894023798105
24 0.10464893800551783
25 0.10417639501825578
26 0.10375450510715892
27 0.10337736625686746
28 0.10303984546135789
29 0.10273746569649028
30 0.1024663112397882
31 0.10222294819093655
32 0.10200435758299917
33 0.10180787892875405
34 0.10163116242663088
35 0.10147212836602397
36 0.10132893253164987
37 0.10119993662008034
38 0.10108368285610449
39 0.1009788721394199
40 0.10088434516861834
41 0.10079906608465937
42 0.10072210825391276
43 0.10065264187430327
44 0.10058992314046325
45 0.10053328474657929
46 0.1004821275408408
47 0.10043591317461108
48 0.10039415761344433
49 0.1003564253971953
50 0.10032232455294392
51 0.10029150207864616
52 0.10026363992675406
53 0.10023845142719517
54 0.10021567809713304
55 0.10019508679210311
56 0.10017646715892076
57 0.10015962935605868
58 0.10014440201128764
59 0.10013063039032394
60 0.10011817475325781
61 0.10010690887845611
62 0.10009671873593741
63 -7.033050319415791
0 0.18658664468889594
1 0.1763982940381967
2 0.1671900327995933
3 0.15895781839130535
4 0.15166361908448553
5 0.1452459481370491
6 0.13962939931797447
7 0.13473241748547468
8 0.13047307827554894
9 0.12677300748332865
10 0.12355975387754684
11 0.12076798454083608
12 0.1183398499743843
13 0.11622480780596103
14 0.11437912578894999
15 0.11276522159903078
16 0.11135094500025713
17 0.1101088685255515
18 0.10901562465252958
19 0.10805130837719326
20 0.10719895182757791
21 0.10644407014880908
22 0.10577427377565005
23 0.10517894023797925
24 0.10464893800551624
25 0.10417639501825537
26 0.10375450510716012
27 0.10337736625686986
28 0.1030398454613581
29 0.10273746569648888
30 0.10246631123978679
31 0.10222294819094116
32 0.10200435758299696
33 0.10180787892875204
34 0.10163116242663169
35 0.10147212836602637
36 0.10132893253164807
37 0.10119993662007894
38 0.1010836828561059
39 0.10097887213942111
40 0.10088434516861634
41 0.10079906608466017
42 0.10072210825391235
43 0.10065264187430145
44 0.10058992314046587
45 0.10053328474657869
46 0.10048212754083939
47 0.10043591317461309
48 0.10039415761344514
49 0.10035642539719168
50 0.10032232455294712
51 0.10029150207864496
52 0.10026363992675508
53 0.10023845142719176
54 0.10021567809713705
55 0.10019508679210452
56 0.10017646715891813
57 0.10015962935605968
58 0.10014440201128805
59 0.10013063039032193
60 0.10011817475325961
61 0.1001069088784573
62 0.1000967187359354
63 -7.033050319415791
0 0.1865866446888987
1 0.17639829403819504
2 0.16719003279959366
3 0.15895781839130838
4 0.15166361908448345
5 0.145245948137047
6 0.13962939931797658
7 0.13473241748547254
8 0.13047307827555088
9 0.12677300748333198
10 0.12355975387754664
11 0.12076798454083214
12 0.11833984997438805
13 0.11622480780595668
14 0.11437912578895554
15 0.11276522159902443
16 0.11135094500025952
17 0.11010886852555309
18 0.10901562465252879
19 0.10805130837719326
20 0.1071989518275785
21 0.10644407014880927
22 0.10577427377564765
23 0.10517894023797965
24 0.10464893800551904
25 0.10417639501825517
26 0.10375450510715872
27 0.10337736625686986
28 0.1030398454613585
29 0.10273746569648867
30 0.102466311239787
31 0.10222294819093995
32 0.10200435758299736
33 0.10180787892875184
34 0.10163116242663389
35 0.10147212836602136
36 0.10132893253165047
37 0.10119993662007913
38 0.10108368285610529
39 0.1009788721394199
40 0.10088434516861815
41 0.10079906608465797
42 0.10072210825391698
43 0.10065264187430045
44 0.10058992314046467
45 0.10053328474657748
46 0.1004821275408428
47 0.10043591317460988
48 0.10039415761344654
49 0.1003564253971935
50 0.10032232455294311
51 0.10029150207864938
52 0.10026363992675207
53 0.10023845142719318
54 0.10021567809713525
55 0.10019508679210251
56 0.10017646715892216
57 0.10015962935605849
58 0.10014440201128684
59 0.10013063039032233
60 0.10011817475325821
61 0.10010690887845791
62 0.1000967187359358
63 -7.033050319415793
0 0.1865866446888965
1 0.17639829403819746
2 0.16719003279959196
3 0.15895781839130782
4 0.15166361908448364
5 0.14524594813704778
6 0.13962939931797638
7 0.13473241748547293
8 0.13047307827555146
9 0.12677300748333023
10 0.12355975387754604
11 0.12076798454083608
12 0.11833984997438292
13 0.11622480780595806
14 0.11437912578895297
15 0.11276522159902859
16 0.11135094500025972
17 0.1101088685255511
18 0.10901562465252938
19 0.10805130837719147
20 0.1071989518275819
21 0.10644407014880927
22 0.10577427377564605
23 0.10517894023797965
24 0.10464893800551883
25 0.10417639501825457
26 0.10375450510716072
27 0.10337736625686646
28 0.1030398454613599
29 0.10273746569648787
30 0.1024663112397908
31 0.10222294819093494
32 0.10200435758299997
33 0.10180787892875225
34 0.10163116242663209
35 0.10147212836602397
36 0.10132893253165047
37 0.10119993662007712
38 0.10108368285610529
39 0.1009788721394227
40 0.10088434516861755
41 0.10079906608465937
42 0.10072210825391295
43 0.10065264187430145
44 0.10058992314046446
45 0.1005332847465809
46 0.10048212754083939
47 0.10043591317461209
48 0.10039415761344554
49 0.10035642539719168
50 0.10032232455294712
51 0.10029150207864557
52 0.10026363992675467
53 0.10023845142719277
54 0.10021567809713304
55 0.10019508679210512
56 0.10017646715892095
57 0.10015962935605648
58 0.10014440201128864
59 0.10013063039032273
60 0.10011817475326001
61 0.1001069088784549
62 0.1000967187359362
63 -7.03305031941579
0 0.18658664468889427
1 0.1763982940381956
2 0.16719003279959385
3 0.1589578183913082
4 0.15166361908448345
5 0.14524594813704836
6 0.13962939931797813
7 0.13473241748547177
8 0.13047307827554855
9 0.12677300748333004
10 0.1235597538775484
11 0.1207679845408351
12 0.1183398499743843
13 0.11622480780595945
14 0.11437912578895137
15 0.11276522159902978
16 0.11135094500025713
17 0.1101088685255507
18 0.10901562465252879
19 0.10805130837719326
20 0.10719895182757812
21 0.10644407014881127
22 0.10577427377564805
23 0.10517894023798005
24 0.10464893800551864
25 0.10417639501825537
26 0.10375450510715872
27 0.10337736625686926
28 0.10303984546135889
29 0.10273746569648687
30 0.1024663112397884
31 0.10222294819094095
32 0.10200435758299717
33 0.10180787892875304
34 0.10163116242663048
35 0.10147212836602416
36 0.10132893253164967
37 0.10119993662008013
38 0.10108368285610449
39 0.10097887213942151
40 0.10088434516861514
41 0.10079906608465918
42 0.10072210825391537
43 0.10065264187430105
44 0.10058992314046265
45 0.10053328474657909
46 0.1004821275408424
47 0.10043591317460988
48 0.10039415761344514
49 0.1003564253971943
50 0.10032232455294672
51 0.10029150207864657
52 0.10026363992675467
53 0.10023845142719197
54 0.10021567809713283
55 0.10019508679210391
56 0.10017646715892436
57 0.10015962935605707
58 0.10014440201128684
59 0.10013063039032294
60 0.100118174753258
61 0.10010690887845691
62 0.10009671873593701
63 -7.03305031941579
0 0.1865866446888928
1 0.17639829403819987
2 0.16719003279959235
3 0.1589578183913065
4 0.151663619084484
5 0.14524594813704836
6 0.13962939931797697
7 0.1347324174854737
8 0.1304730782755501
9 0.12677300748332984
10 0.12355975387754801
11 0.12076798454083273
12 0.11833984997438549
13 0.11622480780595806
14 0.11437912578895514
15 0.11276522159902662
16 0.11135094500025833
17 0.1101088685255521
18 0.10901562465252819
19 0.10805130837719047
20 0.1071989518275801
21 0.10644407014881167
22 0.10577427377564624
23 0.10517894023798145
24 0.10464893800551764
25 0.10417639501825438
26 0.10375450510716132
27 0.10337736625686826
28 0.1030398454613595
29 0.10273746569648827
30 0.1024663112397866
31 0.10222294819093815
32 0.10200435758300017
33 0.10180787892875144
34 0.10163116242663288
35 0.10147212836602376
36 0.10132893253164907
37 0.10119993662007934
38 0.1010836828561047
39 0.1009788721394223
40 0.10088434516861614
41 0.10079906608465937
42 0.10072210825391316
43 0.10065264187430346
44 0.10058992314046405
45 0.1005332847465785
46 0.100482127540841
47 0.10043591317461108
48 0.10039415761344493
49 0.10035642539719129
50 0.10032232455294954
51 0.10029150207864436
52 0.10026363992675306
53 0.10023845142719277
54 0.10021567809713584
55 0.10019508679210372
56 0.10017646715892095
57 0.10015962935605889
58 0.10014440201128644
59 0.10013063039032334
60 0.10011817475325861
61 0.1001069088784553
62 0.1000967187359376
63 -7.03305031941579
0 0.1865866446888965
1 0.1763982940381945
2 0.16719003279959685
3 0.15895781839130366
4 0.151663619084484
5 0.14524594813704875
6 0.13962939931797638
7 0.13473241748547507
8 0.13047307827554855
9 0.12677300748333217
10 0.12355975387754703
11 0.12076798454083332
12 0.11833984997438687
13 0.11622480780595609
14 0.11437912578895316
15 0.1127652215990278
16 0.11135094500025952
17 0.11010886852554991
18 0.10901562465253058
19 0.10805130837719266
20 0.10719895182757652
21 0.10644407014881327
22 0.10577427377564605
23 0.10517894023798045
24 0.10464893800551643
25 0.10417639501825537
26 0.10375450510716272
27 0.10337736625686705
28 0.1030398454613595
29 0.10273746569648748
30 0.102466311239789
31 0.10222294819093795
32 0.10200435758299876
33 0.10180787892875004
34 0.10163116242663349
35 0.10147212836602376
36 0.10132893253164967
37 0.10119993662007973
38 0.10108368285610349
39 0.10097887213942291
40 0.10088434516861573
41 0.10079906608465997
42 0.10072210825391255
43 0.10065264187430306
44 0.10058992314046365
45 0.10053328474657888
46 0.1004821275408408
47 0.10043591317461048
48 0.10039415761344694
49 0.10035642539719289
50 0.10032232455294612
51 0.10029150207864758
52 0.10026363992675247
53 0.10023845142719318
54 0.10021567809713383
55 0.10019508679210432
56 0.10017646715892235
57 0.10015962935605707
58 0.10014440201128544
59 0.10013063039032555
60 0.10011817475325861
61 0.1001069088784553
62 0.10009671873593559
63 -7.033050319415789
0 0.1865866446888939
1 0.1763982940381954
2 0.1671900327995959
3 0.15895781839130707
4 0.15166361908448364
5 0.14524594813704758
6 0.13962939931797677
7 0.1347324174854741
8 0.1304730782755499
9 0.12677300748332923
10 0.1235597538775486
11 0.1207679845408349
12 0.11833984997438234
13 0.11622480780596044
14 0.11437912578895217
15 0.11276522159902741
16 0.11135094500025873
17 0.1101088685255511
18 0.10901562465252958
19 0.10805130837719286
20 0.10719895182757931
21 0.10644407014881067
22 0.10577427377564684
23 0.10517894023797986
24 0.10464893800551764
25 0.10417639501825818
26 0.10375450510715772
27 0.10337736625686966
28 0.10303984546135529
29 0.10273746569648928
30 0.1024663112397908
31 0.10222294819093795
32 0.10200435758299937
33 0.10180787892875023
34 0.10163116242663188
35 0.10147212836602416
36 0.10132893253165028
37 0.10119993662008053
38 0.10108368285610389
39 0.1009788721394223
40 0.10088434516861534
41 0.10079906608465977
42 0.10072210825391335
43 0.10065264187430306
44 0.10058992314046045
45 0.1005332847465809
46 0.1004821275408408
47 0.10043591317460948
48 0.10039415761344855
49 0.10035642539719108
50 0.10032232455294693
51 0.10029150207864396
52 0.10026363992675669
53 0.10023845142719337
54 0.10021567809713304
55 0.10019508679210432
56 0.10017646715892055
57 0.10015962935605928
58 0.10014440201128764
59 0.10013063039032354
60 0.10011817475326021
61 0.1001069088784545
62 0.10009671873593559
63 -7.033050319415789
0 0.18658664468889816
1 0.17639829403819465
2 0.16719003279959405
3 0.1589578183913065
4 0.151663619084484
5 0.1452459481370491
6 0.1396293993179762
7 0.1347324174854741
8 0.13047307827554777
9 0.12677300748333023
10 0.12355975387754978
11 0.12076798454083332
12 0.11833984997438529
13 0.11622480780595845
14 0.11437912578895297
15 0.11276522159902741
16 0.11135094500025912
17 0.11010886852555091
18 0.10901562465252879
19 0.10805130837719346
20 0.10719895182757791
21 0.10644407014881048
22 0.10577427377564745
23 0.10517894023797925
24 0.10464893800551944
25 0.10417639501825438
26 0.10375450510716012
27 0.10337736625686907
28 0.1030398454613595
29 0.10273746569648748
30 0.10246631123978961
31 0.10222294819093855
32 0.10200435758299757
33 0.10180787892874964
34 0.10163116242663228
35 0.10147212836602718
36 0.10132893253164826
37 0.10119993662007994
38 0.10108368285610368
39 0.1009788721394219
40 0.10088434516861775
41 0.10079906608465797
42 0.10072210825391356
43 0.10065264187430346
44 0.10058992314046206
45 0.10053328474658009
46 0.1004821275408406
47 0.10043591317460948
48 0.10039415761344614
49 0.1003564253971931
50 0.10032232455294814
51 0.10029150207864536
52 0.10026363992675366
53 0.10023845142719277
54 0.10021567809713444
55 0.10019508679210452
56 0.10017646715892055
57 0.10015962935605928
58 0.10014440201128584
59 0.10013063039032334
60 0.10011817475325921
61 0.1001069088784551
62 0.1000967187359366
63 -7.033050319415792
0 0.18658664468889447
1 0.1763982940381971
2 0.16719003279959516
3 0.15895781839130554
4 0.15166361908448267
5 0.14524594813704778
6 0.13962939931797658
7 0.1347324174854739
8 0.13047307827554971
9 0.1267730074833308
10 0.12355975387754801
11 0.12076798454083391
12 0.1183398499743849
13 0.11622480780595905
14 0.11437912578895158
15 0.11276522159902859
16 0.11135094500025773
17 0.11010886852555408
18 0.10901562465252779
19 0.10805130837719186
20 0.1071989518275791
21 0.10644407014881108
22 0.10577427377564765
23 0.10517894023798265
24 0.10464893800551664
25 0.10417639501825457
26 0.10375450510715913
27 0.10337736625687086
28 0.10303984546135589
29 0.10273746569649068
30 0.1024663112397866
31 0.10222294819094016
32 0.10200435758299636
33 0.10180787892875424
34 0.10163116242662948
35 0.10147212836602618
36 0.10132893253164947
37 0.10119993662007752
38 0.10108368285610389
39 0.10097887213942211
40 0.10088434516861755
41 0.10079906608465837
42 0.10072210825391335
43 0.10065264187430406
44 0.10058992314046225
45 0.1005332847465809
46 0.1004821275408402
47 0.10043591317461048
48 0.10039415761344735
49 0.10035642539719009
50 0.10032232455294814
51 0.10029150207864516
52 0.10026363992675387
53 0.10023845142719398
54 0.10021567809713423
55 0.10019508679210291
56 0.10017646715892256
57 0.10015962935605728
58 0.10014440201128784
59 0.10013063039032213
60 0.10011817475325861
61 0.1001069088784567
62 0.1000967187359362
63 -7.033050319415789
0 0.18658664468889463
1 0.176398294038198
2 0.16719003279959196
3 0.15895781839130782
4 0.15166361908448533
5 0.14524594813704758
6 0.13962939931797505
7 0.13473241748547565
8 0.13047307827554933
9 0.12677300748333004
10 0.12355975387754703
11 0.12076798454083391
12 0.11833984997438529
13 0.11622480780595945
14 0.11437912578895197
15 0.1127652215990278
16 0.11135094500025833
17 0.1101088685255521
18 0.10901562465252879
19 0.10805130837719207
20 0.10719895182757812
21 0.10644407014881167
22 0.10577427377564705
23 0.10517894023798124
24 0.10464893800551624
25 0.10417639501825837
26 0.10375450510715913
27 0.10337736625686605
28 0.1030398454613601
29 0.10273746569648727
30 0.1024663112397884
31 0.10222294819093876
32 0.10200435758299876
33 0.10180787892875104
34 0.10163116242663268
35 0.10147212836602357
36 0.10132893253165187
37 0.10119993662007813
38 0.10108368285610309
39 0.10097887213942332
40 0.10088434516861494
41 0.10079906608465918
42 0.10072210825391456
43 0.10065264187430548
44 0.10058992314046045
45 0.10053328474657748
46 0.100482127540843
47 0.10043591317460847
48 0.10039415761344936
49 0.10035642539719108
50 0.10032232455294612
51 0.10029150207864818
52 0.10026363992675287
53 0.10023845142719318
54 0.10021567809713122
55 0.10019508679210633
56 0.10017646715892135
57 0.10015962935605949
58 0.10014440201128744
59 0.10013063039032415
60 0.1001181747532574
61 0.10010690887845429
62 0.10009671873593559
63 -7.033050319415789
0 0.18658664468889685
1 0.1763982940381941
2 0.16719003279959724
3 0.15895781839130554
4 0.15166361908448267
5 0.14524594813704644
6 0.13962939931797716
7 0.1347324174854737
8 0.1304730782755505
9 0.12677300748333295
10 0.12355975387754448
11 0.1207679845408349
12 0.1183398499743851
13 0.11622480780595885
14 0.11437912578895297
15 0.1127652215990272
16 0.11135094500025873
17 0.1101088685255523
18 0.10901562465253058
19 0.10805130837718947
20 0.1071989518275801
21 0.10644407014881087
22 0.10577427377564584
23 0.10517894023798185
24 0.10464893800551764
25 0.10417639501825557
26 0.10375450510716132
27 0.10337736625686746
28 0.10303984546135889
29 0.10273746569648907
30 0.1024663112397856
31 0.10222294819094016
32 0.10200435758299796
33 0.10180787892875084
34 0.10163116242663169
35 0.10147212836602497
36 0.10132893253165068
37 0.10119993662007934
38 0.1010836828561051
39 0.1009788721394197
40 0.10088434516861715
41 0.10079906608466017
42 0.10072210825391255
43 0.10065264187430346
44 0.10058992314046325
45 0.10053328474658009
46 0.1004821275408408
47 0.10043591317461108
48 0.10039415761344313
49 0.1003564253971935
50 0.10032232455294733
51 0.10029150207864818
52 0.10026363992675065
53 0.10023845142719277
54 0.10021567809713544
55 0.10019508679210291
56 0.10017646715892477
57 0.10015962935605527
58 0.10014440201128864
59 0.10013063039032173
60 0.10011817475325821
61 0.10010690887845751
62 0.10009671873593459
63 -7.033050319415789
0 0.18658664468889538
1 0.1763982940381954
2 0.1671900327995946
3 0.15895781839130593
4 0.151663619084484
5 0.14524594813704625
6 0.13962939931797833
7 0.13473241748547352
8 0.13047307827554952
9 0.12677300748333042
10 0.12355975387754801
11 0.12076798454083312
12 0.1183398499743839
13 0.11622480780596044
14 0.11437912578895178
15 0.1127652215990294
16 0.11135094500025892
17 0.1101088685255517
18 0.10901562465252858
19 0.10805130837719326
20 0.10719895182757731
21 0.10644407014881108
22 0.10577427377564584
23 0.10517894023798185
24 0.10464893800551783
25 0.10417639501825597
26 0.10375450510715972
27 0.10337736625687026
28 0.10303984546135549
29 0.10273746569648967
30 0.102466311239787
31 0.10222294819093915
32 0.10200435758299857
33 0.10180787892875304
34 0.10163116242662967
35 0.10147212836602316
36 0.10132893253165028
37 0.10119993662007853
38 0.10108368285610629
39 0.1009788721394227
40 0.10088434516861433
41 0.10079906608466077
42 0.10072210825391176
43 0.10065264187430527
44 0.10058992314046246
45 0.10053328474657769
46 0.10048212754084361
47 0.10043591317460827
48 0.10039415761344735
49 0.10035642539719329
50 0.10032232455294612
51 0.10029150207864718
52 0.10026363992675166
53 0.10023845142719477
54 0.10021567809713283
55 0.10019508679210351
56 0.10017646715892235
57 0.10015962935605627
58 0.10014440201129006
59 0.10013063039032273
60 0.1001181747532584
61 0.1001069088784545
62 0.10009671873593519
63 -7.0330503194157865
0 0.1865866446888941
1 0.1763982940381956
2 0.1671900327995948
3 0.15895781839130613
4 0.151663619084484
5 0.1452459481370468
6 0.13962939931797658
7 0.1347324174854741
8 0.1304730782755505
9 0.12677300748332923
10 0.12355975387755017
11 0.12076798454083214
12 0.1183398499743849
13 0.11622480780595768
14 0.11437912578895257
15 0.1127652215990288
16 0.11135094500025833
17 0.1101088685255521
18 0.10901562465252798
19 0.10805130837719126
20 0.10719895182758091
21 0.10644407014881087
22 0.10577427377564545
23 0.10517894023798224
24 0.10464893800551804
25 0.10417639501825417
26 0.10375450510716032
27 0.10337736625686945
28 0.10303984546135869
29 0.10273746569648667
30 0.1024663112397888
31 0.10222294819093876
32 0.10200435758299817
33 0.10180787892875265
34 0.10163116242662927
35 0.10147212836602597
36 0.10132893253164967
37 0.10119993662007934
38 0.1010836828561065
39 0.10097887213942111
40 0.10088434516861554
41 0.10079906608466198
42 0.10072210825390954
43 0.10065264187430467
44 0.10058992314046346
45 0.1005332847465785
46 0.1004821275408412
47 0.10043591317461129
48 0.10039415761344372
49 0.1003564253971947
50 0.10032232455294492
51 0.10029150207864657
52 0.10026363992675447
53 0.10023845142719418
54 0.10021567809713344
55 0.10019508679210432
56 0.10017646715892035
57 0.10015962935605949
58 0.10014440201128663
59 0.10013063039032374
60 0.1001181747532584
61 0.1001069088784567
62 0.1000967187359362
63 -7.033050319415788
0 0.18658664468889502
1 0.1763982940381967
2 0.16719003279959424
3 0.15895781839130668
4 0.15166361908448517
5 0.1452459481370447
6 0.13962939931797833
7 0.1347324174854737
8 0.13047307827554874
9 0.126773007483331
10 0.12355975387754821
11 0.1207679845408345
12 0.11833984997438332
13 0.11622480780595826
14 0.11437912578895297
15 0.11276522159903157
16 0.11135094500025673
17 0.1101088685255523
18 0.1090156246525266
19 0.10805130837719326
20 0.10719895182757831
21 0.10644407014881027
22 0.10577427377565064
23 0.10517894023797905
24 0.10464893800551504
25 0.10417639501825797
26 0.10375450510715972
27 0.10337736625686886
28 0.10303984546135649
29 0.10273746569649088
30 0.102466311239787
31 0.10222294819094016
32 0.10200435758299757
33 0.10180787892875265
34 0.10163116242663027
35 0.10147212836602497
36 0.10132893253164967
37 0.10119993662007773
38 0.1010836828561061
39 0.1009788721394201
40 0.10088434516861614
41 0.10079906608466198
42 0.10072210825391176
43 0.10065264187430346
44 0.10058992314046346
45 0.10053328474657748
46 0.1004821275408438
47 0.10043591317461069
48 0.10039415761344192
49 0.1003564253971939
50 0.10032232455294753
51 0.10029150207864898
52 0.10026363992675046
53 0.10023845142719398
54 0.10021567809713484
55 0.10019508679210391
56 0.10017646715892095
57 0.10015962935605809
58 0.10014440201128905
59 0.10013063039032254
60 0.10011817475325821
61 0.1001069088784573
62 0.10009671873593479
63 -7.03305031941579
0 0.18658664468889447
1 0.1763982940381971
2 0.16719003279959535
3 0.1589578183913063
4 0.15166361908448345
5 0.14524594813704816
6 0.13962939931797697
7 0.13473241748547313
8 0.1304730782755505
9 0.12677300748333004
10 0.12355975387754604
11 0.12076798454083568
12 0.1183398499743843
13 0.11622480780595806
14 0.11437912578895534
15 0.11276522159902423
16 0.11135094500026012
17 0.1101088685255505
18 0.10901562465252917
19 0.10805130837719307
20 0.1071989518275795
21 0.10644407014881108
22 0.10577427377564584
23 0.10517894023798285
24 0.10464893800551643
25 0.10417639501825637
26 0.10375450510715932
27 0.10337736625686945
28 0.10303984546135649
29 0.10273746569648967
30 0.1024663112397888
31 0.10222294819093634
32 0.10200435758300037
33 0.10180787892875164
34 0.10163116242663188
35 0.10147212836602236
36 0.10132893253165208
37 0.10119993662007953
38 0.10108368285610209
39 0.10097887213942432
40 0.10088434516861654
41 0.10079906608465616
42 0.10072210825391496
43 0.10065264187430427
44 0.10058992314046265
45 0.1005332847465803
46 0.1004821275408402
47 0.10043591317460968
48 0.10039415761344694
49 0.1003564253971931
50 0.10032232455294553
51 0.10029150207864637
52 0.10026363992675508
53 0.10023845142719318
54 0.10021567809713224
55 0.10019508679210452
56 0.10017646715892155
57 0.10015962935605648
58 0.10014440201128885
59 0.10013063039032415
60 0.1001181747532584
61 0.10010690887845691
62 0.10009671873593459
63 -7.033050319415789
0 0.18658664468889355
1 0.17639829403819912
2 0.16719003279959121
3 0.15895781839130801
4 0.15166361908448478
5 0.1452459481370491
6 0.13962939931797486
7 0.1347324174854743
8 0.13047307827554952
9 0.12677300748332904
10 0.12355975387754821
11 0.1207679845408343
12 0.1183398499743851
13 0.11622480780595945
14 0.11437912578895197
15 0.1127652215990284
16 0.11135094500025892
17 0.11010886852554852
18 0.10901562465253117
19 0.10805130837719405
20 0.10719895182757791
21 0.10644407014880848
22 0.10577427377564824
23 0.10517894023798205
24 0.10464893800551704
25 0.10417639501825697
26 0.10375450510715852
27 0.10337736625686886
28 0.1030398454613591
29 0.10273746569648787
30 0.1024663112397888
31 0.10222294819093795
32 0.10200435758299857
33 0.10180787892875164
34 0.10163116242662988
35 0.10147212836602516
36 0.10132893253164987
37 0.10119993662007973
38 0.1010836828561055
39 0.1009788721394203
40 0.10088434516861795
41 0.10079906608465757
42 0.10072210825391537
43 0.10065264187430126
44 0.10058992314046426
45 0.10053328474657748
46 0.1004821275408416
47 0.10043591317461228
48 0.10039415761344493
49 0.10035642539719329
50 0.1003223245529433
51 0.10029150207864958
52 0.10026363992675406
53 0.10023845142719116
54 0.10021567809713383
55 0.10019508679210573
56 0.10017646715892095
57 0.10015962935605707
58 0.10014440201128945
59 0.10013063039032133
60 0.1001181747532588
61 0.10010690887845751
62 0.10009671873593398
63 -7.033050319415789
0 0.18658664468889574
1 0.1763982940381967
2 0.16719003279959385
3 0.1589578183913063
4 0.15166361908448248
5 0.1452459481370474
6 0.13962939931797774
7 0.1347324174854741
8 0.13047307827554874
9 0.12677300748332943
10 0.12355975387755075
11 0.12076798454083214
12 0.11833984997438529
13 0.11622480780595727
14 0.11437912578895613
15 0.11276522159902681
16 0.11135094500025892
17 0.1101088685255511
18 0.10901562465252917
19 0.10805130837719107
20 0.10719895182757931
21 0.10644407014880948
22 0.10577427377564784
23 0.10517894023798485
24 0.10464893800551343
25 0.10417639501825557
26 0.10375450510716053
27 0.10337736625687066
28 0.10303984546135869
29 0.10273746569648608
30 0.1024663112397886
31 0.10222294819093855
32 0.10200435758299836
33 0.10180787892875044
34 0.10163116242663188
35 0.10147212836602817
36 0.10132893253164767
37 0.10119993662007973
38 0.1010836828561061
39 0.1009788721394183
40 0.10088434516861775
41 0.10079906608465856
42 0.10072210825391396
43 0.10065264187430467
44 0.10058992314046085
45 0.1005332847465799
46 0.1004821275408412
47 0.10043591317461148
48 0.10039415761344533
49 0.10035642539719108
50 0.10032232455294653
51 0.10029150207864697
52 0.10026363992675387
53 0.10023845142719318
54 0.10021567809713323
55 0.10019508679210452
56 0.10017646715892115
57 0.10015962935605909
58 0.10014440201128784
59 0.10013063039032434
60 0.10011817475325861
61 0.1001069088784541
62 0.1000967187359358
63 -7.033050319415789
0 0.18658664468889685
1 0.17639829403819615
2 0.16719003279959516
3 0.15895781839130327
4 0.15166361908448706
5 0.14524594813704778
6 0.13962939931797486
7 0.13473241748547352
8 0.13047307827555088
9 0.1267730074833312
10 0.12355975387754899
11 0.12076798454083135
12 0.1183398499743851
13 0.11622480780595924
14 0.11437912578895118
15 0.11276522159902701
16 0.11135094500025972
17 0.11010886852555249
18 0.10901562465252719
19 0.10805130837719247
20 0.1071989518275801
21 0.10644407014881087
22 0.10577427377564724
23 0.10517894023797945
24 0.10464893800551883
25 0.10417639501825438
26 0.10375450510716112
27 0.10337736625686846
28 0.1030398454613581
29 0.10273746569648867
30 0.1024663112397882
31 0.10222294819093615
32 0.10200435758300178
33 0.10180787892875044
34 0.10163116242663188
35 0.10147212836602336
36 0.10132893253165168
37 0.10119993662007973
38 0.1010836828561033
39 0.1009788721394219
40 0.10088434516861715
41 0.10079906608465877
42 0.10072210825391517
43 0.10065264187430185
44 0.10058992314046225
45 0.10053328474658049
46 0.100482127540842
47 0.10043591317460927
48 0.10039415761344614
49 0.10035642539719329
50 0.10032232455294512
51 0.10029150207864677
52 0.10026363992675266
53 0.10023845142719237
54 0.10021567809713504
55 0.10019508679210573
56 0.10017646715892055
57 0.10015962935605849
58 0.10014440201128764
59 0.10013063039032294
60 0.1001181747532588
61 0.10010690887845168
62 0.10009671873593841
63 -7.03305031941579
0 0.18658664468889335
1 0.1763982940381971
2 0.16719003279959574
3 0.15895781839130535
4 0.15166361908448192
5 0.1452459481370518
6 0.13962939931797447
7 0.13473241748547196
8 0.13047307827555166
9 0.12677300748333023
10 0.12355975387754742
11 0.12076798454083214
12 0.11833984997438687
13 0.11622480780595845
14 0.11437912578895297
15 0.11276522159902522
16 0.11135094500025873
17 0.11010886852555309
18 0.10901562465252938
19 0.10805130837719186
20 0.10719895182757871
21 0.10644407014881227
22 0.10577427377564545
23 0.10517894023798305
24 0.10464893800551724
25 0.10417639501825397
26 0.10375450510716212
27 0.10337736625686766
28 0.10303984546135889
29 0.10273746569648767
30 0.1024663112397912
31 0.10222294819093675
32 0.10200435758299777
33 0.10180787892875084
34 0.10163116242663228
35 0.10147212836602457
36 0.10132893253164907
37 0.10119993662008034
38 0.10108368285610349
39 0.1009788721394227
40 0.10088434516861795
41 0.10079906608465776
42 0.10072210825391235
43 0.10065264187430346
44 0.10058992314046325
45 0.10053328474657708
46 0.10048212754084321
47 0.10043591317461008
48 0.10039415761344393
49 0.10035642539719611
50 0.10032232455294632
51 0.10029150207864396
52 0.10026363992675648
53 0.10023845142719157
54 0.10021567809713344
55 0.10019508679210412
56 0.10017646715892055
57 0.10015962935605828
58 0.10014440201128784
59 0.10013063039032555
60 0.1001181747532568
61 0.10010690887845691
62 0.10009671873593741
63 -7.03305031941579
0 0.18658664468889594
1 0.17639829403819746
2 0.16719003279959047
3 0.1589578183913101
4 0.15166361908448345
5 0.14524594813704797
6 0.13962939931797388
7 0.1347324174854745
8 0.13047307827555107
9 0.1267730074833308
10 0.12355975387754664
11 0.12076798454083391
12 0.1183398499743849
13 0.11622480780595965
14 0.11437912578895197
15 0.11276522159902681
16 0.11135094500025952
17 0.11010886852555368
18 0.10901562465252639
19 0.10805130837719486
20 0.10719895182757612
21 0.10644407014881108
22 0.10577427377564864
23 0.10517894023797905
24 0.10464893800551844
25 0.10417639501825578
26 0.10375450510715972
27 0.10337736625686786
28 0.1030398454613601
29 0.10273746569648687
30 0.1024663112397894
31 0.10222294819093715
32 0.10200435758300097
33 0.10180787892874983
34 0.10163116242663148
35 0.10147212836602497
36 0.10132893253165007
37 0.10119993662007813
38 0.1010836828561077
39 0.10097887213941889
40 0.10088434516861634
41 0.10079906608465937
42 0.10072210825391276
43 0.10065264187430446
44 0.10058992314046325
45 0.10053328474657729
46 0.1004821275408438
47 0.10043591317461029
48 0.10039415761344614
49 0.10035642539719108
50 0.10032232455294632
51 0.10029150207864597
52 0.10026363992675548
53 0.10023845142719318
54 0.10021567809713323
55 0.10019508679210573
56 0.10017646715891955
57 0.10015962935605809
58 0.10014440201128845
59 0.10013063039032273
60 0.1001181747532594
61 0.1001069088784555
62 0.10009671873593559
63 -7.03305031941579
0 0.18658664468889483
1 0.17639829403819765
2 0.1671900327995927
3 0.15895781839130668
4 0.15166361908448459
5 0.14524594813705008
6 0.1396293993179737
7 0.1347324174854745
8 0.13047307827554622
9 0.12677300748333434
10 0.12355975387754722
11 0.12076798454083351
12 0.11833984997438332
13 0.11622480780595885
14 0.11437912578895376
15 0.11276522159902859
16 0.11135094500025933
17 0.1101088685255513
18 0.10901562465252798
19 0.10805130837719486
20 0.10719895182757772
21 0.10644407014880987
22 0.10577427377564624
23 0.10517894023798205
24 0.10464893800551744
25 0.10417639501825497
26 0.10375450510716032
27 0.10337736625686926
28 0.10303984546135449
29 0.10273746569649128
30 0.10246631123978961
31 0.10222294819093594
32 0.10200435758300078
33 0.10180787892875204
34 0.10163116242663067
35 0.10147212836602557
36 0.10132893253164867
37 0.10119993662007953
38 0.10108368285610429
39 0.10097887213942151
40 0.10088434516861614
41 0.10079906608466077
42 0.10072210825391176
43 0.10065264187430446
44 0.10058992314046285
45 0.10053328474657929
46 0.1004821275408418
47 0.10043591317461029
48 0.10039415761344433
49 0.10035642539719249
50 0.10032232455294653
51 0.10029150207864677
52 0.10026363992675287
53 0.10023845142719377
54 0.10021567809713504
55 0.10019508679210452
56 0.10017646715892135
57 0.10015962935605567
58 0.10014440201128805
59 0.10013063039032415
60 0.10011817475326021
61 0.1001069088784545
62 0.10009671873593438
63 -7.033050319415787
0 0.18658664468889355
1 0.1763982940381984
2 0.1671900327995933
3 0.1589578183913065
4 0.15166361908448686
5 0.1452459481370445
6 0.13962939931797658
7 0.1347324174854739
8 0.13047307827554971
9 0.12677300748332884
10 0.12355975387755135
11 0.12076798454083038
12 0.11833984997438608
13 0.11622480780595945
14 0.11437912578895039
15 0.1127652215990284
16 0.11135094500025912
17 0.11010886852555389
18 0.10901562465252719
19 0.10805130837719087
20 0.10719895182758031
21 0.10644407014881208
22 0.10577427377564605
23 0.10517894023798105
24 0.10464893800551704
25 0.10417639501825678
26 0.10375450510715872
27 0.10337736625687047
28 0.10303984546135748
29 0.10273746569648708
30 0.1024663112397902
31 0.10222294819093534
32 0.10200435758300237
33 0.10180787892875044
34 0.10163116242663248
35 0.10147212836602457
36 0.10132893253164767
37 0.10119993662007913
38 0.1010836828561067
39 0.1009788721394199
40 0.10088434516861514
41 0.10079906608466378
42 0.10072210825391176
43 0.10065264187430387
44 0.10058992314045945
45 0.1005332847465811
46 0.100482127540842
47 0.10043591317461048
48 0.10039415761344633
49 0.10035642539719129
50 0.10032232455294612
51 0.10029150207864818
52 0.10026363992675226
53 0.10023845142719176
54 0.10021567809713705
55 0.10019508679210291
56 0.10017646715892176
57 0.10015962935605527
58 0.10014440201128925
59 0.10013063039032515
60 0.1001181747532584
61 0.1001069088784555
62 0.10009671873593701
63 -7.033050319415791
0 0.18658664468889502
1 0.17639829403819596
2 0.16719003279959535
3 0.15895781839130668
4 0.15166361908448325
5 0.14524594813704586
6 0.13962939931797871
7 0.1347324174854737
8 0.130473078275547
9 0.12677300748333314
10 0.12355975387754703
11 0.12076798454083332
12 0.11833984997438549
13 0.11622480780595845
14 0.11437912578895376
15 0.11276522159902681
16 0.11135094500025952
17 0.11010886852555289
18 0.10901562465252679
19 0.10805130837719426
20 0.10719895182757831
21 0.10644407014881027
22 0.10577427377564584
23 0.10517894023798165
24 0.10464893800551764
25 0.10417639501825438
26 0.10375450510716272
27 0.10337736625686786
28 0.1030398454613577
29 0.10273746569649007
30 0.1024663112397852
31 0.10222294819093995
32 0.10200435758299876
33 0.10180787892875244
34 0.10163116242663067
35 0.10147212836602357
36 0.10132893253165128
37 0.10119993662008013
38 0.10108368285610368
39 0.10097887213942071
40 0.10088434516861815
41 0.10079906608465977
42 0.10072210825391195
43 0.10065264187430145
44 0.10058992314046507
45 0.10053328474657729
46 0.1004821275408428
47 0.10043591317461169
48 0.10039415761344554
49 0.10035642539719049
50 0.10032232455294873
51 0.10029150207864616
52 0.10026363992675406
53 0.10023845142719216
54 0.10021567809713484
55 0.10019508679210493
56 0.10017646715891974
57 0.10015962935605889
58 0.10014440201128784
59 0.10013063039032033
60 0.10011817475326042
61 0.10010690887845711
62 0.100096718735936
63 -7.033050319415791
0 0.18658664468889427
1 0.1763982940381965
2 0.16719003279959574
3 0.1589578183913048
4 0.15166361908448325
5 0.14524594813704989
6 0.1396293993179762
7 0.1347324174854739
8 0.13047307827554913
9 0.1267730074833316
10 0.12355975387754585
11 0.1207679845408343
12 0.11833984997438667
13 0.11622480780595629
14 0.11437912578895316
15 0.112765221599028
16 0.11135094500025972
17 0.1101088685255513
18 0.10901562465252838
19 0.10805130837719087
20 0.1071989518275805
21 0.10644407014881067
22 0.10577427377564705
23 0.10517894023798086
24 0.10464893800551724
25 0.10417639501825718
26 0.10375450510715792
27 0.10337736625686945
28 0.1030398454613595
29 0.10273746569648727
30 0.1024663112397888
31 0.10222294819093936
32 0.10200435758299777
33 0.10180787892875123
34 0.10163116242663209
35 0.10147212836602537
36 0.10132893253164807
37 0.10119993662007873
38 0.1010836828561051
39 0.1009788721394213
40 0.10088434516861694
41 0.10079906608466077
42 0.10072210825391335
43 0.10065264187430367
44 0.10058992314046104
45 0.1005332847465803
46 0.1004821275408424
47 0.10043591317460747
48 0.10039415761344654
49 0.10035642539719108
50 0.10032232455294833
51 0.10029150207864657
52 0.10026363992675427
53 0.10023845142719277
54 0.10021567809713364
55 0.10019508679210412
56 0.10017646715891995
57 0.10015962935605949
58 0.10014440201128824
59 0.10013063039032313
60 0.10011817475325961
61 0.1001069088784553
62 0.100096718735935
63 -7.033050319415789
0 0.18658664468889335
1 0.17639829403819765
2 0.1671900327995929
3 0.15895781839130668
4 0.15166361908448364
5 0.14524594813704836
6 0.13962939931797755
7 0.13473241748547313
8 0.13047307827554933
9 0.12677300748333042
10 0.12355975387754643
11 0.1207679845408351
12 0.11833984997438272
13 0.11622480780595866
14 0.11437912578895573
15 0.112765221599028
16 0.11135094500025793
17 0.1101088685255501
18 0.10901562465253017
19 0.10805130837719247
20 0.1071989518275797
21 0.10644407014880808
22 0.10577427377564924
23 0.10517894023798065
24 0.10464893800551844
25 0.10417639501825417
26 0.10375450510715953
27 0.10337736625687047
28 0.10303984546135649
29 0.10273746569648988
30 0.102466311239788
31 0.10222294819093795
32 0.10200435758299876
33 0.10180787892875265
34 0.10163116242662967
35 0.10147212836602516
36 0.10132893253165068
37 0.10119993662007853
38 0.10108368285610629
39 0.1009788721394199
40 0.10088434516861815
41 0.10079906608465797
42 0.10072210825391295
43 0.10065264187430367
44 0.10058992314046246
45 0.10053328474658049
46 0.100482127540842
47 0.10043591317460948
48 0.10039415761344593
49 0.10035642539719089
50 0.10032232455294733
51 0.10029150207864616
52 0.10026363992675487
53 0.10023845142719216
54 0.10021567809713344
55 0.10019508679210493
56 0.10017646715891974
57 0.10015962935605849
58 0.10014440201128864
59 0.10013063039032193
60 0.10011817475326142
61 0.1001069088784541
62 0.10009671873593741
63 -7.033050319415789
0 0.18658664468889574
1 0.1763982940381967
2 0.1671900327995927
3 0.15895781839130593
4 0.15166361908448497
5 0.14524594813704875
6 0.139629399317976
7 0.13473241748547526
8 0.1304730782755466
9 0.1267730074833308
10 0.12355975387754918
11 0.12076798454083312
12 0.11833984997438411
13 0.11622480780595924
14 0.11437912578895197
15 0.1127652215990272
16 0.11135094500025933
17 0.11010886852555189
18 0.10901562465252977
19 0.10805130837719147
20 0.10719895182757931
21 0.10644407014881067
22 0.10577427377564665
23 0.10517894023798285
24 0.10464893800551664
25 0.10417639501825537
26 0.10375450510716012
27 0.10337736625686846
28 0.10303984546135789
29 0.10273746569648948
30 0.1024663112397878
31 0.10222294819093795
32 0.10200435758299757
33 0.10180787892875365
34 0.10163116242663027
35 0.10147212836602597
36 0.10132893253164746
37 0.10119993662008155
38 0.10108368285610349
39 0.10097887213942251
40 0.10088434516861614
41 0.10079906608465837
42 0.10072210825391356
43 0.10065264187430487
44 0.10058992314046185
45 0.1005332847465803
46 0.1004821275408408
47 0.10043591317461088
48 0.10039415761344393
49 0.10035642539719149
50 0.10032232455294572
51 0.10029150207864998
52 0.10026363992675207
53 0.10023845142719297
54 0.10021567809713423
55 0.10019508679210251
56 0.10017646715892256
57 0.10015962935605889
58 0.10014440201128703
59 0.10013063039032374
60 0.1001181747532584
61 0.10010690887845711
62 0.10009671873593479
63 -7.033050319415788
0 0.18658664468889574
1 0.17639829403819524
2 0.16719003279959668
3 0.15895781839130613
4 0.15166361908448286
5 0.14524594813704894
6 0.13962939931797658
7 0.13473241748547177
8 0.13047307827555069
9 0.126773007483331
10 0.12355975387754585
11 0.12076798454083686
12 0.11833984997438332
13 0.11622480780595945
14 0.11437912578895178
15 0.1127652215990278
16 0.11135094500026071
17 0.11010886852555031
18 0.10901562465252639
19 0.10805130837719505
20 0.1071989518275791
21 0.10644407014881108
22 0.10577427377564584
23 0.10517894023798224
24 0.10464893800551624
25 0.10417639501825557
26 0.10375450510715932
27 0.10337736625687086
28 0.10303984546135589
29 0.10273746569648988
30 0.1024663112397878
31 0.10222294819093634
32 0.10200435758300178
33 0.10180787892875204
34 0.10163116242663027
35 0.10147212836602215
36 0.10132893253165168
37 0.10119993662007792
38 0.1010836828561057
39 0.1009788721394223
40 0.10088434516861594
41 0.10079906608465918
42 0.10072210825391316
43 0.10065264187430567
44 0.10058992314045924
45 0.1005332847465827
46 0.10048212754083939
47 0.10043591317461029
48 0.10039415761344633
49 0.10035642539719149
50 0.10032232455294914
51 0.10029150207864557
52 0.10026363992675427
53 0.10023845142719157
54 0.10021567809713344
55 0.1001950867921027
56 0.10017646715892396
57 0.10015962935605707
58 0.10014440201128945
59 0.10013063039032213
60 0.10011817475326001
61 0.10010690887845429
62 0.10009671873593701
63 -7.033050319415791
0 0.18658664468889372
1 0.17639829403819726
2 0.16719003279959366
3 0.15895781839130763
4 0.15166361908448228
5 0.1452459481370491
6 0.139629399317976
7 0.13473241748547488
8 0.13047307827554874
9 0.1267730074833308
10 0.12355975387754722
11 0.1207679845408349
12 0.11833984997438589
13 0.11622480780595708
14 0.11437912578895158
15 0.1127652215990294
16 0.11135094500025892
17 0.1101088685255521
18 0.10901562465252858
19 0.10805130837719207
20 0.1071989518275801
21 0.10644407014880948
22 0.10577427377564665
23 0.10517894023798065
24 0.10464893800551764
25 0.10417639501825678
26 0.10375450510715832
27 0.10337736625687086
28 0.10303984546135649
29 0.10273746569648907
30 0.1024663112397882
31 0.10222294819093554
32 0.10200435758300037
33 0.10180787892875244
34 0.10163116242663209
35 0.10147212836602397
36 0.10132893253164987
37 0.10119993662007973
38 0.10108368285610368
39 0.10097887213942151
40 0.10088434516861815
41 0.10079906608465757
42 0.10072210825391477
43 0.10065264187430126
44 0.10058992314046426
45 0.10053328474657888
46 0.10048212754084221
47 0.10043591317461008
48 0.10039415761344593
49 0.10035642539719229
50 0.10032232455294653
51 0.10029150207864697
52 0.10026363992675366
53 0.10023845142719216
54 0.10021567809713404
55 0.10019508679210391
56 0.10017646715892176
57 0.10015962935605889
58 0.10014440201128584
59 0.10013063039032474
60 0.1001181747532576
61 0.10010690887845691
62 0.100096718735935
63 -7.033050319415788
0 0.18658664468889463
1 0.17639829403819485
2 0.1671900327995959
3 0.15895781839130668
4 0.1516636190844844
5 0.14524594813704586
6 0.13962939931797716
7 0.13473241748547332
8 0.1304730782755501
9 0.12677300748332923
10 0.12355975387754978
11 0.12076798454083254
12 0.1183398499743847
13 0.11622480780595924
14 0.11437912578895376
15 0.11276522159902919
16 0.11135094500025892
17 0.11010886852554633
18 0.10901562465253216
19 0.10805130837719286
20 0.1071989518275791
21 0.10644407014880908
22 0.10577427377564765
23 0.10517894023797986
24 0.10464893800551844
25 0.10417639501825537
26 0.10375450510716153
27 0.10337736625686626
28 0.1030398454613605
29 0.10273746569648727
30 0.1024663112397874
31 0.10222294819094056
32 0.10200435758299696
33 0.10180787892875104
34 0.10163116242663349
35 0.10147212836602557
36 0.10132893253164928
37 0.10119993662007733
38 0.1010836828561075
39 0.1009788721394185
40 0.10088434516861715
41 0.10079906608466178
42 0.10072210825391176
43 0.10065264187430266
44 0.10058992314046386
45 0.10053328474657829
46 0.1004821275408412
47 0.10043591317461148
48 0.10039415761344493
49 0.1003564253971937
50 0.10032232455294451
51 0.10029150207864697
52 0.10026363992675347
53 0.10023845142719458
54 0.10021567809713383
55 0.10019508679210452
56 0.10017646715892135
57 0.10015962935605707
58 0.10014440201128824
59 0.10013063039032233
60 0.10011817475325921
61 0.1001069088784555
62 0.100096718735936
63 -7.033050319415788
0 0.1865866446888941
1 0.1763982940381969
2 0.1671900327995946
3 0.15895781839130593
4 0.15166361908448459
5 0.1452459481370472
6 0.1396293993179762
7 0.13473241748547565
8 0.13047307827554971
9 0.12677300748332884
10 0.12355975387754939
11 0.12076798454083391
12 0.11833984997438549
13 0.11622480780595668
14 0.11437912578895276
15 0.11276522159902959
16 0.11135094500025654
17 0.11010886852555389
18 0.10901562465252917
19 0.10805130837719087
20 0.10719895182757831
21 0.10644407014881048
22 0.10577427377564745
23 0.10517894023798065
24 0.10464893800551883
25 0.10417639501825497
26 0.10375450510716092
27 0.10337736625686866
28 0.1030398454613571
29 0.10273746569648888
30 0.1024663112397884
31 0.10222294819093836
32 0.10200435758299937
33 0.10180787892875023
34 0.10163116242663209
35 0.10147212836602597
36 0.10132893253164786
37 0.10119993662008053
38 0.10108368285610529
39 0.10097887213942071
40 0.10088434516861795
41 0.10079906608465997
42 0.10072210825391176
43 0.10065264187430246
44 0.10058992314046386
45 0.1005332847465807
46 0.10048212754083999
47 0.10043591317461048
48 0.10039415761344493
49 0.10035642539719208
50 0.10032232455294512
51 0.10029150207864858
52 0.10026363992675247
53 0.10023845142719318
54 0.10021567809713423
55 0.10019508679210251
56 0.10017646715892417
57 0.10015962935605728
58 0.10014440201128805
59 0.10013063039032213
60 0.1001181747532584
61 0.1001069088784573
62 0.1000967187359366
63 -7.033050319415791
0 0.18658664468889316
1 0.1763982940381971
2 0.1671900327995948
3 0.15895781839130668
4 0.15166361908448325
5 0.14524594813704778
6 0.13962939931797697
7 0.13473241748547468
8 0.13047307827554894
9 0.1267730074833314
10 0.12355975387754703
11 0.12076798454083351
12 0.1183398499743847
13 0.11622480780595924
14 0.11437912578895257
15 0.11276522159902701
16 0.11135094500025952
17 0.11010886852554991
18 0.10901562465252879
19 0.10805130837719307
20 0.1071989518275801
21 0.10644407014881008
22 0.10577427377564765
23 0.10517894023798025
24 0.10464893800551744
25 0.10417639501825618
26 0.10375450510715992
27 0.10337736625686826
28 0.1030398454613571
29 0.10273746569649088
30 0.1024663112397892
31 0.10222294819093655
32 0.10200435758299817
33 0.10180787892875225
34 0.10163116242663169
35 0.10147212836602316
36 0.10132893253165208
37 0.10119993662007792
38 0.10108368285610209
39 0.10097887213942351
40 0.10088434516861694
41 0.10079906608465856
42 0.10072210825391416
43 0.10065264187430527
44 0.10058992314046145
45 0.10053328474657909
46 0.1004821275408406
47 0.10043591317461088
48 0.10039415761344433
49 0.1003564253971943
50 0.10032232455294572
51 0.10029150207864616
52 0.10026363992675467
53 0.10023845142719176
54 0.10021567809713544
55 0.10019508679210533
56 0.10017646715891934
57 0.10015962935606008
58 0.10014440201128584
59 0.10013063039032474
60 0.1001181747532572
61 0.1001069088784555
62 0.1000967187359358
63 -7.033050319415788
0 0.18658664468889538
1 0.1763982940381969
2 0.16719003279959385
3 0.15895781839130668
4 0.15166361908448459
5 0.145245948137047
6 0.13962939931797852
7 0.13473241748547216
8 0.13047307827554835
9 0.1267730074833312
10 0.1235597538775484
11 0.12076798454083214
12 0.11833984997438608
13 0.11622480780595905
14 0.11437912578895197
15 0.1127652215990284
16 0.11135094500025813
17 0.11010886852555309
18 0.10901562465252738
19 0.10805130837719405
20 0.10719895182757812
21 0.10644407014880967
22 0.10577427377564784
23 0.10517894023797986
24 0.10464893800551883
25 0.10417639501825397
26 0.10375450510715953
27 0.10337736625687066
28 0.1030398454613567
29 0.10273746569649007
30 0.102466311239786
31 0.10222294819093955
32 0.10200435758299897
33 0.10180787892875184
34 0.10163116242663188
35 0.10147212836602437
36 0.10132893253165208
37 0.10119993662007752
38 0.10108368285610268
39 0.10097887213942451
40 0.10088434516861614
41 0.10079906608465797
42 0.10072210825391437
43 0.10065264187430105
44 0.10058992314046507
45 0.10053328474657909
46 0.1004821275408406
47 0.10043591317461249
48 0.10039415761344332
49 0.1003564253971935
50 0.10032232455294572
51 0.10029150207864616
52 0.10026363992675366
53 0.10023845142719176
54 0.10021567809713686
55 0.1001950867921003
56 0.10017646715892316
57 0.10015962935606089
58 0.10014440201128684
59 0.10013063039032354
60 0.1001181747532574
61 0.1001069088784557
62 0.10009671873593479
63 -7.033050319415788
0 0.18658664468889558
1 0.17639829403819318
2 0.16719003279959913
3 0.1589578183913063
4 0.15166361908448267
5 0.14524594813704758
6 0.13962939931797638
7 0.13473241748547468
8 0.13047307827554835
9 0.1267730074833314
10 0.12355975387754879
11 0.12076798454083293
12 0.11833984997438352
13 0.11622480780595866
14 0.11437912578895434
15 0.1127652215990294
16 0.11135094500025694
17 0.1101088685255517
18 0.10901562465252698
19 0.10805130837719266
20 0.1071989518275821
21 0.10644407014880848
22 0.10577427377564745
23 0.10517894023797945
24 0.10464893800551904
25 0.10417639501825757
26 0.10375450510715752
27 0.10337736625687066
28 0.10303984546135748
29 0.10273746569648848
30 0.1024663112397882
31 0.10222294819093795
32 0.10200435758299857
33 0.10180787892875084
34 0.10163116242663128
35 0.10147212836602677
36 0.10132893253164826
37 0.10119993662007792
38 0.10108368285610629
39 0.10097887213942332
40 0.10088434516861454
41 0.10079906608466098
42 0.10072210825391195
43 0.10065264187430145
44 0.10058992314046285
45 0.1005332847465815
46 0.1004821275408424
47 0.10043591317460807
48 0.10039415761344514
49 0.1003564253971943
50 0.10032232455294451
51 0.10029150207864798
52 0.10026363992675548
53 0.10023845142719076
54 0.10021567809713645
55 0.1001950867921013
56 0.10017646715892396
57 0.10015962935605667
58 0.10014440201128824
59 0.10013063039032273
60 0.1001181747532576
61 0.10010690887845751
62 0.100096718735935
63 -7.033050319415791
0 0.1865866446888952
1 0.17639829403819726
2 0.1671900327995944
3 0.15895781839130743
4 0.15166361908448325
5 0.1452459481370474
6 0.13962939931797563
7 0.13473241748547526
8 0.13047307827554894
9 0.1267730074833312
10 0.1235597538775478
11 0.12076798454083254
12 0.1183398499743847
13 0.11622480780595945
14 0.11437912578895297
15 0.1127652215990278
16 0.11135094500025912
17 0.1101088685255507
18 0.10901562465252879
19 0.10805130837719226
20 0.1071989518275805
21 0.10644407014881146
22 0.10577427377564584
23 0.10517894023797825
24 0.10464893800551883
25 0.10417639501825678
26 0.10375450510716053
27 0.10337736625686786
28 0.10303984546135568
29 0.10273746569649107
30 0.1024663112397888
31 0.10222294819093675
32 0.10200435758299957
33 0.10180787892875384
34 0.10163116242662988
35 0.10147212836602276
36 0.10132893253165227
37 0.10119993662007692
38 0.10108368285610529
39 0.1009788721394219
40 0.10088434516861675
41 0.10079906608465937
42 0.10072210825391115
43 0.10065264187430427
44 0.10058992314046306
45 0.10053328474658191
46 0.1004821275408406
47 0.10043591317460827
48 0.10039415761344754
49 0.10035642539719068
50 0.10032232455294833
51 0.10029150207864516
52 0.10026363992675427
53 0.10023845142719216
54 0.10021567809713645
55 0.10019508679210071
56 0.10017646715892195
57 0.10015962935605868
58 0.10014440201128864
59 0.10013063039032093
60 0.10011817475326162
61 0.10010690887845308
62 0.10009671873593881
63 -7.033050319415792
0 0.1865866446888972
1 0.1763982940381967
2 0.16719003279959385
3 0.15895781839130727
4 0.1516636190844838
5 0.1452459481370474
6 0.13962939931797638
7 0.13473241748547352
8 0.1304730782755501
9 0.126773007483331
10 0.12355975387754624
11 0.12076798454083588
12 0.11833984997438095
13 0.11622480780596063
14 0.11437912578895276
15 0.11276522159903098
16 0.11135094500025534
17 0.1101088685255511
18 0.10901562465252998
19 0.10805130837719286
20 0.10719895182757891
21 0.10644407014881087
22 0.10577427377564624
23 0.10517894023798025
24 0.10464893800552044
25 0.10417639501825297
26 0.10375450510716012
27 0.10337736625686926
28 0.10303984546135748
29 0.10273746569648748
30 0.1024663112397908
31 0.10222294819093795
32 0.10200435758299736
33 0.10180787892875164
34 0.10163116242663248
35 0.10147212836602476
36 0.10132893253165028
37 0.10119993662007953
38 0.10108368285610088
39 0.10097887213942311
40 0.10088434516861815
41 0.10079906608465918
42 0.10072210825391276
43 0.10065264187430346
44 0.10058992314046346
45 0.1005332847465809
46 0.1004821275408406
47 0.10043591317461008
48 0.10039415761344372
49 0.1003564253971939
50 0.10032232455294712
51 0.10029150207864576
52 0.10026363992675447
53 0.10023845142719197
54 0.10021567809713464
55 0.10019508679210552
56 0.10017646715891995
57 0.10015962935605849
58 0.10014440201128805
59 0.10013063039032193
60 0.100118174753258
61 0.10010690887845651
62 0.100096718735935
63 -7.03305031941579
0 0.18658664468889463
1 0.1763982940381965
2 0.167190032799595
3 0.15895781839130574
4 0.15166361908448286
5 0.1452459481370495
6 0.13962939931797638
7 0.1347324174854739
8 0.13047307827554738
9 0.12677300748333023
10 0.12355975387754958
11 0.1207679845408343
12 0.1183398499743839
13 0.11622480780595806
14 0.11437912578895376
15 0.11276522159902859
16 0.11135094500025892
17 0.11010886852555309
18 0.10901562465252779
19 0.10805130837719186
20 0.1071989518275785
21 0.10644407014880808
22 0.10577427377564905
23 0.10517894023798165
24 0.10464893800551443
25 0.10417639501825858
26 0.10375450510716032
27 0.10337736625686746
28 0.1030398454613601
29 0.10273746569648608
30 0.10246631123978961
31 0.10222294819093734
32 0.10200435758299876
33 0.10180787892875244
34 0.10163116242663209
35 0.10147212836602416
36 0.10132893253165068
37 0.10119993662007612
38 0.1010836828561061
39 0.1009788721394213
40 0.10088434516861855
41 0.10079906608465856
42 0.10072210825391216
43 0.10065264187430487
44 0.10058992314046265
45 0.10053328474657788
46 0.1004821275408416
47 0.10043591317461148
48 0.10039415761344453
49 0.1003564253971931
50 0.10032232455294914
51 0.10029150207864457
52 0.10026363992675306
53 0.10023845142719398
54 0.10021567809713444
55 0.1001950867921017
56 0.10017646715892417
57 0.10015962935605487
58 0.10014440201128985
59 0.10013063039032394
60 0.1001181747532572
61 0.1001069088784567
62 0.10009671873593398
63 -7.033050319415788
0 0.18658664468889463
1 0.17639829403819746
2 0.1671900327995944
3 0.15895781839130668
4 0.15166361908448286
5 0.14524594813704816
6 0.13962939931797677
7 0.13473241748547352
8 0.13047307827554933
9 0.12677300748333062
10 0.12355975387754821
11 0.12076798454083411
12 0.11833984997438313
13 0.11622480780596162
14 0.11437912578895099
15 0.1127652215990278
16 0.11135094500025634
17 0.11010886852555528
18 0.1090156246525266
19 0.10805130837719266
20 0.1071989518275801
21 0.10644407014880908
22 0.10577427377564645
23 0.10517894023798205
24 0.10464893800551804
25 0.10417639501825597
26 0.10375450510715892
27 0.10337736625686966
28 0.10303984546135869
29 0.10273746569648948
30 0.1024663112397866
31 0.10222294819094016
32 0.10200435758299596
33 0.10180787892875284
34 0.10163116242663349
35 0.10147212836602296
36 0.10132893253165187
37 0.10119993662007552
38 0.10108368285610408
39 0.10097887213942251
40 0.10088434516861473
41 0.10079906608466399
42 0.10072210825391276
43 0.10065264187430126
44 0.10058992314046386
45 0.10053328474657909
46 0.10048212754083939
47 0.10043591317461209
48 0.10039415761344433
49 0.1003564253971941
50 0.10032232455294773
51 0.10029150207864336
52 0.10026363992675447
53 0.10023845142719377
54 0.10021567809713364
55 0.10019508679210552
56 0.10017646715892155
57 0.10015962935605627
58 0.10014440201128724
59 0.10013063039032595
60 0.1001181747532562
61 0.10010690887845651
62 0.1000967187359364
63 -7.03305031941579
0 0.18658664468889483
1 0.17639829403819635
2 0.1671900327995946
3 0.15895781839130727
4 0.151663619084484
5 0.14524594813704797
6 0.13962939931797466
7 0.1347324174854739
8 0.13047307827555127
9 0.12677300748333062
10 0.12355975387754684
11 0.1207679845408347
12 0.1183398499743849
13 0.11622480780595708
14 0.11437912578895355
15 0.1127652215990294
16 0.11135094500025575
17 0.11010886852555349
18 0.10901562465252879
19 0.10805130837719186
20 0.10719895182757831
21 0.10644407014880887
22 0.10577427377565143
23 0.10517894023797925
24 0.10464893800551624
25 0.10417639501825678
26 0.10375450510715872
27 0.10337736625686986
28 0.1030398454613591
29 0.10273746569648827
30 0.1024663112397872
31 0.10222294819093876
32 0.10200435758299777
33 0.10180787892875344
34 0.10163116242662988
35 0.10147212836602898
36 0.10132893253164627
37 0.10119993662007994
38 0.1010836828561059
39 0.1009788721394213
40 0.10088434516861573
41 0.10079906608465776
42 0.10072210825391416
43 0.10065264187430487
44 0.10058992314046064
45 0.10053328474657869
46 0.100482127540843
47 0.10043591317461069
48 0.10039415761344654
49 0.10035642539718968
50 0.10032232455294994
51 0.10029150207864457
52 0.10026363992675326
53 0.10023845142719237
54 0.10021567809713364
55 0.10019508679210493
56 0.10017646715892337
57 0.10015962935605748
58 0.10014440201128784
59 0.10013063039032233
60 0.100118174753258
61 0.1001069088784555
62 0.1000967187359368
63 -7.03305031941579
0 0.18658664468889335
1 0.17639829403820026
2 0.16719003279959255
3 0.1589578183913046
4 0.15166361908448478
5 0.14524594813704836
6 0.13962939931797638
7 0.13473241748547352
8 0.13047307827554971
9 0.12677300748333062
10 0.12355975387754703
11 0.12076798454083608
12 0.11833984997438174
13 0.11622480780596003
14 0.11437912578895257
15 0.1127652215990284
16 0.11135094500025793
17 0.1101088685255517
18 0.10901562465253017
19 0.10805130837719047
20 0.10719895182758031
21 0.10644407014881008
22 0.10577427377564665
23 0.10517894023798086
24 0.10464893800551783
25 0.10417639501825578
26 0.10375450510715872
27 0.10337736625687026
28 0.10303984546135929
29 0.10273746569648787
30 0.1024663112397872
31 0.10222294819093734
32 0.10200435758300037
33 0.10180787892875084
34 0.10163116242663088
35 0.10147212836602618
36 0.10132893253165087
37 0.10119993662007913
38 0.10108368285610228
39 0.10097887213942151
40 0.10088434516861915
41 0.10079906608465776
42 0.10072210825391456
43 0.10065264187430206
44 0.10058992314046246
45 0.1005332847465807
46 0.1004821275408406
47 0.10043591317461029
48 0.10039415761344633
49 0.1003564253971927
50 0.10032232455294653
51 0.10029150207864457
52 0.10026363992675487
53 0.10023845142719116
54 0.10021567809713686
55 0.10019508679210432
56 0.10017646715891934
57 0.10015962935605868
58 0.10014440201128864
59 0.10013063039032052
60 0.1001181747532576
61 0.10010690887845952
62 0.10009671873593559
63 -7.033050319415789
0 0.18658664468889427
1 0.17639829403819635
2 0.16719003279959216
3 0.15895781839130688
4 0.15166361908448553
5 0.14524594813704875
6 0.13962939931797427
7 0.13473241748547565
8 0.13047307827554835
9 0.1267730074833314
10 0.12355975387754624
11 0.12076798454083647
12 0.11833984997438193
13 0.11622480780595826
14 0.11437912578895633
15 0.11276522159902562
16 0.11135094500025852
17 0.1101088685255517
18 0.10901562465252879
19 0.10805130837719186
20 0.10719895182757891
21 0.10644407014881267
22 0.10577427377564605
23 0.10517894023798086
24 0.10464893800551883
25 0.10417639501825217
26 0.10375450510716333
27 0.10337736625686686
28 0.1030398454613595
29 0.10273746569648667
30 0.1024663112397894
31 0.10222294819093755
32 0.10200435758299817
33 0.10180787892875365
34 0.10163116242663048
35 0.10147212836602537
36 0.10132893253164907
37 0.10119993662007773
38 0.1010836828561075
39 0.1009788721394201
40 0.10088434516861715
41 0.10079906608465937
42 0.10072210825391316
43 0.10065264187430105
44 0.10058992314046365
45 0.1005332847465823
46 0.1004821275408408
47 0.10043591317461108
48 0.10039415761344474
49 0.10035642539719168
50 0.10032232455294693
51 0.10029150207864657
52 0.10026363992675326
53 0.10023845142719337
54 0.10021567809713404
55 0.10019508679210412
56 0.10017646715892155
57 0.10015962935605828
58 0.10014440201128703
59 0.10013063039032294
60 0.1001181747532574
61 0.1001069088784573
62 0.100096718735935
63 -7.033050319415787
0 0.18658664468889463
1 0.1763982940381954
2 0.1671900327995944
3 0.15895781839130896
4 0.15166361908448153
5 0.14524594813704855
6 0.13962939931797466
7 0.13473241748547565
8 0.13047307827554874
9 0.12677300748333217
10 0.12355975387754506
11 0.12076798454083411
12 0.11833984997438844
13 0.1162248078059553
14 0.11437912578895415
15 0.1127652215990276
16 0.11135094500025972
17 0.11010886852555189
18 0.10901562465252819
19 0.10805130837719247
20 0.10719895182757991
21 0.10644407014880927
22 0.10577427377564824
23 0.10517894023798065
24 0.10464893800551844
25 0.10417639501825457
26 0.10375450510716232
27 0.10337736625686465
28 0.10303984546136029
29 0.10273746569648708
30 0.1024663112397884
31 0.10222294819093815
32 0.10200435758299857
33 0.10180787892875204
34 0.10163116242663209
35 0.10147212836602618
36 0.10132893253164907
37 0.10119993662007913
38 0.10108368285610268
39 0.1009788721394219
40 0.10088434516861775
41 0.10079906608465776
42 0.10072210825391496
43 0.10065264187430185
44 0.10058992314046486
45 0.10053328474657769
46 0.1004821275408414
47 0.10043591317461129
48 0.10039415761344272
49 0.10035642539719732
50 0.10032232455294392
51 0.10029150207864718
52 0.10026363992675387
53 0.10023845142719016
54 0.10021567809713605
55 0.10019508679210593
56 0.10017646715892035
57 0.10015962935605928
58 0.10014440201128604
59 0.10013063039032354
60 0.10011817475325861
61 0.1001069088784563
62 0.10009671873593459
63 -7.033050319415788
0 0.18658664468889777
1 0.17639829403819765
2 0.16719003279959385
3 0.158957818391305
4 0.15166361908448517
5 0.14524594813704894
6 0.13962939931797427
7 0.1347324174854743
8 0.13047307827554933
9 0.12677300748333178
10 0.12355975387754585
11 0.12076798454083568
12 0.11833984997438313
13 0.11622480780596003
14 0.11437912578895058
15 0.1127652215990284
16 0.11135094500025852
17 0.1101088685255533
18 0.1090156246525254
19 0.10805130837719545
20 0.10719895182757791
21 0.10644407014881067
22 0.10577427377564945
23 0.10517894023798124
24 0.10464893800551524
25 0.10417639501825618
26 0.10375450510715892
27 0.10337736625686866
28 0.10303984546135889
29 0.10273746569648808
30 0.102466311239789
31 0.10222294819093815
32 0.10200435758299857
33 0.10180787892875304
34 0.10163116242662908
35 0.10147212836602798
36 0.10132893253164746
37 0.10119993662007894
38 0.1010836828561051
39 0.10097887213942111
40 0.10088434516861935
41 0.10079906608465736
42 0.10072210825391276
43 0.10065264187430567
44 0.10058992314046145
45 0.1005332847465807
46 0.1004821275408388
47 0.10043591317460988
48 0.10039415761344654
49 0.10035642539719249
50 0.10032232455294612
51 0.10029150207864677
52 0.10026363992675467
53 0.10023845142719297
54 0.10021567809713605
55 0.10019508679210351
56 0.10017646715892155
57 0.10015962935605567
58 0.10014440201128805
59 0.10013063039032273
60 0.10011817475326021
61 0.1001069088784545
62 0.10009671873593781
63 -7.033050319415793
0 0.18658664468889816
1 0.1763982940381958
2 0.16719003279959366
3 0.15895781839130346
4 0.15166361908448744
5 0.14524594813704567
6 0.13962939931797716
7 0.13473241748547468
8 0.13047307827554952
9 0.12677300748333004
10 0.12355975387754879
11 0.12076798454083411
12 0.11833984997438411
13 0.11622480780595885
14 0.11437912578895336
15 0.11276522159902662
16 0.11135094500025912
17 0.1101088685255521
18 0.10901562465252798
19 0.10805130837719286
20 0.1071989518275807
21 0.10644407014880868
22 0.10577427377564505
23 0.10517894023798345
24 0.10464893800551844
25 0.10417639501825497
26 0.10375450510715913
27 0.10337736625686805
28 0.1030398454613591
29 0.10273746569648808
30 0.10246631123979161
31 0.10222294819093534
32 0.10200435758299917
33 0.10180787892875164
34 0.10163116242663048
35 0.10147212836602416
36 0.10132893253164967
37 0.10119993662008053
38 0.1010836828561059
39 0.1009788721394191
40 0.10088434516861795
41 0.10079906608466077
42 0.10072210825391135
43 0.10065264187430346
44 0.10058992314046346
45 0.10053328474658049
46 0.10048212754083959
47 0.10043591317461008
48 0.10039415761344633
49 0.10035642539719189
50 0.10032232455294712
51 0.10029150207864677
52 0.10026363992675366
53 0.10023845142719096
54 0.10021567809713544
55 0.10019508679210391
56 0.10017646715892316
57 0.10015962935605688
58 0.10014440201128563
59 0.10013063039032695
60 0.1001181747532562
61 0.1001069088784567
62 0.1000967187359358
63 -7.033050319415791
0 0.1865866446888941
1 0.17639829403819485
2 0.1671900327995946
3 0.15895781839130763
4 0.1516636190844844
5 0.1452459481370472
6 0.13962939931797524
7 0.134732417485477
8 0.1304730782755472
9 0.12677300748333178
10 0.12355975387754879
11 0.12076798454083293
12 0.1183398499743849
13 0.11622480780595984
14 0.11437912578894881
15 0.1127652215990282
16 0.1113509450002611
17 0.1101088685255515
18 0.109015624652525
19 0.10805130837719645
20 0.10719895182758031
21 0.10644407014880768
22 0.10577427377564905
23 0.10517894023797986
24 0.10464893800551704
25 0.10417639501825457
26 0.10375450510716092
27 0.10337736625686786
28 0.10303984546135929
29 0.10273746569648767
30 0.1024663112397898
31 0.10222294819093795
32 0.10200435758299817
33 0.10180787892875304
34 0.10163116242663027
35 0.10147212836602537
36 0.10132893253164826
37 0.10119993662007973
38 0.10108368285610389
39 0.1009788721394209
40 0.10088434516861834
41 0.10079906608465997
42 0.10072210825391396
43 0.10065264187430367
44 0.10058992314046064
45 0.10053328474658009
46 0.10048212754084221
47 0.10043591317460887
48 0.10039415761344533
49 0.1003564253971947
50 0.10032232455294392
51 0.10029150207864858
52 0.10026363992675467
53 0.10023845142719076
54 0.10021567809713544
55 0.10019508679210291
56 0.10017646715892135
57 0.10015962935605989
58 0.10014440201128644
59 0.10013063039032254
60 0.100118174753259
61 0.10010690887845711
62 0.1000967187359354
63 -7.033050319415789
0 0.18658664468889538
1 0.17639829403819912
2 0.16719003279959255
3 0.15895781839130593
4 0.15166361908448325
5 0.145245948137047
6 0.13962939931797774
7 0.1347324174854739
8 0.13047307827554952
9 0.12677300748332962
10 0.12355975387754801
11 0.12076798454083312
12 0.11833984997438529
13 0.11622480780595727
14 0.11437912578895297
15 0.11276522159903019
16 0.11135094500025912
17 0.11010886852555091
18 0.10901562465252858
19 0.10805130837719346
20 0.10719895182757731
21 0.10644407014881087
22 0.10577427377564845
23 0.10517894023798105
24 0.10464893800551543
25 0.10417639501825697
26 0.10375450510715792
27 0.10337736625686986
28 0.1030398454613601
29 0.10273746569648787
30 0.1024663112397876
31 0.10222294819093855
32 0.10200435758299736
33 0.10180787892875204
34 0.10163116242663067
35 0.10147212836602557
36 0.10132893253165148
37 0.10119993662007773
38 0.10108368285610309
39 0.10097887213942372
40 0.10088434516861755
41 0.10079906608465797
42 0.10072210825391416
43 0.10065264187430145
44 0.10058992314046507
45 0.10053328474657769
46 0.10048212754084321
47 0.10043591317460968
48 0.10039415761344614
49 0.10035642539719089
50 0.10032232455294653
51 0.10029150207864777
52 0.10026363992675347
53 0.10023845142719297
54 0.10021567809713504
55 0.10019508679210332
56 0.10017646715892076
57 0.10015962935605928
58 0.10014440201128623
59 0.10013063039032495
60 0.10011817475325861
61 0.1001069088784545
62 0.100096718735935
63 -7.033050319415789
0 0.18658664468889483
1 0.1763982940381965
2 0.16719003279959366
3 0.15895781839130707
4 0.15166361908448228
5 0.1452459481370495
6 0.13962939931797755
7 0.13473241748547313
8 0.13047307827554952
9 0.12677300748333178
10 0.12355975387754703
11 0.12076798454083372
12 0.11833984997438234
13 0.11622480780595787
14 0.11437912578895693
15 0.11276522159902463
16 0.1113509450002623
17 0.1101088685255505
18 0.10901562465253058
19 0.10805130837718947
20 0.1071989518275813
21 0.10644407014880887
22 0.10577427377564945
23 0.10517894023797945
24 0.10464893800551864
25 0.10417639501825257
26 0.10375450510716112
27 0.10337736625687147
28 0.10303984546135428
29 0.10273746569648848
30 0.1024663112397886
31 0.10222294819093895
32 0.10200435758299857
33 0.10180787892875225
34 0.10163116242663209
35 0.10147212836602336
36 0.10132893253165028
37 0.10119993662007733
38 0.10108368285610489
39 0.10097887213942211
40 0.10088434516861614
41 0.10079906608466098
42 0.10072210825391235
43 0.10065264187430427
44 0.10058992314046285
45 0.10053328474658049
46 0.1004821275408398
47 0.10043591317461048
48 0.10039415761344554
49 0.10035642539719189
50 0.10032232455294773
51 0.10029150207864657
52 0.10026363992675366
53 0.10023845142719076
54 0.10021567809713584
55 0.1001950867921023
56 0.10017646715892316
57 0.10015962935605849
58 0.10014440201128724
59 0.10013063039032273
60 0.10011817475325781
61 0.10010690887845751
62 0.10009671873593741
63 -7.033050319415792
0 0.18658664468889427
1 0.17639829403819615
2 0.16719003279959554
3 0.1589578183913042
4 0.15166361908448517
5 0.1452459481370468
6 0.13962939931798063
7 0.13473241748546982
8 0.13047307827554913
9 0.12677300748333256
10 0.12355975387754684
11 0.1207679845408343
12 0.1183398499743839
13 0.11622480780595866
14 0.11437912578895396
15 0.1127652215990284
16 0.11135094500025793
17 0.11010886852555349
18 0.10901562465252679
19 0.10805130837719226
20 0.1071989518275791
21 0.10644407014881048
22 0.10577427377564705
23 0.10517894023798265
24 0.10464893800551484
25 0.10417639501825718
26 0.10375450510715932
27 0.10337736625686846
28 0.10303984546135869
29 0.10273746569648867
30 0.102466311239789
31 0.10222294819093715
32 0.10200435758299817
33 0.10180787892875304
34 0.10163116242663088
35 0.10147212836602537
36 0.10132893253164987
37 0.10119993662007894
38 0.1010836828561047
39 0.10097887213942251
40 0.10088434516861594
41 0.10079906608465877
42 0.10072210825391316
43 0.10065264187430266
44 0.10058992314046507
45 0.10053328474657748
46 0.1004821275408428
47 0.10043591317460948
48 0.10039415761344514
49 0.1003564253971939
50 0.10032232455294572
51 0.10029150207864798
52 0.10026363992675105
53 0.10023845142719277
54 0.10021567809713484
55 0.10019508679210432
56 0.10017646715892095
57 0.10015962935605768
58 0.10014440201128864
59 0.10013063039032354
60 0.10011817475325781
61 0.10010690887845611
62 0.100096718735936
63 -7.033050319415789
0 0.18658664468889538
1 0.17639829403819726
2 0.1671900327995946
3 0.158957818391305
4 0.15166361908448459
5 0.14524594813704778
6 0.13962939931797563
7 0.13473241748547585
8 0.13047307827554758
9 0.12677300748332884
10 0.12355975387755055
11 0.12076798454083214
12 0.11833984997438568
13 0.11622480780595727
14 0.11437912578895316
15 0.11276522159903117
16 0.11135094500025534
17 0.1101088685255533
18 0.10901562465252917
19 0.10805130837719147
20 0.10719895182757891
21 0.10644407014881108
22 0.10577427377564765
23 0.10517894023797965
24 0.10464893800551844
25 0.10417639501825417
26 0.10375450510716132
27 0.10337736625686886
28 0.10303984546135629
29 0.10273746569649168
30 0.1024663112397842
31 0.10222294819093936
32 0.10200435758300097
33 0.10180787892875204
34 0.10163116242663107
35 0.10147212836602397
36 0.10132893253164967
37 0.10119993662007792
38 0.1010836828561059
39 0.1009788721394205
40 0.10088434516861815
41 0.10079906608466037
42 0.10072210825391115
43 0.10065264187430346
44 0.10058992314046246
45 0.1005332847465813
46 0.1004821275408398
47 0.10043591317461029
48 0.10039415761344514
49 0.1003564253971927
50 0.10032232455294592
51 0.10029150207864677
52 0.10026363992675447
53 0.10023845142719297
54 0.10021567809713364
55 0.10019508679210573
56 0.10017646715892195
57 0.10015962935605527
58 0.10014440201129045
59 0.10013063039032052
60 0.10011817475326001
61 0.1001069088784545
62 0.1000967187359372
63 -7.03305031941579
0 0.18658664468889669
1 0.17639829403819596
2 0.1671900327995933
3 0.15895781839130516
4 0.15166361908448533
5 0.14524594813704778
6 0.13962939931797813
7 0.1347324174854739
8 0.13047307827554738
9 0.12677300748333023
10 0.12355975387754703
11 0.12076798454083588
12 0.11833984997438253
13 0.11622480780595945
14 0.11437912578895158
15 0.11276522159903038
16 0.11135094500025892
17 0.1101088685255527
18 0.10901562465252719
19 0.10805130837719087
20 0.1071989518275807
21 0.10644407014881146
22 0.10577427377564345
23 0.10517894023798385
24 0.10464893800551864
25 0.10417639501825537
26 0.10375450510716032
27 0.10337736625686846
28 0.10303984546135789
29 0.10273746569648787
30 0.1024663112397878
31 0.10222294819093955
32 0.10200435758299736
33 0.10180787892875284
34 0.10163116242663209
35 0.10147212836602376
36 0.10132893253165068
37 0.10119993662007792
38 0.10108368285610368
39 0.10097887213942391
40 0.10088434516861433
41 0.10079906608465837
42 0.10072210825391517
43 0.10065264187430346
44 0.10058992314046246
45 0.1005332847465803
46 0.1004821275408402
47 0.10043591317461188
48 0.10039415761344232
49 0.1003564253971945
50 0.10032232455294833
51 0.10029150207864536
52 0.10026363992675447
53 0.10023845142719197
54 0.10021567809713525
55 0.1001950867921027
56 0.10017646715892176
57 0.10015962935605949
58 0.10014440201128864
59 0.10013063039032152
60 0.1001181747532576
61 0.10010690887845651
62 0.100096718735935
63 -7.033050319415789
0 0.1865866446888974
1 0.1763982940381965
2 0.16719003279959385
3 0.15895781839130613
4 0.15166361908448325
5 0.1452459481370491
6 0.1396293993179758
7 0.13473241748547468
8 0.13047307827554971
9 0.12677300748332943
10 0.12355975387755115
11 0.12076798454083096
12 0.1183398499743847
13 0.11622480780595984
14 0.11437912578895137
15 0.1127652215990278
16 0.11135094500025873
17 0.11010886852555368
18 0.10901562465252738
19 0.10805130837719326
20 0.10719895182757871
21 0.10644407014881048
22 0.10577427377564665
23 0.10517894023798165
24 0.10464893800551764
25 0.10417639501825397
26 0.10375450510716053
27 0.10337736625686866
28 0.10303984546135829
29 0.10273746569648848
30 0.1024663112397904
31 0.10222294819093675
32 0.10200435758299796
33 0.10180787892875204
34 0.10163116242663008
35 0.10147212836602577
36 0.10132893253165168
37 0.10119993662007792
38 0.10108368285610289
39 0.10097887213942412
40 0.10088434516861675
41 0.10079906608465856
42 0.10072210825391335
43 0.10065264187430126
44 0.10058992314046587
45 0.10053328474658009
46 0.1004821275408408
47 0.10043591317461029
48 0.10039415761344514
49 0.1003564253971927
50 0.10032232455294512
51 0.10029150207864798
52 0.10026363992675186
53 0.10023845142719297
54 0.10021567809713665
55 0.10019508679210391
56 0.10017646715891934
57 0.10015962935605868
58 0.10014440201128724
59 0.10013063039032354
60 0.10011817475325861
61 0.1001069088784577
62 0.10009671873593379
63 -7.033050319415791
0 0.18658664468889594
1 0.17639829403819635
2 0.16719003279959554
3 0.15895781839130554
4 0.15166361908448553
5 0.14524594813704547
6 0.13962939931797969
7 0.1347324174854704
8 0.13047307827554971
9 0.12677300748332962
10 0.12355975387754958
11 0.12076798454083214
12 0.11833984997438687
13 0.11622480780595629
14 0.11437912578895534
15 0.11276522159902741
16 0.11135094500025892
17 0.11010886852555289
18 0.10901562465252698
19 0.10805130837719346
20 0.10719895182758031
21 0.10644407014880768
22 0.10577427377564765
23 0.10517894023798105
24 0.10464893800551744
25 0.10417639501825497
26 0.10375450510716193
27 0.10337736625686886
28 0.10303984546135689
29 0.10273746569648907
30 0.1024663112397862
31 0.10222294819094035
32 0.10200435758299757
33 0.10180787892875384
34 0.10163116242663008
35 0.10147212836602516
36 0.10132893253164967
37 0.10119993662007894
38 0.1010836828561061
39 0.1009788721394209
40 0.10088434516861654
41 0.10079906608465877
42 0.10072210825391376
43 0.10065264187430287
44 0.10058992314046325
45 0.10053328474657748
46 0.1004821275408416
47 0.10043591317461088
48 0.10039415761344754
49 0.10035642539719208
50 0.10032232455294773
51 0.10029150207864516
52 0.10026363992675226
53 0.10023845142719517
54 0.10021567809713364
55 0.10019508679210251
56 0.10017646715892377
57 0.10015962935605667
58 0.10014440201128703
59 0.10013063039032313
60 0.10011817475325921
61 0.1001069088784557
62 0.100096718735936
63 -7.03305031941579
0 0.18658664468889796
1 0.1763982940381954
2 0.16719003279959385
3 0.1589578183913046
4 0.15166361908448553
5 0.1452459481370472
6 0.13962939931797638
7 0.13473241748547507
8 0.1304730782755501
9 0.12677300748332962
10 0.1235597538775484
11 0.12076798454083548
12 0.11833984997438193
13 0.11622480780595885
14 0.11437912578895316
15 0.11276522159902859
16 0.11135094500025713
17 0.1101088685255533
18 0.10901562465252679
19 0.10805130837719386
20 0.10719895182757991
21 0.10644407014880908
22 0.10577427377564905
23 0.10517894023797905
24 0.10464893800551583
25 0.10417639501825737
26 0.10375450510715932
27 0.10337736625686686
28 0.1030398454613609
29 0.10273746569648767
30 0.1024663112397892
31 0.10222294819093734
32 0.10200435758299917
33 0.10180787892875144
34 0.10163116242663409
35 0.10147212836602255
36 0.10132893253165068
37 0.10119993662007792
38 0.10108368285610629
39 0.1009788721394185
40 0.10088434516861815
41 0.10079906608465997
42 0.10072210825391396
43 0.10065264187430166
44 0.10058992314046365
45 0.10053328474657909
46 0.10048212754083999
47 0.10043591317461249
48 0.10039415761344332
49 0.1003564253971941
50 0.10032232455294653
51 0.10029150207864536
52 0.10026363992675527
53 0.10023845142719176
54 0.10021567809713565
55 0.10019508679210412
56 0.10017646715892176
57 0.10015962935605768
58 0.10014440201128744
59 0.10013063039032415
60 0.1001181747532576
61 0.1001069088784555
62 0.1000967187359368
63 -7.033050319415791
0 0.18658664468889463
1 0.17639829403819876
2 0.16719003279959405
3 0.1589578183913048
4 0.15166361908448345
5 0.1452459481370495
6 0.13962939931797794
7 0.13473241748547313
8 0.13047307827554835
9 0.126773007483331
10 0.12355975387754585
11 0.12076798454083706
12 0.11833984997438292
13 0.11622480780595845
14 0.11437912578895355
15 0.11276522159902681
16 0.11135094500025852
17 0.1101088685255515
18 0.10901562465252977
19 0.10805130837719107
20 0.1071989518275819
21 0.10644407014880967
22 0.10577427377564745
23 0.10517894023797905
24 0.10464893800551923
25 0.10417639501825537
26 0.10375450510715913
27 0.10337736625686805
28 0.10303984546135729
29 0.10273746569649007
30 0.1024663112397884
31 0.10222294819093775
32 0.10200435758299937
33 0.10180787892875184
34 0.10163116242663148
35 0.10147212836602618
36 0.10132893253164947
37 0.10119993662007792
38 0.10108368285610529
39 0.10097887213942071
40 0.10088434516861675
41 0.10079906608466058
42 0.10072210825391176
43 0.10065264187430406
44 0.10058992314046145
45 0.1005332847465803
46 0.1004821275408408
47 0.10043591317461148
48 0.10039415761344674
49 0.10035642539718968
50 0.10032232455294632
51 0.10029150207864697
52 0.10026363992675487
53 0.10023845142719216
54 0.10021567809713464
55 0.10019508679210412
56 0.10017646715892095
57 0.10015962935605909
58 0.10014440201128584
59 0.10013063039032313
60 0.10011817475325921
61 0.1001069088784555
62 0.10009671873593741
63 -7.033050319415791
0 0.18658664468889447
1 0.1763982940381982
2 0.16719003279959385
3 0.15895781839130593
4 0.15166361908448459
5 0.1452459481370491
6 0.13962939931797524
7 0.1347324174854739
8 0.1304730782755501
9 0.12677300748332943
10 0.12355975387754939
11 0.12076798454083372
12 0.11833984997438371
13 0.11622480780595905
14 0.11437912578895316
15 0.1127652215990282
16 0.11135094500025912
17 0.1101088685255511
18 0.10901562465252838
19 0.10805130837719107
20 0.1071989518275805
21 0.10644407014880948
22 0.10577427377564824
23 0.10517894023798145
24 0.10464893800551904
25 0.10417639501825517
26 0.10375450510715792
27 0.10337736625687026
28 0.10303984546135589
29 0.10273746569648948
30 0.102466311239787
31 0.10222294819093836
32 0.10200435758300057
33 0.10180787892875225
34 0.10163116242663169
35 0.10147212836602516
36 0.10132893253164786
37 0.10119993662008074
38 0.10108368285610209
39 0.10097887213942391
40 0.10088434516861534
41 0.10079906608466117
42 0.10072210825391255
43 0.10065264187430446
44 0.10058992314046125
45 0.10053328474657888
46 0.1004821275408428
47 0.10043591317460927
48 0.10039415761344474
49 0.10035642539719068
50 0.10032232455295034
51 0.10029150207864576
52 0.10026363992675387
53 0.10023845142719216
54 0.10021567809713364
55 0.10019508679210291
56 0.10017646715892697
57 0.10015962935605366
58 0.10014440201128744
59 0.10013063039032455
60 0.1001181747532588
61 0.1001069088784557
62 0.10009671873593438
63 -7.03305031941579
0 0.18658664468889427
1 0.17639829403819726
2 0.167190032799595
3 0.1589578183913044
4 0.1516636190844861
5 0.14524594813704605
6 0.13962939931797658
7 0.1347324174854739
8 0.13047307827554913
9 0.12677300748333198
10 0.12355975387754761
11 0.1207679845408343
12 0.1183398499743847
13 0.11622480780595688
14 0.11437912578895058
15 0.11276522159903138
16 0.11135094500025892
17 0.11010886852555309
18 0.10901562465252738
19 0.10805130837719126
20 0.10719895182757871
21 0.10644407014880948
22 0.10577427377564924
23 0.10517894023798086
24 0.10464893800551744
25 0.10417639501825697
26 0.10375450510715752
27 0.10337736625686966
28 0.10303984546135729
29 0.10273746569648808
30 0.1024663112397882
31 0.10222294819093855
32 0.10200435758300078
33 0.10180787892875265
34 0.10163116242662967
35 0.10147212836602497
36 0.10132893253165087
37 0.10119993662007792
38 0.10108368285610449
39 0.1009788721394203
40 0.10088434516861715
41 0.10079906608465937
42 0.10072210825391135
43 0.10065264187430588
44 0.10058992314046206
45 0.1005332847465813
46 0.10048212754083778
47 0.1004359131746141
48 0.10039415761344433
49 0.10035642539719289
50 0.10032232455294512
51 0.10029150207864476
52 0.10026363992675467
53 0.10023845142719237
54 0.10021567809713544
55 0.10019508679210351
56 0.10017646715892396
57 0.10015962935605728
58 0.10014440201128724
59 0.10013063039032474
60 0.10011817475325781
61 0.10010690887845751
62 0.10009671873593479
63 -7.03305031941579
0 0.1865866446888941
1 0.17639829403819896
2 0.1671900327995933
3 0.15895781839130385
4 0.15166361908448517
5 0.14524594813704875
6 0.13962939931797735
7 0.13473241748547157
8 0.13047307827555127
9 0.12677300748333023
10 0.12355975387754742
11 0.12076798454083568
12 0.11833984997438016
13 0.11622480780596123
14 0.11437912578895434
15 0.11276522159902641
16 0.11135094500025833
17 0.1101088685255521
18 0.10901562465252738
19 0.10805130837719486
20 0.10719895182757672
21 0.10644407014880927
22 0.10577427377564864
23 0.10517894023798185
24 0.10464893800551883
25 0.10417639501825438
26 0.10375450510715872
27 0.10337736625687106
28 0.10303984546135649
29 0.10273746569648928
30 0.10246631123979
31 0.10222294819093515
32 0.10200435758299876
33 0.10180787892875384
34 0.10163116242663048
35 0.10147212836602577
36 0.10132893253164786
37 0.10119993662008114
38 0.1010836828561047
39 0.10097887213942071
40 0.10088434516861634
41 0.10079906608465816
42 0.10072210825391517
43 0.10065264187430185
44 0.10058992314046365
45 0.1005332847465795
46 0.1004821275408406
47 0.10043591317461209
48 0.10039415761344393
49 0.1003564253971935
50 0.10032232455294672
51 0.10029150207864557
52 0.10026363992675548
53 0.10023845142719257
54 0.10021567809713383
55 0.1001950867921019
56 0.10017646715892457
57 0.10015962935605446
58 0.10014440201128845
59 0.10013063039032415
60 0.1001181747532584
61 0.10010690887845611
62 0.10009671873593479
63 -7.033050319415787
0 0.18658664468889483
1 0.17639829403819765
2 0.16719003279959346
3 0.15895781839130554
4 0.1516636190844861
5 0.1452459481370474
6 0.13962939931797505
7 0.13473241748547585
8 0.13047307827554777
9 0.12677300748333023
10 0.12355975387754703
11 0.1207679845408345
12 0.1183398499743849
13 0.11622480780595768
14 0.11437912578895475
15 0.11276522159902899
16 0.11135094500025713
17 0.1101088685255533
18 0.10901562465252719
19 0.10805130837719087
20 0.1071989518275819
21 0.10644407014880927
22 0.10577427377564684
23 0.10517894023797965
24 0.10464893800551983
25 0.10417639501825597
26 0.10375450510715813
27 0.10337736625686907
28 0.10303984546135729
29 0.10273746569648907
30 0.10246631123978679
31 0.10222294819094116
32 0.10200435758299777
33 0.10180787892875144
34 0.10163116242663328
35 0.10147212836602476
36 0.10132893253164786
37 0.10119993662007913
38 0.10108368285610449
39 0.1009788721394227
40 0.10088434516861534
41 0.10079906608466017
42 0.10072210825391276
43 0.10065264187430406
44 0.10058992314046145
45 0.1005332847465835
46 0.10048212754083678
47 0.10043591317461148
48 0.10039415761344614
49 0.10035642539719189
50 0.10032232455294693
51 0.10029150207864616
52 0.10026363992675427
53 0.10023845142719016
54 0.10021567809713726
55 0.1001950867921019
56 0.10017646715892337
57 0.10015962935605587
58 0.10014440201128925
59 0.10013063039032334
60 0.1001181747532594
61 0.1001069088784557
62 0.10009671873593559
63 -7.03305031941579
0 0.1865866446888974
1 0.17639829403819524
2 0.16719003279959366
3 0.15895781839130727
4 0.151663619084484
5 0.14524594813704875
6 0.13962939931797466
7 0.1347324174854739
8 0.13047307827555127
9 0.12677300748332845
10 0.12355975387755017
11 0.12076798454083273
12 0.1183398499743851
13 0.11622480780595708
14 0.11437912578895415
15 0.11276522159902641
16 0.11135094500025773
17 0.11010886852555408
18 0.10901562465252779
19 0.10805130837719247
20 0.1071989518275815
21 0.10644407014880908
22 0.10577427377564484
23 0.10517894023798245
24 0.10464893800551964
25 0.10417639501825697
26 0.10375450510715711
27 0.10337736625687007
28 0.10303984546135789
29 0.10273746569648547
30 0.1024663112397922
31 0.10222294819093534
32 0.10200435758299836
33 0.10180787892875384
34 0.10163116242663067
35 0.10147212836602376
36 0.10132893253165108
37 0.10119993662007853
38 0.10108368285610429
39 0.1009788721394199
40 0.10088434516861815
41 0.10079906608466178
42 0.10072210825391135
43 0.10065264187430406
44 0.10058992314046346
45 0.10053328474657888
46 0.1004821275408406
47 0.10043591317460847
48 0.10039415761344815
49 0.10035642539719129
50 0.10032232455294693
51 0.10029150207864516
52 0.10026363992675508
53 0.10023845142719398
54 0.10021567809713122
55 0.10019508679210692
56 0.10017646715891874
57 0.10015962935605968
58 0.10014440201128703
59 0.10013063039032515
60 0.1001181747532584
61 0.1001069088784545
62 0.1000967187359364
63 -7.033050319415791
0 0.18658664468889316
1 0.17639829403820043
2 0.1671900327995927
3 0.15895781839130554
4 0.15166361908448325
5 0.1452459481370493
6 0.13962939931797755
7 0.1347324174854737
8 0.13047307827554894
9 0.12677300748332943
10 0.1235597538775478
11 0.12076798454083391
12 0.1183398499743847
13 0.11622480780595945
14 0.11437912578895237
15 0.1127652215990282
16 0.11135094500025992
17 0.1101088685255523
18 0.10901562465252679
19 0.10805130837719326
20 0.10719895182757891
21 0.10644407014880887
22 0.10577427377564805
23 0.10517894023798205
24 0.10464893800551583
25 0.10417639501825618
26 0.10375450510715913
27 0.10337736625687047
28 0.10303984546135649
29 0.10273746569648767
30 0.10246631123979
31 0.10222294819093715
32 0.10200435758300157
33 0.10180787892874903
34 0.10163116242663328
35 0.10147212836602497
36 0.10132893253164826
37 0.10119993662007913
38 0.10108368285610449
39 0.1009788721394227
40 0.10088434516861433
41 0.10079906608466098
42 0.10072210825391437
43 0.10065264187430226
44 0.10058992314046346
45 0.10053328474657909
46 0.100482127540841
47 0.10043591317460908
48 0.10039415761344694
49 0.10035642539719189
50 0.10032232455294733
51 0.10029150207864718
52 0.10026363992675326
53 0.10023845142719237
54 0.10021567809713484
55 0.10019508679210251
56 0.10017646715892176
57 0.10015962935605728
58 0.10014440201128925
59 0.10013063039032213
60 0.10011817475326021
61 0.1001069088784541
62 0.1000967187359358
63 -7.033050319415788
0 0.18658664468889502
1 0.17639829403819465
2 0.16719003279959535
3 0.1589578183913042
4 0.15166361908448592
5 0.14524594813704875
6 0.13962939931797505
7 0.13473241748547546
8 0.130473078275547
9 0.1267730074833316
10 0.12355975387754684
11 0.1207679845408343
12 0.11833984997438411
13 0.11622480780595845
14 0.11437912578895514
15 0.11276522159902543
16 0.11135094500025933
17 0.1101088685255523
18 0.10901562465252838
19 0.10805130837719266
20 0.10719895182757831
21 0.10644407014881027
22 0.10577427377564924
23 0.10517894023798005
24 0.10464893800551783
25 0.10417639501825457
26 0.10375450510715932
27 0.10337736625686945
28 0.10303984546135969
29 0.10273746569648848
30 0.1024663112397866
31 0.10222294819093915
32 0.10200435758299857
33 0.10180787892875164
34 0.10163116242663107
35 0.10147212836602597
36 0.10132893253164907
37 0.10119993662007913
38 0.1010836828561055
39 0.1009788721394209
40 0.10088434516861514
41 0.10079906608465977
42 0.10072210825391596
43 0.10065264187430226
44 0.10058992314046125
45 0.10053328474657769
46 0.10048212754084321
47 0.10043591317460988
48 0.10039415761344654
49 0.10035642539719249
50 0.10032232455294693
51 0.10029150207864557
52 0.10026363992675608
53 0.10023845142719297
54 0.10021567809713283
55 0.10019508679210351
56 0.10017646715892076
57 0.10015962935606029
58 0.10014440201128764
59 0.10013063039032152
60 0.1001181747532594
61 0.10010690887845651
62 0.10009671873593459
63 -7.033050319415787
0 0.18658664468889483
1 0.17639829403819782
2 0.1671900327995933
3 0.15895781839130763
4 0.15166361908448286
5 0.14524594813704797
6 0.139629399317976
7 0.13473241748547526
8 0.13047307827554835
9 0.12677300748333217
10 0.12355975387754624
11 0.12076798454083351
12 0.1183398499743845
13 0.11622480780596083
14 0.11437912578894999
15 0.11276522159903057
16 0.11135094500025813
17 0.1101088685255523
18 0.10901562465252938
19 0.10805130837719126
20 0.10719895182757871
21 0.10644407014881048
22 0.10577427377564864
23 0.10517894023797805
24 0.10464893800552144
25 0.10417639501825338
26 0.10375450510716012
27 0.10337736625686945
28 0.10303984546135748
29 0.10273746569648748
30 0.1024663112397904
31 0.10222294819093615
32 0.10200435758299897
33 0.10180787892875284
34 0.10163116242663209
35 0.10147212836602316
36 0.10132893253165007
37 0.10119993662007813
38 0.1010836828561071
39 0.1009788721394209
40 0.10088434516861594
41 0.10079906608466077
42 0.10072210825391295
43 0.10065264187429925
44 0.10058992314046747
45 0.10053328474657809
46 0.10048212754084221
47 0.10043591317460787
48 0.10039415761344453
49 0.1003564253971945
50 0.10032232455294814
51 0.10029150207864557
52 0.10026363992675186
53 0.10023845142719358
54 0.10021567809713726
55 0.1001950867921027
56 0.10017646715892256
57 0.10015962935605607
58 0.10014440201128703
59 0.10013063039032474
60 0.10011817475325781
61 0.1001069088784557
62 0.10009671873593438
63 -7.033050319415788
0 0.18658664468889685
1 0.1763982940381954
2 0.1671900327995931
3 0.1589578183913063
4 0.15166361908448478
5 0.14524594813705027
6 0.13962939931797505
7 0.1347324174854737
8 0.1304730782755501
9 0.12677300748332923
10 0.12355975387754899
11 0.12076798454083214
12 0.11833984997438608
13 0.11622480780595905
14 0.11437912578895297
15 0.11276522159902681
16 0.11135094500025852
17 0.11010886852555428
18 0.10901562465252738
19 0.10805130837719266
20 0.10719895182757891
21 0.10644407014880948
22 0.10577427377564984
23 0.10517894023797845
24 0.10464893800552044
25 0.10417639501825338
26 0.10375450510716012
27 0.10337736625686705
28 0.10303984546135969
29 0.10273746569648687
30 0.102466311239789
31 0.10222294819094016
32 0.10200435758299696
33 0.10180787892875384
34 0.10163116242663067
35 0.10147212836602276
36 0.10132893253165007
37 0.10119993662008134
38 0.10108368285610249
39 0.1009788721394227
40 0.10088434516861715
41 0.10079906608465816
42 0.10072210825391335
43 0.10065264187430246
44 0.10058992314046486
45 0.10053328474657909
46 0.1004821275408424
47 0.10043591317460868
48 0.10039415761344413
49 0.1003564253971935
50 0.10032232455294592
51 0.10029150207864616
52 0.10026363992675628
53 0.10023845142719116
54 0.10021567809713525
55 0.10019508679210412
56 0.10017646715892035
57 0.10015962935605788
58 0.10014440201128966
59 0.10013063039032254
60 0.1001181747532576
61 0.1001069088784581
62 0.1000967187359368
63 -7.033050319415793
0 0.18658664468889483
1 0.1763982940381945
2 0.16719003279959535
3 0.15895781839130593
4 0.1516636190844838
5 0.14524594813704797
6 0.13962939931797677
7 0.13473241748547643
8 0.13047307827554933
9 0.12677300748332865
10 0.12355975387754624
11 0.12076798454083372
12 0.11833984997438667
13 0.11622480780595845
14 0.11437912578895217
15 0.11276522159902522
16 0.1113509450002629
17 0.11010886852555249
18 0.10901562465252698
19 0.10805130837719126
20 0.1071989518275813
21 0.10644407014880748
22 0.10577427377564645
23 0.10517894023798426
24 0.10464893800551543
25 0.10417639501825537
26 0.10375450510716193
27 0.10337736625686705
28 0.1030398454613585
29 0.10273746569648767
30 0.1024663112397892
31 0.10222294819093976
32 0.10200435758299836
33 0.10180787892875064
34 0.10163116242663309
35 0.10147212836602416
36 0.10132893253165028
37 0.10119993662007692
38 0.10108368285610529
39 0.1009788721394219
40 0.10088434516861815
41 0.10079906608465797
42 0.10072210825391396
43 0.10065264187430266
44 0.10058992314046225
45 0.1005332847465821
46 0.1004821275408398
47 0.10043591317460868
48 0.10039415761344593
49 0.10035642539719289
50 0.10032232455294712
51 0.10029150207864576
52 0.10026363992675608
53 0.10023845142719096
54 0.10021567809713484
55 0.1001950867921027
56 0.10017646715892276
57 0.10015962935605949
58 0.10014440201128604
59 0.10013063039032474
60 0.1001181747532572
61 0.1001069088784557
62 0.1000967187359362
63 -7.033050319415789
0 0.18658664468889355
1 0.17639829403819968
2 0.1671900327995944
3 0.1589578183913048
4 0.1516636190844838
5 0.14524594813704855
6 0.13962939931797466
7 0.1347324174854741
8 0.13047307827555146
9 0.1267730074833316
10 0.12355975387754389
11 0.12076798454083666
12 0.11833984997438272
13 0.11622480780596083
14 0.11437912578895336
15 0.112765221599028
16 0.11135094500025793
17 0.11010886852555189
18 0.10901562465252819
19 0.10805130837719266
20 0.1071989518275791
21 0.10644407014881108
22 0.10577427377564524
23 0.10517894023798345
24 0.10464893800551643
25 0.10417639501825578
26 0.10375450510715953
27 0.10337736625687126
28 0.10303984546135649
29 0.10273746569648867
30 0.1024663112397856
31 0.10222294819093836
32 0.10200435758300118
33 0.10180787892875044
34 0.10163116242663228
35 0.10147212836602376
36 0.10132893253165068
37 0.10119993662007894
38 0.10108368285610449
39 0.10097887213942151
40 0.10088434516861573
41 0.10079906608466098
42 0.10072210825391115
43 0.10065264187430427
44 0.10058992314046467
45 0.10053328474657708
46 0.100482127540843
47 0.10043591317461029
48 0.10039415761344474
49 0.10035642539719149
50 0.10032232455294753
51 0.10029150207864657
52 0.10026363992675247
53 0.10023845142719558
54 0.10021567809713364
55 0.10019508679210432
56 0.10017646715892035
57 0.10015962935605667
58 0.10014440201128864
59 0.10013063039032313
60 0.1001181747532576
61 0.10010690887845931
62 0.10009671873593438
63 -7.033050319415791
0 0.18658664468889594
1 0.17639829403819746
2 0.1671900327995931
3 0.15895781839130613
4 0.15166361908448478
5 0.14524594813704625
6 0.1396293993179789
7 0.1347324174854739
8 0.13047307827555088
9 0.12677300748332768
10 0.12355975387754958
11 0.12076798454083332
12 0.1183398499743847
13 0.11622480780595924
14 0.11437912578895178
15 0.11276522159902741
16 0.11135094500025972
17 0.1101088685255517
18 0.10901562465252758
19 0.10805130837719346
20 0.10719895182757831
21 0.10644407014881067
22 0.10577427377564665
23 0.10517894023798145
24 0.10464893800551804
25 0.10417639501825637
26 0.10375450510715913
27 0.10337736625686786
28 0.10303984546135889
29 0.10273746569648907
30 0.1024663112397872
31 0.10222294819093876
32 0.10200435758299796
33 0.10180787892875365
34 0.10163116242663048
35 0.10147212836602677
36 0.10132893253164767
37 0.10119993662008094
38 0.10108368285610268
39 0.1009788721394209
40 0.10088434516861514
41 0.10079906608466117
42 0.10072210825391577
43 0.10065264187430005
44 0.10058992314046467
45 0.1005332847465785
46 0.1004821275408416
47 0.10043591317461029
48 0.10039415761344353
49 0.1003564253971957
50 0.10032232455294612
51 0.10029150207864376
52 0.10026363992675588
53 0.10023845142719257
54 0.10021567809713525
55 0.10019508679210311
56 0.10017646715892135
57 0.10015962935605889
58 0.10014440201128703
59 0.10013063039032495
60 0.10011817475325921
61 0.1001069088784545
62 0.100096718735935
63 -7.03305031941579
0 0.1865866446888972
1 0.1763982940381941
2 0.16719003279959216
3 0.15895781839130896
4 0.15166361908448345
5 0.1452459481370497
6 0.13962939931797388
7 0.1347324174854741
8 0.13047307827555069
9 0.12677300748332984
10 0.12355975387754643
11 0.12076798454083529
12 0.1183398499743847
13 0.11622480780596024
14 0.11437912578895137
15 0.1127652215990278
16 0.11135094500025992
17 0.1101088685255505
18 0.10901562465253058
19 0.10805130837719047
20 0.10719895182757871
21 0.10644407014881108
22 0.10577427377564805
23 0.10517894023797965
24 0.10464893800551944
25 0.10417639501825417
26 0.10375450510716032
27 0.10337736625686866
28 0.1030398454613595
29 0.10273746569648727
30 0.1024663112397892
31 0.10222294819093695
32 0.10200435758299857
33 0.10180787892875445
34 0.10163116242662787
35 0.10147212836602658
36 0.10132893253164867
37 0.10119993662008155
38 0.10108368285610148
39 0.10097887213942211
40 0.10088434516861755
41 0.10079906608465897
42 0.10072210825391235
43 0.10065264187430387
44 0.10058992314046246
45 0.1005332847465807
46 0.10048212754084039
47 0.10043591317461008
48 0.10039415761344554
49 0.1003564253971947
50 0.10032232455294532
51 0.10029150207864777
52 0.10026363992675186
53 0.10023845142719498
54 0.10021567809713183
55 0.10019508679210311
56 0.10017646715892496
57 0.10015962935605607
58 0.10014440201128764
59 0.10013063039032193
60 0.1001181747532598
61 0.10010690887845691
62 0.10009671873593298
63 -7.033050319415787
0 0.18658664468889613
1 0.1763982940381954
2 0.1671900327995948
3 0.15895781839130743
4 0.151663619084484
5 0.14524594813704586
6 0.13962939931797716
7 0.13473241748547332
8 0.1304730782755501
9 0.12677300748333178
10 0.1235597538775478
11 0.1207679845408347
12 0.11833984997438411
13 0.11622480780595747
14 0.11437912578895534
15 0.11276522159902622
16 0.11135094500025793
17 0.11010886852555189
18 0.10901562465253037
19 0.10805130837719107
20 0.1071989518275815
21 0.10644407014880887
22 0.10577427377564545
23 0.10517894023798245
24 0.10464893800551543
25 0.10417639501825657
26 0.10375450510715972
27 0.10337736625686786
28 0.1030398454613591
29 0.10273746569649007
30 0.102466311239786
31 0.10222294819093895
32 0.10200435758299836
33 0.10180787892875424
34 0.10163116242663088
35 0.10147212836602376
36 0.10132893253164887
37 0.10119993662007813
38 0.10108368285610408
39 0.10097887213942372
40 0.10088434516861573
41 0.10079906608465937
42 0.10072210825391396
43 0.10065264187430487
44 0.10058992314046085
45 0.10053328474657869
46 0.10048212754084221
47 0.10043591317461108
48 0.10039415761344474
49 0.10035642539719329
50 0.10032232455294693
51 0.10029150207864576
52 0.10026363992675508
53 0.10023845142719136
54 0.10021567809713565
55 0.1001950867921023
56 0.10017646715892256
57 0.10015962935605768
58 0.10014440201128703
59 0.10013063039032415
60 0.10011817475325861
61 0.1001069088784573
62 0.10009671873593438
63 -7.033050319415791
0 0.18658664468889777
1 0.1763982940381945
2 0.1671900327995946
3 0.15895781839130801
4 0.151663619084484
5 0.145245948137047
6 0.13962939931797794
7 0.134732417485471
8 0.13047307827554952
9 0.126773007483331
10 0.12355975387754899
11 0.12076798454083254
12 0.11833984997438549
13 0.11622480780595727
14 0.11437912578895376
15 0.112765221599028
16 0.11135094500025594
17 0.11010886852555428
18 0.10901562465252938
19 0.10805130837719186
20 0.1071989518275805
21 0.10644407014880727
22 0.10577427377564945
23 0.10517894023798086
24 0.10464893800551664
25 0.10417639501825718
26 0.10375450510715792
27 0.10337736625686826
28 0.10303984546135969
29 0.10273746569648767
30 0.1024663112397902
31 0.10222294819093675
32 0.10200435758299997
33 0.10180787892875104
34 0.10163116242663169
35 0.10147212836602416
36 0.10132893253165208
37 0.10119993662007733
38 0.1010836828561055
39 0.1009788721394195
40 0.10088434516861715
41 0.10079906608466138
42 0.10072210825391316
43 0.10065264187430306
44 0.10058992314046125
45 0.10053328474657909
46 0.10048212754084361
47 0.10043591317460666
48 0.10039415761344835
49 0.1003564253971927
50 0.10032232455294512
51 0.10029150207864718
52 0.10026363992675467
53 0.10023845142719136
54 0.10021567809713565
55 0.1001950867921023
56 0.10017646715892276
57 0.10015962935605768
58 0.10014440201128663
59 0.10013063039032595
60 0.1001181747532574
61 0.1001069088784567
62 0.100096718735935
63 -7.033050319415791
0 0.1865866446888963
1 0.17639829403819318
2 0.1671900327995959
3 0.15895781839130593
4 0.15166361908448497
5 0.14524594813704644
6 0.1396293993179793
7 0.13473241748547274
8 0.1304730782755503
9 0.1267730074833308
10 0.12355975387754684
11 0.12076798454083233
12 0.11833984997438608
13 0.11622480780595747
14 0.11437912578895297
15 0.112765221599028
16 0.11135094500025952
17 0.11010886852555349
18 0.10901562465252579
19 0.10805130837719346
20 0.10719895182757791
21 0.10644407014881048
22 0.10577427377564864
23 0.10517894023798086
24 0.10464893800551744
25 0.10417639501825537
26 0.10375450510716072
27 0.10337736625686846
28 0.1030398454613581
29 0.10273746569648867
30 0.1024663112397892
31 0.10222294819093634
32 0.10200435758300237
33 0.10180787892874983
34 0.10163116242662908
35 0.10147212836602557
36 0.10132893253165128
37 0.10119993662007994
38 0.10108368285610168
39 0.10097887213942211
40 0.10088434516861855
41 0.10079906608465856
42 0.10072210825391335
43 0.10065264187430126
44 0.10058992314046547
45 0.10053328474657829
46 0.100482127540841
47 0.10043591317461029
48 0.10039415761344514
49 0.10035642539719289
50 0.10032232455294894
51 0.10029150207864476
52 0.10026363992675467
53 0.10023845142719157
54 0.10021567809713665
55 0.10019508679210291
56 0.10017646715892015
57 0.10015962935605989
58 0.10014440201128684
59 0.10013063039032334
60 0.10011817475325861
61 0.1001069088784559
62 0.10009671873593479
63 -7.033050319415789
0 0.1865866446888965
1 0.1763982940381969
2 0.16719003279959385
3 0.15895781839130668
4 0.15166361908448325
5 0.145245948137047
6 0.13962939931797658
7 0.13473241748547293
8 0.13047307827555205
9 0.12677300748332923
10 0.12355975387754918
11 0.12076798454083194
12 0.1183398499743849
13 0.11622480780595945
14 0.11437912578895355
15 0.11276522159902681
16 0.11135094500025852
17 0.11010886852555349
18 0.10901562465252698
19 0.10805130837719266
20 0.1071989518275801
21 0.10644407014880908
22 0.10577427377564905
23 0.10517894023797965
24 0.10464893800551724
25 0.10417639501825657
26 0.10375450510715932
27 0.10337736625686986
28 0.10303984546135689
29 0.10273746569648888
30 0.1024663112397882
31 0.10222294819093775
32 0.10200435758299817
33 0.10180787892875325
34 0.10163116242662988
35 0.10147212836602577
36 0.10132893253165028
37 0.10119993662007873
38 0.10108368285610529
39 0.1009788721394191
40 0.10088434516861795
41 0.10079906608465856
42 0.10072210825391255
43 0.10065264187430467
44 0.10058992314046426
45 0.10053328474657909
46 0.10048212754083959
47 0.10043591317461209
48 0.10039415761344514
49 0.10035642539719249
50 0.10032232455294773
51 0.10029150207864457
52 0.10026363992675287
53 0.10023845142719398
54 0.10021567809713584
55 0.1001950867921017
56 0.10017646715892195
57 0.10015962935605889
58 0.10014440201128644
59 0.10013063039032415
60 0.100118174753258
61 0.1001069088784555
62 0.10009671873593741
63 -7.033050319415792
0 0.1865866446888939
1 0.1763982940381954
2 0.167190032799595
3 0.15895781839130915
4 0.15166361908448248
5 0.14524594813704894
6 0.13962939931797544
7 0.1347324174854745
8 0.13047307827554738
9 0.1267730074833316
10 0.1235597538775478
11 0.12076798454083332
12 0.11833984997438352
13 0.11622480780595866
14 0.11437912578895434
15 0.112765221599028
16 0.11135094500025912
17 0.1101088685255521
18 0.10901562465252779
19 0.10805130837719386
20 0.1071989518275797
21 0.10644407014880788
22 0.10577427377564864
23 0.10517894023798025
24 0.10464893800551724
25 0.10417639501825537
26 0.10375450510716032
27 0.10337736625686986
28 0.10303984546135468
29 0.10273746569649188
30 0.10246631123978539
31 0.10222294819093915
32 0.10200435758299836
33 0.10180787892875184
34 0.10163116242663169
35 0.10147212836602416
36 0.10132893253165187
37 0.10119993662007853
38 0.1010836828561051
39 0.10097887213942171
40 0.10088434516861775
41 0.10079906608465695
42 0.10072210825391316
43 0.10065264187430527
44 0.10058992314046185
45 0.10053328474657708
46 0.1004821275408434
47 0.10043591317460948
48 0.10039415761344654
49 0.10035642539719249
50 0.10032232455294632
51 0.10029150207864677
52 0.10026363992675567
53 0.10023845142718955
54 0.10021567809713565
55 0.10019508679210251
56 0.10017646715892216
57 0.10015962935605809
58 0.10014440201128824
59 0.10013063039032535
60 0.1001181747532568
61 0.1001069088784545
62 0.1000967187359376
63 -7.03305031941579
0 0.18658664468889483
1 0.17639829403819485
2 0.16719003279959574
3 0.15895781839130405
4 0.15166361908448706
5 0.14524594813704758
6 0.139629399317976
7 0.1347324174854745
8 0.13047307827554913
9 0.12677300748333062
10 0.12355975387754722
11 0.1207679845408343
12 0.11833984997438529
13 0.11622480780595708
14 0.11437912578895415
15 0.11276522159902562
16 0.11135094500026071
17 0.1101088685255513
18 0.10901562465252879
19 0.10805130837719186
20 0.1071989518275795
21 0.10644407014880827
22 0.10577427377564845
23 0.10517894023798305
24 0.10464893800551764
25 0.10417639501825297
26 0.10375450510716132
27 0.10337736625686705
28 0.10303984546135869
29 0.10273746569648827
30 0.1024663112397908
31 0.10222294819093675
32 0.10200435758299976
33 0.10180787892874903
34 0.10163116242663148
35 0.10147212836602457
36 0.10132893253165268
37 0.10119993662007853
38 0.10108368285610268
39 0.10097887213942432
40 0.10088434516861614
41 0.10079906608465797
42 0.10072210825391577
43 0.10065264187430126
44 0.10058992314046246
45 0.10053328474658049
46 0.1004821275408414
47 0.10043591317460988
48 0.10039415761344493
49 0.10035642539719329
50 0.10032232455294592
51 0.10029150207864616
52 0.10026363992675487
53 0.10023845142719337
54 0.10021567809713464
55 0.10019508679210391
56 0.10017646715891834
57 0.1001596293560615
58 0.10014440201128604
59 0.10013063039032313
60 0.1001181747532572
61 0.10010690887845711
62 0.1000967187359366
63 -7.033050319415789
0 0.18658664468889705
1 0.176398294038198
2 0.1671900327995929
3 0.15895781839130535
4 0.1516636190844863
5 0.14524594813704816
6 0.13962939931797447
7 0.13473241748547488
8 0.1304730782755472
9 0.12677300748333198
10 0.12355975387754643
11 0.1207679845408347
12 0.1183398499743843
13 0.11622480780596003
14 0.11437912578895376
15 0.11276522159902502
16 0.11135094500025933
17 0.11010886852555309
18 0.10901562465252998
19 0.10805130837719028
20 0.10719895182758031
21 0.10644407014881008
22 0.10577427377564665
23 0.10517894023798124
24 0.10464893800551983
25 0.10417639501825257
26 0.10375450510716172
27 0.10337736625686726
28 0.10303984546135789
29 0.10273746569649048
30 0.1024663112397874
31 0.10222294819093775
32 0.10200435758299796
33 0.10180787892875204
34 0.10163116242663209
35 0.10147212836602497
36 0.10132893253164887
37 0.10119993662007973
38 0.10108368285610429
39 0.1009788721394223
40 0.10088434516861514
41 0.10079906608466158
42 0.10072210825391276
43 0.10065264187430206
44 0.10058992314046306
45 0.10053328474658191
46 0.10048212754083939
47 0.10043591317460927
48 0.10039415761344654
49 0.10035642539719229
50 0.10032232455294492
51 0.10029150207864777
52 0.10026363992675427
53 0.10023845142719398
54 0.10021567809713243
55 0.10019508679210552
56 0.10017646715891955
57 0.10015962935605909
58 0.10014440201128764
59 0.10013063039032455
60 0.1001181747532562
61 0.10010690887845651
62 0.1000967187359368
63 -7.033050319415792
0 0.18658664468889502
1 0.1763982940381958
2 0.16719003279959385
3 0.15895781839130613
4 0.15166361908448497
5 0.1452459481370493
6 0.1396293993179762
7 0.13473241748547332
8 0.13047307827554777
9 0.12677300748333198
10 0.12355975387754703
11 0.1207679845408347
12 0.11833984997438292
13 0.11622480780596083
14 0.11437912578895079
15 0.1127652215990294
16 0.11135094500025892
17 0.1101088685255511
18 0.10901562465252998
19 0.10805130837719087
20 0.10719895182757731
21 0.10644407014881146
22 0.10577427377564845
23 0.10517894023797986
24 0.10464893800551983
25 0.10417639501825417
26 0.10375450510715992
27 0.10337736625686926
28 0.10303984546135748
29 0.10273746569648948
30 0.1024663112397888
31 0.10222294819093715
32 0.10200435758299796
33 0.10180787892875384
34 0.10163116242662967
35 0.10147212836602537
36 0.10132893253165068
37 0.10119993662007973
38 0.10108368285610249
39 0.10097887213942151
40 0.10088434516861634
41 0.10079906608466158
42 0.10072210825391255
43 0.10065264187430387
44 0.10058992314046125
45 0.10053328474658009
46 0.1004821275408414
47 0.10043591317461129
48 0.10039415761344232
49 0.1003564253971953
50 0.10032232455294653
51 0.10029150207864718
52 0.10026363992675427
53 0.10023845142719136
54 0.10021567809713423
55 0.1001950867921023
56 0.10017646715892195
57 0.10015962935605949
58 0.10014440201128724
59 0.10013063039032495
60 0.1001181747532562
61 0.10010690887845751
62 0.1000967187359358
63 -7.03305031941579
0 0.18658664468889502
1 0.1763982940381965
2 0.16719003279959385
3 0.1589578183913082
4 0.1516636190844842
5 0.14524594813704567
6 0.139629399317976
7 0.1347324174854743
8 0.13047307827554913
9 0.12677300748332984
10 0.12355975387754801
11 0.1207679845408343
12 0.11833984997438371
13 0.11622480780595924
14 0.11437912578895376
15 0.1127652215990282
16 0.11135094500025793
17 0.11010886852555249
18 0.10901562465252917
19 0.10805130837719207
20 0.1071989518275785
21 0.10644407014880908
22 0.10577427377564745
23 0.10517894023798324
24 0.10464893800551783
25 0.10417639501825557
26 0.10375450510715872
27 0.10337736625687047
28 0.10303984546135589
29 0.10273746569649007
30 0.1024663112397882
31 0.10222294819093855
32 0.10200435758299575
33 0.10180787892875524
34 0.10163116242663048
35 0.10147212836602497
36 0.10132893253165028
37 0.10119993662007792
38 0.10108368285610349
39 0.10097887213942311
40 0.10088434516861534
41 0.10079906608466077
42 0.10072210825391316
43 0.10065264187430346
44 0.10058992314046085
45 0.1005332847465807
46 0.1004821275408424
47 0.10043591317460807
48 0.10039415761344633
49 0.1003564253971935
50 0.10032232455294793
51 0.10029150207864436
52 0.10026363992675508
53 0.10023845142719458
54 0.10021567809713122
55 0.1001950867921023
56 0.10017646715892396
57 0.10015962935605707
58 0.10014440201128805
59 0.10013063039032334
60 0.1001181747532584
61 0.10010690887845791
62 0.10009671873593419
63 -7.033050319415789
0 0.18658664468889447
1 0.17639829403819782
2 0.16719003279959196
3 0.15895781839130743
4 0.15166361908448345
5 0.14524594813704894
6 0.1396293993179762
7 0.13473241748547293
8 0.13047307827554855
9 0.126773007483331
10 0.12355975387754918
11 0.12076798454083273
12 0.11833984997438628
13 0.11622480780595708
14 0.11437912578895455
15 0.1127652215990284
16 0.11135094500025813
17 0.11010886852554991
18 0.10901562465253017
19 0.10805130837719326
20 0.10719895182757812
21 0.10644407014881048
22 0.10577427377564805
23 0.10517894023797925
24 0.10464893800551883
25 0.10417639501825438
26 0.10375450510716112
27 0.10337736625687026
28 0.10303984546135608
29 0.10273746569648988
30 0.1024663112397852
31 0.10222294819093995
32 0.10200435758299596
33 0.10180787892875524
34 0.10163116242663027
35 0.10147212836602577
36 0.10132893253165148
37 0.10119993662007531
38 0.1010836828561065
39 0.10097887213942111
40 0.10088434516861654
41 0.10079906608465956
42 0.10072210825391376
43 0.10065264187430287
44 0.10058992314046486
45 0.1005332847465785
46 0.1004821275408418
47 0.10043591317460968
48 0.10039415761344533
49 0.1003564253971941
50 0.10032232455294532
51 0.10029150207864677
52 0.10026363992675326
53 0.10023845142719297
54 0.10021567809713323
55 0.10019508679210351
56 0.10017646715892276
57 0.10015962935605546
58 0.10014440201129085
59 0.10013063039032113
60 0.1001181747532594
61 0.1001069088784555
62 0.1000967187359354
63 -7.033050319415787
0 0.18658664468889447
1 0.1763982940381984
2 0.16719003279959085
3 0.1589578183913082
4 0.1516636190844842
5 0.14524594813704855
6 0.13962939931797658
7 0.13473241748547157
8 0.13047307827554952
9 0.12677300748333042
10 0.12355975387754939
11 0.12076798454083351
12 0.11833984997438332
13 0.11622480780596003
14 0.11437912578895217
15 0.11276522159902959
16 0.11135094500025912
17 0.1101088685255513
18 0.10901562465252779
19 0.10805130837719226
20 0.1071989518275797
21 0.10644407014880748
22 0.10577427377565005
23 0.10517894023798105
24 0.10464893800551904
25 0.10417639501825438
26 0.10375450510715872
27 0.10337736625686945
28 0.10303984546135869
29 0.10273746569648667
30 0.102466311239788
31 0.10222294819093855
32 0.10200435758300017
33 0.10180787892875164
34 0.10163116242663067
35 0.10147212836602577
36 0.10132893253164867
37 0.10119993662008034
38 0.1010836828561061
39 0.1009788721394203
40 0.10088434516861634
41 0.10079906608465977
42 0.10072210825391235
43 0.10065264187430306
44 0.10058992314046246
45 0.1005332847465803
46 0.1004821275408406
47 0.10043591317461008
48 0.10039415761344674
49 0.10035642539719229
50 0.10032232455294612
51 0.10029150207864597
52 0.10026363992675447
53 0.10023845142719096
54 0.10021567809713645
55 0.10019508679210351
56 0.10017646715892195
57 0.10015962935605667
58 0.10014440201128663
59 0.10013063039032555
60 0.1001181747532598
61 0.1001069088784563
62 0.100096718735936
63 -7.03305031941579
0 0.18658664468889594
1 0.17639829403819635
2 0.1671900327995927
3 0.1589578183913063
4 0.15166361908448478
5 0.1452459481370493
6 0.13962939931797544
7 0.1347324174854739
8 0.1304730782755501
9 0.12677300748332884
10 0.12355975387754978
11 0.12076798454083312
12 0.11833984997438549
13 0.11622480780595668
14 0.11437912578895336
15 0.11276522159902899
16 0.11135094500025912
17 0.1101088685255511
18 0.10901562465252938
19 0.10805130837719147
20 0.1071989518275811
21 0.10644407014880948
22 0.10577427377564405
23 0.10517894023798245
24 0.10464893800551944
25 0.10417639501825438
26 0.10375450510715852
27 0.10337736625686866
28 0.1030398454613581
29 0.10273746569648907
30 0.1024663112397894
31 0.10222294819093876
32 0.10200435758299677
33 0.10180787892875304
34 0.10163116242663128
35 0.10147212836602376
36 0.10132893253164987
37 0.10119993662008094
38 0.10108368285610408
39 0.10097887213942351
40 0.10088434516861634
41 0.10079906608465757
42 0.10072210825391276
43 0.10065264187430287
44 0.10058992314046306
45 0.10053328474658291
46 0.10048212754083719
47 0.10043591317460968
48 0.10039415761344815
49 0.10035642539719129
50 0.10032232455294733
51 0.10029150207864657
52 0.10026363992675347
53 0.10023845142719297
54 0.10021567809713544
55 0.10019508679210432
56 0.10017646715892095
57 0.10015962935605648
58 0.10014440201128784
59 0.10013063039032394
60 0.1001181747532572
61 0.10010690887845691
62 0.1000967187359372
63 -7.033050319415791
0 0.18658664468889447
1 0.1763982940381971
2 0.16719003279959535
3 0.1589578183913046
4 0.15166361908448592
5 0.14524594813704586
6 0.13962939931797794
7 0.13473241748547313
8 0.1304730782755501
9 0.1267730074833308
10 0.12355975387754742
11 0.12076798454083312
12 0.1183398499743839
13 0.11622480780595826
14 0.11437912578895415
15 0.11276522159902741
16 0.11135094500025793
17 0.11010886852555508
18 0.109015624652525
19 0.10805130837719445
20 0.10719895182757791
21 0.10644407014881167
22 0.10577427377564765
23 0.10517894023798025
24 0.10464893800551883
25 0.10417639501825238
26 0.10375450510716153
27 0.10337736625686805
28 0.10303984546135869
29 0.10273746569648848
30 0.102466311239788
31 0.10222294819093795
32 0.10200435758299757
33 0.10180787892875365
34 0.10163116242663188
35 0.10147212836602476
36 0.10132893253165028
37 0.10119993662007773
38 0.1010836828561051
39 0.10097887213942111
40 0.10088434516861734
41 0.10079906608466058
42 0.10072210825391255
43 0.10065264187430166
44 0.10058992314046265
45 0.10053328474658191
46 0.10048212754083899
47 0.10043591317461169
48 0.10039415761344554
49 0.10035642539719189
50 0.10032232455294793
51 0.10029150207864576
52 0.10026363992675266
53 0.10023845142719377
54 0.10021567809713304
55 0.10019508679210412
56 0.10017646715892155
57 0.10015962935605968
58 0.10014440201128604
59 0.10013063039032495
60 0.1001181747532568
61 0.10010690887845891
62 0.10009671873593338
63 -7.033050319415789
0 0.1865866446888963
1 0.17639829403819635
2 0.16719003279959346
3 0.1589578183913042
4 0.1516636190844844
5 0.14524594813705008
6 0.13962939931797486
7 0.13473241748547682
8 0.13047307827554777
9 0.12677300748332962
10 0.12355975387754899
11 0.12076798454083273
12 0.1183398499743843
13 0.11622480780595984
14 0.11437912578895376
15 0.11276522159902681
16 0.11135094500025852
17 0.11010886852555189
18 0.10901562465252858
19 0.10805130837719286
20 0.10719895182757631
21 0.10644407014881227
22 0.10577427377564905
23 0.10517894023798025
24 0.10464893800551624
25 0.10417639501825597
26 0.10375450510716012
27 0.10337736625686966
28 0.10303984546135568
29 0.10273746569648928
30 0.102466311239789
31 0.10222294819093855
32 0.10200435758299636
33 0.10180787892875384
34 0.10163116242663107
35 0.10147212836602557
36 0.10132893253164928
37 0.10119993662007953
38 0.10108368285610429
39 0.10097887213942151
40 0.10088434516861734
41 0.10079906608465918
42 0.10072210825391176
43 0.10065264187430467
44 0.10058992314046265
45 0.1005332847465811
46 0.10048212754083818
47 0.10043591317461249
48 0.10039415761344413
49 0.1003564253971927
50 0.10032232455294672
51 0.10029150207864677
52 0.10026363992675387
53 0.10023845142719418
54 0.10021567809713224
55 0.10019508679210372
56 0.10017646715892457
57 0.10015962935605446
58 0.10014440201128864
59 0.10013063039032374
60 0.1001181747532574
61 0.10010690887845872
62 0.100096718735936
63 -7.033050319415791
0 0.1865866446888965
1 0.17639829403819393
2 0.16719003279959668
3 0.15895781839130613
4 0.1516636190844838
5 0.14524594813704644
6 0.13962939931797697
7 0.13473241748547332
8 0.13047307827554894
9 0.12677300748333198
10 0.1235597538775484
11 0.12076798454083233
12 0.1183398499743843
13 0.11622480780595845
14 0.11437912578895455
15 0.1127652215990288
16 0.11135094500025852
17 0.1101088685255521
18 0.10901562465252838
19 0.10805130837719107
20 0.1071989518275807
21 0.10644407014880887
22 0.10577427377564845
23 0.10517894023797905
24 0.10464893800551704
25 0.10417639501825757
26 0.10375450510715872
27 0.10337736625687007
28 0.10303984546135689
29 0.10273746569648928
30 0.1024663112397866
31 0.10222294819093715
32 0.10200435758299997
33 0.10180787892875225
34 0.10163116242663169
35 0.10147212836602597
36 0.10132893253164887
37 0.10119993662007934
38 0.10108368285610429
39 0.1009788721394199
40 0.10088434516861775
41 0.10079906608465956
42 0.10072210825391255
43 0.10065264187430487
44 0.10058992314046346
45 0.10053328474657729
46 0.1004821275408418
47 0.10043591317461169
48 0.10039415761344533
49 0.10035642539718947
50 0.10032232455294773
51 0.10029150207864918
52 0.10026363992675406
53 0.10023845142718855
54 0.10021567809713544
55 0.10019508679210493
56 0.10017646715892035
57 0.10015962935605868
58 0.10014440201128604
59 0.10013063039032455
60 0.10011817475326021
61 0.1001069088784549
62 0.1000967187359368
63 -7.03305031941579
0 0.18658664468889705
1 0.17639829403819596
2 0.167190032799595
3 0.15895781839130535
4 0.1516636190844838
5 0.1452459481370497
6 0.13962939931797677
7 0.13473241748547274
8 0.13047307827554952
9 0.12677300748333042
10 0.12355975387754761
11 0.12076798454083411
12 0.1183398499743849
13 0.11622480780595965
14 0.11437912578895079
15 0.11276522159902998
16 0.11135094500025933
17 0.1101088685255495
18 0.10901562465253017
19 0.10805130837719147
20 0.10719895182757791
21 0.10644407014881146
22 0.10577427377564584
23 0.10517894023798224
24 0.10464893800551804
25 0.10417639501825517
26 0.10375450510716112
27 0.10337736625686786
28 0.10303984546135748
29 0.10273746569648888
30 0.1024663112397898
31 0.10222294819093855
32 0.10200435758299616
33 0.10180787892875265
34 0.10163116242663008
35 0.10147212836602658
36 0.10132893253165047
37 0.10119993662007973
38 0.10108368285610128
39 0.10097887213942332
40 0.10088434516861675
41 0.10079906608465636
42 0.10072210825391698
43 0.10065264187430346
44 0.10058992314046004
45 0.1005332847465815
46 0.1004821275408406
47 0.10043591317461108
48 0.10039415761344332
49 0.1003564253971941
50 0.10032232455294632
51 0.10029150207864758
52 0.10026363992675366
53 0.10023845142719216
54 0.10021567809713464
55 0.10019508679210391
56 0.10017646715892216
57 0.10015962935605809
58 0.10014440201128604
59 0.10013063039032374
60 0.1001181747532576
61 0.1001069088784563
62 0.1000967187359358
63 -7.033050319415791
0 0.18658664468889907
1 0.1763982940381941
2 0.1671900327995946
3 0.15895781839130516
4 0.1516636190844844
5 0.1452459481370491
6 0.1396293993179758
7 0.13473241748547157
8 0.13047307827555166
9 0.12677300748332904
10 0.1235597538775478
11 0.12076798454083647
12 0.11833984997438253
13 0.11622480780595924
14 0.11437912578895534
15 0.1127652215990278
16 0.11135094500025754
17 0.11010886852555189
18 0.109015624652526
19 0.10805130837719386
20 0.1071989518275791
21 0.10644407014880908
22 0.10577427377564924
23 0.10517894023798065
24 0.10464893800551844
25 0.10417639501825438
26 0.10375450510715953
27 0.10337736625686966
28 0.10303984546135529
29 0.10273746569649007
30 0.1024663112397908
31 0.10222294819093575
32 0.10200435758299857
33 0.10180787892875304
34 0.10163116242663067
35 0.10147212836602597
36 0.10132893253165087
37 0.10119993662007673
38 0.1010836828561065
39 0.10097887213942071
40 0.10088434516861614
41 0.10079906608465937
42 0.10072210825391477
43 0.10065264187430166
44 0.10058992314046206
45 0.1005332847465811
46 0.10048212754083999
47 0.10043591317461008
48 0.10039415761344554
49 0.10035642539719189
50 0.10032232455294712
51 0.10029150207864777
52 0.10026363992675406
53 0.10023845142718996
54 0.10021567809713665
55 0.10019508679210432
56 0.10017646715891854
57 0.10015962935606049
58 0.10014440201128864
59 0.10013063039032173
60 0.10011817475325921
61 0.1001069088784557
62 0.10009671873593438
63 -7.03305031941579
0 0.18658664468889705
1 0.1763982940381984
2 0.1671900327995918
3 0.15895781839130743
4 0.15166361908448228
5 0.1452459481370497
6 0.13962939931797697
7 0.134732417485471
8 0.1304730782755499
9 0.126773007483331
10 0.1235597538775484
11 0.1207679845408349
12 0.11833984997438174
13 0.11622480780596123
14 0.11437912578895197
15 0.11276522159902741
16 0.11135094500025892
17 0.11010886852555309
18 0.10901562465252758
19 0.10805130837719386
20 0.10719895182757772
21 0.10644407014881127
22 0.10577427377564665
23 0.10517894023798065
24 0.10464893800551904
25 0.10417639501825478
26 0.10375450510715932
27 0.10337736625686966
28 0.1030398454613571
29 0.10273746569648988
30 0.1024663112397882
31 0.10222294819093755
32 0.10200435758299636
33 0.10180787892875445
34 0.10163116242663048
35 0.10147212836602457
36 0.10132893253164967
37 0.10119993662007913
38 0.1010836828561051
39 0.10097887213942151
40 0.10088434516861734
41 0.10079906608465997
42 0.10072210825391195
43 0.10065264187430387
44 0.10058992314046325
45 0.10053328474657929
46 0.100482127540841
47 0.10043591317461029
48 0.10039415761344453
49 0.1003564253971931
50 0.10032232455294653
51 0.10029150207864616
52 0.10026363992675487
53 0.10023845142719297
54 0.10021567809713423
55 0.10019508679210251
56 0.10017646715892216
57 0.10015962935606008
58 0.10014440201128703
59 0.10013063039032152
60 0.10011817475325781
61 0.10010690887845611
62 0.1000967187359358
63 -7.03305031941579
0 0.18658664468889483
1 0.1763982940381954
2 0.1671900327995927
3 0.15895781839130593
4 0.15166361908448533
5 0.1452459481370472
6 0.13962939931797794
7 0.13473241748547565
8 0.13047307827554855
9 0.12677300748332962
10 0.1235597538775478
11 0.12076798454083214
12 0.11833984997438589
13 0.11622480780595768
14 0.11437912578895415
15 0.11276522159902662
16 0.11135094500025933
17 0.11010886852555309
18 0.10901562465252779
19 0.10805130837719426
20 0.10719895182757731
21 0.10644407014880908
22 0.10577427377564864
23 0.10517894023798105
24 0.10464893800551844
25 0.10417639501825378
26 0.10375450510716053
27 0.10337736625686945
28 0.10303984546135689
29 0.10273746569649048
30 0.102466311239788
31 0.10222294819093755
32 0.10200435758299937
33 0.10180787892875144
34 0.10163116242663148
35 0.10147212836602437
36 0.10132893253164947
37 0.10119993662008053
38 0.10108368285610268
39 0.10097887213942432
40 0.10088434516861573
41 0.10079906608466037
42 0.10072210825391216
43 0.10065264187430085
44 0.10058992314046365
45 0.10053328474658191
46 0.1004821275408388
47 0.10043591317461069
48 0.10039415761344835
49 0.10035642539719168
50 0.10032232455294572
51 0.10029150207864697
52 0.10026363992675207
53 0.10023845142719437
54 0.10021567809713304
55 0.1001950867921027
56 0.10017646715892256
57 0.10015962935606029
58 0.10014440201128383
59 0.10013063039032415
60 0.10011817475326082
61 0.1001069088784563
62 0.10009671873593459
63 -7.033050319415788
0 0.18658664468889483
1 0.1763982940381965
2 0.1671900327995944
3 0.15895781839130727
4 0.1516636190844838
5 0.1452459481370472
6 0.13962939931797755
7 0.13473241748547313
8 0.1304730782755501
9 0.12677300748333256
10 0.12355975387754643
11 0.12076798454083214
12 0.11833984997438411
13 0.11622480780595885
14 0.11437912578895316
15 0.11276522159903078
16 0.11135094500025496
17 0.11010886852555449
18 0.10901562465252858
19 0.10805130837719266
20 0.10719895182758031
21 0.10644407014880568
22 0.10577427377565064
23 0.10517894023798205
24 0.10464893800551543
25 0.10417639501825537
26 0.10375450510716193
27 0.10337736625686846
28 0.1030398454613581
29 0.10273746569648708
30 0.1024663112397878
31 0.10222294819093855
32 0.10200435758299917
33 0.10180787892875104
34 0.10163116242663128
35 0.10147212836602618
36 0.10132893253165007
37 0.10119993662007792
38 0.10108368285610449
39 0.10097887213942151
40 0.10088434516861573
41 0.10079906608466117
42 0.10072210825391295
43 0.10065264187430126
44 0.10058992314046386
45 0.1005332847465815
46 0.1004821275408398
47 0.10043591317460948
48 0.10039415761344654
49 0.10035642539719129
50 0.10032232455294672
51 0.10029150207864637
52 0.10026363992675508
53 0.10023845142719055
54 0.10021567809713464
55 0.10019508679210573
56 0.10017646715892095
57 0.10015962935605728
58 0.10014440201128845
59 0.10013063039032313
60 0.10011817475325861
61 0.1001069088784563
62 0.10009671873593701
63 -7.033050319415792
0 0.18658664468889355
1 0.1763982940381971
2 0.16719003279959405
3 0.15895781839130516
4 0.15166361908448553
5 0.14524594813704644
6 0.13962939931797833
7 0.13473241748547332
8 0.13047307827554894
9 0.12677300748332962
10 0.12355975387754821
11 0.1207679845408343
12 0.11833984997438371
13 0.11622480780596083
14 0.11437912578895079
15 0.1127652215990294
16 0.11135094500025733
17 0.11010886852555428
18 0.10901562465252758
19 0.10805130837719207
20 0.10719895182757672
21 0.10644407014881087
22 0.10577427377564805
23 0.10517894023798165
24 0.10464893800551643
25 0.10417639501825517
26 0.10375450510716172
27 0.10337736625686826
28 0.1030398454613585
29 0.10273746569648727
30 0.1024663112397888
31 0.10222294819093855
32 0.10200435758299796
33 0.10180787892875225
34 0.10163116242663288
35 0.10147212836602357
36 0.10132893253164947
37 0.10119993662007973
38 0.1010836828561067
39 0.1009788721394195
40 0.10088434516861614
41 0.10079906608466058
42 0.10072210825391276
43 0.10065264187430026
44 0.10058992314046547
45 0.10053328474657829
46 0.100482127540842
47 0.10043591317461048
48 0.10039415761344614
49 0.10035642539719229
50 0.10032232455294592
51 0.10029150207864657
52 0.10026363992675427
53 0.10023845142719337
54 0.10021567809713383
55 0.10019508679210552
56 0.10017646715892195
57 0.10015962935605627
58 0.10014440201128724
59 0.10013063039032415
60 0.100118174753259
61 0.1001069088784545
62 0.1000967187359368
63 -7.033050319415788
0 0.18658664468889355
1 0.17639829403819726
2 0.1671900327995948
3 0.1589578183913065
4 0.15166361908448459
5 0.14524594813704816
6 0.1396293993179762
7 0.1347324174854739
8 0.13047307827554816
9 0.1267730074833314
10 0.1235597538775484
11 0.12076798454083391
12 0.11833984997438272
13 0.11622480780596024
14 0.11437912578895099
15 0.11276522159903019
16 0.11135094500025754
17 0.1101088685255513
18 0.10901562465252998
19 0.10805130837719286
20 0.10719895182757652
21 0.10644407014881048
22 0.10577427377564784
23 0.10517894023798285
24 0.10464893800551664
25 0.10417639501825737
26 0.10375450510715692
27 0.10337736625686945
28 0.10303984546135649
29 0.10273746569649028
30 0.1024663112397872
31 0.10222294819093795
32 0.10200435758299876
33 0.10180787892875184
34 0.10163116242663328
35 0.10147212836602316
36 0.10132893253165128
37 0.10119993662007894
38 0.10108368285610168
39 0.1009788721394227
40 0.10088434516861815
41 0.10079906608466037
42 0.10072210825391295
43 0.10065264187430487
44 0.10058992314046024
45 0.1005332847465795
46 0.1004821275408406
47 0.10043591317460988
48 0.10039415761344654
49 0.10035642539719089
50 0.10032232455294854
51 0.10029150207864838
52 0.10026363992675145
53 0.10023845142719458
54 0.10021567809713162
55 0.10019508679210452
56 0.10017646715892216
57 0.10015962935605648
58 0.10014440201129006
59 0.10013063039032093
60 0.10011817475325781
61 0.10010690887845711
62 0.1000967187359368
63 -7.033050319415789
0 0.18658664468889816
1 0.17639829403819635
2 0.16719003279959346
3 0.15895781839130613
4 0.15166361908448286
5 0.14524594813705047
6 0.13962939931797447
7 0.13473241748547546
8 0.13047307827554933
9 0.12677300748332923
10 0.12355975387754801
11 0.12076798454083254
12 0.11833984997438628
13 0.11622480780595945
14 0.11437912578895137
15 0.1127652215990282
16 0.11135094500025992
17 0.1101088685255511
18 0.10901562465252917
19 0.10805130837718988
20 0.1071989518275833
21 0.10644407014880927
22 0.10577427377564624
23 0.10517894023798005
24 0.10464893800551923
25 0.10417639501825457
26 0.10375450510716012
27 0.10337736625687047
28 0.10303984546135568
29 0.10273746569649028
30 0.1024663112397874
31 0.10222294819093734
32 0.10200435758299897
33 0.10180787892875204
34 0.10163116242663169
35 0.10147212836602577
36 0.10132893253164928
37 0.10119993662007853
38 0.10108368285610529
39 0.1009788721394209
40 0.10088434516861775
41 0.10079906608465837
42 0.10072210825391396
43 0.10065264187430266
44 0.10058992314046325
45 0.10053328474657969
46 0.10048212754083999
47 0.10043591317461129
48 0.10039415761344554
49 0.10035642539719108
50 0.10032232455294934
51 0.10029150207864256
52 0.10026363992675487
53 0.10023845142719437
54 0.10021567809713444
55 0.10019508679210533
56 0.10017646715891974
57 0.10015962935605868
58 0.10014440201128824
59 0.10013063039032052
60 0.1001181747532598
61 0.1001069088784555
62 0.10009671873593781
63 -7.033050319415793
0 0.18658664468889463
1 0.17639829403819782
2 0.16719003279959424
3 0.15895781839130727
4 0.15166361908448533
5 0.14524594813704547
6 0.13962939931797638
7 0.13473241748547546
8 0.13047307827554874
9 0.12677300748333295
10 0.12355975387754585
11 0.12076798454083391
12 0.11833984997438352
13 0.11622480780595845
14 0.11437912578895396
15 0.11276522159902919
16 0.11135094500025833
17 0.11010886852554991
18 0.10901562465252879
19 0.10805130837719326
20 0.10719895182757931
21 0.10644407014880848
22 0.10577427377564884
23 0.10517894023797986
24 0.10464893800551744
25 0.10417639501825657
26 0.10375450510716072
27 0.10337736625686907
28 0.1030398454613581
29 0.10273746569648888
30 0.1024663112397876
31 0.10222294819093594
32 0.10200435758299937
33 0.10180787892875204
34 0.10163116242663128
35 0.10147212836602476
36 0.10132893253164887
37 0.10119993662008034
38 0.1010836828561087
39 0.10097887213941589
40 0.10088434516861955
41 0.10079906608465736
42 0.10072210825391577
43 0.10065264187430166
44 0.10058992314046104
45 0.1005332847465817
46 0.1004821275408406
47 0.10043591317460948
48 0.10039415761344794
49 0.1003564253971931
50 0.10032232455294411
51 0.10029150207864637
52 0.10026363992675608
53 0.10023845142719096
54 0.10021567809713584
55 0.10019508679210291
56 0.10017646715892095
57 0.10015962935605828
58 0.10014440201128805
59 0.10013063039032313
60 0.10011817475325961
61 0.1001069088784545
62 0.10009671873593479
63 -7.03305031941579
0 0.18658664468889816
1 0.17639829403819615
2 0.1671900327995918
3 0.15895781839130668
4 0.15166361908448478
5 0.14524594813704664
6 0.13962939931797871
7 0.134732417485471
8 0.13047307827555166
9 0.12677300748333023
10 0.12355975387754821
11 0.1207679845408343
12 0.11833984997438371
13 0.11622480780595708
14 0.11437912578895197
15 0.11276522159902899
16 0.11135094500026071
17 0.1101088685255517
18 0.10901562465252619
19 0.10805130837719366
20 0.1071989518275805
21 0.10644407014880868
22 0.10577427377564705
23 0.10517894023798124
24 0.10464893800551964
25 0.10417639501825478
26 0.10375450510716092
27 0.10337736625686746
28 0.10303984546135649
29 0.10273746569648928
30 0.1024663112397888
31 0.10222294819093815
32 0.10200435758299796
33 0.10180787892875225
34 0.10163116242663288
35 0.10147212836602276
36 0.10132893253165007
37 0.10119993662007973
38 0.10108368285610309
39 0.1009788721394223
40 0.10088434516861614
41 0.10079906608465937
42 0.10072210825391517
43 0.10065264187430246
44 0.10058992314046246
45 0.1005332847465803
46 0.10048212754083918
47 0.10043591317461228
48 0.10039415761344433
49 0.1003564253971927
50 0.10032232455294733
51 0.10029150207864657
52 0.10026363992675427
53 0.10023845142719257
54 0.10021567809713383
55 0.10019508679210391
56 0.10017646715891955
57 0.10015962935606008
58 0.10014440201128584
59 0.10013063039032354
60 0.10011817475326001
61 0.10010690887845651
62 0.1000967187359354
63 -7.033050319415791
0 0.18658664468889427
1 0.17639829403820098
2 0.16719003279959105
3 0.15895781839130668
4 0.15166361908448267
5 0.14524594813705008
6 0.139629399317976
7 0.13473241748547332
8 0.13047307827554874
9 0.12677300748333276
10 0.12355975387754585
11 0.12076798454083273
12 0.11833984997438786
13 0.1162248078059553
14 0.11437912578895573
15 0.1127652215990272
16 0.11135094500026031
17 0.11010886852555091
18 0.10901562465252779
19 0.10805130837719147
20 0.1071989518275821
21 0.10644407014880708
22 0.10577427377564964
23 0.10517894023797965
24 0.10464893800551864
25 0.10417639501825557
26 0.10375450510715872
27 0.10337736625687007
28 0.1030398454613585
29 0.10273746569648867
30 0.1024663112397884
31 0.10222294819093675
32 0.10200435758299857
33 0.10180787892875265
34 0.10163116242663268
35 0.10147212836602336
36 0.10132893253164907
37 0.10119993662008074
38 0.10108368285610309
39 0.1009788721394213
40 0.10088434516861715
41 0.10079906608465937
42 0.10072210825391396
43 0.10065264187430246
44 0.10058992314046325
45 0.1005332847465799
46 0.1004821275408418
47 0.10043591317461048
48 0.10039415761344514
49 0.10035642539719108
50 0.10032232455294733
51 0.10029150207864496
52 0.10026363992675567
53 0.10023845142719257
54 0.10021567809713645
55 0.10019508679210111
56 0.10017646715892195
57 0.10015962935605968
58 0.10014440201128563
59 0.10013063039032415
60 0.10011817475325821
61 0.10010690887845711
62 0.10009671873593519
63 -7.033050319415791
0 0.1865866446888952
1 0.17639829403819782
2 0.16719003279959216
3 0.1589578183913065
4 0.1516636190844838
5 0.14524594813704836
6 0.1396293993179789
7 0.1347324174854706
8 0.13047307827555127
9 0.12677300748332984
10 0.12355975387754939
11 0.12076798454083194
12 0.11833984997438608
13 0.11622480780595569
14 0.11437912578895217
15 0.11276522159902859
16 0.11135094500026031
17 0.11010886852555249
18 0.10901562465252758
19 0.10805130837719266
20 0.10719895182758031
21 0.10644407014881108
22 0.10577427377564465
23 0.10517894023798245
24 0.10464893800551683
25 0.10417639501825537
26 0.10375450510716112
27 0.10337736625686646
28 0.1030398454613599
29 0.10273746569648767
30 0.102466311239788
31 0.10222294819093895
32 0.10200435758299997
33 0.10180787892875204
34 0.10163116242662887
35 0.10147212836602557
36 0.10132893253164947
37 0.10119993662008134
38 0.10108368285610349
39 0.1009788721394191
40 0.10088434516861855
41 0.10079906608465736
42 0.10072210825391596
43 0.10065264187430367
44 0.10058992314046346
45 0.10053328474657869
46 0.100482127540841
47 0.10043591317460887
48 0.10039415761344714
49 0.1003564253971947
50 0.1003223245529433
51 0.10029150207864677
52 0.10026363992675427
53 0.10023845142719318
54 0.10021567809713304
55 0.10019508679210412
56 0.10017646715892055
57 0.10015962935606089
58 0.10014440201128744
59 0.10013063039032152
60 0.1001181747532598
61 0.1001069088784559
62 0.1000967187359368
63 -7.033050319415791
0 0.18658664468889574
1 0.1763982940381971
2 0.16719003279959366
3 0.1589578183913065
4 0.15166361908448686
5 0.14524594813704317
6 0.13962939931797969
7 0.13473241748547274
8 0.13047307827554816
9 0.12677300748333256
10 0.12355975387754624
11 0.12076798454083588
12 0.11833984997438371
13 0.11622480780595806
14 0.11437912578895276
15 0.1127652215990284
16 0.11135094500025852
17 0.1101088685255533
18 0.10901562465252738
19 0.10805130837719126
20 0.1071989518275797
21 0.10644407014880967
22 0.10577427377564765
23 0.10517894023798045
24 0.10464893800551783
25 0.10417639501825657
26 0.10375450510715953
27 0.10337736625686907
28 0.10303984546135869
29 0.10273746569648687
30 0.10246631123979101
31 0.10222294819093494
32 0.10200435758300197
33 0.10180787892875084
34 0.10163116242663027
35 0.10147212836602637
36 0.10132893253164786
37 0.10119993662008053
38 0.1010836828561051
39 0.1009788721394209
40 0.10088434516861675
41 0.10079906608465776
42 0.10072210825391216
43 0.10065264187430467
44 0.10058992314046285
45 0.1005332847465813
46 0.1004821275408398
47 0.10043591317461008
48 0.10039415761344614
49 0.10035642539719289
50 0.10032232455294632
51 0.10029150207864597
52 0.10026363992675508
53 0.10023845142719136
54 0.10021567809713504
55 0.10019508679210351
56 0.10017646715892377
57 0.10015962935605809
58 0.10014440201128623
59 0.10013063039032233
60 0.1001181747532598
61 0.10010690887845611
62 0.10009671873593419
63 -7.03305031941579
0 0.18658664468889705
1 0.17639829403819393
2 0.167190032799598
3 0.15895781839130613
4 0.15166361908448134
5 0.14524594813704778
6 0.13962939931797813
7 0.1347324174854743
8 0.13047307827554816
9 0.12677300748332923
10 0.12355975387755173
11 0.12076798454083038
12 0.11833984997438313
13 0.11622480780596123
14 0.11437912578895336
15 0.11276522159902622
16 0.11135094500026031
17 0.1101088685255515
18 0.10901562465252719
19 0.10805130837719366
20 0.10719895182757812
21 0.10644407014881087
22 0.10577427377564824
23 0.10517894023798165
24 0.10464893800551764
25 0.10417639501825478
26 0.10375450510715872
27 0.10337736625686945
28 0.1030398454613585
29 0.10273746569648767
30 0.10246631123978961
31 0.10222294819093755
32 0.10200435758299876
33 0.10180787892875225
34 0.10163116242663088
35 0.10147212836602316
36 0.10132893253165108
37 0.10119993662007853
38 0.1010836828561059
39 0.1009788721394213
40 0.10088434516861614
41 0.10079906608465937
42 0.10072210825391437
43 0.10065264187430306
44 0.10058992314046185
45 0.1005332847465813
46 0.10048212754083999
47 0.10043591317461069
48 0.10039415761344593
49 0.1003564253971939
50 0.10032232455294411
51 0.10029150207864798
52 0.10026363992675387
53 0.10023845142719216
54 0.10021567809713484
55 0.1001950867921019
56 0.10017646715892316
57 0.10015962935605809
58 0.10014440201128864
59 0.10013063039032233
60 0.10011817475326082
61 0.10010690887845189
62 0.10009671873593841
63 -7.033050319415792
0 0.18658664468889208
1 0.176398294038198
2 0.1671900327995948
3 0.15895781839130574
4 0.15166361908448459
5 0.14524594813704797
6 0.139629399317976
7 0.13473241748547468
8 0.13047307827554797
9 0.1267730074833314
10 0.12355975387754643
11 0.1207679845408351
12 0.11833984997438352
13 0.11622480780595787
14 0.11437912578895534
15 0.11276522159902562
16 0.1113509450002617
17 0.1101088685255517
18 0.10901562465252738
19 0.10805130837719346
20 0.10719895182757731
21 0.10644407014881227
22 0.10577427377564524
23 0.10517894023798205
24 0.10464893800551883
25 0.10417639501825397
26 0.10375450510715813
27 0.10337736625687106
28 0.1030398454613577
29 0.10273746569648787
30 0.10246631123979
31 0.10222294819093695
32 0.10200435758299677
33 0.10180787892875524
34 0.10163116242663169
35 0.10147212836602115
36 0.10132893253165148
37 0.10119993662007894
38 0.1010836828561055
39 0.10097887213942151
40 0.10088434516861675
41 0.10079906608465736
42 0.10072210825391556
43 0.10065264187430206
44 0.10058992314046365
45 0.10053328474658191
46 0.10048212754084039
47 0.10043591317460847
48 0.10039415761344453
49 0.10035642539719129
50 0.10032232455294712
51 0.10029150207864798
52 0.10026363992675467
53 0.10023845142719096
54 0.10021567809713484
55 0.10019508679210452
56 0.10017646715892356
57 0.10015962935605667
58 0.10014440201128805
59 0.10013063039032233
60 0.100118174753257
61 0.1001069088784581
62 0.10009671873593519
63 -7.033050319415788
0 0.18658664468889594
1 0.17639829403819504
2 0.1671900327995946
3 0.15895781839130782
4 0.15166361908448286
5 0.14524594813704894
6 0.1396293993179762
7 0.1347324174854741
8 0.13047307827554952
9 0.12677300748333042
10 0.12355975387754664
11 0.12076798454083273
12 0.11833984997438667
13 0.11622480780595747
14 0.11437912578895455
15 0.1127652215990272
16 0.11135094500025673
17 0.11010886852555428
18 0.10901562465252719
19 0.10805130837719366
20 0.10719895182758031
21 0.10644407014880568
22 0.10577427377565005
23 0.10517894023798045
24 0.10464893800551904
25 0.10417639501825517
26 0.10375450510716032
27 0.10337736625686746
28 0.10303984546135748
29 0.10273746569648848
30 0.1024663112397886
31 0.10222294819093915
32 0.10200435758299757
33 0.10180787892875284
34 0.10163116242663148
35 0.10147212836602437
36 0.10132893253165068
37 0.10119993662007894
38 0.1010836828561051
39 0.1009788721394197
40 0.10088434516861715
41 0.10079906608465977
42 0.10072210825391295
43 0.10065264187430226
44 0.10058992314046386
45 0.1005332847465803
46 0.100482127540843
47 0.10043591317460766
48 0.10039415761344654
49 0.10035642539719028
50 0.10032232455294894
51 0.10029150207864616
52 0.10026363992675326
53 0.10023845142719297
54 0.10021567809713525
55 0.10019508679210351
56 0.10017646715892256
57 0.10015962935605688
58 0.10014440201128724
59 0.10013063039032193
60 0.10011817475326061
61 0.1001069088784555
62 0.1000967187359368
63 -7.033050319415791
0 0.18658664468889538
1 0.1763982940381965
2 0.1671900327995927
3 0.15895781839130727
4 0.15166361908448306
5 0.14524594813704836
6 0.1396293993179762
7 0.13473241748547488
8 0.13047307827554874
9 0.12677300748332923
10 0.12355975387754918
11 0.12076798454083214
12 0.11833984997438667
13 0.11622480780595768
14 0.11437912578895376
15 0.11276522159902899
16 0.11135094500025713
17 0.1101088685255505
18 0.10901562465253058
19 0.10805130837719346
20 0.10719895182757812
21 0.10644407014880987
22 0.10577427377564624
23 0.10517894023798285
24 0.10464893800551704
25 0.10417639501825517
26 0.10375450510715992
27 0.10337736625686866
28 0.10303984546135889
29 0.10273746569648827
30 0.1024663112397878
31 0.10222294819093554
32 0.10200435758300118
33 0.10180787892875325
34 0.10163116242663067
35 0.10147212836602357
36 0.10132893253164928
37 0.10119993662007973
38 0.10108368285610408
39 0.10097887213942351
40 0.10088434516861715
41 0.10079906608465736
42 0.10072210825391437
43 0.10065264187430306
44 0.10058992314046265
45 0.10053328474658009
46 0.1004821275408414
47 0.10043591317460988
48 0.10039415761344493
49 0.1003564253971931
50 0.10032232455294773
51 0.10029150207864516
52 0.10026363992675387
53 0.10023845142719216
54 0.10021567809713444
55 0.10019508679210251
56 0.10017646715892457
57 0.10015962935605728
58 0.10014440201128584
59 0.10013063039032474
60 0.1001181747532598
61 0.10010690887845429
62 0.100096718735935
63 -7.033050319415787
0 0.18658664468889463
1 0.17639829403819485
2 0.16719003279959704
3 0.1589578183913048
4 0.15166361908448478
5 0.145245948137047
6 0.13962939931797833
7 0.13473241748547196
8 0.13047307827554971
9 0.1267730074833316
10 0.12355975387754643
11 0.1207679845408347
12 0.11833984997438214
13 0.11622480780595984
14 0.11437912578895336
15 0.11276522159902899
16 0.11135094500025933
17 0.1101088685255511
18 0.10901562465252879
19 0.10805130837719405
20 0.10719895182757812
21 0.10644407014880887
22 0.10577427377564824
23 0.10517894023797986
24 0.10464893800551923
25 0.10417639501825517
26 0.10375450510716112
27 0.10337736625686805
28 0.1030398454613577
29 0.10273746569648848
30 0.1024663112397876
31 0.10222294819093895
32 0.10200435758299897
33 0.10180787892875184
34 0.10163116242663008
35 0.10147212836602637
36 0.10132893253164746
37 0.10119993662007994
38 0.10108368285610629
39 0.1009788721394195
40 0.10088434516861775
41 0.10079906608465956
42 0.10072210825391376
43 0.10065264187430527
44 0.10058992314045884
45 0.10053328474658049
46 0.100482127540842
47 0.10043591317461029
48 0.10039415761344493
49 0.10035642539719249
50 0.10032232455294814
51 0.10029150207864818
52 0.10026363992674965
53 0.10023845142719619
54 0.10021567809713283
55 0.10019508679210552
56 0.10017646715891874
57 0.10015962935606029
58 0.10014440201128623
59 0.10013063039032273
60 0.10011817475325921
61 0.1001069088784559
62 0.10009671873593459
63 -7.033050319415788
0 0.18658664468889463
1 0.1763982940381969
2 0.16719003279959385
3 0.15895781839130535
4 0.15166361908448725
5 0.14524594813704625
6 0.13962939931797833
7 0.13473241748547274
8 0.13047307827554933
9 0.12677300748332962
10 0.12355975387754703
11 0.12076798454083529
12 0.1183398499743843
13 0.11622480780595965
14 0.11437912578895099
15 0.1127652215990288
16 0.11135094500025833
17 0.1101088685255521
18 0.10901562465252779
19 0.10805130837719386
20 0.1071989518275805
21 0.10644407014880748
22 0.10577427377564805
23 0.10517894023798086
24 0.10464893800551844
25 0.10417639501825397
26 0.10375450510715872
27 0.10337736625687206
28 0.10303984546135689
29 0.10273746569648787
30 0.102466311239787
31 0.10222294819094116
32 0.10200435758299757
33 0.10180787892875064
34 0.10163116242663209
35 0.10147212836602476
36 0.10132893253165168
37 0.10119993662007712
38 0.1010836828561055
39 0.1009788721394195
40 0.10088434516861795
41 0.10079906608465977
42 0.10072210825391396
43 0.10065264187430005
44 0.10058992314046587
45 0.10053328474657869
46 0.1004821275408406
47 0.10043591317461148
48 0.10039415761344533
49 0.10035642539719149
50 0.10032232455294693
51 0.10029150207864697
52 0.10026363992675366
53 0.10023845142719297
54 0.10021567809713383
55 0.10019508679210391
56 0.10017646715892015
57 0.1001596293560611
58 0.10014440201128644
59 0.10013063039032474
60 0.1001181747532572
61 0.1001069088784567
62 0.10009671873593559
63 -7.03305031941579
0 0.18658664468889502
1 0.1763982940381971
2 0.1671900327995931
3 0.1589578183913063
4 0.1516636190844863
5 0.1452459481370468
6 0.13962939931797563
7 0.13473241748547254
8 0.13047307827555224
9 0.12677300748332962
10 0.12355975387754801
11 0.1207679845408343
12 0.11833984997438411
13 0.11622480780595826
14 0.11437912578895376
15 0.1127652215990272
16 0.11135094500025754
17 0.1101088685255527
18 0.10901562465252879
19 0.10805130837719286
20 0.10719895182757831
21 0.10644407014880987
22 0.10577427377564905
23 0.10517894023798065
24 0.10464893800551683
25 0.10417639501825618
26 0.10375450510716053
27 0.10337736625686586
28 0.1030398454613609
29 0.10273746569648787
30 0.1024663112397892
31 0.10222294819093815
32 0.10200435758299636
33 0.10180787892875304
34 0.10163116242663148
35 0.10147212836602516
36 0.10132893253164928
37 0.10119993662007873
38 0.10108368285610449
39 0.1009788721394227
40 0.10088434516861715
41 0.10079906608465837
42 0.10072210825391235
43 0.10065264187430567
44 0.10058992314046085
45 0.10053328474658009
46 0.10048212754084039
47 0.10043591317461129
48 0.10039415761344533
49 0.10035642539719208
50 0.10032232455294653
51 0.10029150207864697
52 0.10026363992675427
53 0.10023845142719157
54 0.10021567809713544
55 0.10019508679210472
56 0.10017646715892296
57 0.10015962935605567
58 0.10014440201128544
59 0.10013063039032455
60 0.10011817475326021
61 0.1001069088784541
62 0.100096718735938
63 -7.033050319415791
0 0.1865866446888976
1 0.17639829403819393
2 0.1671900327995946
3 0.15895781839130574
4 0.15166361908448345
5 0.14524594813704816
6 0.13962939931797813
7 0.1347324174854743
8 0.13047307827554816
9 0.12677300748333042
10 0.12355975387754684
11 0.12076798454083568
12 0.11833984997438411
13 0.11622480780595866
14 0.11437912578895099
15 0.1127652215990284
16 0.11135094500025773
17 0.11010886852555389
18 0.10901562465253017
19 0.10805130837719107
20 0.10719895182757691
21 0.10644407014881287
22 0.10577427377564765
23 0.10517894023798124
24 0.10464893800551664
25 0.10417639501825497
26 0.10375450510716253
27 0.10337736625686766
28 0.10303984546135629
29 0.10273746569649048
30 0.10246631123978639
31 0.10222294819093634
32 0.10200435758300118
33 0.10180787892875265
34 0.10163116242663048
35 0.10147212836602516
36 0.10132893253164887
37 0.10119993662007894
38 0.1010836828561057
39 0.1009788721394227
40 0.10088434516861494
41 0.10079906608466017
42 0.10072210825391316
43 0.10065264187430185
44 0.10058992314046265
45 0.1005332847465809
46 0.100482127540842
47 0.10043591317461169
48 0.10039415761344272
49 0.1003564253971931
50 0.10032232455294553
51 0.10029150207864637
52 0.10026363992675548
53 0.10023845142719016
54 0.10021567809713665
55 0.10019508679210391
56 0.10017646715892095
57 0.10015962935605648
58 0.10014440201128764
59 0.10013063039032574
60 0.1001181747532594
61 0.1001069088784537
62 0.1000967187359364
63 -7.033050319415789
0 0.186586644688893
1 0.17639829403819857
2 0.16719003279959255
3 0.15895781839130516
4 0.15166361908448248
5 0.14524594813705047
6 0.139629399317976
7 0.1347324174854741
8 0.13047307827554894
9 0.12677300748333178
10 0.12355975387754624
11 0.12076798454083568
12 0.11833984997438272
13 0.11622480780595826
14 0.11437912578895613
15 0.11276522159902522
16 0.11135094500026012
17 0.11010886852555091
18 0.10901562465252819
19 0.10805130837719266
20 0.1071989518275795
21 0.10644407014881087
22 0.10577427377564784
23 0.10517894023798086
24 0.10464893800551664
25 0.10417639501825497
26 0.10375450510716092
27 0.10337736625686886
28 0.10303984546135608
29 0.10273746569648907
30 0.1024663112397882
31 0.10222294819093876
32 0.10200435758299997
33 0.10180787892875123
34 0.10163116242663067
35 0.10147212836602537
36 0.10132893253165007
37 0.10119993662007712
38 0.1010836828561057
39 0.10097887213942251
40 0.10088434516861614
41 0.10079906608465897
42 0.10072210825391517
43 0.10065264187430105
44 0.10058992314046486
45 0.10053328474657708
46 0.1004821275408418
47 0.10043591317460726
48 0.10039415761344633
49 0.10035642539719289
50 0.10032232455294894
51 0.10029150207864737
52 0.10026363992675186
53 0.10023845142719297
54 0.10021567809713525
55 0.10019508679210391
56 0.10017646715892176
57 0.10015962935605627
58 0.10014440201128824
59 0.10013063039032374
60 0.10011817475326001
61 0.10010690887845429
62 0.1000967187359362
63 -7.033050319415787
0 0.18658664468889558
1 0.17639829403819635
2 0.16719003279959405
3 0.15895781839130688
4 0.1516636190844842
5 0.145245948137047
6 0.13962939931797852
7 0.13473241748547293
8 0.13047307827554777
9 0.12677300748333295
10 0.12355975387754624
11 0.12076798454083372
12 0.11833984997438608
13 0.11622480780595866
14 0.11437912578895376
15 0.11276522159902562
16 0.11135094500025952
17 0.1101088685255511
18 0.10901562465252998
19 0.10805130837719028
20 0.1071989518275821
21 0.10644407014880727
22 0.10577427377564845
23 0.10517894023798005
24 0.10464893800551724
25 0.10417639501825597
26 0.10375450510716053
27 0.10337736625687007
28 0.10303984546135629
29 0.10273746569648907
30 0.102466311239788
31 0.10222294819093936
32 0.10200435758299836
33 0.10180787892875304
34 0.10163116242662988
35 0.10147212836602537
36 0.10132893253165028
37 0.10119993662007934
38 0.1010836828561033
39 0.1009788721394219
40 0.10088434516861915
41 0.10079906608465695
42 0.10072210825391396
43 0.10065264187430085
44 0.10058992314046386
45 0.1005332847465785
46 0.10048212754084461
47 0.10043591317461029
48 0.10039415761344372
49 0.1003564253971931
50 0.10032232455294512
51 0.10029150207864898
52 0.10026363992675126
53 0.10023845142719418
54 0.10021567809713383
55 0.10019508679210332
56 0.10017646715892276
57 0.10015962935605607
58 0.10014440201128805
59 0.10013063039032334
60 0.10011817475326021
61 0.1001069088784573
62 0.10009671873593519
63 -7.033050319415791
0 0.1865866446888941
1 0.1763982940381969
2 0.1671900327995933
3 0.1589578183913063
4 0.1516636190844865
5 0.1452459481370474
6 0.1396293993179762
7 0.1347324174854739
8 0.13047307827554797
9 0.126773007483331
10 0.1235597538775486
11 0.12076798454083351
12 0.11833984997438549
13 0.11622480780595668
14 0.11437912578895475
15 0.11276522159902622
16 0.1113509450002605
17 0.1101088685255521
18 0.10901562465252698
19 0.10805130837719266
20 0.10719895182757991
21 0.10644407014880927
22 0.10577427377564824
23 0.10517894023798145
24 0.10464893800551504
25 0.10417639501825697
26 0.10375450510716193
27 0.10337736625686826
28 0.1030398454613571
29 0.10273746569648727
30 0.102466311239789
31 0.10222294819093675
32 0.10200435758299857
33 0.10180787892875486
34 0.10163116242662887
35 0.10147212836602597
36 0.10132893253164907
37 0.10119993662007913
38 0.1010836828561055
39 0.1009788721394219
40 0.10088434516861554
41 0.10079906608466058
42 0.10072210825391295
43 0.10065264187430327
44 0.10058992314046225
45 0.1005332847465799
46 0.1004821275408428
47 0.10043591317461008
48 0.10039415761344332
49 0.1003564253971949
50 0.10032232455294492
51 0.10029150207864958
52 0.10026363992675025
53 0.10023845142719418
54 0.10021567809713625
55 0.10019508679210311
56 0.10017646715892015
57 0.10015962935605707
58 0.10014440201128845
59 0.10013063039032294
60 0.10011817475326001
61 0.1001069088784551
62 0.10009671873593419
63 -7.033050319415787
0 0.18658664468889574
1 0.17639829403819596
2 0.16719003279959235
3 0.1589578183913065
4 0.1516636190844861
5 0.14524594813704605
6 0.13962939931797735
7 0.13473241748547468
8 0.13047307827554933
9 0.12677300748332943
10 0.1235597538775478
11 0.1207679845408351
12 0.11833984997438411
13 0.11622480780595747
14 0.11437912578895355
15 0.11276522159902681
16 0.1113509450002611
17 0.1101088685255505
18 0.10901562465253156
19 0.10805130837718988
20 0.1071989518275791
21 0.10644407014881227
22 0.10577427377564405
23 0.10517894023798086
24 0.10464893800552004
25 0.10417639501825657
26 0.10375450510715792
27 0.10337736625686826
28 0.10303984546135929
29 0.10273746569648787
30 0.10246631123978961
31 0.10222294819093734
32 0.10200435758299997
33 0.10180787892874903
34 0.10163116242663248
35 0.10147212836602457
36 0.10132893253165047
37 0.10119993662007853
38 0.1010836828561065
39 0.1009788721394187
40 0.10088434516861795
41 0.10079906608465897
42 0.10072210825391517
43 0.10065264187430266
44 0.10058992314046145
45 0.10053328474658049
46 0.10048212754083999
47 0.10043591317461228
48 0.10039415761344353
49 0.10035642539719229
50 0.10032232455294773
51 0.10029150207864798
52 0.10026363992675326
53 0.10023845142719318
54 0.10021567809713264
55 0.1001950867921027
56 0.10017646715892316
57 0.10015962935605788
58 0.10014440201128644
59 0.10013063039032515
60 0.1001181747532574
61 0.1001069088784563
62 0.10009671873593701
63 -7.033050319415791
0 0.18658664468889502
1 0.17639829403819765
2 0.16719003279959216
3 0.15895781839130876
4 0.15166361908448267
5 0.14524594813704797
6 0.13962939931797794
7 0.13473241748547254
8 0.13047307827555127
9 0.1267730074833314
10 0.12355975387754546
11 0.1207679845408349
12 0.11833984997438253
13 0.11622480780595806
14 0.11437912578895554
15 0.11276522159902681
16 0.11135094500025833
17 0.11010886852555349
18 0.10901562465252639
19 0.10805130837719505
20 0.10719895182757731
21 0.10644407014881087
22 0.10577427377564745
23 0.10517894023798086
24 0.10464893800551664
25 0.10417639501825517
26 0.10375450510716132
27 0.10337736625686907
28 0.10303984546135829
29 0.10273746569648848
30 0.1024663112397884
31 0.10222294819093615
32 0.10200435758299796
33 0.10180787892875365
34 0.10163116242663209
35 0.10147212836602336
36 0.10132893253164867
37 0.10119993662007873
38 0.10108368285610489
39 0.10097887213942332
40 0.10088434516861614
41 0.10079906608465877
42 0.10072210825391376
43 0.10065264187430507
44 0.10058992314046165
45 0.1005332847465815
46 0.1004821275408388
47 0.10043591317461069
48 0.10039415761344413
49 0.1003564253971943
50 0.10032232455294632
51 0.10029150207864476
52 0.10026363992675648
53 0.10023845142719116
54 0.10021567809713584
55 0.10019508679210351
56 0.10017646715891995
57 0.10015962935605928
58 0.10014440201128483
59 0.10013063039032535
60 0.1001181747532584
61 0.1001069088784577
62 0.10009671873593338
63 -7.033050319415789
0 0.18658664468889574
1 0.17639829403819746
2 0.16719003279959405
3 0.15895781839130574
4 0.15166361908448478
5 0.14524594813704778
6 0.1396293993179762
7 0.13473241748547254
8 0.1304730782755499
9 0.1267730074833312
10 0.12355975387754703
11 0.1207679845408349
12 0.11833984997438352
13 0.11622480780595905
14 0.11437912578895237
15 0.1127652215990278
16 0.11135094500025833
17 0.11010886852555588
18 0.10901562465252579
19 0.10805130837719226
20 0.1071989518275785
21 0.10644407014881008
22 0.10577427377564745
23 0.10517894023798124
24 0.10464893800551783
25 0.10417639501825618
26 0.10375450510715953
27 0.10337736625686846
28 0.10303984546135969
29 0.10273746569648627
30 0.10246631123978961
31 0.10222294819093795
32 0.10200435758299917
33 0.10180787892875265
34 0.10163116242662988
35 0.10147212836602557
36 0.10132893253164746
37 0.10119993662008074
38 0.10108368285610429
39 0.1009788721394213
40 0.10088434516861755
41 0.10079906608465918
42 0.10072210825391416
43 0.10065264187430287
44 0.10058992314046346
45 0.10053328474657769
46 0.10048212754084039
47 0.10043591317461249
48 0.10039415761344474
49 0.1003564253971939
50 0.10032232455294492
51 0.10029150207864616
52 0.10026363992675628
53 0.10023845142719055
54 0.10021567809713484
55 0.10019508679210412
56 0.10017646715892095
57 0.10015962935605849
58 0.10014440201128945
59 0.10013063039032374
60 0.1001181747532576
61 0.1001069088784555
62 0.1000967187359364
63 -7.033050319415791
0 0.18658664468889502
1 0.17639829403819635
2 0.16719003279959385
3 0.15895781839130838
4 0.15166361908448345
5 0.14524594813704797
6 0.1396293993179762
7 0.1347324174854739
8 0.13047307827554816
9 0.1267730074833316
10 0.12355975387754821
11 0.12076798454083254
12 0.11833984997438371
13 0.11622480780595866
14 0.11437912578895534
15 0.11276522159902681
16 0.11135094500025852
17 0.11010886852555189
18 0.10901562465252958
19 0.10805130837719307
20 0.10719895182757791
21 0.10644407014881108
22 0.10577427377564645
23 0.10517894023798224
24 0.10464893800551824
25 0.10417639501825417
26 0.10375450510716012
27 0.10337736625686866
28 0.10303984546135729
29 0.10273746569648928
30 0.1024663112397878
31 0.10222294819093855
32 0.10200435758299736
33 0.10180787892875265
34 0.10163116242663209
35 0.10147212836602397
36 0.10132893253165047
37 0.10119993662007813
38 0.1010836828561051
39 0.1009788721394227
40 0.10088434516861534
41 0.10079906608466198
42 0.10072210825391176
43 0.10065264187430306
44 0.10058992314046145
45 0.10053328474658191
46 0.10048212754083859
47 0.10043591317461228
48 0.10039415761344554
49 0.10035642539719049
50 0.10032232455294753
51 0.10029150207864697
52 0.10026363992675306
53 0.10023845142719116
54 0.10021567809713605
55 0.10019508679210552
56 0.10017646715892115
57 0.10015962935605768
58 0.10014440201128744
59 0.10013063039032354
60 0.1001181747532588
61 0.10010690887845611
62 0.1000967187359362
63 -7.033050319415791
0 0.18658664468889574
1 0.17639829403819635
2 0.1671900327995929
3 0.15895781839130782
4 0.151663619084484
5 0.14524594813704758
6 0.13962939931797638
7 0.13473241748547274
8 0.1304730782755505
9 0.12677300748333062
10 0.12355975387754918
11 0.12076798454083155
12 0.11833984997438608
13 0.11622480780595727
14 0.11437912578895276
15 0.11276522159902919
16 0.11135094500025912
17 0.1101088685255523
18 0.10901562465252898
19 0.10805130837719107
20 0.10719895182757931
21 0.10644407014880927
22 0.10577427377564964
23 0.10517894023797925
24 0.10464893800551904
25 0.10417639501825438
26 0.10375450510716132
27 0.10337736625686766
28 0.10303984546135929
29 0.10273746569648708
30 0.102466311239789
31 0.10222294819093815
32 0.10200435758299777
33 0.10180787892875265
34 0.10163116242663169
35 0.10147212836602376
36 0.10132893253164967
37 0.10119993662007934
38 0.1010836828561059
39 0.1009788721394203
40 0.10088434516861494
41 0.10079906608466158
42 0.10072210825391335
43 0.10065264187430266
44 0.10058992314046225
45 0.1005332847465815
46 0.10048212754084039
47 0.10043591317461029
48 0.10039415761344313
49 0.1003564253971935
50 0.10032232455294814
51 0.10029150207864758
52 0.10026363992675306
53 0.10023845142719297
54 0.10021567809713243
55 0.10019508679210552
56 0.10017646715891995
57 0.10015962935605928
58 0.10014440201128764
59 0.10013063039032233
60 0.100118174753259
61 0.1001069088784577
62 0.10009671873593319
63 -7.033050319415788
0 0.18658664468889669
1 0.17639829403819596
2 0.16719003279959385
3 0.15895781839130593
4 0.151663619084484
5 0.14524594813704758
6 0.1396293993179762
7 0.13473241748547332
8 0.13047307827555127
9 0.12677300748333004
10 0.12355975387754604
11 0.12076798454083647
12 0.11833984997438352
13 0.11622480780595905
14 0.11437912578895079
15 0.11276522159903057
16 0.11135094500025933
17 0.1101088685255513
18 0.10901562465252819
19 0.10805130837718888
20 0.1071989518275833
21 0.10644407014881027
22 0.10577427377564624
23 0.10517894023798245
24 0.10464893800551704
25 0.10417639501825378
26 0.10375450510715972
27 0.10337736625686966
28 0.10303984546135869
29 0.10273746569648827
30 0.10246631123978639
31 0.10222294819094056
32 0.10200435758299736
33 0.10180787892875365
34 0.10163116242663067
35 0.10147212836602537
36 0.10132893253164947
37 0.10119993662007853
38 0.1010836828561047
39 0.1009788721394203
40 0.10088434516861874
41 0.10079906608465956
42 0.10072210825391074
43 0.10065264187430487
44 0.10058992314046265
45 0.10053328474657809
46 0.1004821275408428
47 0.10043591317460927
48 0.10039415761344554
49 0.10035642539719289
50 0.10032232455294733
51 0.10029150207864616
52 0.10026363992675366
53 0.10023845142719136
54 0.10021567809713484
55 0.10019508679210493
56 0.10017646715892316
57 0.10015962935605607
58 0.10014440201128805
59 0.10013063039032334
60 0.1001181747532584
61 0.10010690887845651
62 0.100096718735936
63 -7.03305031941579
0 0.18658664468889372
1 0.1763982940381956
2 0.1671900327995961
3 0.15895781839130613
4 0.15166361908448517
5 0.14524594813704547
6 0.13962939931797774
7 0.13473241748547565
8 0.1304730782755472
9 0.12677300748332984
10 0.12355975387754939
11 0.12076798454083391
12 0.11833984997438352
13 0.11622480780595747
14 0.11437912578895455
15 0.1127652215990272
16 0.11135094500025773
17 0.11010886852555289
18 0.10901562465252798
19 0.10805130837719366
20 0.1071989518275791
21 0.10644407014881008
22 0.10577427377564905
23 0.10517894023798086
24 0.10464893800551583
25 0.10417639501825678
26 0.10375450510715872
27 0.10337736625686866
28 0.10303984546135929
29 0.10273746569648888
30 0.1024663112397886
31 0.10222294819093534
32 0.10200435758299876
33 0.10180787892875244
34 0.10163116242663268
35 0.10147212836602357
36 0.10132893253165187
37 0.10119993662007712
38 0.10108368285610408
39 0.10097887213942391
40 0.10088434516861694
41 0.10079906608465956
42 0.10072210825391235
43 0.10065264187430145
44 0.10058992314046365
45 0.1005332847465799
46 0.10048212754083999
47 0.10043591317461108
48 0.10039415761344554
49 0.1003564253971935
50 0.10032232455294572
51 0.10029150207864657
52 0.10026363992675247
53 0.10023845142719437
54 0.10021567809713525
55 0.10019508679210432
56 0.10017646715891894
57 0.10015962935605968
58 0.10014440201128544
59 0.10013063039032474
60 0.10011817475325781
61 0.1001069088784559
62 0.10009671873593741
63 -7.033050319415789
0 0.18658664468889574
1 0.1763982940381958
2 0.1671900327995961
3 0.1589578183913029
4 0.15166361908448592
5 0.14524594813704586
6 0.1396293993179795
7 0.1347324174854741
8 0.1304730782755499
9 0.1267730074833273
10 0.12355975387754997
11 0.12076798454083312
12 0.11833984997438371
13 0.11622480780595885
14 0.11437912578895455
15 0.112765221599028
16 0.11135094500025873
17 0.11010886852555249
18 0.10901562465252698
19 0.10805130837719346
20 0.1071989518275785
21 0.10644407014880768
22 0.10577427377564905
23 0.10517894023798185
24 0.10464893800551783
25 0.10417639501825578
26 0.10375450510715953
27 0.10337736625686766
28 0.10303984546136029
29 0.10273746569648727
30 0.1024663112397874
31 0.10222294819094056
32 0.10200435758299796
33 0.10180787892875064
34 0.10163116242663169
35 0.10147212836602476
36 0.10132893253165068
37 0.10119993662007973
38 0.10108368285610268
39 0.1009788721394227
40 0.10088434516861775
41 0.10079906608465856
42 0.10072210825391235
43 0.10065264187430387
44 0.10058992314046306
45 0.10053328474657909
46 0.1004821275408414
47 0.10043591317460948
48 0.10039415761344514
49 0.10035642539719611
50 0.10032232455294532
51 0.10029150207864557
52 0.10026363992675287
53 0.10023845142719398
54 0.10021567809713283
55 0.10019508679210472
56 0.10017646715892135
57 0.10015962935605909
58 0.10014440201128744
59 0.10013063039032273
60 0.1001181747532584
61 0.1001069088784581
62 0.10009671873593398
63 -7.03305031941579
0 0.18658664468889502
1 0.17639829403819504
2 0.1671900327995944
3 0.15895781839130763
4 0.15166361908448306
5 0.14524594813705027
6 0.1396293993179731
7 0.13473241748547507
8 0.13047307827554894
9 0.12677300748332923
10 0.12355975387754958
11 0.1207679845408349
12 0.1183398499743843
13 0.11622480780595668
14 0.11437912578895396
15 0.11276522159903078
16 0.11135094500025534
17 0.11010886852555368
18 0.10901562465252679
19 0.10805130837719366
20 0.10719895182757931
21 0.10644407014880967
22 0.10577427377564824
23 0.10517894023798145
24 0.10464893800551744
25 0.10417639501825457
26 0.10375450510716153
27 0.10337736625686705
28 0.10303984546135929
29 0.10273746569648827
30 0.1024663112397876
31 0.10222294819093855
32 0.10200435758299857
33 0.10180787892875365
34 0.10163116242662767
35 0.10147212836602777
36 0.10132893253165007
37 0.10119993662007673
38 0.1010836828561059
39 0.10097887213942211
40 0.10088434516861594
41 0.10079906608466037
42 0.10072210825391074
43 0.10065264187430507
44 0.10058992314046306
45 0.10053328474658049
46 0.10048212754083999
47 0.10043591317461008
48 0.10039415761344514
49 0.10035642539719208
50 0.10032232455294672
51 0.10029150207864737
52 0.10026363992675266
53 0.10023845142719337
54 0.10021567809713484
55 0.10019508679210211
56 0.10017646715892216
57 0.10015962935605728
58 0.10014440201128905
59 0.10013063039032434
60 0.10011817475325821
61 0.1001069088784563
62 0.10009671873593419
63 -7.033050319415788
0 0.18658664468889574
1 0.1763982940381956
2 0.16719003279959385
3 0.15895781839130574
4 0.15166361908448553
5 0.14524594813704605
6 0.13962939931797794
7 0.1347324174854745
8 0.13047307827554816
9 0.1267730074833314
10 0.1235597538775484
11 0.12076798454083293
12 0.11833984997438568
13 0.11622480780595768
14 0.11437912578895355
15 0.11276522159902622
16 0.11135094500025992
17 0.11010886852555189
18 0.10901562465252719
19 0.10805130837719405
20 0.1071989518275805
21 0.10644407014880927
22 0.10577427377564765
23 0.10517894023798086
24 0.10464893800551583
25 0.10417639501825517
26 0.10375450510716132
27 0.10337736625686786
28 0.1030398454613567
29 0.10273746569649209
30 0.102466311239787
31 0.10222294819093655
32 0.10200435758299976
33 0.10180787892875204
34 0.10163116242663128
35 0.10147212836602457
36 0.10132893253164967
37 0.10119993662007913
38 0.10108368285610529
39 0.10097887213942211
40 0.10088434516861694
41 0.10079906608465956
42 0.10072210825391335
43 0.10065264187430306
44 0.10058992314046104
45 0.1005332847465807
46 0.1004821275408402
47 0.10043591317461148
48 0.10039415761344453
49 0.10035642539719329
50 0.10032232455294592
51 0.10029150207864657
52 0.10026363992675527
53 0.10023845142719257
54 0.10021567809713304
55 0.10019508679210311
56 0.10017646715892316
57 0.10015962935605849
58 0.10014440201128584
59 0.10013063039032273
60 0.10011817475326001
61 0.1001069088784545
62 0.10009671873593841
63 -7.03305031941579
0 0.18658664468889558
1 0.17639829403819635
2 0.16719003279959196
3 0.15895781839130593
4 0.15166361908448667
5 0.14524594813704605
6 0.13962939931797735
7 0.13473241748547526
8 0.13047307827554583
9 0.12677300748333276
10 0.12355975387754604
11 0.1207679845408351
12 0.1183398499743847
13 0.11622480780595768
14 0.11437912578895336
15 0.11276522159902978
16 0.11135094500025793
17 0.11010886852555031
18 0.10901562465253237
19 0.10805130837718907
20 0.1071989518275813
21 0.10644407014880848
22 0.10577427377564784
23 0.10517894023798185
24 0.10464893800551804
25 0.10417639501825497
26 0.10375450510716053
27 0.10337736625686686
28 0.10303984546136029
29 0.10273746569648767
30 0.1024663112397898
31 0.10222294819093655
32 0.10200435758299897
33 0.10180787892875104
34 0.10163116242663107
35 0.10147212836602516
36 0.10132893253165047
37 0.10119993662007733
38 0.10108368285610529
39 0.1009788721394227
40 0.10088434516861715
41 0.10079906608465877
42 0.10072210825391155
43 0.10065264187430427
44 0.10058992314046145
45 0.1005332847465811
46 0.1004821275408406
47 0.10043591317461169
48 0.10039415761344533
49 0.10035642539719149
50 0.10032232455294672
51 0.10029150207864718
52 0.10026363992675406
53 0.10023845142719157
54 0.10021567809713525
55 0.10019508679210251
56 0.10017646715892296
57 0.10015962935605849
58 0.10014440201128744
59 0.10013063039032193
60 0.10011817475325821
61 0.1001069088784577
62 0.10009671873593298
63 -7.0330503194157865
0 0.18658664468889594
1 0.1763982940381967
2 0.1671900327995946
3 0.1589578183913044
4 0.15166361908448459
5 0.1452459481370493
6 0.13962939931797544
7 0.13473241748547507
8 0.1304730782755501
9 0.12677300748333004
10 0.12355975387754643
11 0.1207679845408349
12 0.11833984997438411
13 0.11622480780595747
14 0.11437912578895297
15 0.11276522159903038
16 0.11135094500025634
17 0.11010886852555289
18 0.10901562465252879
19 0.10805130837719087
20 0.10719895182758031
21 0.10644407014880967
22 0.10577427377564905
23 0.10517894023797965
24 0.10464893800551804
25 0.10417639501825478
26 0.10375450510715972
27 0.10337736625687007
28 0.1030398454613571
29 0.10273746569648907
30 0.1024663112397888
31 0.10222294819093915
32 0.10200435758299656
33 0.10180787892875225
34 0.10163116242663169
35 0.10147212836602537
36 0.10132893253164847
37 0.10119993662007934
38 0.10108368285610529
39 0.10097887213942151
40 0.10088434516861573
41 0.10079906608466058
42 0.10072210825391456
43 0.10065264187430166
44 0.10058992314046325
45 0.1005332847465811
46 0.10048212754083999
47 0.10043591317461008
48 0.10039415761344393
49 0.10035642539719229
50 0.10032232455294712
51 0.10029150207864657
52 0.10026363992675406
53 0.10023845142719558
54 0.10021567809713022
55 0.10019508679210813
56 0.10017646715891894
57 0.10015962935605849
58 0.10014440201128764
59 0.10013063039032273
60 0.1001181747532588
61 0.1001069088784549
62 0.100096718735938
63 -7.033050319415791
0 0.1865866446888972
1 0.17639829403819635
2 0.1671900327995933
3 0.15895781839130857
4 0.15166361908448267
5 0.1452459481370493
6 0.13962939931797466
7 0.13473241748547546
8 0.13047307827554855
9 0.12677300748333062
10 0.12355975387754821
11 0.12076798454083293
12 0.11833984997438529
13 0.11622480780596024
14 0.11437912578895197
15 0.11276522159902581
16 0.11135094500026091
17 0.1101088685255517
18 0.10901562465252998
19 0.10805130837719107
20 0.10719895182757991
21 0.10644407014880788
22 0.10577427377564924
23 0.10517894023797965
24 0.10464893800551783
25 0.10417639501825578
26 0.10375450510715892
27 0.10337736625687066
28 0.1030398454613567
29 0.10273746569648748
30 0.1024663112397904
31 0.10222294819093695
32 0.10200435758299857
33 0.10180787892875365
34 0.10163116242663107
35 0.10147212836602476
36 0.10132893253164947
37 0.10119993662007773
38 0.1010836828561069
39 0.1009788721394181
40 0.10088434516861675
41 0.10079906608466117
42 0.10072210825391276
43 0.10065264187430467
44 0.10058992314046265
45 0.10053328474657769
46 0.1004821275408424
47 0.10043591317461048
48 0.10039415761344593
49 0.10035642539719149
50 0.10032232455294712
51 0.10029150207864737
52 0.10026363992675347
53 0.10023845142719237
54 0.10021567809713383
55 0.10019508679210493
56 0.10017646715891974
57 0.10015962935605949
58 0.10014440201128584
59 0.10013063039032374
60 0.100118174753259
61 0.10010690887845691
62 0.100096718735936
63 -7.033050319415793
0 0.18658664468889538
1 0.1763982940381967
2 0.16719003279959366
3 0.15895781839130668
4 0.1516636190844844
5 0.1452459481370493
6 0.1396293993179758
7 0.13473241748547313
8 0.1304730782755505
9 0.12677300748332943
10 0.12355975387754801
11 0.12076798454083372
12 0.11833984997438529
13 0.11622480780595648
14 0.11437912578895415
15 0.11276522159903038
16 0.11135094500025634
17 0.11010886852555289
18 0.10901562465252838
19 0.10805130837719346
20 0.10719895182757991
21 0.10644407014880927
22 0.10577427377564745
23 0.10517894023798005
24 0.10464893800551904
25 0.10417639501825497
26 0.10375450510715913
27 0.10337736625686986
28 0.10303984546135589
29 0.10273746569649088
30 0.1024663112397888
31 0.10222294819093554
32 0.10200435758299876
33 0.10180787892875244
34 0.10163116242663148
35 0.10147212836602516
36 0.10132893253164887
37 0.10119993662008013
38 0.10108368285610389
39 0.10097887213942151
40 0.10088434516861473
41 0.10079906608466058
42 0.10072210825391335
43 0.10065264187430246
44 0.10058992314046405
45 0.1005332847465799
46 0.1004821275408398
47 0.10043591317461269
48 0.10039415761344292
49 0.1003564253971951
50 0.10032232455294712
51 0.10029150207864737
52 0.10026363992675186
53 0.10023845142719216
54 0.10021567809713565
55 0.10019508679210412
56 0.10017646715891874
57 0.10015962935605949
58 0.10014440201128744
59 0.10013063039032273
60 0.10011817475325781
61 0.1001069088784563
62 0.1000967187359364
63 -7.03305031941579
0 0.18658664468889355
1 0.1763982940381958
2 0.16719003279959405
3 0.15895781839130743
4 0.15166361908448173
5 0.14524594813705008
6 0.13962939931797447
7 0.13473241748547682
8 0.1304730782755468
9 0.12677300748333198
10 0.12355975387754742
11 0.12076798454083372
12 0.11833984997438371
13 0.11622480780595924
14 0.11437912578895237
15 0.11276522159902919
16 0.11135094500025713
17 0.11010886852555249
18 0.10901562465252958
19 0.10805130837719167
20 0.10719895182757891
21 0.10644407014880948
22 0.10577427377564945
23 0.10517894023798086
24 0.10464893800551724
25 0.10417639501825438
26 0.10375450510716153
27 0.10337736625687007
28 0.10303984546135508
29 0.10273746569648808
30 0.102466311239789
31 0.10222294819093915
32 0.10200435758299817
33 0.10180787892875225
34 0.10163116242663169
35 0.10147212836602577
36 0.10132893253164887
37 0.10119993662007712
38 0.10108368285610629
39 0.10097887213942251
40 0.10088434516861494
41 0.10079906608465918
42 0.10072210825391396
43 0.10065264187430387
44 0.10058992314046165
45 0.1005332847465795
46 0.1004821275408416
47 0.10043591317461008
48 0.10039415761344835
49 0.10035642539719089
50 0.10032232455294492
51 0.10029150207864677
52 0.10026363992675628
53 0.10023845142719116
54 0.10021567809713605
55 0.1001950867921023
56 0.10017646715892256
57 0.10015962935605707
58 0.10014440201128845
59 0.10013063039032254
60 0.1001181747532568
61 0.10010690887845691
62 0.10009671873593701
63 -7.033050319415787
0 0.1865866446888974
1 0.1763982940381954
2 0.1671900327995946
3 0.1589578183913044
4 0.15166361908448478
5 0.1452459481370495
6 0.1396293993179733
7 0.13473241748547507
8 0.1304730782755501
9 0.12677300748333042
10 0.12355975387754722
11 0.12076798454083175
12 0.11833984997438628
13 0.11622480780595845
14 0.11437912578895554
15 0.11276522159902543
16 0.1113509450002605
17 0.1101088685255515
18 0.10901562465252798
19 0.10805130837719186
20 0.1071989518275813
21 0.10644407014880788
22 0.10577427377564824
23 0.10517894023797945
24 0.10464893800551783
25 0.10417639501825697
26 0.10375450510716012
27 0.10337736625686705
28 0.1030398454613605
29 0.10273746569648827
30 0.1024663112397872
31 0.10222294819093655
32 0.10200435758300037
33 0.10180787892875284
34 0.10163116242663008
35 0.10147212836602516
36 0.10132893253165087
37 0.10119993662007934
38 0.10108368285610429
39 0.1009788721394205
40 0.10088434516861734
41 0.10079906608465837
42 0.10072210825391416
43 0.10065264187430406
44 0.10058992314046246
45 0.1005332847465813
46 0.10048212754083799
47 0.10043591317461129
48 0.10039415761344593
49 0.10035642539719149
50 0.10032232455294773
51 0.10029150207864697
52 0.10026363992675326
53 0.10023845142719237
54 0.10021567809713323
55 0.10019508679210493
56 0.10017646715891974
57 0.10015962935605968
58 0.10014440201128784
59 0.10013063039032434
60 0.1001181747532576
61 0.10010690887845651
62 0.10009671873593438
63 -7.033050319415789
0 0.18658664468889447
1 0.17639829403819615
2 0.16719003279959424
3 0.15895781839130688
4 0.15166361908448478
5 0.14524594813704989
6 0.13962939931797486
7 0.1347324174854741
8 0.13047307827554894
9 0.12677300748332845
10 0.12355975387754879
11 0.1207679845408351
12 0.1183398499743839
13 0.11622480780595826
14 0.11437912578895217
15 0.1127652215990288
16 0.11135094500025992
17 0.1101088685255521
18 0.10901562465252838
19 0.10805130837719087
20 0.1071989518275801
21 0.10644407014880948
22 0.10577427377564864
23 0.10517894023798086
24 0.10464893800551643
25 0.10417639501825517
26 0.10375450510716112
27 0.10337736625686866
28 0.10303984546135789
29 0.10273746569648928
30 0.102466311239788
31 0.10222294819093515
32 0.10200435758300137
33 0.10180787892874903
34 0.10163116242663389
35 0.10147212836602437
36 0.10132893253165028
37 0.10119993662008114
38 0.10108368285610349
39 0.10097887213942291
40 0.10088434516861414
41 0.10079906608466017
42 0.10072210825391316
43 0.10065264187430226
44 0.10058992314046405
45 0.10053328474657748
46 0.1004821275408428
47 0.10043591317461048
48 0.10039415761344453
49 0.10035642539719289
50 0.10032232455294814
51 0.10029150207864597
52 0.10026363992675266
53 0.10023845142719358
54 0.10021567809713444
55 0.10019508679210391
56 0.10017646715892015
57 0.10015962935605968
58 0.10014440201128684
59 0.10013063039032354
60 0.100118174753258
61 0.10010690887845711
62 0.10009671873593559
63 -7.03305031941579
0 0.18658664468889669
1 0.17639829403819615
2 0.16719003279959121
3 0.15895781839130707
4 0.15166361908448459
5 0.14524594813704797
6 0.13962939931797755
7 0.1347324174854737
8 0.13047307827554835
9 0.1267730074833316
10 0.12355975387754527
11 0.12076798454083765
12 0.11833984997438234
13 0.11622480780595826
14 0.11437912578895415
15 0.112765221599028
16 0.11135094500025754
17 0.11010886852555309
18 0.10901562465252879
19 0.10805130837719247
20 0.10719895182757791
21 0.10644407014881208
22 0.10577427377564684
23 0.10517894023797925
24 0.10464893800551983
25 0.10417639501825597
26 0.10375450510715813
27 0.10337736625686846
28 0.10303984546135969
29 0.10273746569648667
30 0.1024663112397876
31 0.10222294819093995
32 0.10200435758299876
33 0.10180787892875325
34 0.10163116242662988
35 0.10147212836602397
36 0.10132893253165227
37 0.10119993662007773
38 0.1010836828561033
39 0.1009788721394223
40 0.10088434516861775
41 0.10079906608465837
42 0.10072210825391376
43 0.10065264187430266
44 0.10058992314046185
45 0.1005332847465823
46 0.10048212754083899
47 0.10043591317461309
48 0.10039415761344232
49 0.10035642539719168
50 0.10032232455294814
51 0.10029150207864858
52 0.10026363992675306
53 0.10023845142719076
54 0.10021567809713686
55 0.10019508679210372
56 0.10017646715891934
57 0.10015962935605728
58 0.10014440201128703
59 0.10013063039032574
60 0.100118174753258
61 0.10010690887845751
62 0.10009671873593479
63 -7.03305031941579
0 0.18658664468889907
1 0.1763982940381954
2 0.1671900327995916
3 0.15895781839130574
4 0.15166361908448744
5 0.1452459481370472
6 0.13962939931797544
7 0.1347324174854745
8 0.13047307827554894
9 0.12677300748332943
10 0.12355975387755036
11 0.12076798454083175
12 0.1183398499743849
13 0.11622480780595984
14 0.11437912578895257
15 0.11276522159902581
16 0.11135094500026091
17 0.11010886852555249
18 0.10901562465252858
19 0.10805130837719067
20 0.10719895182758091
21 0.10644407014880927
22 0.10577427377564745
23 0.10517894023798185
24 0.10464893800551724
25 0.10417639501825517
26 0.10375450510716053
27 0.10337736625686846
28 0.10303984546135508
29 0.10273746569649068
30 0.1024663112397888
31 0.10222294819093775
32 0.10200435758299937
33 0.10180787892875304
34 0.10163116242663027
35 0.10147212836602316
36 0.10132893253164907
37 0.10119993662007953
38 0.1010836828561055
39 0.10097887213942111
40 0.10088434516861915
41 0.10079906608465757
42 0.10072210825391376
43 0.10065264187430206
44 0.10058992314046346
45 0.10053328474657869
46 0.1004821275408414
47 0.10043591317461088
48 0.10039415761344654
49 0.10035642539719229
50 0.10032232455294553
51 0.10029150207864737
52 0.10026363992675467
53 0.10023845142719176
54 0.10021567809713444
55 0.10019508679210432
56 0.10017646715891934
57 0.10015962935605828
58 0.10014440201128764
59 0.10013063039032374
60 0.10011817475325861
61 0.1001069088784551
62 0.10009671873594002
63 -7.0330503194157945
0 0.18658664468889594
1 0.17639829403819726
2 0.16719003279959196
3 0.15895781839130743
4 0.15166361908448228
5 0.14524594813704778
6 0.1396293993179793
7 0.13473241748547254
8 0.13047307827554971
9 0.12677300748332884
10 0.12355975387754761
11 0.12076798454083608
12 0.11833984997438332
13 0.11622480780595885
14 0.11437912578895455
15 0.11276522159902641
16 0.11135094500026071
17 0.1101088685255501
18 0.10901562465252819
19 0.10805130837719326
20 0.10719895182757931
21 0.10644407014881087
22 0.10577427377564784
23 0.10517894023797905
24 0.10464893800551744
25 0.10417639501825618
26 0.10375450510716053
27 0.10337736625686705
28 0.10303984546135969
29 0.10273746569648748
30 0.1024663112397876
31 0.10222294819093895
32 0.10200435758299937
33 0.10180787892875244
34 0.10163116242663088
35 0.10147212836602397
36 0.10132893253165068
37 0.10119993662007773
38 0.1010836828561067
39 0.1009788721394213
40 0.10088434516861614
41 0.10079906608465716
42 0.10072210825391677
43 0.10065264187430085
44 0.10058992314046446
45 0.1005332847465807
46 0.1004821275408388
47 0.10043591317461029
48 0.10039415761344754
49 0.10035642539719168
50 0.10032232455294733
51 0.10029150207864436
52 0.10026363992675467
53 0.10023845142719398
54 0.10021567809713283
55 0.10019508679210552
56 0.10017646715891995
57 0.10015962935605768
58 0.10014440201128824
59 0.10013063039032193
60 0.10011817475326021
61 0.1001069088784557
62 0.10009671873593438
63 -7.033050319415788
0 0.18658664468889613
1 0.17639829403819765
2 0.16719003279959424
3 0.15895781839130516
4 0.1516636190844842
5 0.14524594813704567
6 0.13962939931797871
7 0.13473241748547274
8 0.13047307827554894
9 0.12677300748333414
10 0.12355975387754409
11 0.1207679845408351
12 0.11833984997438411
13 0.11622480780595945
14 0.11437912578895237
15 0.11276522159902899
16 0.11135094500025912
17 0.11010886852555408
18 0.10901562465252679
19 0.10805130837719426
20 0.10719895182757512
21 0.10644407014881167
22 0.10577427377564745
23 0.10517894023797925
24 0.10464893800551783
25 0.10417639501825637
26 0.10375450510715852
27 0.10337736625687126
28 0.10303984546135729
29 0.10273746569648867
30 0.1024663112397878
31 0.10222294819094216
32 0.10200435758299556
33 0.10180787892875325
34 0.10163116242663088
35 0.10147212836602497
36 0.10132893253164707
37 0.10119993662008013
38 0.1010836828561047
39 0.1009788721394213
40 0.10088434516861734
41 0.10079906608465837
42 0.10072210825391195
43 0.10065264187430628
44 0.10058992314046165
45 0.10053328474658009
46 0.1004821275408406
47 0.10043591317461088
48 0.10039415761344533
49 0.10035642539719189
50 0.10032232455294873
51 0.10029150207864396
52 0.10026363992675406
53 0.10023845142719458
54 0.10021567809713383
55 0.10019508679210372
56 0.10017646715892195
57 0.10015962935605809
58 0.10014440201128703
59 0.10013063039032415
60 0.10011817475325781
61 0.10010690887845691
62 0.10009671873593459
63 -7.03305031941579
0 0.18658664468889463
1 0.1763982940381995
2 0.1671900327995929
3 0.15895781839130593
4 0.15166361908448478
5 0.145245948137047
6 0.13962939931797466
7 0.134732417485477
8 0.13047307827554816
9 0.12677300748333062
10 0.12355975387754722
11 0.1207679845408351
12 0.11833984997438272
13 0.11622480780595826
14 0.11437912578895355
15 0.1127652215990288
16 0.11135094500025773
17 0.11010886852555249
18 0.10901562465252798
19 0.10805130837719286
20 0.1071989518275795
21 0.10644407014880987
22 0.10577427377564684
23 0.10517894023798145
24 0.10464893800551883
25 0.10417639501825438
26 0.10375450510716092
27 0.10337736625686805
28 0.1030398454613577
29 0.10273746569648867
30 0.102466311239788
31 0.10222294819093915
32 0.10200435758299777
33 0.10180787892875304
34 0.10163116242663067
35 0.10147212836602637
36 0.10132893253164767
37 0.10119993662008034
38 0.10108368285610489
39 0.10097887213942211
40 0.10088434516861534
41 0.10079906608465956
42 0.10072210825391235
43 0.10065264187430406
44 0.10058992314046104
45 0.1005332847465795
46 0.100482127540841
47 0.1004359131746139
48 0.10039415761344252
49 0.1003564253971943
50 0.10032232455294753
51 0.10029150207864476
52 0.10026363992675447
53 0.10023845142719237
54 0.10021567809713404
55 0.10019508679210692
56 0.10017646715891995
57 0.10015962935605768
58 0.10014440201128764
59 0.10013063039032455
60 0.1001181747532562
61 0.1001069088784557
62 0.1000967187359382
63 -7.033050319415792
0 0.18658664468889538
1 0.17639829403819485
2 0.16719003279959535
3 0.15895781839130688
4 0.1516636190844838
5 0.14524594813704664
6 0.1396293993179758
7 0.13473241748547468
8 0.1304730782755505
9 0.12677300748333062
10 0.12355975387754604
11 0.12076798454083372
12 0.11833984997438313
13 0.11622480780596241
14 0.11437912578895178
15 0.1127652215990276
16 0.11135094500025852
17 0.1101088685255521
18 0.10901562465252779
19 0.10805130837719207
20 0.1071989518275819
21 0.10644407014880568
22 0.10577427377564945
23 0.10517894023798224
24 0.10464893800551744
25 0.10417639501825537
26 0.10375450510716012
27 0.10337736625686866
28 0.10303984546135929
29 0.10273746569648827
30 0.1024663112397874
31 0.10222294819093855
32 0.10200435758299897
33 0.10180787892875064
34 0.10163116242663309
35 0.10147212836602276
36 0.10132893253165108
37 0.10119993662007712
38 0.10108368285610429
39 0.10097887213942171
40 0.10088434516861715
41 0.10079906608466037
42 0.10072210825391396
43 0.10065264187430446
44 0.10058992314046024
45 0.1005332847465807
46 0.10048212754083999
47 0.10043591317461048
48 0.10039415761344714
49 0.10035642539719168
50 0.10032232455294592
51 0.10029150207864918
52 0.10026363992675266
53 0.10023845142719176
54 0.10021567809713404
55 0.10019508679210512
56 0.10017646715892076
57 0.10015962935605667
58 0.10014440201128805
59 0.10013063039032273
60 0.10011817475325921
61 0.10010690887845791
62 0.10009671873593279
63 -7.033050319415787
0 0.18658664468889613
1 0.17639829403819782
2 0.16719003279959346
3 0.1589578183913063
4 0.15166361908448497
5 0.14524594813704797
6 0.13962939931797677
7 0.13473241748547177
8 0.13047307827554835
9 0.12677300748333373
10 0.12355975387754664
11 0.12076798454083411
12 0.1183398499743839
13 0.11622480780595747
14 0.11437912578895415
15 0.1127652215990282
16 0.11135094500025694
17 0.1101088685255513
18 0.10901562465252879
19 0.10805130837719565
20 0.10719895182757772
21 0.10644407014881167
22 0.10577427377564545
23 0.10517894023798025
24 0.10464893800552104
25 0.10417639501825257
26 0.10375450510716293
27 0.10337736625686425
28 0.1030398454613617
29 0.10273746569648667
30 0.1024663112397874
31 0.10222294819093976
32 0.10200435758299857
33 0.10180787892875344
34 0.10163116242663008
35 0.10147212836602497
36 0.10132893253164928
37 0.10119993662007853
38 0.10108368285610489
39 0.10097887213942151
40 0.10088434516861675
41 0.10079906608465918
42 0.10072210825391316
43 0.10065264187430306
44 0.10058992314046346
45 0.1005332847465803
46 0.1004821275408408
47 0.10043591317461048
48 0.10039415761344593
49 0.10035642539719289
50 0.10032232455294492
51 0.10029150207864777
52 0.10026363992675487
53 0.10023845142718996
54 0.10021567809713444
55 0.10019508679210552
56 0.10017646715892135
57 0.10015962935605707
58 0.10014440201128764
59 0.10013063039032233
60 0.10011817475325861
61 0.10010690887845791
62 0.1000967187359368
63 -7.033050319415792
0 0.1865866446888972
1 0.17639829403819504
2 0.16719003279959366
3 0.15895781839130743
4 0.15166361908448706
5 0.14524594813704567
6 0.13962939931797466
7 0.13473241748547468
8 0.13047307827554797
9 0.12677300748333256
10 0.12355975387754624
11 0.12076798454083627
12 0.11833984997438193
13 0.11622480780596182
14 0.11437912578895039
15 0.1127652215990272
16 0.11135094500026031
17 0.11010886852555189
18 0.10901562465252938
19 0.10805130837719147
20 0.1071989518275785
21 0.10644407014881146
22 0.10577427377564805
23 0.10517894023797786
24 0.10464893800551923
25 0.10417639501825578
26 0.10375450510715872
27 0.10337736625686986
28 0.10303984546135829
29 0.10273746569648727
30 0.102466311239789
31 0.10222294819093795
32 0.10200435758299876
33 0.10180787892875384
34 0.10163116242662927
35 0.10147212836602597
36 0.10132893253164967
37 0.10119993662007913
38 0.10108368285610268
39 0.10097887213942211
40 0.10088434516861795
41 0.10079906608465856
42 0.10072210825391456
43 0.10065264187430246
44 0.10058992314046225
45 0.1005332847465809
46 0.10048212754083999
47 0.10043591317461148
48 0.10039415761344252
49 0.1003564253971949
50 0.10032232455294773
51 0.10029150207864436
52 0.10026363992675487
53 0.10023845142719257
54 0.10021567809713423
55 0.1001950867921023
56 0.10017646715892296
57 0.10015962935605949
58 0.10014440201128684
59 0.10013063039032394
60 0.10011817475325639
61 0.10010690887845831
62 0.10009671873593398
63 -7.03305031941579
0 0.18658664468889483
1 0.1763982940381958
2 0.16719003279959668
3 0.15895781839130516
4 0.1516636190844842
5 0.1452459481370493
6 0.13962939931797466
7 0.13473241748547352
8 0.13047307827554913
9 0.126773007483331
10 0.12355975387754879
11 0.12076798454083411
12 0.1183398499743851
13 0.11622480780595826
14 0.11437912578895217
15 0.1127652215990288
16 0.11135094500025634
17 0.11010886852555449
18 0.10901562465252898
19 0.10805130837719007
20 0.1071989518275807
21 0.10644407014880987
22 0.10577427377564425
23 0.10517894023798185
24 0.10464893800551683
25 0.10417639501825737
26 0.10375450510716032
27 0.10337736625686805
28 0.10303984546135969
29 0.10273746569648647
30 0.1024663112397882
31 0.10222294819093936
32 0.10200435758299857
33 0.10180787892875164
34 0.10163116242663328
35 0.10147212836602357
36 0.10132893253164967
37 0.10119993662007733
38 0.1010836828561057
39 0.1009788721394219
40 0.10088434516861734
41 0.10079906608466117
42 0.10072210825391055
43 0.10065264187430427
44 0.10058992314046045
45 0.1005332847465817
46 0.10048212754083999
47 0.10043591317461188
48 0.10039415761344474
49 0.10035642539719249
50 0.10032232455294612
51 0.10029150207864758
52 0.10026363992675287
53 0.10023845142719318
54 0.10021567809713364
55 0.10019508679210412
56 0.10017646715892235
57 0.10015962935605849
58 0.10014440201128623
59 0.10013063039032394
60 0.1001181747532568
61 0.10010690887845851
62 0.10009671873593338
63 -7.033050319415788
0 0.18658664468889669
1 0.17639829403819524
2 0.16719003279959385
3 0.15895781839130668
4 0.15166361908448459
5 0.145245948137047
6 0.13962939931797794
7 0.13473241748547332
8 0.13047307827554952
9 0.1267730074833314
10 0.12355975387754566
11 0.1207679845408345
12 0.1183398499743847
13 0.11622480780595924
14 0.11437912578895415
15 0.112765221599028
16 0.11135094500025654
17 0.11010886852555449
18 0.10901562465252858
19 0.10805130837719028
20 0.1071989518275817
21 0.10644407014880808
22 0.10577427377564745
23 0.10517894023797965
24 0.10464893800551883
25 0.10417639501825597
26 0.10375450510715852
27 0.10337736625686605
28 0.1030398454613623
29 0.10273746569648748
30 0.1024663112397902
31 0.10222294819093534
32 0.10200435758299997
33 0.10180787892875144
34 0.10163116242663288
35 0.10147212836602437
36 0.10132893253164928
37 0.10119993662007652
38 0.1010836828561073
39 0.1009788721394197
40 0.10088434516862056
41 0.10079906608465555
42 0.10072210825391295
43 0.10065264187430548
44 0.10058992314046246
45 0.10053328474658049
46 0.1004821275408388
47 0.10043591317461309
48 0.10039415761344313
49 0.1003564253971937
50 0.10032232455294753
51 0.10029150207864557
52 0.10026363992675387
53 0.10023845142719318
54 0.10021567809713404
55 0.10019508679210472
56 0.10017646715892035
57 0.10015962935605688
58 0.10014440201128885
59 0.10013063039032273
60 0.10011817475326021
61 0.10010690887845429
62 0.1000967187359368
63 -7.033050319415791
0 0.1865866446888939
1 0.1763982940381971
2 0.16719003279959704
3 0.15895781839130593
4 0.1516636190844844
5 0.14524594813704644
6 0.13962939931797563
7 0.13473241748547546
8 0.13047307827554952
9 0.12677300748333023
10 0.12355975387754664
11 0.1207679845408349
12 0.11833984997438352
13 0.11622480780595945
14 0.11437912578895415
15 0.1127652215990282
16 0.11135094500025852
17 0.1101088685255521
18 0.10901562465252698
19 0.10805130837719147
20 0.10719895182757991
21 0.10644407014881167
22 0.10577427377564724
23 0.10517894023797925
24 0.10464893800551864
25 0.10417639501825357
26 0.10375450510715972
27 0.10337736625686986
28 0.10303984546135869
29 0.10273746569648907
30 0.1024663112397886
31 0.10222294819093795
32 0.10200435758299817
33 0.10180787892875084
34 0.10163116242663368
35 0.10147212836602196
36 0.10132893253165208
37 0.10119993662007934
38 0.10108368285610349
39 0.1009788721394213
40 0.10088434516861775
41 0.10079906608465937
42 0.10072210825391216
43 0.10065264187430367
44 0.10058992314046206
45 0.10053328474658009
46 0.1004821275408414
47 0.10043591317461188
48 0.10039415761344353
49 0.1003564253971943
50 0.10032232455294653
51 0.10029150207864516
52 0.10026363992675126
53 0.10023845142719598
54 0.10021567809713264
55 0.10019508679210573
56 0.10017646715892095
57 0.10015962935605968
58 0.10014440201128443
59 0.10013063039032635
60 0.10011817475325639
61 0.1001069088784567
62 0.1000967187359368
63 -7.033050319415792
0 0.18658664468889538
1 0.17639829403819615
2 0.16719003279959424
3 0.15895781839130554
4 0.1516636190844844
5 0.14524594813704816
6 0.13962939931797716
7 0.13473241748547274
8 0.13047307827554952
9 0.126773007483331
10 0.12355975387754722
11 0.12076798454083529
12 0.11833984997438411
13 0.11622480780595885
14 0.11437912578895376
15 0.11276522159902622
16 0.11135094500025892
17 0.1101088685255527
18 0.10901562465252819
19 0.10805130837719307
20 0.1071989518275785
21 0.10644407014880848
22 0.10577427377564784
23 0.10517894023798065
24 0.10464893800551904
25 0.10417639501825417
26 0.10375450510716172
27 0.10337736625687007
28 0.1030398454613567
29 0.10273746569648787
30 0.1024663112397892
31 0.10222294819093755
32 0.10200435758300097
33 0.10180787892874964
34 0.10163116242663288
35 0.10147212836602336
36 0.10132893253165047
37 0.10119993662008074
38 0.10108368285610349
39 0.1009788721394213
40 0.10088434516861734
41 0.10079906608465797
42 0.10072210825391316
43 0.10065264187430327
44 0.10058992314046386
45 0.10053328474658049
46 0.10048212754083939
47 0.10043591317460927
48 0.10039415761344654
49 0.1003564253971937
50 0.10032232455294451
51 0.10029150207864737
52 0.10026363992675306
53 0.10023845142719458
54 0.10021567809713404
55 0.10019508679210351
56 0.10017646715892176
57 0.10015962935605788
58 0.10014440201128463
59 0.10013063039032555
60 0.100118174753259
61 0.10010690887845651
62 0.1000967187359372
63 -7.033050319415791
0 0.18658664468889502
1 0.17639829403819504
2 0.16719003279959574
3 0.15895781839130516
4 0.15166361908448228
5 0.14524594813705105
6 0.13962939931797252
7 0.13473241748547682
8 0.1304730782755505
9 0.12677300748332984
10 0.12355975387754684
11 0.12076798454083332
12 0.11833984997438589
13 0.11622480780595826
14 0.11437912578895336
15 0.1127652215990276
16 0.11135094500025892
17 0.11010886852555408
18 0.10901562465252639
19 0.10805130837719226
20 0.10719895182757891
21 0.10644407014881167
22 0.10577427377564605
23 0.10517894023798086
24 0.10464893800551704
25 0.10417639501825877
26 0.10375450510715813
27 0.10337736625686886
28 0.10303984546135649
29 0.10273746569648907
30 0.1024663112397882
31 0.10222294819093876
32 0.10200435758299757
33 0.10180787892875405
34 0.10163116242663027
35 0.10147212836602516
36 0.10132893253164887
37 0.10119993662007853
38 0.10108368285610449
39 0.10097887213942391
40 0.10088434516861554
41 0.10079906608466058
42 0.10072210825391216
43 0.10065264187430588
44 0.10058992314045945
45 0.10053328474657969
46 0.100482127540842
47 0.10043591317461129
48 0.10039415761344493
49 0.10035642539719108
50 0.10032232455294753
51 0.10029150207864576
52 0.10026363992675708
53 0.10023845142718896
54 0.10021567809713544
55 0.10019508679210311
56 0.10017646715892256
57 0.10015962935605707
58 0.10014440201128845
59 0.10013063039032334
60 0.10011817475326082
61 0.10010690887845469
62 0.10009671873593519
63 -7.033050319415789
0 0.18658664468889685
1 0.1763982940381954
2 0.16719003279959255
3 0.15895781839130593
4 0.15166361908448592
5 0.1452459481370474
6 0.13962939931797524
7 0.13473241748547468
8 0.13047307827554933
9 0.12677300748333023
10 0.12355975387754801
11 0.12076798454083273
12 0.11833984997438529
13 0.11622480780596063
14 0.11437912578895178
15 0.11276522159902859
16 0.1113509450002611
17 0.11010886852554871
18 0.10901562465252938
19 0.10805130837719186
20 0.1071989518275811
21 0.10644407014880748
22 0.10577427377564705
23 0.10517894023798105
24 0.10464893800551944
25 0.10417639501825378
26 0.10375450510716012
27 0.10337736625687047
28 0.10303984546135829
29 0.10273746569648827
30 0.102466311239787
31 0.10222294819093895
32 0.10200435758299917
33 0.10180787892875164
34 0.10163116242663048
35 0.10147212836602397
36 0.10132893253165148
37 0.10119993662007934
38 0.10108368285610349
39 0.10097887213942351
40 0.10088434516861694
41 0.10079906608465797
42 0.10072210825391356
43 0.10065264187430327
44 0.10058992314046185
45 0.1005332847465807
46 0.1004821275408398
47 0.10043591317461008
48 0.10039415761344735
49 0.10035642539719149
50 0.10032232455294712
51 0.10029150207864637
52 0.10026363992675427
53 0.10023845142719197
54 0.10021567809713625
55 0.10019508679210332
56 0.10017646715892195
57 0.10015962935605688
58 0.10014440201128663
59 0.10013063039032455
60 0.10011817475325781
61 0.10010690887845751
62 0.100096718735935
63 -7.03305031941579
0 0.18658664468889502
1 0.17639829403819782
2 0.16719003279959405
3 0.15895781839130782
4 0.151663619084484
5 0.14524594813704586
6 0.13962939931797677
7 0.1347324174854741
8 0.13047307827554855
9 0.12677300748333256
10 0.12355975387754761
11 0.12076798454083312
12 0.1183398499743847
13 0.11622480780595885
14 0.11437912578895415
15 0.11276522159902701
16 0.11135094500025793
17 0.11010886852555449
18 0.109015624652526
19 0.10805130837719386
20 0.1071989518275795
21 0.10644407014880948
22 0.10577427377564805
23 0.10517894023798025
24 0.10464893800551624
25 0.10417639501825697
26 0.10375450510716032
27 0.10337736625686886
28 0.10303984546135829
29 0.10273746569648808
30 0.1024663112397888
31 0.10222294819093775
32 0.10200435758299817
33 0.10180787892875084
34 0.10163116242663209
35 0.10147212836602357
36 0.10132893253165108
37 0.10119993662008053
38 0.10108368285610429
39 0.1009788721394203
40 0.10088434516861734
41 0.10079906608465856
42 0.10072210825391396
43 0.10065264187430327
44 0.10058992314046206
45 0.1005332847465803
46 0.1004821275408418
47 0.10043591317460988
48 0.10039415761344633
49 0.10035642539719189
50 0.10032232455294392
51 0.10029150207864998
52 0.10026363992675447
53 0.10023845142719016
54 0.10021567809713565
55 0.10019508679210452
56 0.10017646715892076
57 0.10015962935605667
58 0.10014440201128905
59 0.10013063039032133
60 0.10011817475326142
61 0.1001069088784553
62 0.1000967187359358
63 -7.033050319415791
0 0.18658664468889483
1 0.17639829403819596
2 0.1671900327995931
3 0.15895781839130915
4 0.15166361908448364
5 0.14524594813704625
6 0.13962939931797735
7 0.13473241748547488
8 0.13047307827554913
9 0.1267730074833308
10 0.12355975387754703
11 0.12076798454083254
12 0.11833984997438352
13 0.11622480780596162
14 0.11437912578895237
15 0.11276522159902919
16 0.11135094500025694
17 0.1101088685255523
18 0.10901562465252738
19 0.10805130837719307
20 0.1071989518275805
21 0.10644407014880808
22 0.10577427377564805
23 0.10517894023798124
24 0.10464893800551783
25 0.10417639501825718
26 0.10375450510715892
27 0.10337736625686866
28 0.1030398454613581
29 0.10273746569648748
30 0.1024663112397884
31 0.10222294819093936
32 0.10200435758299876
33 0.10180787892875164
34 0.10163116242663148
35 0.10147212836602215
36 0.10132893253165388
37 0.10119993662007712
38 0.1010836828561055
39 0.1009788721394195
40 0.10088434516861955
41 0.10079906608465797
42 0.10072210825391115
43 0.10065264187430427
44 0.10058992314046386
45 0.1005332847465813
46 0.100482127540841
47 0.10043591317460726
48 0.10039415761344574
49 0.1003564253971935
50 0.10032232455294592
51 0.10029150207864657
52 0.10026363992675467
53 0.10023845142719237
54 0.10021567809713525
55 0.10019508679210493
56 0.10017646715891955
57 0.10015962935605707
58 0.10014440201129025
59 0.10013063039032434
60 0.1001181747532572
61 0.10010690887845611
62 0.10009671873593459
63 -7.033050319415789
0 0.18658664468889669
1 0.17639829403819765
2 0.16719003279959105
3 0.15895781839130876
4 0.15166361908448497
5 0.14524594813704644
6 0.13962939931797466
7 0.13473241748547468
8 0.1304730782755499
9 0.1267730074833314
10 0.12355975387754899
11 0.12076798454083038
12 0.1183398499743851
13 0.11622480780595826
14 0.11437912578895554
15 0.11276522159902483
16 0.11135094500025933
17 0.11010886852555488
18 0.10901562465252879
19 0.10805130837719126
20 0.10719895182757672
21 0.10644407014881307
22 0.10577427377564505
23 0.10517894023798124
24 0.10464893800551864
25 0.10417639501825297
26 0.10375450510716433
27 0.10337736625686665
28 0.1030398454613581
29 0.10273746569648708
30 0.102466311239789
31 0.10222294819093855
32 0.10200435758299937
33 0.10180787892875084
34 0.10163116242663188
35 0.10147212836602516
36 0.10132893253164967
37 0.10119993662007894
38 0.1010836828561061
39 0.10097887213942151
40 0.10088434516861393
41 0.10079906608465856
42 0.10072210825391596
43 0.10065264187430185
44 0.10058992314046486
45 0.10053328474657809
46 0.10048212754084039
47 0.10043591317461088
48 0.10039415761344574
49 0.10035642539719189
50 0.10032232455294632
51 0.10029150207864838
52 0.10026363992675427
53 0.10023845142719157
54 0.10021567809713323
55 0.10019508679210452
56 0.10017646715892176
57 0.10015962935605928
58 0.10014440201128824
59 0.10013063039032173
60 0.1001181747532574
61 0.1001069088784581
62 0.10009671873593559
63 -7.033050319415791
0 0.18658664468889538
1 0.1763982940381967
2 0.1671900327995948
3 0.1589578183913048
4 0.15166361908448212
5 0.14524594813705008
6 0.139629399317976
7 0.13473241748547468
8 0.13047307827554874
9 0.12677300748332984
10 0.12355975387754899
11 0.12076798454083312
12 0.11833984997438549
13 0.11622480780595768
14 0.11437912578895376
15 0.11276522159902562
16 0.11135094500025952
17 0.11010886852555309
18 0.10901562465252858
19 0.10805130837719307
20 0.10719895182757691
21 0.10644407014881208
22 0.10577427377564584
23 0.10517894023798245
24 0.10464893800551764
25 0.10417639501825338
26 0.10375450510716393
27 0.10337736625686705
28 0.1030398454613577
29 0.10273746569648808
30 0.1024663112397898
31 0.10222294819093734
32 0.10200435758299897
33 0.10180787892875164
34 0.10163116242663148
35 0.10147212836602437
36 0.10132893253165128
37 0.10119993662007913
38 0.10108368285610209
39 0.10097887213942171
40 0.10088434516861895
41 0.10079906608465837
42 0.10072210825391295
43 0.10065264187430467
44 0.10058992314046246
45 0.10053328474657627
46 0.10048212754084361
47 0.10043591317461088
48 0.10039415761344554
49 0.10035642539719189
50 0.10032232455294672
51 0.10029150207864657
52 0.10026363992675366
53 0.10023845142719257
54 0.10021567809713484
55 0.10019508679210332
56 0.10017646715892176
57 0.10015962935605889
58 0.10014440201128463
59 0.10013063039032535
60 0.100118174753259
61 0.10010690887845651
62 0.10009671873593559
63 -7.033050319415789
0 0.18658664468889447
1 0.1763982940381984
2 0.1671900327995931
3 0.158957818391305
4 0.1516636190844863
5 0.14524594813704625
6 0.13962939931797697
7 0.1347324174854739
8 0.1304730782755499
9 0.12677300748332865
10 0.12355975387755135
11 0.12076798454083233
12 0.11833984997438371
13 0.11622480780595905
14 0.11437912578895178
15 0.11276522159903019
16 0.11135094500025852
17 0.1101088685255511
18 0.10901562465252898
19 0.10805130837719266
20 0.1071989518275795
21 0.10644407014880967
22 0.10577427377564745
23 0.10517894023797945
24 0.10464893800551883
25 0.10417639501825618
26 0.10375450510715972
27 0.10337736625686926
28 0.1030398454613567
29 0.10273746569648948
30 0.1024663112397862
31 0.10222294819093976
32 0.10200435758299596
33 0.10180787892875524
34 0.10163116242663128
35 0.10147212836602516
36 0.10132893253164867
37 0.10119993662007733
38 0.1010836828561071
39 0.1009788721394213
40 0.10088434516861393
41 0.10079906608466198
42 0.10072210825391255
43 0.10065264187430406
44 0.10058992314046306
45 0.10053328474657909
46 0.10048212754083918
47 0.10043591317461269
48 0.10039415761344393
49 0.10035642539719229
50 0.10032232455294773
51 0.10029150207864798
52 0.10026363992675186
53 0.10023845142719458
54 0.10021567809713423
55 0.1001950867921003
56 0.10017646715892316
57 0.10015962935605728
58 0.10014440201128623
59 0.10013063039032535
60 0.100118174753257
61 0.10010690887845891
62 0.10009671873593479
63 -7.033050319415789
0 0.1865866446888963
1 0.1763982940381958
2 0.1671900327995931
3 0.15895781839130935
4 0.1516636190844806
5 0.14524594813705047
6 0.13962939931797677
7 0.13473241748547293
8 0.1304730782755499
9 0.12677300748332923
10 0.12355975387754997
11 0.12076798454083155
12 0.11833984997438411
13 0.11622480780596063
14 0.11437912578895197
15 0.11276522159902701
16 0.11135094500025952
17 0.11010886852555309
18 0.10901562465252958
19 0.10805130837719087
20 0.1071989518275795
21 0.10644407014880967
22 0.10577427377564805
23 0.10517894023798165
24 0.10464893800551583
25 0.10417639501825478
26 0.10375450510716193
27 0.10337736625686866
28 0.1030398454613577
29 0.10273746569648907
30 0.1024663112397882
31 0.10222294819093695
32 0.10200435758299836
33 0.10180787892875424
34 0.10163116242662867
35 0.10147212836602516
36 0.10132893253165087
37 0.10119993662007833
38 0.10108368285610429
39 0.10097887213942291
40 0.10088434516861614
41 0.10079906608466138
42 0.10072210825391055
43 0.10065264187430688
44 0.10058992314045904
45 0.10053328474658049
46 0.10048212754084221
47 0.10043591317461249
48 0.10039415761344252
49 0.1003564253971947
50 0.10032232455294512
51 0.10029150207864496
52 0.10026363992675527
53 0.10023845142719176
54 0.10021567809713504
55 0.10019508679210573
56 0.10017646715891673
57 0.10015962935606029
58 0.10014440201128966
59 0.10013063039032073
60 0.10011817475325921
61 0.1001069088784563
62 0.100096718735935
63 -7.033050319415789
0 0.1865866446888963
1 0.17639829403819782
2 0.16719003279959085
3 0.15895781839130782
4 0.15166361908448306
5 0.1452459481370497
6 0.13962939931797447
7 0.13473241748547604
8 0.13047307827554913
9 0.12677300748333042
10 0.12355975387754939
11 0.12076798454083214
12 0.11833984997438332
13 0.11622480780595945
14 0.11437912578895297
15 0.1127652215990282
16 0.11135094500025952
17 0.1101088685255505
18 0.10901562465252998
19 0.10805130837719107
20 0.1071989518275807
21 0.10644407014880708
22 0.10577427377564845
23 0.10517894023798224
24 0.10464893800551564
25 0.10417639501825778
26 0.10375450510715692
27 0.10337736625686945
28 0.10303984546135969
29 0.10273746569648667
30 0.10246631123979061
31 0.10222294819093675
32 0.10200435758299696
33 0.10180787892875565
34 0.10163116242662887
35 0.10147212836602516
36 0.10132893253164928
37 0.10119993662008053
38 0.1010836828561051
39 0.1009788721394213
40 0.10088434516861573
41 0.10079906608465856
42 0.10072210825391496
43 0.10065264187430306
44 0.10058992314046225
45 0.10053328474657929
46 0.100482127540841
47 0.10043591317461188
48 0.10039415761344332
49 0.1003564253971947
50 0.10032232455294672
51 0.10029150207864616
52 0.10026363992675326
53 0.10023845142719337
54 0.10021567809713283
55 0.10019508679210573
56 0.10017646715892115
57 0.10015962935605788
58 0.10014440201128966
59 0.10013063039032233
60 0.10011817475325861
61 0.1001069088784549
62 0.10009671873593701
63 -7.033050319415792
0 0.18658664468889316
1 0.17639829403819857
2 0.1671900327995944
3 0.15895781839130613
4 0.15166361908448553
5 0.1452459481370445
6 0.13962939931797988
7 0.13473241748547235
8 0.13047307827554874
9 0.12677300748332943
10 0.12355975387754958
11 0.12076798454083351
12 0.11833984997438352
13 0.11622480780596142
14 0.11437912578894999
15 0.1127652215990284
16 0.11135094500025933
17 0.1101088685255523
18 0.10901562465253058
19 0.10805130837718928
20 0.1071989518275795
21 0.10644407014881067
22 0.10577427377564705
23 0.10517894023798005
24 0.10464893800551983
25 0.10417639501825417
26 0.10375450510715972
27 0.10337736625687187
28 0.10303984546135629
29 0.10273746569648647
30 0.10246631123979061
31 0.10222294819093675
32 0.10200435758299976
33 0.10180787892875325
34 0.10163116242663048
35 0.10147212836602497
36 0.10132893253164987
37 0.10119993662007792
38 0.1010836828561051
39 0.1009788721394219
40 0.10088434516861634
41 0.10079906608465837
42 0.10072210825391477
43 0.10065264187430226
44 0.10058992314046306
45 0.10053328474658009
46 0.10048212754084221
47 0.10043591317460827
48 0.10039415761344754
49 0.10035642539719049
50 0.10032232455294672
51 0.10029150207864637
52 0.10026363992675608
53 0.10023845142719116
54 0.10021567809713565
55 0.10019508679210211
56 0.10017646715892356
57 0.10015962935605688
58 0.10014440201128703
59 0.10013063039032334
60 0.10011817475326101
61 0.1001069088784555
62 0.1000967187359372
63 -7.033050319415793
0 0.18658664468889685
1 0.17639829403819635
2 0.16719003279959346
3 0.15895781839130763
4 0.15166361908448173
5 0.1452459481370497
6 0.13962939931797563
7 0.1347324174854776
8 0.1304730782755468
9 0.12677300748333023
10 0.12355975387754918
11 0.12076798454083155
12 0.11833984997438568
13 0.11622480780595924
14 0.11437912578895217
15 0.1127652215990294
16 0.11135094500025654
17 0.1101088685255533
18 0.10901562465252858
19 0.10805130837719147
20 0.1071989518275805
21 0.10644407014880768
22 0.10577427377564845
23 0.10517894023798105
24 0.10464893800551824
25 0.10417639501825618
26 0.10375450510715953
27 0.10337736625686966
28 0.1030398454613571
29 0.10273746569648687
30 0.10246631123978961
31 0.10222294819093836
32 0.10200435758299857
33 0.10180787892875084
34 0.10163116242663088
35 0.10147212836602618
36 0.10132893253164947
37 0.10119993662007833
38 0.1010836828561061
39 0.1009788721394209
40 0.10088434516861734
41 0.10079906608465816
42 0.10072210825391376
43 0.10065264187430387
44 0.10058992314046165
45 0.1005332847465803
46 0.1004821275408412
47 0.10043591317461048
48 0.10039415761344353
49 0.1003564253971939
50 0.10032232455294753
51 0.10029150207864576
52 0.10026363992675548
53 0.10023845142719016
54 0.10021567809713504
55 0.10019508679210452
56 0.10017646715892396
57 0.10015962935605406
58 0.10014440201129125
59 0.10013063039032093
60 0.10011817475325861
61 0.1001069088784563
62 0.1000967187359362
63 -7.033050319415792
0 0.18658664468889558
1 0.1763982940381945
2 0.16719003279959685
3 0.15895781839130346
4 0.15166361908448459
5 0.14524594813705047
6 0.13962939931797388
7 0.1347324174854741
8 0.13047307827554855
9 0.12677300748333295
10 0.12355975387754684
11 0.12076798454083312
12 0.11833984997438647
13 0.11622480780595708
14 0.11437912578895355
15 0.1127652215990276
16 0.11135094500026012
17 0.1101088685255511
18 0.10901562465252879
19 0.10805130837719047
20 0.1071989518275805
21 0.10644407014881008
22 0.10577427377564945
23 0.10517894023798045
24 0.10464893800551683
25 0.10417639501825438
26 0.10375450510716032
27 0.10337736625687026
28 0.10303984546135729
29 0.10273746569648667
30 0.1024663112397902
31 0.10222294819093836
32 0.10200435758299757
33 0.10180787892875384
34 0.10163116242662927
35 0.10147212836602497
36 0.10132893253165047
37 0.10119993662007773
38 0.1010836828561069
39 0.1009788721394201
40 0.10088434516861654
41 0.10079906608465897
42 0.10072210825391396
43 0.10065264187430367
44 0.10058992314046246
45 0.10053328474658049
46 0.1004821275408406
47 0.10043591317460968
48 0.10039415761344593
49 0.10035642539719329
50 0.10032232455294712
51 0.10029150207864355
52 0.10026363992675567
53 0.10023845142719237
54 0.10021567809713686
55 0.1001950867921027
56 0.10017646715891974
57 0.10015962935605828
58 0.10014440201128985
59 0.10013063039032093
60 0.10011817475325861
61 0.1001069088784567
62 0.10009671873593559
63 -7.033050319415789
0 0.18658664468889447
1 0.1763982940381971
2 0.16719003279959385
3 0.15895781839130535
4 0.15166361908448533
5 0.1452459481370495
6 0.1396293993179737
7 0.1347324174854745
8 0.13047307827555069
9 0.12677300748333178
10 0.12355975387754506
11 0.1207679845408345
12 0.11833984997438371
13 0.11622480780595845
14 0.11437912578895396
15 0.11276522159902741
16 0.11135094500025793
17 0.1101088685255533
18 0.1090156246525256
19 0.10805130837719346
20 0.1071989518275815
21 0.10644407014881167
22 0.10577427377564445
23 0.10517894023798045
24 0.10464893800551764
25 0.10417639501825597
26 0.10375450510715992
27 0.10337736625687026
28 0.10303984546135729
29 0.10273746569648787
30 0.1024663112397886
31 0.10222294819093775
32 0.10200435758299976
33 0.10180787892875204
34 0.10163116242663449
35 0.10147212836602255
36 0.10132893253165068
37 0.10119993662007712
38 0.1010836828561047
39 0.1009788721394209
40 0.10088434516861795
41 0.10079906608466017
42 0.10072210825391235
43 0.10065264187430166
44 0.10058992314046386
45 0.1005332847465799
46 0.10048212754083939
47 0.1004359131746141
48 0.10039415761344213
49 0.1003564253971927
50 0.10032232455294492
51 0.10029150207865078
52 0.10026363992675287
53 0.10023845142719096
54 0.10021567809713404
55 0.10019508679210593
56 0.10017646715892035
57 0.10015962935605828
58 0.10014440201128805
59 0.10013063039032354
60 0.1001181747532594
61 0.1001069088784551
62 0.10009671873593459
63 -7.033050319415787
0 0.18658664468889558
1 0.17639829403819635
2 0.16719003279959554
3 0.15895781839130574
4 0.15166361908448192
5 0.14524594813704875
6 0.13962939931797735
7 0.13473241748547293
8 0.13047307827554971
9 0.12677300748333198
10 0.12355975387754684
11 0.1207679845408349
12 0.11833984997438529
13 0.11622480780595569
14 0.11437912578895554
15 0.11276522159902701
16 0.11135094500025873
17 0.1101088685255533
18 0.10901562465252779
19 0.10805130837718947
20 0.10719895182758031
21 0.10644407014880887
22 0.10577427377565024
23 0.10517894023797905
24 0.10464893800551844
25 0.10417639501825537
26 0.10375450510716112
27 0.10337736625686866
28 0.1030398454613577
29 0.10273746569648767
30 0.1024663112397878
31 0.10222294819093955
32 0.10200435758299717
33 0.10180787892875325
34 0.10163116242663188
35 0.10147212836602658
36 0.10132893253164928
37 0.10119993662007733
38 0.10108368285610368
39 0.10097887213942332
40 0.10088434516861554
41 0.10079906608465997
42 0.10072210825391255
43 0.10065264187430346
44 0.10058992314046265
45 0.1005332847465807
46 0.1004821275408412
47 0.10043591317461029
48 0.10039415761344514
49 0.10035642539719149
50 0.10032232455294793
51 0.10029150207864637
52 0.10026363992675487
53 0.10023845142719157
54 0.10021567809713304
55 0.10019508679210593
56 0.10017646715892155
57 0.10015962935605648
58 0.10014440201128744
59 0.10013063039032495
60 0.1001181747532576
61 0.10010690887845469
62 0.1000967187359376
63 -7.03305031941579
0 0.1865866446888972
1 0.1763982940381943
2 0.16719003279959196
3 0.1589578183913097
4 0.15166361908448459
5 0.14524594813704778
6 0.13962939931797677
7 0.1347324174854737
8 0.1304730782755503
9 0.12677300748332984
10 0.12355975387754585
11 0.1207679845408345
12 0.11833984997438529
13 0.11622480780595806
14 0.11437912578895415
15 0.112765221599028
16 0.11135094500025654
17 0.1101088685255513
18 0.10901562465253037
19 0.10805130837719207
20 0.10719895182758031
21 0.10644407014881087
22 0.10577427377564624
23 0.10517894023798105
24 0.10464893800551683
25 0.10417639501825718
26 0.10375450510715992
27 0.10337736625686846
28 0.10303984546135789
29 0.10273746569649007
30 0.1024663112397882
31 0.10222294819093675
32 0.10200435758299757
33 0.10180787892875265
34 0.10163116242663067
35 0.10147212836602697
36 0.10132893253164947
37 0.10119993662007752
38 0.10108368285610368
39 0.1009788721394213
40 0.10088434516861614
41 0.10079906608466178
42 0.10072210825391477
43 0.10065264187430387
44 0.10058992314046104
45 0.10053328474657969
46 0.10048212754083999
47 0.10043591317460968
48 0.10039415761344735
49 0.10035642539719189
50 0.10032232455294592
51 0.10029150207864576
52 0.10026363992675567
53 0.10023845142719297
54 0.10021567809713383
55 0.10019508679210351
56 0.10017646715892155
57 0.10015962935605828
58 0.10014440201128744
59 0.10013063039032374
60 0.10011817475325861
61 0.1001069088784551
62 0.1000967187359364
63 -7.033050319415791
0 0.1865866446888974
1 0.1763982940381969
2 0.167190032799595
3 0.15895781839130366
4 0.1516636190844865
5 0.14524594813704778
6 0.13962939931797505
7 0.1347324174854737
8 0.1304730782755505
9 0.12677300748333062
10 0.12355975387754624
11 0.1207679845408347
12 0.11833984997438628
13 0.11622480780595588
14 0.11437912578895297
15 0.112765221599028
16 0.11135094500025992
17 0.11010886852554871
18 0.10901562465253177
19 0.10805130837719107
20 0.1071989518275815
21 0.10644407014880948
22 0.10577427377564684
23 0.10517894023797965
24 0.10464893800551944
25 0.10417639501825378
26 0.10375450510716112
27 0.10337736625686966
28 0.1030398454613577
29 0.10273746569648867
30 0.102466311239787
31 0.10222294819093876
32 0.10200435758299937
33 0.10180787892875244
34 0.10163116242663128
35 0.10147212836602397
36 0.10132893253164867
37 0.10119993662008114
38 0.10108368285610228
39 0.10097887213942491
40 0.10088434516861514
41 0.10079906608465757
42 0.10072210825391556
43 0.10065264187430327
44 0.10058992314046285
45 0.10053328474657729
46 0.1004821275408424
47 0.10043591317461129
48 0.10039415761344493
49 0.10035642539719189
50 0.10032232455294773
51 0.10029150207864576
52 0.10026363992675567
53 0.10023845142719076
54 0.10021567809713484
55 0.1001950867921027
56 0.10017646715892377
57 0.10015962935605527
58 0.10014440201128885
59 0.10013063039032213
60 0.1001181747532598
61 0.1001069088784555
62 0.10009671873593741
63 -7.033050319415793
0 0.1865866446888941
1 0.1763982940381971
2 0.16719003279959235
3 0.15895781839130857
4 0.15166361908448325
5 0.14524594813704875
6 0.13962939931797524
7 0.13473241748547352
8 0.1304730782755505
9 0.12677300748333023
10 0.12355975387754761
11 0.12076798454083155
12 0.11833984997438647
13 0.11622480780595708
14 0.11437912578895396
15 0.112765221599028
16 0.11135094500025933
17 0.11010886852555428
18 0.10901562465252519
19 0.10805130837719126
20 0.1071989518275831
21 0.10644407014880908
22 0.10577427377564705
23 0.10517894023798105
24 0.10464893800551704
25 0.10417639501825618
26 0.10375450510715832
27 0.10337736625687066
28 0.1030398454613571
29 0.10273746569648928
30 0.1024663112397894
31 0.10222294819093734
32 0.10200435758299636
33 0.10180787892875445
34 0.10163116242663107
35 0.10147212836602537
36 0.10132893253164928
37 0.10119993662007873
38 0.10108368285610429
39 0.10097887213942151
40 0.10088434516861654
41 0.10079906608465997
42 0.10072210825391295
43 0.10065264187430327
44 0.10058992314046306
45 0.10053328474657869
46 0.10048212754084221
47 0.10043591317461148
48 0.10039415761344393
49 0.1003564253971937
50 0.10032232455294472
51 0.10029150207864597
52 0.10026363992675708
53 0.10023845142719016
54 0.10021567809713383
55 0.10019508679210432
56 0.10017646715892256
57 0.10015962935605667
58 0.10014440201128824
59 0.10013063039032334
60 0.10011817475325921
61 0.10010690887845469
62 0.1000967187359372
63 -7.033050319415788
0 0.18658664468889613
1 0.17639829403819615
2 0.16719003279959405
3 0.15895781839130668
4 0.1516636190844838
5 0.14524594813704797
6 0.13962939931797505
7 0.13473241748547332
8 0.13047307827555146
9 0.12677300748332845
10 0.12355975387754643
11 0.12076798454083666
12 0.1183398499743839
13 0.11622480780596083
14 0.11437912578895276
15 0.11276522159902622
16 0.1113509450002605
17 0.11010886852555031
18 0.10901562465252858
19 0.10805130837719067
20 0.1071989518275795
21 0.10644407014881027
22 0.10577427377564864
23 0.10517894023797986
24 0.10464893800551824
25 0.10417639501825678
26 0.10375450510715913
27 0.10337736625686945
28 0.1030398454613581
29 0.10273746569648948
30 0.1024663112397852
31 0.10222294819093936
32 0.10200435758299777
33 0.10180787892875365
34 0.10163116242663048
35 0.10147212836602376
36 0.10132893253165108
37 0.10119993662007973
38 0.10108368285610349
39 0.10097887213942291
40 0.10088434516861654
41 0.10079906608465897
42 0.10072210825391335
43 0.10065264187430185
44 0.10058992314046386
45 0.10053328474657969
46 0.1004821275408406
47 0.10043591317460868
48 0.10039415761344754
49 0.1003564253971931
50 0.10032232455294693
51 0.10029150207864737
52 0.10026363992675126
53 0.10023845142719337
54 0.10021567809713625
55 0.1001950867921017
56 0.10017646715892155
57 0.10015962935605728
58 0.10014440201128845
59 0.10013063039032334
60 0.100118174753259
61 0.1001069088784545
62 0.1000967187359366
63 -7.033050319415789
0 0.18658664468889613
1 0.17639829403819782
2 0.1671900327995929
3 0.1589578183913082
4 0.15166361908448364
5 0.14524594813705008
6 0.13962939931797155
7 0.13473241748547604
8 0.13047307827554971
9 0.12677300748333004
10 0.12355975387754703
11 0.12076798454083351
12 0.11833984997438549
13 0.11622480780595826
14 0.11437912578895257
15 0.11276522159903196
16 0.11135094500025555
17 0.11010886852554971
18 0.10901562465253196
19 0.10805130837719047
20 0.1071989518275813
21 0.10644407014880967
22 0.10577427377564605
23 0.10517894023798086
24 0.10464893800551864
25 0.10417639501825417
26 0.10375450510716132
27 0.10337736625687026
28 0.10303984546135629
29 0.10273746569648948
30 0.1024663112397874
31 0.10222294819093815
32 0.10200435758299616
33 0.10180787892875486
34 0.10163116242662806
35 0.10147212836602497
36 0.10132893253165288
37 0.10119993662007833
38 0.1010836828561061
39 0.1009788721394201
40 0.10088434516861694
41 0.10079906608465918
42 0.10072210825391376
43 0.10065264187430346
44 0.10058992314046285
45 0.10053328474657829
46 0.1004821275408424
47 0.10043591317460807
48 0.10039415761344614
49 0.1003564253971941
50 0.10032232455294693
51 0.10029150207864536
52 0.10026363992675387
53 0.10023845142719257
54 0.10021567809713323
55 0.10019508679210533
56 0.10017646715892115
57 0.10015962935605868
58 0.10014440201128744
59 0.10013063039032152
60 0.10011817475326021
61 0.1001069088784567
62 0.10009671873593379
63 -7.03305031941579
0 0.1865866446888963
1 0.1763982940381943
2 0.1671900327995963
3 0.15895781839130593
4 0.15166361908448306
5 0.14524594813704625
6 0.1396293993179793
7 0.1347324174854743
8 0.130473078275547
9 0.12677300748333062
10 0.12355975387755017
11 0.12076798454083372
12 0.1183398499743849
13 0.11622480780595708
14 0.11437912578895297
15 0.11276522159902899
16 0.11135094500025972
17 0.11010886852555031
18 0.10901562465253058
19 0.10805130837718868
20 0.1071989518275811
21 0.10644407014881027
22 0.10577427377564824
23 0.10517894023797805
24 0.10464893800551923
25 0.10417639501825737
26 0.10375450510716012
27 0.10337736625686866
28 0.1030398454613577
29 0.10273746569648627
30 0.1024663112397882
31 0.10222294819094056
32 0.10200435758299616
33 0.10180787892875225
34 0.10163116242663368
35 0.10147212836602397
36 0.10132893253164947
37 0.10119993662008034
38 0.10108368285610289
39 0.10097887213942472
40 0.10088434516861433
41 0.10079906608465937
42 0.10072210825391235
43 0.10065264187430446
44 0.10058992314046185
45 0.1005332847465811
46 0.1004821275408388
47 0.10043591317461029
48 0.10039415761344794
49 0.10035642539719149
50 0.10032232455294653
51 0.10029150207864697
52 0.10026363992675166
53 0.10023845142719418
54 0.10021567809713584
55 0.10019508679210351
56 0.10017646715891995
57 0.10015962935605909
58 0.10014440201128684
59 0.10013063039032273
60 0.1001181747532584
61 0.1001069088784581
62 0.10009671873593338
63 -7.033050319415788
0 0.18658664468889447
1 0.17639829403819615
2 0.1671900327995948
3 0.15895781839130554
4 0.1516636190844844
5 0.14524594813704778
6 0.13962939931797563
7 0.13473241748547526
8 0.13047307827554835
9 0.12677300748333217
10 0.12355975387754566
11 0.12076798454083391
12 0.11833984997438568
13 0.11622480780595984
14 0.11437912578895237
15 0.11276522159902859
16 0.11135094500025673
17 0.11010886852555031
18 0.10901562465253097
19 0.10805130837719247
20 0.1071989518275785
21 0.10644407014881087
22 0.10577427377564765
23 0.10517894023798025
24 0.10464893800551724
25 0.10417639501825618
26 0.10375450510715932
27 0.10337736625686826
28 0.10303984546136029
29 0.10273746569648848
30 0.1024663112397882
31 0.10222294819093734
32 0.10200435758299957
33 0.10180787892875184
34 0.10163116242663088
35 0.10147212836602457
36 0.10132893253164807
37 0.10119993662007913
38 0.10108368285610629
39 0.10097887213942071
40 0.10088434516861573
41 0.10079906608466138
42 0.10072210825391095
43 0.10065264187430507
44 0.10058992314046265
45 0.10053328474657869
46 0.1004821275408406
47 0.10043591317461188
48 0.10039415761344493
49 0.10035642539719168
50 0.10032232455294653
51 0.10029150207864597
52 0.10026363992675608
53 0.10023845142718996
54 0.10021567809713786
55 0.10019508679210372
56 0.10017646715892015
57 0.10015962935605748
58 0.10014440201128663
59 0.10013063039032434
60 0.10011817475326061
61 0.1001069088784537
62 0.100096718735935
63 -7.033050319415787
0 0.18658664468889538
1 0.1763982940381956
2 0.16719003279959554
3 0.15895781839130688
4 0.15166361908448248
5 0.145245948137047
6 0.13962939931797813
7 0.1347324174854704
8 0.13047307827555382
9 0.12677300748333004
10 0.12355975387754761
11 0.12076798454083254
12 0.11833984997438411
13 0.11622480780596044
14 0.11437912578895217
15 0.1127652215990272
16 0.11135094500025833
17 0.11010886852555408
18 0.10901562465252819
19 0.10805130837719147
20 0.1071989518275795
21 0.10644407014881187
22 0.10577427377564524
23 0.10517894023798105
24 0.10464893800551683
25 0.10417639501825618
26 0.10375450510716032
27 0.10337736625686886
28 0.10303984546135789
29 0.10273746569648587
30 0.1024663112397912
31 0.10222294819093936
32 0.10200435758299796
33 0.10180787892875104
34 0.10163116242663148
35 0.10147212836602476
36 0.10132893253164928
37 0.10119993662007994
38 0.10108368285610429
39 0.10097887213942111
40 0.10088434516861614
41 0.10079906608466098
42 0.10072210825391396
43 0.10065264187430185
44 0.10058992314046346
45 0.10053328474657869
46 0.1004821275408426
47 0.10043591317460927
48 0.10039415761344413
49 0.10035642539719229
50 0.10032232455294954
51 0.10029150207864597
52 0.10026363992675366
53 0.10023845142719116
54 0.10021567809713584
55 0.10019508679210493
56 0.10017646715892135
57 0.10015962935605587
58 0.10014440201128905
59 0.10013063039032273
60 0.10011817475325821
61 0.1001069088784581
62 0.10009671873593298
63 -7.033050319415789
0 0.1865866446888941
1 0.17639829403819726
2 0.1671900327995933
3 0.15895781839130743
4 0.15166361908448459
5 0.14524594813704547
6 0.13962939931797988
7 0.13473241748547293
8 0.13047307827554894
9 0.12677300748333042
10 0.12355975387754939
11 0.12076798454083351
12 0.11833984997438234
13 0.11622480780595945
14 0.11437912578895217
15 0.11276522159902998
16 0.11135094500025833
17 0.11010886852555031
18 0.10901562465252758
19 0.10805130837719586
20 0.10719895182757631
21 0.10644407014881227
22 0.10577427377564745
23 0.10517894023797886
24 0.10464893800552023
25 0.10417639501825297
26 0.10375450510716132
27 0.10337736625686966
28 0.10303984546135589
29 0.10273746569648748
30 0.10246631123979161
31 0.10222294819093575
32 0.10200435758299796
33 0.10180787892875424
34 0.10163116242663169
35 0.10147212836602316
36 0.10132893253165227
37 0.10119993662007633
38 0.1010836828561065
39 0.10097887213941889
40 0.10088434516861855
41 0.10079906608466138
42 0.10072210825391195
43 0.10065264187430287
44 0.10058992314046285
45 0.1005332847465813
46 0.1004821275408402
47 0.10043591317460868
48 0.10039415761344533
49 0.1003564253971935
50 0.10032232455294712
51 0.10029150207864496
52 0.10026363992675548
53 0.10023845142719318
54 0.10021567809713364
55 0.10019508679210432
56 0.10017646715892235
57 0.10015962935605648
58 0.10014440201128703
59 0.10013063039032233
60 0.10011817475326021
61 0.1001069088784567
62 0.1000967187359358
63 -7.03305031941579
0 0.18658664468889777
1 0.1763982940381941
2 0.16719003279959516
3 0.15895781839130743
4 0.15166361908448325
5 0.14524594813705008
6 0.13962939931797658
7 0.1347324174854737
8 0.13047307827554855
9 0.12677300748332984
10 0.12355975387754722
11 0.12076798454083391
12 0.11833984997438352
13 0.11622480780596003
14 0.11437912578895355
15 0.11276522159902522
16 0.11135094500026191
17 0.1101088685255511
18 0.10901562465252858
19 0.10805130837719147
20 0.10719895182757991
21 0.10644407014880848
22 0.10577427377564884
23 0.10517894023798124
24 0.10464893800551844
25 0.10417639501825417
26 0.10375450510715972
27 0.10337736625686907
28 0.1030398454613585
29 0.10273746569648867
30 0.1024663112397892
31 0.10222294819093695
32 0.10200435758299857
33 0.10180787892875344
34 0.10163116242662927
35 0.10147212836602677
36 0.10132893253164928
37 0.10119993662007853
38 0.10108368285610389
39 0.1009788721394227
40 0.10088434516861454
41 0.10079906608466037
42 0.10072210825391356
43 0.10065264187430367
44 0.10058992314046225
45 0.10053328474658191
46 0.10048212754083738
47 0.10043591317461349
48 0.10039415761344413
49 0.1003564253971943
50 0.10032232455294351
51 0.10029150207864697
52 0.10026363992675487
53 0.10023845142719176
54 0.10021567809713645
55 0.1001950867921013
56 0.10017646715892337
57 0.10015962935605688
58 0.10014440201128925
59 0.10013063039032073
60 0.1001181747532598
61 0.1001069088784555
62 0.100096718735936
63 -7.033050319415791
0 0.1865866446888965
1 0.17639829403819615
2 0.16719003279959216
3 0.15895781839130782
4 0.15166361908448497
5 0.14524594813704778
6 0.13962939931797638
7 0.13473241748547274
8 0.13047307827554971
9 0.1267730074833314
10 0.12355975387754801
11 0.12076798454083391
12 0.11833984997438371
13 0.11622480780595905
14 0.11437912578895257
15 0.11276522159902919
16 0.11135094500025952
17 0.11010886852555289
18 0.10901562465252819
19 0.10805130837718947
20 0.1071989518275821
21 0.10644407014880927
22 0.10577427377564665
23 0.10517894023798105
24 0.10464893800551704
25 0.10417639501825578
26 0.10375450510715932
27 0.10337736625687047
28 0.10303984546135729
29 0.10273746569648928
30 0.1024663112397886
31 0.10222294819093855
32 0.10200435758299677
33 0.10180787892875384
34 0.10163116242663027
35 0.10147212836602798
36 0.10132893253164506
37 0.10119993662008155
38 0.10108368285610309
39 0.1009788721394219
40 0.10088434516861755
41 0.10079906608465956
42 0.10072210825391335
43 0.10065264187430306
44 0.10058992314046185
45 0.1005332847465803
46 0.1004821275408414
47 0.10043591317460968
48 0.10039415761344554
49 0.10035642539719329
50 0.10032232455294592
51 0.10029150207864677
52 0.10026363992675266
53 0.10023845142719318
54 0.10021567809713143
55 0.10019508679210593
56 0.10017646715892176
57 0.10015962935605809
58 0.10014440201128744
59 0.10013063039032313
60 0.10011817475326021
61 0.1001069088784567
62 0.10009671873593379
63 -7.033050319415791
0 0.18658664468889372
1 0.1763982940381982
2 0.1671900327995933
3 0.15895781839130727
4 0.15166361908448306
5 0.14524594813704836
6 0.1396293993179731
7 0.13473241748547565
8 0.13047307827554933
9 0.12677300748333198
10 0.12355975387754585
11 0.12076798454083568
12 0.11833984997438352
13 0.11622480780595945
14 0.11437912578895178
15 0.1127652215990288
16 0.11135094500025892
17 0.1101088685255523
18 0.10901562465252858
19 0.10805130837718988
20 0.1071989518275813
21 0.10644407014880868
22 0.10577427377564845
23 0.10517894023798086
24 0.10464893800551964
25 0.10417639501825238
26 0.10375450510716153
27 0.10337736625687086
28 0.10303984546135508
29 0.10273746569649028
30 0.10246631123978961
31 0.10222294819093655
32 0.10200435758299677
33 0.10180787892875505
34 0.10163116242663008
35 0.10147212836602397
36 0.10132893253164746
37 0.10119993662008354
38 0.10108368285610429
39 0.1009788721394201
40 0.10088434516861734
41 0.10079906608465918
42 0.10072210825391376
43 0.10065264187430387
44 0.10058992314045984
45 0.10053328474658049
46 0.100482127540842
47 0.10043591317461029
48 0.10039415761344313
49 0.1003564253971947
50 0.10032232455294733
51 0.10029150207864476
52 0.10026363992675527
53 0.10023845142719176
54 0.10021567809713705
55 0.10019508679210211
56 0.10017646715892055
57 0.10015962935605868
58 0.10014440201128784
59 0.10013063039032334
60 0.1001181747532588
61 0.10010690887845329
62 0.1000967187359372
63 -7.033050319415788
0 0.1865866446888972
1 0.1763982940381965
2 0.1671900327995929
3 0.15895781839130727
4 0.15166361908448533
5 0.14524594813704778
6 0.1396293993179758
7 0.13473241748547274
8 0.1304730782755501
9 0.12677300748333062
10 0.12355975387754879
11 0.12076798454083312
12 0.1183398499743845
13 0.11622480780595945
14 0.11437912578895158
15 0.11276522159902641
16 0.11135094500026091
17 0.11010886852555249
18 0.10901562465252798
19 0.10805130837719186
20 0.10719895182757931
21 0.10644407014881027
22 0.10577427377564765
23 0.10517894023798265
24 0.10464893800551543
25 0.10417639501825637
26 0.10375450510715692
27 0.10337736625687047
28 0.1030398454613585
29 0.10273746569649048
30 0.1024663112397888
31 0.10222294819093836
32 0.10200435758299796
33 0.10180787892875004
34 0.10163116242663169
35 0.10147212836602476
36 0.10132893253165028
37 0.10119993662007773
38 0.1010836828561067
39 0.1009788721394223
40 0.10088434516861333
41 0.10079906608466098
42 0.10072210825391255
43 0.10065264187430446
44 0.10058992314046265
45 0.10053328474657929
46 0.1004821275408402
47 0.10043591317461188
48 0.10039415761344393
49 0.1003564253971943
50 0.10032232455294451
51 0.10029150207864877
52 0.10026363992675207
53 0.10023845142719418
54 0.10021567809713344
55 0.10019508679210573
56 0.10017646715891874
57 0.10015962935605688
58 0.10014440201129025
59 0.10013063039032273
60 0.100118174753258
61 0.10010690887845751
62 0.1000967187359362
63 -7.033050319415793
0 0.1865866446888965
1 0.1763982940381945
2 0.16719003279959424
3 0.15895781839130554
4 0.15166361908448533
5 0.14524594813704836
6 0.1396293993179762
7 0.13473241748547546
8 0.13047307827554758
9 0.12677300748333004
10 0.12355975387754742
11 0.12076798454083529
12 0.11833984997438332
13 0.11622480780595708
14 0.11437912578895475
15 0.1127652215990288
16 0.11135094500025754
17 0.1101088685255523
18 0.10901562465252779
19 0.10805130837719207
20 0.1071989518275827
21 0.10644407014880827
22 0.10577427377564645
23 0.10517894023797845
24 0.10464893800552164
25 0.10417639501825257
26 0.10375450510716092
27 0.10337736625687106
28 0.10303984546135568
29 0.10273746569648907
30 0.1024663112397886
31 0.10222294819093775
32 0.10200435758300037
33 0.10180787892875023
34 0.10163116242663027
35 0.10147212836602597
36 0.10132893253165087
37 0.10119993662007792
38 0.10108368285610408
39 0.10097887213942251
40 0.10088434516861675
41 0.10079906608466077
42 0.10072210825391276
43 0.10065264187430206
44 0.10058992314046446
45 0.10053328474657769
46 0.10048212754083999
47 0.10043591317461129
48 0.10039415761344514
49 0.1003564253971931
50 0.10032232455294612
51 0.10029150207864898
52 0.10026363992675287
53 0.10023845142719398
54 0.10021567809713304
55 0.10019508679210351
56 0.10017646715892195
57 0.10015962935605809
58 0.10014440201128724
59 0.10013063039032213
60 0.1001181747532594
61 0.10010690887845651
62 0.10009671873593701
63 -7.03305031941579
0 0.18658664468889705
1 0.17639829403819485
2 0.16719003279959424
3 0.15895781839130613
4 0.15166361908448497
5 0.14524594813704644
6 0.13962939931797735
7 0.13473241748547468
8 0.13047307827554952
9 0.12677300748332845
10 0.12355975387754879
11 0.1207679845408349
12 0.11833984997438253
13 0.11622480780595806
14 0.11437912578895376
15 0.11276522159902998
16 0.11135094500025615
17 0.11010886852555428
18 0.10901562465252719
19 0.10805130837719326
20 0.10719895182757931
21 0.10644407014880848
22 0.10577427377564745
23 0.10517894023798165
24 0.10464893800551864
25 0.10417639501825597
26 0.10375450510716112
27 0.10337736625686565
28 0.10303984546136029
29 0.10273746569648748
30 0.1024663112397894
31 0.10222294819093795
32 0.10200435758299736
33 0.10180787892875084
34 0.10163116242663188
35 0.10147212836602637
36 0.10132893253164867
37 0.10119993662007994
38 0.10108368285610408
39 0.1009788721394219
40 0.10088434516861874
41 0.10079906608465616
42 0.10072210825391396
43 0.10065264187430226
44 0.10058992314046426
45 0.1005332847465795
46 0.1004821275408434
47 0.10043591317460827
48 0.10039415761344554
49 0.10035642539719329
50 0.10032232455294672
51 0.10029150207864677
52 0.10026363992675186
53 0.10023845142719418
54 0.10021567809713464
55 0.10019508679210291
56 0.10017646715892216
57 0.10015962935605788
58 0.10014440201128805
59 0.10013063039032233
60 0.10011817475325861
61 0.1001069088784555
62 0.100096718735936
63 -7.03305031941579
0 0.18658664468889685
1 0.1763982940381945
2 0.16719003279959424
3 0.15895781839130857
4 0.15166361908448248
5 0.1452459481370474
6 0.13962939931797969
7 0.13473241748547196
8 0.13047307827555069
9 0.12677300748332943
10 0.12355975387754801
11 0.1207679845408347
12 0.11833984997438332
13 0.11622480780595768
14 0.11437912578895316
15 0.11276522159902978
16 0.11135094500025733
17 0.1101088685255521
18 0.10901562465253017
19 0.10805130837719067
20 0.1071989518275813
21 0.10644407014880848
22 0.10577427377564624
23 0.10517894023798005
24 0.10464893800551864
25 0.10417639501825417
26 0.10375450510716172
27 0.10337736625686866
28 0.1030398454613595
29 0.10273746569648767
30 0.1024663112397894
31 0.10222294819093695
32 0.10200435758299957
33 0.10180787892874883
34 0.10163116242663248
35 0.10147212836602357
36 0.10132893253165028
37 0.10119993662008094
38 0.10108368285610429
39 0.10097887213942251
40 0.10088434516861534
41 0.10079906608466017
42 0.10072210825391356
43 0.10065264187430406
44 0.10058992314046125
45 0.10053328474657888
46 0.1004821275408416
47 0.10043591317461008
48 0.10039415761344614
49 0.1003564253971941
50 0.10032232455294392
51 0.10029150207864818
52 0.10026363992675287
53 0.10023845142719377
54 0.10021567809713544
55 0.10019508679210111
56 0.10017646715892095
57 0.10015962935605828
58 0.10014440201128864
59 0.10013063039032313
60 0.1001181747532572
61 0.1001069088784581
62 0.1000967187359354
63 -7.03305031941579
0 0.18658664468889538
1 0.17639829403819485
2 0.16719003279959535
3 0.1589578183913065
4 0.15166361908448459
5 0.145245948137047
6 0.13962939931797658
7 0.13473241748547293
8 0.1304730782755503
9 0.12677300748333256
10 0.12355975387754546
11 0.12076798454083666
12 0.11833984997438272
13 0.11622480780595826
14 0.11437912578895237
15 0.11276522159902859
16 0.11135094500025873
17 0.1101088685255533
18 0.10901562465252779
19 0.10805130837719067
20 0.10719895182758031
21 0.10644407014881127
22 0.10577427377564784
23 0.10517894023797865
24 0.10464893800551764
25 0.10417639501825718
26 0.10375450510715932
27 0.10337736625686907
28 0.10303984546135608
29 0.10273746569648848
30 0.1024663112397892
31 0.10222294819093675
32 0.10200435758300037
33 0.10180787892874983
34 0.10163116242663309
35 0.10147212836602537
36 0.10132893253164928
37 0.10119993662007752
38 0.10108368285610851
39 0.1009788721394197
40 0.10088434516861654
41 0.10079906608465918
42 0.10072210825391437
43 0.10065264187430145
44 0.10058992314046526
45 0.10053328474657809
46 0.100482127540841
47 0.10043591317461129
48 0.10039415761344493
49 0.10035642539719289
50 0.10032232455294773
51 0.10029150207864557
52 0.10026363992675567
53 0.10023845142718794
54 0.10021567809713765
55 0.10019508679210391
56 0.10017646715892015
57 0.10015962935605928
58 0.10014440201128663
59 0.10013063039032213
60 0.10011817475325821
61 0.10010690887845651
62 0.1000967187359368
63 -7.03305031941579
0 0.18658664468889574
1 0.17639829403819726
2 0.16719003279959405
3 0.15895781839130707
4 0.1516636190844844
5 0.14524594813704816
6 0.1396293993179758
7 0.1347324174854743
8 0.1304730782755499
9 0.12677300748332884
10 0.12355975387754978
11 0.12076798454083155
12 0.1183398499743845
13 0.11622480780595984
14 0.11437912578895276
15 0.11276522159902641
16 0.11135094500025972
17 0.1101088685255527
18 0.10901562465252639
19 0.10805130837719366
20 0.10719895182757891
21 0.10644407014881048
22 0.10577427377564924
23 0.10517894023798124
24 0.10464893800551464
25 0.10417639501825637
26 0.10375450510716092
27 0.10337736625686746
28 0.10303984546135729
29 0.10273746569648988
30 0.1024663112397888
31 0.10222294819093815
32 0.10200435758299897
33 0.10180787892875184
34 0.10163116242663067
35 0.10147212836602557
36 0.10132893253164967
37 0.10119993662007792
38 0.10108368285610529
39 0.1009788721394213
40 0.10088434516861634
41 0.10079906608465997
42 0.10072210825391255
43 0.10065264187430427
44 0.10058992314046285
45 0.10053328474657869
46 0.1004821275408414
47 0.10043591317461108
48 0.10039415761344393
49 0.1003564253971931
50 0.10032232455294672
51 0.10029150207864777
52 0.10026363992675226
53 0.10023845142719377
54 0.10021567809713404
55 0.10019508679210332
56 0.10017646715892396
57 0.10015962935605768
58 0.10014440201128604
59 0.10013063039032374
60 0.100118174753259
61 0.10010690887845651
62 0.10009671873593379
63 -7.03305031941579
0 0.186586644688893
1 0.17639829403819726
2 0.167190032799595
3 0.15895781839130366
4 0.15166361908448667
5 0.1452459481370468
6 0.1396293993179789
7 0.13473241748547196
8 0.13047307827555069
9 0.12677300748332943
10 0.12355975387754879
11 0.12076798454083175
12 0.11833984997438628
13 0.11622480780595747
14 0.11437912578895297
15 0.1127652215990288
16 0.11135094500026012
17 0.11010886852554852
18 0.10901562465252917
19 0.10805130837719247
20 0.1071989518275797
21 0.10644407014880967
22 0.10577427377564784
23 0.10517894023798265
24 0.10464893800551604
25 0.10417639501825537
26 0.10375450510715972
27 0.10337736625687007
28 0.10303984546135689
29 0.10273746569649088
30 0.1024663112397842
31 0.10222294819094076
32 0.10200435758299736
33 0.10180787892875424
34 0.10163116242662948
35 0.10147212836602597
36 0.10132893253164928
37 0.10119993662007973
38 0.1010836828561047
39 0.10097887213942211
40 0.10088434516861473
41 0.10079906608465956
42 0.10072210825391456
43 0.10065264187430145
44 0.10058992314046486
45 0.10053328474658009
46 0.1004821275408398
47 0.10043591317460968
48 0.10039415761344654
49 0.10035642539719009
50 0.10032232455295094
51 0.10029150207864315
52 0.10026363992675326
53 0.10023845142719277
54 0.10021567809713484
55 0.10019508679210652
56 0.10017646715892035
57 0.10015962935605928
58 0.10014440201128744
59 0.10013063039032113
60 0.1001181747532588
61 0.10010690887845751
62 0.10009671873593338
63 -7.033050319415787
0 0.1865866446888963
1 0.17639829403819635
2 0.1671900327995933
3 0.1589578183913082
4 0.15166361908448286
5 0.14524594813704836
6 0.13962939931797658
7 0.1347324174854739
8 0.13047307827554777
9 0.1267730074833314
10 0.12355975387754624
11 0.12076798454083548
12 0.11833984997438214
13 0.11622480780596063
14 0.11437912578895396
15 0.11276522159902741
16 0.11135094500025773
17 0.11010886852555189
18 0.10901562465252779
19 0.10805130837719366
20 0.10719895182757712
21 0.10644407014881307
22 0.10577427377564584
23 0.10517894023798285
24 0.10464893800551783
25 0.10417639501825438
26 0.10375450510716112
27 0.10337736625686705
28 0.10303984546135829
29 0.10273746569648888
30 0.10246631123979
31 0.10222294819093594
32 0.10200435758299976
33 0.10180787892875064
34 0.10163116242663328
35 0.10147212836602316
36 0.10132893253165068
37 0.10119993662008013
38 0.1010836828561033
39 0.1009788721394199
40 0.10088434516861734
41 0.10079906608466158
42 0.10072210825391176
43 0.10065264187430327
44 0.10058992314046206
45 0.10053328474657969
46 0.1004821275408416
47 0.10043591317461069
48 0.10039415761344614
49 0.10035642539719208
50 0.10032232455294512
51 0.10029150207864758
52 0.10026363992675347
53 0.10023845142719136
54 0.10021567809713544
55 0.10019508679210432
56 0.10017646715892055
57 0.10015962935605928
58 0.10014440201128784
59 0.10013063039032455
60 0.1001181747532566
61 0.10010690887845791
62 0.10009671873593459
63 -7.03305031941579
0 0.1865866446888963
1 0.17639829403819596
2 0.16719003279959346
3 0.15895781839130782
4 0.15166361908448325
5 0.14524594813704836
6 0.13962939931797697
7 0.13473241748547352
8 0.1304730782755503
9 0.1267730074833312
10 0.12355975387754643
11 0.1207679845408343
12 0.11833984997438313
13 0.11622480780595806
14 0.11437912578895554
15 0.11276522159902681
16 0.11135094500025972
17 0.1101088685255511
18 0.10901562465252958
19 0.10805130837719087
20 0.10719895182757712
21 0.10644407014881307
22 0.10577427377564565
23 0.10517894023798285
24 0.10464893800551704
25 0.10417639501825417
26 0.10375450510716032
27 0.10337736625687007
28 0.1030398454613591
29 0.10273746569648767
30 0.10246631123979
31 0.10222294819093715
32 0.10200435758299817
33 0.10180787892875104
34 0.10163116242663188
35 0.10147212836602577
36 0.10132893253164746
37 0.10119993662008214
38 0.1010836828561051
39 0.10097887213942111
40 0.10088434516861514
41 0.10079906608466037
42 0.10072210825391276
43 0.10065264187430306
44 0.10058992314046145
45 0.1005332847465807
46 0.1004821275408414
47 0.10043591317461108
48 0.10039415761344533
49 0.10035642539719089
50 0.10032232455294854
51 0.10029150207864576
52 0.10026363992675306
53 0.10023845142719377
54 0.10021567809713504
55 0.10019508679210291
56 0.10017646715892035
57 0.10015962935605768
58 0.10014440201128724
59 0.10013063039032495
60 0.10011817475325921
61 0.10010690887845611
62 0.10009671873593379
63 -7.033050319415789
0 0.18658664468889777
1 0.1763982940381954
2 0.16719003279959346
3 0.15895781839130668
4 0.15166361908448478
5 0.14524594813704875
6 0.13962939931797544
7 0.13473241748547293
8 0.1304730782755499
9 0.12677300748333023
10 0.12355975387754821
11 0.12076798454083411
12 0.1183398499743849
13 0.11622480780595826
14 0.11437912578895197
15 0.11276522159902978
16 0.11135094500025833
17 0.1101088685255513
18 0.10901562465252879
19 0.10805130837719247
20 0.1071989518275807
21 0.10644407014880827
22 0.10577427377564605
23 0.10517894023798224
24 0.10464893800551764
25 0.10417639501825578
26 0.10375450510715992
27 0.10337736625686786
28 0.10303984546135829
29 0.10273746569648867
30 0.102466311239788
31 0.10222294819093955
32 0.10200435758299897
33 0.10180787892875123
34 0.10163116242663107
35 0.10147212836602437
36 0.10132893253164947
37 0.10119993662007953
38 0.10108368285610449
39 0.1009788721394219
40 0.10088434516861614
41 0.10079906608465837
42 0.10072210825391617
43 0.10065264187430287
44 0.10058992314046225
45 0.10053328474657809
46 0.10048212754084221
47 0.10043591317460927
48 0.10039415761344654
49 0.1003564253971937
50 0.10032232455294532
51 0.10029150207864758
52 0.10026363992675387
53 0.10023845142719016
54 0.10021567809713584
55 0.10019508679210493
56 0.10017646715892015
57 0.10015962935605968
58 0.10014440201128584
59 0.10013063039032415
60 0.10011817475325921
61 0.10010690887845691
62 0.10009671873593701
63 -7.033050319415794
0 0.1865866446888974
1 0.17639829403819635
2 0.16719003279959405
3 0.1589578183913046
4 0.1516636190844863
5 0.14524594813704758
6 0.13962939931797505
7 0.13473241748547468
8 0.13047307827554894
9 0.1267730074833314
10 0.12355975387754624
11 0.12076798454083391
12 0.11833984997438707
13 0.11622480780595787
14 0.11437912578895316
15 0.11276522159902562
16 0.11135094500025813
17 0.11010886852555389
18 0.10901562465252858
19 0.10805130837719426
20 0.10719895182757572
21 0.10644407014881048
22 0.10577427377564924
23 0.10517894023798224
24 0.10464893800551443
25 0.10417639501825697
26 0.10375450510715813
27 0.10337736625686966
28 0.10303984546135748
29 0.10273746569649048
30 0.1024663112397882
31 0.10222294819093675
32 0.10200435758299997
33 0.10180787892875123
34 0.10163116242663188
35 0.10147212836602416
36 0.10132893253164947
37 0.10119993662007913
38 0.1010836828561051
39 0.1009788721394223
40 0.10088434516861654
41 0.10079906608465897
42 0.10072210825391477
43 0.10065264187430306
44 0.10058992314046165
45 0.1005332847465799
46 0.100482127540841
47 0.10043591317461008
48 0.10039415761344835
49 0.10035642539718947
50 0.10032232455294612
51 0.10029150207864697
52 0.10026363992675406
53 0.10023845142719216
54 0.10021567809713565
55 0.10019508679210452
56 0.10017646715892035
57 0.10015962935605809
58 0.10014440201128463
59 0.10013063039032796
60 0.1001181747532566
61 0.1001069088784559
62 0.100096718735936
63 -7.033050319415791
0 0.18658664468889483
1 0.17639829403819726
2 0.167190032799595
3 0.1589578183913042
4 0.15166361908448459
5 0.14524594813704855
6 0.13962939931797563
7 0.13473241748547604
8 0.13047307827554758
9 0.1267730074833308
10 0.12355975387754585
11 0.1207679845408351
12 0.11833984997438667
13 0.11622480780595688
14 0.11437912578895376
15 0.1127652215990278
16 0.11135094500025694
17 0.11010886852555428
18 0.10901562465252938
19 0.10805130837719107
20 0.1071989518275797
21 0.10644407014880848
22 0.10577427377564924
23 0.10517894023797845
24 0.10464893800551923
25 0.10417639501825597
26 0.10375450510715953
27 0.10337736625687106
28 0.10303984546135589
29 0.10273746569649007
30 0.1024663112397882
31 0.10222294819093534
32 0.10200435758300057
33 0.10180787892875123
34 0.10163116242663188
35 0.10147212836602618
36 0.10132893253165047
37 0.10119993662007391
38 0.1010836828561079
39 0.1009788721394209
40 0.10088434516861534
41 0.10079906608466198
42 0.10072210825391437
43 0.10065264187430126
44 0.10058992314046246
45 0.1005332847465799
46 0.1004821275408418
47 0.10043591317461029
48 0.10039415761344393
49 0.1003564253971957
50 0.10032232455294632
51 0.10029150207864637
52 0.10026363992675207
53 0.10023845142719377
54 0.10021567809713183
55 0.10019508679210552
56 0.10017646715892316
57 0.10015962935605667
58 0.10014440201128604
59 0.10013063039032474
60 0.100118174753259
61 0.1001069088784567
62 0.1000967187359368
63 -7.033050319415791
0 0.18658664468889355
1 0.17639829403819615
2 0.1671900327995946
3 0.15895781839130535
4 0.15166361908448553
5 0.14524594813704625
6 0.1396293993179762
7 0.13473241748547488
8 0.130473078275547
9 0.12677300748333453
10 0.12355975387754643
11 0.12076798454083411
12 0.1183398499743845
13 0.11622480780595885
14 0.11437912578895376
15 0.11276522159902662
16 0.11135094500025575
17 0.11010886852555468
18 0.10901562465252958
19 0.10805130837719067
20 0.10719895182757991
21 0.10644407014880967
22 0.10577427377564684
23 0.10517894023798165
24 0.10464893800551744
25 0.10417639501825678
26 0.10375450510716032
27 0.10337736625686665
28 0.10303984546135889
29 0.10273746569648907
30 0.10246631123979
31 0.10222294819093354
32 0.10200435758299937
33 0.10180787892875325
34 0.10163116242663409
35 0.10147212836602156
36 0.10132893253165007
37 0.10119993662007913
38 0.1010836828561051
39 0.10097887213942351
40 0.10088434516861614
41 0.10079906608465757
42 0.10072210825391496
43 0.10065264187430367
44 0.10058992314046064
45 0.1005332847465799
46 0.1004821275408416
47 0.10043591317461048
48 0.10039415761344514
49 0.10035642539719068
50 0.10032232455294873
51 0.10029150207864697
52 0.10026363992675266
53 0.10023845142719337
54 0.10021567809713423
55 0.10019508679210452
56 0.10017646715892035
57 0.10015962935605968
58 0.10014440201128724
59 0.10013063039032555
60 0.1001181747532562
61 0.1001069088784555
62 0.10009671873593701
63 -7.033050319415788
0 0.18658664468889685
1 0.1763982940381982
2 0.1671900327995918
3 0.15895781839130707
4 0.15166361908448286
5 0.14524594813705008
6 0.13962939931797677
7 0.13473241748547352
8 0.13047307827554758
9 0.1267730074833316
10 0.12355975387754604
11 0.12076798454083608
12 0.11833984997438292
13 0.11622480780595945
14 0.11437912578895276
15 0.1127652215990284
16 0.11135094500025793
17 0.11010886852555289
18 0.10901562465252758
19 0.10805130837719186
20 0.1071989518275817
21 0.10644407014880967
22 0.10577427377564705
23 0.10517894023798025
24 0.10464893800551744
25 0.10417639501825678
26 0.10375450510715852
27 0.10337736625687007
28 0.10303984546135629
29 0.10273746569648848
30 0.1024663112397902
31 0.10222294819093634
32 0.10200435758299876
33 0.10180787892875265
34 0.10163116242663107
35 0.10147212836602457
36 0.10132893253165128
37 0.10119993662007792
38 0.10108368285610449
39 0.1009788721394223
40 0.10088434516861654
41 0.10079906608465977
42 0.10072210825391396
43 0.10065264187430306
44 0.10058992314046125
45 0.10053328474657969
46 0.100482127540841
47 0.10043591317461048
48 0.10039415761344493
49 0.10035642539719329
50 0.10032232455294572
51 0.10029150207864718
52 0.10026363992675508
53 0.10023845142719096
54 0.10021567809713504
55 0.10019508679210432
56 0.10017646715891995
57 0.10015962935605828
58 0.10014440201128945
59 0.10013063039032455
60 0.1001181747532572
61 0.10010690887845469
62 0.1000967187359364
63 -7.033050319415791
0 0.1865866446888926
1 0.17639829403819876
2 0.16719003279959366
3 0.15895781839130707
4 0.1516636190844838
5 0.14524594813704778
6 0.13962939931797813
7 0.13473241748547196
8 0.13047307827554952
9 0.1267730074833314
10 0.12355975387754821
11 0.12076798454083155
12 0.11833984997438608
13 0.11622480780595905
14 0.11437912578895355
15 0.11276522159902641
16 0.11135094500025972
17 0.11010886852555189
18 0.10901562465252758
19 0.10805130837719067
20 0.1071989518275827
21 0.10644407014880887
22 0.10577427377564705
23 0.10517894023798025
24 0.10464893800551864
25 0.10417639501825517
26 0.10375450510716053
27 0.10337736625686766
28 0.10303984546136069
29 0.10273746569648687
30 0.1024663112397894
31 0.10222294819093634
32 0.10200435758299937
33 0.10180787892875344
34 0.10163116242663128
35 0.10147212836602557
36 0.10132893253164826
37 0.10119993662008053
38 0.10108368285610249
39 0.10097887213942351
40 0.10088434516861594
41 0.10079906608465856
42 0.10072210825391456
43 0.10065264187430145
44 0.10058992314046246
45 0.1005332847465807
46 0.10048212754083999
47 0.10043591317461269
48 0.10039415761344393
49 0.1003564253971927
50 0.10032232455294693
51 0.10029150207864557
52 0.10026363992675406
53 0.10023845142719337
54 0.10021567809713304
55 0.10019508679210372
56 0.10017646715892135
57 0.10015962935605889
58 0.10014440201128966
59 0.10013063039032254
60 0.10011817475326001
61 0.1001069088784545
62 0.1000967187359354
63 -7.033050319415789
0 0.18658664468889574
1 0.17639829403819782
2 0.16719003279959235
3 0.15895781839130668
4 0.15166361908448533
5 0.1452459481370474
6 0.13962939931797544
7 0.13473241748547352
8 0.13047307827554933
9 0.12677300748333042
10 0.12355975387754703
11 0.1207679845408351
12 0.11833984997438411
13 0.11622480780595845
14 0.11437912578895276
15 0.1127652215990272
16 0.11135094500025833
17 0.11010886852555449
18 0.10901562465252758
19 0.10805130837719226
20 0.10719895182757891
21 0.10644407014881167
22 0.10577427377564864
23 0.10517894023797625
24 0.10464893800552023
25 0.10417639501825537
26 0.10375450510716112
27 0.10337736625686826
28 0.10303984546135789
29 0.10273746569648787
30 0.1024663112397884
31 0.10222294819093876
32 0.10200435758299736
33 0.10180787892875184
34 0.10163116242663409
35 0.10147212836602215
36 0.10132893253165227
37 0.10119993662007792
38 0.10108368285610368
39 0.10097887213942151
40 0.10088434516861614
41 0.10079906608465897
42 0.10072210825391456
43 0.10065264187430507
44 0.10058992314046085
45 0.10053328474657909
46 0.100482127540842
47 0.10043591317461129
48 0.10039415761344493
49 0.10035642539719149
50 0.10032232455294712
51 0.10029150207864657
52 0.10026363992675226
53 0.10023845142719538
54 0.10021567809713264
55 0.1001950867921027
56 0.10017646715892436
57 0.10015962935605707
58 0.10014440201128724
59 0.10013063039032394
60 0.1001181747532562
61 0.10010690887845851
62 0.100096718735936
63 -7.03305031941579
0 0.18658664468889483
1 0.1763982940381967
2 0.16719003279959424
3 0.158957818391305
4 0.15166361908448306
5 0.14524594813705086
6 0.1396293993179762
7 0.13473241748547332
8 0.13047307827554797
9 0.12677300748333237
10 0.12355975387754939
11 0.12076798454083057
12 0.11833984997438529
13 0.11622480780596044
14 0.11437912578894979
15 0.11276522159902899
16 0.11135094500025933
17 0.11010886852555249
18 0.10901562465252758
19 0.10805130837719226
20 0.1071989518275795
21 0.10644407014881008
22 0.10577427377564805
23 0.10517894023798105
24 0.10464893800551484
25 0.10417639501825697
26 0.10375450510715913
27 0.10337736625687066
28 0.1030398454613577
29 0.10273746569648907
30 0.102466311239788
31 0.10222294819093715
32 0.10200435758299917
33 0.10180787892875244
34 0.10163116242663148
35 0.10147212836602457
36 0.10132893253165028
37 0.10119993662007833
38 0.1010836828561047
39 0.1009788721394213
40 0.10088434516861715
41 0.10079906608465776
42 0.10072210825391396
43 0.10065264187430327
44 0.10058992314046426
45 0.10053328474657909
46 0.1004821275408428
47 0.10043591317460807
48 0.10039415761344614
49 0.1003564253971931
50 0.10032232455294512
51 0.10029150207864838
52 0.10026363992675226
53 0.10023845142719398
54 0.10021567809713243
55 0.10019508679210573
56 0.10017646715892076
57 0.10015962935605707
58 0.10014440201128845
59 0.10013063039032354
60 0.10011817475325821
61 0.1001069088784557
62 0.10009671873593438
63 -7.033050319415787
0 0.18658664468889574
1 0.17639829403819524
2 0.16719003279959424
3 0.15895781839130688
4 0.15166361908448267
5 0.1452459481370472
6 0.13962939931797833
7 0.13473241748547118
8 0.1304730782755505
9 0.12677300748332865
10 0.12355975387755075
11 0.12076798454083351
12 0.11833984997438568
13 0.11622480780595727
14 0.11437912578895257
15 0.11276522159902622
16 0.1113509450002615
17 0.11010886852555189
18 0.10901562465252738
19 0.10805130837719286
20 0.1071989518275785
21 0.10644407014881108
22 0.10577427377564545
23 0.10517894023798165
24 0.10464893800551783
25 0.10417639501825657
26 0.10375450510715892
27 0.10337736625686786
28 0.1030398454613595
29 0.10273746569648827
30 0.1024663112397894
31 0.10222294819093675
32 0.10200435758299817
33 0.10180787892875344
34 0.10163116242662988
35 0.10147212836602737
36 0.10132893253164746
37 0.10119993662008034
38 0.10108368285610368
39 0.10097887213942211
40 0.10088434516861654
41 0.10079906608465816
42 0.10072210825391636
43 0.10065264187430145
44 0.10058992314046265
45 0.10053328474657969
46 0.10048212754084221
47 0.10043591317460988
48 0.10039415761344554
49 0.10035642539719149
50 0.10032232455294653
51 0.10029150207864657
52 0.10026363992675527
53 0.10023845142719176
54 0.10021567809713544
55 0.1001950867921023
56 0.10017646715892316
57 0.10015962935605587
58 0.10014440201128845
59 0.10013063039032455
60 0.1001181747532568
61 0.1001069088784573
62 0.10009671873593559
63 -7.033050319415788
0 0.186586644688893
1 0.17639829403819857
2 0.16719003279959235
3 0.1589578183913065
4 0.15166361908448553
5 0.14524594813704625
6 0.13962939931797563
7 0.1347324174854737
8 0.13047307827555304
9 0.12677300748332748
10 0.12355975387754703
11 0.12076798454083548
12 0.11833984997438352
13 0.11622480780596044
14 0.11437912578895158
15 0.11276522159902959
16 0.11135094500025813
17 0.1101088685255533
18 0.10901562465252998
19 0.10805130837718847
20 0.1071989518275801
21 0.10644407014880908
22 0.10577427377564905
23 0.10517894023797905
24 0.10464893800551904
25 0.10417639501825438
26 0.10375450510716172
27 0.10337736625686826
28 0.1030398454613571
29 0.10273746569648907
30 0.1024663112397898
31 0.10222294819093734
32 0.10200435758299817
33 0.10180787892875225
34 0.10163116242663228
35 0.10147212836602296
36 0.10132893253165168
37 0.10119993662007712
38 0.10108368285610449
39 0.10097887213942171
40 0.10088434516861775
41 0.10079906608465997
42 0.10072210825391396
43 0.10065264187430145
44 0.10058992314046206
45 0.10053328474657969
46 0.100482127540843
47 0.10043591317460908
48 0.10039415761344775
49 0.10035642539718827
50 0.10032232455294973
51 0.10029150207864457
52 0.10026363992675588
53 0.10023845142719096
54 0.10021567809713544
55 0.10019508679210432
56 0.10017646715892095
57 0.10015962935605667
58 0.10014440201128885
59 0.10013063039032273
60 0.10011817475325921
61 0.1001069088784557
62 0.10009671873593559
63 -7.033050319415788
0 0.18658664468889669
1 0.1763982940381956
2 0.16719003279959405
3 0.1589578183913063
4 0.15166361908448459
5 0.14524594813704778
6 0.13962939931797658
7 0.1347324174854743
8 0.1304730782755466
9 0.12677300748333023
10 0.12355975387755135
11 0.12076798454083135
12 0.11833984997438589
13 0.11622480780595845
14 0.11437912578895297
15 0.112765221599028
16 0.11135094500025933
17 0.1101088685255515
18 0.10901562465252619
19 0.10805130837719405
20 0.10719895182757871
21 0.10644407014881067
22 0.10577427377564784
23 0.10517894023797945
24 0.10464893800551844
25 0.10417639501825597
26 0.10375450510716072
27 0.10337736625686886
28 0.1030398454613581
29 0.10273746569648708
30 0.1024663112397888
31 0.10222294819093815
32 0.10200435758299897
33 0.10180787892875044
34 0.10163116242663468
35 0.10147212836602376
36 0.10132893253164947
37 0.10119993662007853
38 0.10108368285610449
39 0.10097887213941889
40 0.10088434516862076
41 0.10079906608465816
42 0.10072210825391276
43 0.10065264187430427
44 0.10058992314046285
45 0.10053328474657829
46 0.1004821275408408
47 0.10043591317461029
48 0.10039415761344694
49 0.10035642539719229
50 0.10032232455294672
51 0.10029150207864476
52 0.10026363992675648
53 0.10023845142719377
54 0.10021567809713243
55 0.10019508679210291
56 0.10017646715892337
57 0.10015962935605648
58 0.10014440201128724
59 0.10013063039032294
60 0.10011817475326042
61 0.10010690887845611
62 0.10009671873593479
63 -7.03305031941579
0 0.18658664468889463
1 0.17639829403819987
2 0.16719003279959235
3 0.15895781839130763
4 0.15166361908448212
5 0.14524594813705066
6 0.13962939931797486
7 0.1347324174854739
8 0.13047307827554971
9 0.12677300748332826
10 0.12355975387754879
11 0.12076798454083529
12 0.1183398499743849
13 0.11622480780595787
14 0.11437912578895178
15 0.11276522159902959
16 0.11135094500025873
17 0.1101088685255521
18 0.10901562465252938
19 0.10805130837719107
20 0.1071989518275811
21 0.10644407014880708
22 0.10577427377564964
23 0.10517894023798045
24 0.10464893800551643
25 0.10417639501825597
26 0.10375450510715852
27 0.10337736625686966
28 0.10303984546135869
29 0.10273746569648988
30 0.1024663112397866
31 0.10222294819093815
32 0.10200435758299976
33 0.10180787892875225
34 0.10163116242662887
35 0.10147212836602637
36 0.10132893253164826
37 0.10119993662008134
38 0.10108368285610188
39 0.10097887213942372
40 0.10088434516861775
41 0.10079906608465797
42 0.10072210825391335
43 0.10065264187430367
44 0.10058992314046285
45 0.10053328474657888
46 0.1004821275408406
47 0.10043591317461048
48 0.10039415761344614
49 0.10035642539719208
50 0.10032232455294672
51 0.10029150207864737
52 0.10026363992675105
53 0.10023845142719538
54 0.10021567809713082
55 0.10019508679210552
56 0.10017646715892417
57 0.10015962935605849
58 0.10014440201128584
59 0.10013063039032273
60 0.10011817475325781
61 0.10010690887845831
62 0.100096718735936
63 -7.033050319415792
0 0.18658664468889558
1 0.17639829403819765
2 0.1671900327995929
3 0.15895781839130613
4 0.15166361908448248
5 0.14524594813704758
6 0.13962939931797969
7 0.13473241748547118
8 0.13047307827554971
9 0.12677300748333004
10 0.12355975387755154
11 0.12076798454083175
12 0.11833984997438313
13 0.11622480780595747
14 0.11437912578895514
15 0.11276522159902581
16 0.11135094500026012
17 0.1101088685255523
18 0.10901562465252838
19 0.10805130837719366
20 0.1071989518275791
21 0.10644407014880868
22 0.10577427377564724
23 0.10517894023798245
24 0.10464893800551543
25 0.10417639501825537
26 0.10375450510715892
27 0.10337736625687187
28 0.10303984546135568
29 0.10273746569649128
30 0.1024663112397878
31 0.10222294819093795
32 0.10200435758299957
33 0.10180787892875064
34 0.10163116242663148
35 0.10147212836602437
36 0.10132893253164907
37 0.10119993662008053
38 0.1010836828561051
39 0.1009788721394195
40 0.10088434516861694
41 0.10079906608465997
42 0.10072210825391295
43 0.10065264187430226
44 0.10058992314046365
45 0.10053328474658049
46 0.1004821275408412
47 0.10043591317461129
48 0.10039415761344453
49 0.1003564253971927
50 0.10032232455294632
51 0.10029150207864697
52 0.10026363992675467
53 0.10023845142719116
54 0.10021567809713464
55 0.10019508679210351
56 0.10017646715892235
57 0.10015962935605828
58 0.10014440201128604
59 0.10013063039032495
60 0.1001181747532598
61 0.1001069088784537
62 0.10009671873593741
63 -7.033050319415791
0 0.18658664468889685
1 0.1763982940381956
2 0.16719003279959385
3 0.1589578183913065
4 0.1516636190844842
5 0.14524594813704836
6 0.13962939931797755
7 0.13473241748547216
8 0.13047307827555069
9 0.12677300748333198
10 0.12355975387754684
11 0.12076798454083194
12 0.1183398499743843
13 0.11622480780595885
14 0.11437912578895415
15 0.11276522159902662
16 0.1113509450002615
17 0.1101088685255495
18 0.10901562465252819
19 0.10805130837719087
20 0.10719895182757991
21 0.10644407014881146
22 0.10577427377564884
23 0.10517894023797965
24 0.10464893800551724
25 0.10417639501825618
26 0.10375450510716193
27 0.10337736625686826
28 0.10303984546135748
29 0.10273746569648608
30 0.10246631123979201
31 0.10222294819093515
32 0.10200435758300137
33 0.10180787892875104
34 0.10163116242663027
35 0.10147212836602437
36 0.10132893253164786
37 0.10119993662008214
38 0.10108368285610389
39 0.1009788721394219
40 0.10088434516861715
41 0.10079906608465816
42 0.10072210825391356
43 0.10065264187430145
44 0.10058992314046386
45 0.1005332847465799
46 0.10048212754083959
47 0.10043591317461349
48 0.10039415761344313
49 0.1003564253971927
50 0.10032232455294612
51 0.10029150207864818
52 0.10026363992675207
53 0.10023845142719619
54 0.10021567809713264
55 0.10019508679210311
56 0.10017646715892216
57 0.10015962935605728
58 0.10014440201128845
59 0.10013063039032073
60 0.10011817475326001
61 0.1001069088784549
62 0.1000967187359366
63 -7.033050319415789
0 0.18658664468889669
1 0.1763982940381965
2 0.16719003279959366
3 0.15895781839130688
4 0.15166361908448592
5 0.1452459481370468
6 0.13962939931797466
7 0.13473241748547643
8 0.13047307827554933
9 0.12677300748332865
10 0.12355975387754722
11 0.12076798454083391
12 0.11833984997438726
13 0.11622480780595588
14 0.11437912578895316
15 0.1127652215990294
16 0.11135094500025952
17 0.1101088685255521
18 0.10901562465252738
19 0.10805130837719186
20 0.1071989518275807
21 0.10644407014881008
22 0.10577427377564745
23 0.10517894023797925
24 0.10464893800551904
25 0.10417639501825497
26 0.10375450510716012
27 0.10337736625686805
28 0.10303984546135889
29 0.10273746569648727
30 0.10246631123979201
31 0.10222294819093454
32 0.10200435758300097
33 0.10180787892875164
34 0.10163116242663048
35 0.10147212836602577
36 0.10132893253164967
37 0.10119993662007773
38 0.1010836828561065
39 0.1009788721394213
40 0.10088434516861494
41 0.10079906608465977
42 0.10072210825391195
43 0.10065264187430427
44 0.10058992314046325
45 0.10053328474657888
46 0.1004821275408412
47 0.10043591317461029
48 0.10039415761344674
49 0.10035642539719149
50 0.10032232455294753
51 0.10029150207864657
52 0.10026363992675326
53 0.10023845142719176
54 0.10021567809713584
55 0.10019508679210452
56 0.10017646715891955
57 0.10015962935605849
58 0.10014440201128845
59 0.10013063039032133
60 0.10011817475326042
61 0.1001069088784553
62 0.10009671873593741
63 -7.033050319415793
0 0.18658664468889372
1 0.17639829403819782
2 0.16719003279959535
3 0.15895781839130574
4 0.15166361908448306
5 0.14524594813705027
6 0.13962939931797658
7 0.13473241748547177
8 0.1304730782755505
9 0.1267730074833271
10 0.12355975387755055
11 0.1207679845408345
12 0.11833984997438352
13 0.11622480780595885
14 0.11437912578895237
15 0.1127652215990284
16 0.11135094500025892
17 0.1101088685255517
18 0.10901562465252938
19 0.10805130837719207
20 0.10719895182757991
21 0.10644407014880948
22 0.10577427377564684
23 0.10517894023798105
24 0.10464893800551844
25 0.10417639501825257
26 0.10375450510716193
27 0.10337736625686886
28 0.1030398454613571
29 0.10273746569648967
30 0.1024663112397884
31 0.10222294819093876
32 0.10200435758299796
33 0.10180787892875225
34 0.10163116242663008
35 0.10147212836602516
36 0.10132893253164907
37 0.10119993662008114
38 0.10108368285610309
39 0.10097887213942432
40 0.10088434516861594
41 0.10079906608465837
42 0.10072210825391437
43 0.10065264187430206
44 0.10058992314046386
45 0.10053328474657809
46 0.100482127540842
47 0.10043591317461108
48 0.10039415761344514
49 0.10035642539719249
50 0.10032232455294693
51 0.10029150207864557
52 0.10026363992675387
53 0.10023845142719277
54 0.10021567809713544
55 0.10019508679210332
56 0.10017646715892155
57 0.10015962935605909
58 0.10014440201128402
59 0.10013063039032555
60 0.1001181747532584
61 0.1001069088784573
62 0.100096718735936
63 -7.033050319415791
0 0.18658664468889538
1 0.17639829403819635
2 0.16719003279959366
3 0.15895781839130613
4 0.15166361908448364
5 0.14524594813704836
6 0.13962939931797735
7 0.1347324174854704
8 0.13047307827555069
9 0.1267730074833314
10 0.12355975387754801
11 0.1207679845408345
12 0.1183398499743845
13 0.11622480780595905
14 0.11437912578895099
15 0.11276522159902859
16 0.11135094500025852
17 0.11010886852555309
18 0.10901562465252719
19 0.10805130837719346
20 0.10719895182757831
21 0.10644407014881167
22 0.10577427377564724
23 0.10517894023797725
24 0.10464893800551944
25 0.10417639501825757
26 0.10375450510715953
27 0.10337736625686907
28 0.1030398454613577
29 0.10273746569648848
30 0.1024663112397876
31 0.10222294819093815
32 0.10200435758299777
33 0.10180787892875225
34 0.10163116242663389
35 0.10147212836602296
36 0.10132893253165128
37 0.10119993662007973
38 0.10108368285610268
39 0.10097887213942211
40 0.10088434516861775
41 0.10079906608465856
42 0.10072210825391335
43 0.10065264187430367
44 0.10058992314046246
45 0.10053328474657788
46 0.1004821275408428
47 0.10043591317460847
48 0.10039415761344754
49 0.10035642539719089
50 0.10032232455294553
51 0.10029150207864798
52 0.10026363992675387
53 0.10023845142719437
54 0.10021567809713383
55 0.10019508679210211
56 0.10017646715892155
57 0.10015962935605768
58 0.10014440201128966
59 0.10013063039032334
60 0.1001181747532584
61 0.1001069088784555
62 0.10009671873593701
63 -7.03305031941579
0 0.1865866446888963
1 0.1763982940381969
2 0.16719003279959121
3 0.15895781839130896
4 0.15166361908448192
5 0.1452459481370491
6 0.1396293993179762
7 0.13473241748547352
8 0.13047307827555088
9 0.12677300748332826
10 0.12355975387755075
11 0.12076798454083273
12 0.11833984997438371
13 0.11622480780596123
14 0.11437912578895099
15 0.11276522159902899
16 0.11135094500025673
17 0.11010886852555289
18 0.10901562465252719
19 0.10805130837719405
20 0.10719895182757772
21 0.10644407014881027
22 0.10577427377564924
23 0.10517894023797805
24 0.10464893800551964
25 0.10417639501825618
26 0.10375450510715832
27 0.10337736625686766
28 0.1030398454613611
29 0.10273746569648767
30 0.10246631123979
31 0.10222294819093734
32 0.10200435758299796
33 0.10180787892875284
34 0.10163116242662908
35 0.10147212836602718
36 0.10132893253164928
37 0.10119993662007953
38 0.10108368285610449
39 0.1009788721394213
40 0.10088434516861373
41 0.10079906608466117
42 0.10072210825391356
43 0.10065264187430346
44 0.10058992314046225
45 0.10053328474658049
46 0.1004821275408412
47 0.10043591317461048
48 0.10039415761344474
49 0.1003564253971927
50 0.10032232455294612
51 0.10029150207864616
52 0.10026363992675527
53 0.10023845142719337
54 0.10021567809713224
55 0.10019508679210533
56 0.10017646715892235
57 0.10015962935605889
58 0.10014440201128523
59 0.10013063039032374
60 0.100118174753258
61 0.1001069088784553
62 0.1000967187359358
63 -7.033050319415788
0 0.18658664468889594
1 0.17639829403819596
2 0.16719003279959085
3 0.15895781839130782
4 0.15166361908448592
5 0.14524594813704855
6 0.1396293993179733
7 0.13473241748547565
8 0.13047307827554855
9 0.126773007483331
10 0.12355975387754664
11 0.12076798454083647
12 0.11833984997438332
13 0.11622480780595747
14 0.11437912578895475
15 0.1127652215990284
16 0.11135094500025912
17 0.1101088685255511
18 0.10901562465252779
19 0.10805130837719226
20 0.1071989518275821
21 0.10644407014880727
22 0.10577427377564624
23 0.10517894023798185
24 0.10464893800551864
25 0.10417639501825457
26 0.10375450510716153
27 0.10337736625686926
28 0.10303984546135789
29 0.10273746569648848
30 0.10246631123978639
31 0.10222294819093915
32 0.10200435758300118
33 0.10180787892874964
34 0.10163116242662948
35 0.10147212836602597
36 0.10132893253165087
37 0.10119993662007673
38 0.1010836828561067
39 0.10097887213942111
40 0.10088434516861654
41 0.10079906608465877
42 0.10072210825391416
43 0.10065264187430226
44 0.10058992314046064
45 0.1005332847465807
46 0.1004821275408424
47 0.10043591317461048
48 0.10039415761344614
49 0.10035642539719329
50 0.10032232455294351
51 0.10029150207864918
52 0.10026363992675508
53 0.10023845142719076
54 0.10021567809713484
55 0.10019508679210452
56 0.10017646715892015
57 0.10015962935605989
58 0.10014440201128724
59 0.10013063039032213
60 0.1001181747532588
61 0.10010690887845308
62 0.10009671873594002
63 -7.033050319415791
0 0.18658664468889538
1 0.17639829403819857
2 0.16719003279959121
3 0.15895781839130727
4 0.15166361908448459
5 0.14524594813704894
6 0.13962939931797658
7 0.13473241748547274
8 0.1304730782755505
9 0.12677300748333042
10 0.12355975387754684
11 0.12076798454083666
12 0.11833984997438214
13 0.11622480780595768
14 0.11437912578895297
15 0.1127652215990276
16 0.11135094500025972
17 0.1101088685255527
18 0.10901562465252779
19 0.10805130837719346
20 0.10719895182757791
21 0.10644407014880887
22 0.10577427377564864
23 0.10517894023798245
24 0.10464893800551583
25 0.10417639501825718
26 0.10375450510715792
27 0.10337736625686926
28 0.1030398454613591
29 0.10273746569648787
30 0.1024663112397882
31 0.10222294819093836
32 0.10200435758299917
33 0.10180787892875344
34 0.10163116242662948
35 0.10147212836602516
36 0.10132893253164907
37 0.10119993662007953
38 0.10108368285610529
39 0.10097887213942111
40 0.10088434516861654
41 0.10079906608466117
42 0.10072210825391356
43 0.10065264187430206
44 0.10058992314046285
45 0.10053328474657869
46 0.1004821275408418
47 0.10043591317460887
48 0.10039415761344593
49 0.1003564253971937
50 0.10032232455294532
51 0.10029150207864737
52 0.10026363992675508
53 0.10023845142719016
54 0.10021567809713504
55 0.10019508679210472
56 0.10017646715892216
57 0.10015962935605788
58 0.10014440201128563
59 0.10013063039032495
60 0.100118174753258
61 0.1001069088784567
62 0.10009671873593438
63 -7.033050319415789
0 0.1865866446888941
1 0.17639829403819765
2 0.1671900327995931
3 0.15895781839130763
4 0.15166361908448153
5 0.14524594813704855
6 0.13962939931797794
7 0.1347324174854737
8 0.13047307827554952
9 0.12677300748332962
10 0.12355975387754742
11 0.12076798454083372
12 0.11833984997438589
13 0.11622480780595826
14 0.11437912578895276
15 0.1127652215990272
16 0.11135094500026091
17 0.11010886852555091
18 0.10901562465253097
19 0.10805130837719087
20 0.1071989518275795
21 0.10644407014880788
22 0.10577427377564605
23 0.10517894023798205
24 0.10464893800552023
25 0.10417639501825597
26 0.10375450510715711
27 0.10337736625686907
28 0.10303984546135789
29 0.10273746569648907
30 0.10246631123978961
31 0.10222294819093855
32 0.10200435758299736
33 0.10180787892875164
34 0.10163116242663107
35 0.10147212836602537
36 0.10132893253165087
37 0.10119993662007552
38 0.1010836828561097
39 0.10097887213941889
40 0.10088434516861614
41 0.10079906608466198
42 0.10072210825391135
43 0.10065264187430548
44 0.10058992314045984
45 0.1005332847465807
46 0.100482127540841
47 0.10043591317461148
48 0.10039415761344292
49 0.10035642539719611
50 0.10032232455294532
51 0.10029150207864677
52 0.10026363992675247
53 0.10023845142719318
54 0.10021567809713686
55 0.10019508679210211
56 0.10017646715892015
57 0.10015962935605889
58 0.10014440201128805
59 0.10013063039032233
60 0.1001181747532588
61 0.1001069088784557
62 0.1000967187359364
63 -7.033050319415789
0 0.1865866446888928
1 0.17639829403819782
2 0.16719003279959196
3 0.15895781839130743
4 0.15166361908448345
5 0.14524594813704894
6 0.13962939931797658
7 0.13473241748547662
8 0.1304730782755468
9 0.1267730074833314
10 0.12355975387754684
11 0.12076798454083391
12 0.1183398499743847
13 0.11622480780595826
14 0.11437912578895257
15 0.11276522159902701
16 0.11135094500026091
17 0.1101088685255511
18 0.10901562465252938
19 0.10805130837719286
20 0.1071989518275797
21 0.10644407014880827
22 0.10577427377564824
23 0.10517894023798065
24 0.10464893800551764
25 0.10417639501825497
26 0.10375450510715972
27 0.10337736625686805
28 0.10303984546136069
29 0.10273746569648647
30 0.10246631123978961
31 0.10222294819093675
32 0.10200435758300057
33 0.10180787892875204
34 0.10163116242663128
35 0.10147212836602296
36 0.10132893253165208
37 0.10119993662007733
38 0.10108368285610408
39 0.10097887213942211
40 0.10088434516861855
41 0.10079906608465776
42 0.10072210825391195
43 0.10065264187430548
44 0.10058992314046246
45 0.10053328474657748
46 0.10048212754084321
47 0.10043591317461088
48 0.10039415761344533
49 0.10035642539719129
50 0.10032232455294753
51 0.10029150207864516
52 0.10026363992675688
53 0.10023845142719136
54 0.10021567809713323
55 0.10019508679210452
56 0.10017646715892076
57 0.10015962935605849
58 0.10014440201128744
59 0.10013063039032273
60 0.1001181747532584
61 0.10010690887845872
62 0.10009671873593298
63 -7.033050319415787
0 0.1865866446888976
1 0.1763982940381956
2 0.16719003279959385
3 0.1589578183913042
4 0.15166361908448497
5 0.1452459481370493
6 0.13962939931797447
7 0.13473241748547565
8 0.13047307827554738
9 0.12677300748333256
10 0.12355975387754801
11 0.12076798454083332
12 0.11833984997438529
13 0.11622480780595866
14 0.11437912578895158
15 0.11276522159902899
16 0.1113509450002615
17 0.11010886852554991
18 0.10901562465252758
19 0.10805130837719286
20 0.1071989518275785
21 0.10644407014881087
22 0.10577427377564505
23 0.10517894023798545
24 0.10464893800551564
25 0.10417639501825478
26 0.10375450510715872
27 0.10337736625686945
28 0.1030398454613571
29 0.10273746569648948
30 0.1024663112397892
31 0.10222294819093695
32 0.10200435758299997
33 0.10180787892875204
34 0.10163116242663048
35 0.10147212836602798
36 0.10132893253164667
37 0.10119993662008255
38 0.10108368285610128
39 0.10097887213942372
40 0.10088434516861614
41 0.10079906608465856
42 0.10072210825391496
43 0.10065264187430166
44 0.10058992314046045
45 0.10053328474658049
46 0.1004821275408412
47 0.10043591317461309
48 0.10039415761344353
49 0.1003564253971931
50 0.10032232455294693
51 0.10029150207864597
52 0.10026363992675387
53 0.10023845142719358
54 0.10021567809713304
55 0.10019508679210692
56 0.10017646715891955
57 0.10015962935605788
58 0.10014440201128805
59 0.10013063039032213
60 0.10011817475325781
61 0.1001069088784563
62 0.1000967187359366
63 -7.033050319415791
0 0.18658664468889558
1 0.1763982940381971
2 0.1671900327995931
3 0.15895781839130707
4 0.15166361908448325
5 0.14524594813704894
6 0.13962939931797697
7 0.1347324174854739
8 0.13047307827554933
9 0.12677300748332865
10 0.12355975387754761
11 0.1207679845408345
12 0.11833984997438589
13 0.11622480780595806
14 0.11437912578895197
15 0.11276522159902741
16 0.1113509450002627
17 0.11010886852555091
18 0.10901562465252719
19 0.10805130837719047
20 0.1071989518275797
21 0.10644407014881208
22 0.10577427377564905
23 0.10517894023797765
24 0.10464893800551764
25 0.10417639501825697
26 0.10375450510715992
27 0.10337736625686926
28 0.10303984546135689
29 0.10273746569648988
30 0.10246631123978679
31 0.10222294819093955
32 0.10200435758299616
33 0.10180787892875325
34 0.10163116242663328
35 0.10147212836602015
36 0.10132893253165208
37 0.10119993662008074
38 0.10108368285610349
39 0.1009788721394223
40 0.10088434516861554
41 0.10079906608465997
42 0.10072210825391216
43 0.10065264187430487
44 0.10058992314046024
45 0.1005332847465809
46 0.1004821275408424
47 0.10043591317460868
48 0.10039415761344654
49 0.10035642539719229
50 0.10032232455294632
51 0.10029150207864677
52 0.10026363992675487
53 0.10023845142719237
54 0.10021567809713243
55 0.10019508679210612
56 0.10017646715892115
57 0.10015962935605667
58 0.10014440201128864
59 0.10013063039032555
60 0.1001181747532572
61 0.1001069088784555
62 0.10009671873593559
63 -7.03305031941579
0 0.18658664468889427
1 0.1763982940381995
2 0.16719003279959216
3 0.15895781839130763
4 0.1516636190844842
5 0.14524594813704664
6 0.13962939931797755
7 0.1347324174854739
8 0.13047307827554894
9 0.12677300748333062
10 0.12355975387754643
11 0.1207679845408345
12 0.11833984997438687
13 0.11622480780595569
14 0.11437912578895336
15 0.11276522159902859
16 0.11135094500026012
17 0.1101088685255505
18 0.10901562465252819
19 0.10805130837719266
20 0.10719895182757991
21 0.10644407014881087
22 0.10577427377564724
23 0.10517894023797865
24 0.10464893800551783
25 0.10417639501825797
26 0.10375450510715711
27 0.10337736625687026
28 0.1030398454613577
29 0.10273746569648888
30 0.10246631123978961
31 0.10222294819093615
32 0.10200435758300137
33 0.10180787892875044
34 0.10163116242663209
35 0.10147212836602476
36 0.10132893253164807
37 0.10119993662007894
38 0.1010836828561057
39 0.10097887213942311
40 0.10088434516861594
41 0.10079906608465937
42 0.10072210825391055
43 0.10065264187430367
44 0.10058992314046346
45 0.10053328474658009
46 0.100482127540842
47 0.10043591317460988
48 0.10039415761344614
49 0.1003564253971927
50 0.10032232455294632
51 0.10029150207864576
52 0.10026363992675467
53 0.10023845142719157
54 0.10021567809713544
55 0.10019508679210372
56 0.10017646715892195
57 0.10015962935605607
58 0.10014440201128805
59 0.10013063039032535
60 0.1001181747532574
61 0.1001069088784581
62 0.1000967187359368
63 -7.033050319415794
0 0.1865866446888963
1 0.1763982940381945
2 0.1671900327995944
3 0.15895781839130782
4 0.15166361908448076
5 0.14524594813705027
6 0.13962939931797563
7 0.13473241748547546
8 0.130473078275547
9 0.12677300748333198
10 0.12355975387754801
11 0.12076798454083411
12 0.1183398499743849
13 0.11622480780595668
14 0.11437912578895297
15 0.1127652215990284
16 0.11135094500026091
17 0.11010886852554831
18 0.10901562465253058
19 0.10805130837719286
20 0.10719895182757791
21 0.10644407014881127
22 0.10577427377564745
23 0.10517894023798145
24 0.10464893800551704
25 0.10417639501825478
26 0.10375450510715953
27 0.10337736625686926
28 0.10303984546136029
29 0.10273746569648748
30 0.1024663112397882
31 0.10222294819093695
32 0.10200435758299876
33 0.10180787892875225
34 0.10163116242663309
35 0.10147212836602096
36 0.10132893253165128
37 0.10119993662007894
38 0.1010836828561057
39 0.1009788721394223
40 0.10088434516861573
41 0.10079906608465816
42 0.10072210825391396
43 0.10065264187430427
44 0.10058992314046206
45 0.10053328474657869
46 0.1004821275408414
47 0.10043591317461108
48 0.10039415761344533
49 0.10035642539719289
50 0.10032232455294632
51 0.10029150207864798
52 0.10026363992675086
53 0.10023845142719398
54 0.10021567809713383
55 0.10019508679210372
56 0.10017646715892176
57 0.10015962935605728
58 0.10014440201128845
59 0.10013063039032273
60 0.10011817475325921
61 0.10010690887845711
62 0.10009671873593359
63 -7.033050319415787
0 0.18658664468889427
1 0.17639829403819782
2 0.1671900327995933
3 0.158957818391305
4 0.15166361908448533
5 0.14524594813704758
6 0.13962939931797486
7 0.13473241748547507
8 0.13047307827554971
9 0.12677300748332865
10 0.12355975387754801
11 0.1207679845408351
12 0.11833984997438352
13 0.11622480780596003
14 0.11437912578895099
15 0.11276522159903038
16 0.11135094500025773
17 0.1101088685255517
18 0.10901562465252998
19 0.10805130837719226
20 0.10719895182758031
21 0.10644407014880627
22 0.10577427377565024
23 0.10517894023798086
24 0.10464893800551704
25 0.10417639501825177
26 0.10375450510716172
27 0.10337736625687187
28 0.10303984546135748
29 0.10273746569648827
30 0.1024663112397866
31 0.10222294819093895
32 0.10200435758299836
33 0.10180787892875104
34 0.10163116242663288
35 0.10147212836602597
36 0.10132893253164867
37 0.10119993662007934
38 0.10108368285610309
39 0.10097887213942211
40 0.10088434516861795
41 0.10079906608465937
42 0.10072210825391335
43 0.10065264187430105
44 0.10058992314046426
45 0.10053328474657788
46 0.1004821275408416
47 0.10043591317461069
48 0.10039415761344533
49 0.10035642539719229
50 0.10032232455294914
51 0.10029150207864396
52 0.10026363992675467
53 0.10023845142719076
54 0.10021567809713726
55 0.10019508679210351
56 0.10017646715892417
57 0.10015962935605607
58 0.10014440201128623
59 0.10013063039032415
60 0.10011817475325961
61 0.1001069088784559
62 0.10009671873593379
63 -7.033050319415787
0 0.18658664468889796
1 0.1763982940381945
2 0.16719003279959235
3 0.15895781839130896
4 0.15166361908448173
5 0.14524594813704855
6 0.13962939931797658
7 0.13473241748547313
8 0.13047307827555185
9 0.1267730074833308
10 0.12355975387754604
11 0.12076798454083706
12 0.11833984997438135
13 0.11622480780595866
14 0.11437912578895316
15 0.1127652215990276
16 0.11135094500025933
17 0.11010886852555189
18 0.10901562465252977
19 0.10805130837719167
20 0.10719895182757991
21 0.10644407014880927
22 0.10577427377564765
23 0.10517894023798065
24 0.10464893800551824
25 0.10417639501825338
26 0.10375450510716412
27 0.10337736625686605
28 0.1030398454613577
29 0.10273746569648907
30 0.1024663112397872
31 0.10222294819094116
32 0.10200435758299616
33 0.10180787892875284
34 0.10163116242663268
35 0.10147212836602296
36 0.10132893253164928
37 0.10119993662007934
38 0.10108368285610449
39 0.10097887213942211
40 0.10088434516861795
41 0.10079906608465655
42 0.10072210825391477
43 0.10065264187430327
44 0.10058992314046206
45 0.10053328474657769
46 0.100482127540843
47 0.10043591317461069
48 0.10039415761344775
49 0.10035642539719208
50 0.10032232455294492
51 0.10029150207864838
52 0.10026363992675226
53 0.10023845142719358
54 0.10021567809713404
55 0.10019508679210573
56 0.10017646715891974
57 0.10015962935605768
58 0.10014440201128764
59 0.10013063039032254
60 0.1001181747532594
61 0.1001069088784567
62 0.100096718735936
63 -7.033050319415792
0 0.1865866446888963
1 0.1763982940381956
2 0.1671900327995961
3 0.15895781839130346
4 0.1516636190844882
5 0.1452459481370472
6 0.13962939931797524
7 0.1347324174854745
8 0.13047307827554971
9 0.12677300748333042
10 0.12355975387754742
11 0.12076798454083312
12 0.1183398499743847
13 0.11622480780595905
14 0.11437912578895494
15 0.11276522159902681
16 0.11135094500025852
17 0.11010886852555428
18 0.109015624652526
19 0.10805130837719147
20 0.1071989518275819
21 0.10644407014880708
22 0.10577427377564964
23 0.10517894023798025
24 0.10464893800551824
25 0.10417639501825378
26 0.10375450510716153
27 0.10337736625686826
28 0.10303984546135748
29 0.10273746569648808
30 0.10246631123978961
31 0.10222294819093815
32 0.10200435758300057
33 0.10180787892875023
34 0.10163116242663067
35 0.10147212836602577
36 0.10132893253164967
37 0.10119993662007873
38 0.10108368285610389
39 0.1009788721394219
40 0.10088434516861554
41 0.10079906608466077
42 0.10072210825391335
43 0.10065264187430406
44 0.10058992314046104
45 0.1005332847465823
46 0.10048212754083738
47 0.10043591317461228
48 0.10039415761344554
49 0.1003564253971935
50 0.10032232455294451
51 0.10029150207864838
52 0.10026363992675427
53 0.10023845142719358
54 0.10021567809713344
55 0.10019508679210372
56 0.10017646715892256
57 0.10015962935605546
58 0.10014440201128784
59 0.10013063039032415
60 0.10011817475325821
61 0.10010690887845329
62 0.10009671873593781
63 -7.03305031941579
0 0.18658664468889372
1 0.17639829403819596
2 0.167190032799595
3 0.15895781839130801
4 0.15166361908448095
5 0.14524594813705027
6 0.13962939931797697
7 0.13473241748547216
8 0.13047307827555166
9 0.12677300748332984
10 0.12355975387754643
11 0.12076798454083411
12 0.11833984997438549
13 0.11622480780595905
14 0.11437912578895099
15 0.11276522159902859
16 0.11135094500025754
17 0.1101088685255533
18 0.10901562465252917
19 0.10805130837719186
20 0.1071989518275801
21 0.10644407014880887
22 0.10577427377565043
23 0.10517894023797705
24 0.10464893800552023
25 0.10417639501825578
26 0.10375450510715852
27 0.10337736625686907
28 0.10303984546135869
29 0.10273746569648888
30 0.1024663112397878
31 0.10222294819093615
32 0.10200435758300078
33 0.10180787892875044
34 0.10163116242663169
35 0.10147212836602437
36 0.10132893253165128
37 0.10119993662007873
38 0.10108368285610389
39 0.10097887213942291
40 0.10088434516861534
41 0.10079906608466037
42 0.10072210825391216
43 0.10065264187430527
44 0.10058992314046045
45 0.10053328474658009
46 0.100482127540842
47 0.10043591317461048
48 0.10039415761344474
49 0.1003564253971927
50 0.10032232455294592
51 0.10029150207864758
52 0.10026363992675266
53 0.10023845142719437
54 0.10021567809713183
55 0.10019508679210633
56 0.10017646715892256
57 0.10015962935605567
58 0.10014440201128724
59 0.10013063039032354
60 0.10011817475325821
61 0.1001069088784581
62 0.1000967187359354
63 -7.033050319415789
0 0.18658664468889705
1 0.17639829403819635
2 0.1671900327995931
3 0.1589578183913082
4 0.15166361908448478
5 0.14524594813704508
6 0.13962939931797716
7 0.1347324174854741
8 0.13047307827554913
9 0.12677300748332904
10 0.12355975387754978
11 0.1207679845408343
12 0.11833984997438371
13 0.11622480780595806
14 0.11437912578895475
15 0.11276522159902899
16 0.11135094500025555
17 0.1101088685255527
18 0.10901562465252858
19 0.10805130837719207
20 0.1071989518275801
21 0.10644407014881087
22 0.10577427377564624
23 0.10517894023798224
24 0.10464893800551844
25 0.10417639501825397
26 0.10375450510716072
27 0.10337736625686826
28 0.1030398454613585
29 0.10273746569648827
30 0.1024663112397882
31 0.10222294819093615
32 0.10200435758299796
33 0.10180787892875405
34 0.10163116242663088
35 0.10147212836602497
36 0.10132893253165047
37 0.10119993662007973
38 0.10108368285610309
39 0.1009788721394213
40 0.10088434516861694
41 0.10079906608466098
42 0.10072210825391376
43 0.10065264187430026
44 0.10058992314046486
45 0.10053328474657809
46 0.10048212754084401
47 0.10043591317460968
48 0.10039415761344232
49 0.1003564253971943
50 0.10032232455294351
51 0.1002915020786514
52 0.10026363992675226
53 0.10023845142719377
54 0.10021567809713304
55 0.10019508679210391
56 0.10017646715892055
57 0.10015962935605868
58 0.10014440201128663
59 0.10013063039032495
60 0.1001181747532576
61 0.1001069088784573
62 0.100096718735936
63 -7.033050319415792
0 0.18658664468889574
1 0.17639829403819912
2 0.16719003279959047
3 0.1589578183913048
4 0.15166361908448686
5 0.1452459481370474
6 0.1396293993179762
7 0.1347324174854745
8 0.13047307827554797
9 0.12677300748333004
10 0.12355975387754761
11 0.12076798454083548
12 0.1183398499743849
13 0.11622480780595845
14 0.11437912578895355
15 0.112765221599028
16 0.11135094500025773
17 0.1101088685255501
18 0.10901562465253037
19 0.10805130837719186
20 0.1071989518275805
21 0.10644407014880848
22 0.10577427377564705
23 0.10517894023798205
24 0.10464893800551583
25 0.10417639501825818
26 0.10375450510716092
27 0.10337736625686565
28 0.1030398454613599
29 0.10273746569648867
30 0.10246631123979061
31 0.10222294819093435
32 0.10200435758299937
33 0.10180787892875164
34 0.10163116242663048
35 0.10147212836602737
36 0.10132893253164867
37 0.10119993662007873
38 0.10108368285610489
39 0.1009788721394219
40 0.10088434516861594
41 0.10079906608466117
42 0.10072210825391155
43 0.10065264187430548
44 0.10058992314045904
45 0.1005332847465815
46 0.10048212754083959
47 0.10043591317461148
48 0.10039415761344815
49 0.10035642539718807
50 0.10032232455294632
51 0.10029150207864877
52 0.10026363992675527
53 0.10023845142719176
54 0.10021567809713584
55 0.10019508679210071
56 0.10017646715892417
57 0.10015962935605607
58 0.10014440201128805
59 0.10013063039032313
60 0.1001181747532584
61 0.10010690887845651
62 0.1000967187359372
63 -7.033050319415791
0 0.1865866446888974
1 0.1763982940381943
2 0.16719003279959385
3 0.15895781839130668
4 0.151663619084484
5 0.14524594813704797
6 0.139629399317976
7 0.1347324174854737
8 0.13047307827554738
9 0.12677300748333353
10 0.12355975387754761
11 0.12076798454083155
12 0.11833984997438608
13 0.11622480780595924
14 0.11437912578895039
15 0.11276522159903038
16 0.11135094500025634
17 0.11010886852555468
18 0.10901562465252819
19 0.10805130837719107
20 0.10719895182758031
21 0.10644407014881027
22 0.10577427377564824
23 0.10517894023798045
24 0.10464893800551783
25 0.10417639501825597
26 0.10375450510715913
27 0.10337736625686746
28 0.1030398454613595
29 0.10273746569648767
30 0.1024663112397888
31 0.10222294819093734
32 0.10200435758299937
33 0.10180787892875384
34 0.10163116242663088
35 0.10147212836602457
36 0.10132893253165007
37 0.10119993662007692
38 0.1010836828561071
39 0.1009788721394205
40 0.10088434516861534
41 0.10079906608466138
42 0.10072210825391216
43 0.10065264187430226
44 0.10058992314046507
45 0.10053328474657829
46 0.10048212754084221
47 0.10043591317460988
48 0.10039415761344674
49 0.10035642539719129
50 0.10032232455294553
51 0.10029150207864697
52 0.10026363992675487
53 0.10023845142719116
54 0.10021567809713665
55 0.10019508679210251
56 0.10017646715892396
57 0.10015962935605387
58 0.10014440201128885
59 0.10013063039032374
60 0.1001181747532594
61 0.1001069088784563
62 0.100096718735935
63 -7.03305031941579
0 0.1865866446888965
1 0.17639829403819393
2 0.16719003279959516
3 0.15895781839130896
4 0.15166361908448173
5 0.1452459481370472
6 0.1396293993179762
7 0.13473241748547507
8 0.13047307827554738
9 0.12677300748333373
10 0.12355975387754506
11 0.1207679845408349
12 0.11833984997438371
13 0.11622480780595845
14 0.11437912578895316
15 0.11276522159902741
16 0.11135094500026191
17 0.11010886852555249
18 0.10901562465252619
19 0.10805130837719167
20 0.10719895182758031
21 0.10644407014880768
22 0.10577427377564964
23 0.10517894023798045
24 0.10464893800551764
25 0.10417639501825457
26 0.10375450510716012
27 0.10337736625686907
28 0.10303984546135889
29 0.10273746569648627
30 0.1024663112397902
31 0.10222294819093715
32 0.10200435758299876
33 0.10180787892875204
34 0.10163116242663409
35 0.10147212836602437
36 0.10132893253164967
37 0.10119993662007813
38 0.1010836828561055
39 0.1009788721394187
40 0.10088434516861815
41 0.10079906608465977
42 0.10072210825391356
43 0.10065264187430467
44 0.10058992314046104
45 0.1005332847465785
46 0.100482127540842
47 0.10043591317460927
48 0.10039415761344554
49 0.1003564253971939
50 0.10032232455294712
51 0.10029150207864496
52 0.10026363992675508
53 0.10023845142719176
54 0.10021567809713565
55 0.10019508679210351
56 0.10017646715892095
57 0.10015962935605849
58 0.10014440201128663
59 0.10013063039032273
60 0.10011817475326001
61 0.1001069088784573
62 0.1000967187359354
63 -7.03305031941579
0 0.18658664468889502
1 0.17639829403819765
2 0.16719003279959424
3 0.15895781839130763
4 0.15166361908448228
5 0.14524594813704797
6 0.13962939931797427
7 0.13473241748547604
8 0.13047307827555127
9 0.12677300748332904
10 0.12355975387754918
11 0.12076798454083273
12 0.11833984997438174
13 0.11622480780596162
14 0.11437912578895336
15 0.11276522159902502
16 0.11135094500025852
17 0.11010886852555349
18 0.10901562465252917
19 0.10805130837719247
20 0.10719895182757991
21 0.10644407014880848
22 0.10577427377564765
23 0.10517894023798165
24 0.10464893800551744
25 0.10417639501825637
26 0.10375450510716012
27 0.10337736625686786
28 0.10303984546135789
29 0.10273746569648767
30 0.10246631123979
31 0.10222294819093876
32 0.10200435758299757
33 0.10180787892875164
34 0.10163116242663188
35 0.10147212836602196
36 0.10132893253165329
37 0.10119993662007652
38 0.10108368285610429
39 0.10097887213942372
40 0.10088434516861614
41 0.10079906608465837
42 0.10072210825391416
43 0.10065264187430346
44 0.10058992314046206
45 0.10053328474657809
46 0.1004821275408434
47 0.10043591317461069
48 0.10039415761344332
49 0.1003564253971941
50 0.10032232455294712
51 0.10029150207864536
52 0.10026363992675427
53 0.10023845142719318
54 0.10021567809713444
55 0.10019508679210332
56 0.10017646715892216
57 0.10015962935605828
58 0.10014440201128644
59 0.10013063039032495
60 0.1001181747532574
61 0.1001069088784567
62 0.1000967187359362
63 -7.033050319415792
0 0.18658664468889574
1 0.1763982940381971
2 0.1671900327995927
3 0.15895781839130668
4 0.1516636190844865
5 0.1452459481370474
6 0.1396293993179762
7 0.13473241748547235
8 0.13047307827554933
9 0.12677300748333198
10 0.12355975387754879
11 0.12076798454083273
12 0.1183398499743851
13 0.11622480780595806
14 0.11437912578895276
15 0.1127652215990276
16 0.11135094500025773
17 0.11010886852555468
18 0.10901562465252719
19 0.10805130837719286
20 0.1071989518275795
21 0.10644407014881087
22 0.10577427377564565
23 0.10517894023798185
24 0.10464893800551764
25 0.10417639501825357
26 0.10375450510716153
27 0.10337736625686945
28 0.10303984546135729
29 0.10273746569648827
30 0.1024663112397886
31 0.10222294819093915
32 0.10200435758299696
33 0.10180787892875445
34 0.10163116242663128
35 0.10147212836602397
36 0.10132893253165007
37 0.10119993662007873
38 0.10108368285610429
39 0.10097887213942151
40 0.10088434516861594
41 0.10079906608465797
42 0.10072210825391477
43 0.10065264187430387
44 0.10058992314046206
45 0.10053328474657929
46 0.1004821275408414
47 0.10043591317461228
48 0.10039415761344313
49 0.1003564253971937
50 0.10032232455294592
51 0.10029150207864877
52 0.10026363992675326
53 0.10023845142719377
54 0.10021567809713082
55 0.10019508679210472
56 0.10017646715892216
57 0.10015962935605889
58 0.10014440201128744
59 0.10013063039032193
60 0.10011817475326082
61 0.1001069088784537
62 0.1000967187359368
63 -7.033050319415791
0 0.18658664468889483
1 0.17639829403819765
2 0.16719003279959366
3 0.15895781839130743
4 0.15166361908448228
5 0.14524594813704875
6 0.13962939931797716
7 0.1347324174854739
8 0.13047307827554874
9 0.12677300748333237
10 0.12355975387754546
11 0.12076798454083332
12 0.1183398499743849
13 0.11622480780596024
14 0.11437912578895178
15 0.1127652215990288
16 0.11135094500025813
17 0.1101088685255517
18 0.10901562465252779
19 0.10805130837719346
20 0.10719895182758031
21 0.10644407014880708
22 0.10577427377564905
23 0.10517894023798165
24 0.10464893800551804
25 0.10417639501825537
26 0.10375450510715972
27 0.10337736625686786
28 0.10303984546135789
29 0.10273746569649028
30 0.1024663112397892
31 0.10222294819093675
32 0.10200435758299777
33 0.10180787892875325
34 0.10163116242662988
35 0.10147212836602637
36 0.10132893253164907
37 0.10119993662007853
38 0.10108368285610489
39 0.10097887213942472
40 0.10088434516861393
41 0.10079906608465897
42 0.10072210825391316
43 0.10065264187430427
44 0.10058992314046486
45 0.10053328474657688
46 0.1004821275408424
47 0.10043591317460927
48 0.10039415761344735
49 0.10035642539719208
50 0.10032232455294592
51 0.10029150207864516
52 0.10026363992675427
53 0.10023845142719318
54 0.10021567809713364
55 0.10019508679210391
56 0.10017646715891894
57 0.10015962935606049
58 0.10014440201128925
59 0.10013063039032073
60 0.10011817475326001
61 0.10010690887845691
62 0.10009671873593559
63 -7.033050319415791
0 0.18658664468889483
1 0.17639829403819524
2 0.16719003279959196
3 0.15895781839130763
4 0.15166361908448572
5 0.1452459481370472
6 0.13962939931797774
7 0.13473241748547254
8 0.13047307827554835
9 0.12677300748332923
10 0.12355975387754899
11 0.1207679845408351
12 0.1183398499743843
13 0.11622480780595924
14 0.11437912578895257
15 0.1127652215990288
16 0.11135094500025773
17 0.11010886852555349
18 0.10901562465252639
19 0.10805130837719326
20 0.10719895182757931
21 0.10644407014881027
22 0.10577427377564605
23 0.10517894023798145
24 0.10464893800551543
25 0.10417639501825678
26 0.10375450510716172
27 0.10337736625686826
28 0.1030398454613567
29 0.10273746569648848
30 0.10246631123978961
31 0.10222294819093755
32 0.10200435758300017
33 0.10180787892875044
34 0.10163116242663169
35 0.10147212836602758
36 0.10132893253164646
37 0.10119993662008134
38 0.10108368285610188
39 0.10097887213942332
40 0.10088434516861554
41 0.10079906608466077
42 0.10072210825391276
43 0.10065264187430246
44 0.10058992314046265
45 0.10053328474657929
46 0.1004821275408408
47 0.10043591317461129
48 0.10039415761344574
49 0.1003564253971927
50 0.10032232455294472
51 0.10029150207864818
52 0.10026363992675447
53 0.10023845142718996
54 0.10021567809713726
55 0.10019508679210391
56 0.10017646715892115
57 0.10015962935606008
58 0.10014440201128604
59 0.10013063039032233
60 0.10011817475326082
61 0.1001069088784549
62 0.1000967187359358
63 -7.033050319415789
0 0.1865866446888963
1 0.17639829403819635
2 0.1671900327995931
3 0.15895781839130613
4 0.15166361908448345
5 0.1452459481370468
6 0.1396293993179791
7 0.13473241748547254
8 0.13047307827555069
9 0.12677300748332884
10 0.12355975387754899
11 0.12076798454083312
12 0.11833984997438667
13 0.11622480780595588
14 0.11437912578895336
15 0.11276522159902859
16 0.11135094500025972
17 0.1101088685255507
18 0.10901562465253017
19 0.10805130837719047
20 0.1071989518275819
21 0.10644407014880868
22 0.10577427377564705
23 0.10517894023798185
24 0.10464893800551704
25 0.10417639501825557
26 0.10375450510715972
27 0.10337736625686705
28 0.10303984546135969
29 0.10273746569648787
30 0.1024663112397888
31 0.10222294819093675
32 0.10200435758300037
33 0.10180787892875225
34 0.10163116242663067
35 0.10147212836602737
36 0.10132893253164987
37 0.10119993662007552
38 0.1010836828561061
39 0.1009788721394195
40 0.10088434516861995
41 0.10079906608465736
42 0.10072210825391437
43 0.10065264187430206
44 0.10058992314046386
45 0.10053328474658009
46 0.100482127540841
47 0.10043591317460948
48 0.10039415761344614
49 0.10035642539719068
50 0.10032232455294793
51 0.10029150207864657
52 0.10026363992675608
53 0.10023845142718915
54 0.10021567809713504
55 0.10019508679210412
56 0.10017646715892195
57 0.10015962935605909
58 0.10014440201128563
59 0.10013063039032374
60 0.1001181747532584
61 0.1001069088784559
62 0.1000967187359354
63 -7.033050319415788
0 0.18658664468889685
1 0.17639829403819504
2 0.1671900327995933
3 0.15895781839130743
4 0.15166361908448345
5 0.14524594813704855
6 0.1396293993179762
7 0.13473241748547254
8 0.13047307827555343
9 0.1267730074833265
10 0.12355975387754958
11 0.1207679845408351
12 0.11833984997438214
13 0.11622480780596003
14 0.11437912578895217
15 0.1127652215990276
16 0.11135094500025773
17 0.11010886852555568
18 0.10901562465252719
19 0.10805130837719207
20 0.1071989518275791
21 0.10644407014881067
22 0.10577427377564545
23 0.10517894023798385
24 0.10464893800551464
25 0.10417639501825718
26 0.10375450510715672
27 0.10337736625687026
28 0.1030398454613585
29 0.10273746569648907
30 0.1024663112397882
31 0.10222294819093895
32 0.10200435758299997
33 0.10180787892875265
34 0.10163116242662908
35 0.10147212836602416
36 0.10132893253165047
37 0.10119993662007953
38 0.10108368285610449
39 0.10097887213942171
40 0.10088434516861534
41 0.10079906608466198
42 0.10072210825391115
43 0.10065264187430327
44 0.10058992314046165
45 0.10053328474658049
46 0.10048212754084221
47 0.10043591317460968
48 0.10039415761344593
49 0.10035642539719189
50 0.10032232455294532
51 0.10029150207864877
52 0.10026363992675366
53 0.10023845142719216
54 0.10021567809713344
55 0.10019508679210533
56 0.10017646715892216
57 0.10015962935605748
58 0.10014440201128703
59 0.10013063039032233
60 0.10011817475325921
61 0.10010690887845791
62 0.10009671873593279
63 -7.033050319415788
0 0.18658664468889483
1 0.1763982940381965
2 0.16719003279959554
3 0.15895781839130668
4 0.15166361908448248
5 0.14524594813704875
6 0.139629399317976
7 0.13473241748547488
8 0.13047307827554777
9 0.12677300748333178
10 0.12355975387754821
11 0.12076798454083351
12 0.11833984997438332
13 0.11622480780595924
14 0.11437912578895376
15 0.11276522159902543
16 0.11135094500025873
17 0.1101088685255527
18 0.10901562465252858
19 0.10805130837719505
20 0.1071989518275785
21 0.10644407014880987
22 0.10577427377564405
23 0.10517894023798324
24 0.10464893800551783
25 0.10417639501825438
26 0.10375450510716072
27 0.10337736625686926
28 0.10303984546135969
29 0.10273746569648727
30 0.102466311239789
31 0.10222294819093715
32 0.10200435758299957
33 0.10180787892875164
34 0.10163116242662948
35 0.10147212836602677
36 0.10132893253164907
37 0.10119993662007994
38 0.10108368285610449
39 0.10097887213942171
40 0.10088434516861534
41 0.10079906608465977
42 0.10072210825391416
43 0.10065264187430145
44 0.10058992314046346
45 0.10053328474657809
46 0.10048212754084321
47 0.10043591317461048
48 0.10039415761344633
49 0.10035642539719208
50 0.10032232455294712
51 0.10029150207864616
52 0.10026363992675326
53 0.10023845142719197
54 0.10021567809713645
55 0.10019508679210291
56 0.10017646715892235
57 0.10015962935605688
58 0.10014440201128885
59 0.10013063039032193
60 0.1001181747532574
61 0.10010690887845791
62 0.10009671873593519
63 -7.03305031941579
0 0.18658664468889316
1 0.17639829403819782
2 0.16719003279959424
3 0.15895781839130405
4 0.15166361908448725
5 0.14524594813704605
6 0.13962939931797735
7 0.13473241748547293
8 0.13047307827554971
9 0.12677300748333062
10 0.12355975387754684
11 0.12076798454083293
12 0.11833984997438746
13 0.11622480780595787
14 0.11437912578895158
15 0.1127652215990282
16 0.11135094500025933
17 0.11010886852555349
18 0.10901562465252798
19 0.10805130837719067
20 0.10719895182757991
21 0.10644407014880967
22 0.10577427377564645
23 0.10517894023798145
24 0.10464893800552023
25 0.10417639501825317
26 0.10375450510716132
27 0.10337736625686746
28 0.10303984546135929
29 0.10273746569648888
30 0.1024663112397874
31 0.10222294819093955
32 0.10200435758299917
33 0.10180787892875044
34 0.10163116242663027
35 0.10147212836602316
36 0.10132893253165148
37 0.10119993662008114
38 0.10108368285610168
39 0.10097887213942251
40 0.10088434516861734
41 0.10079906608465918
42 0.10072210825391316
43 0.10065264187430427
44 0.10058992314046104
45 0.10053328474658049
46 0.1004821275408416
47 0.10043591317461129
48 0.10039415761344413
49 0.1003564253971931
50 0.10032232455294773
51 0.10029150207864557
52 0.10026363992675306
53 0.10023845142719398
54 0.10021567809713383
55 0.10019508679210593
56 0.10017646715891834
57 0.10015962935605868
58 0.10014440201128805
59 0.10013063039032495
60 0.1001181747532568
61 0.1001069088784557
62 0.10009671873593781
63 -7.03305031941579
0 0.18658664468889538
1 0.17639829403819765
2 0.1671900327995931
3 0.15895781839130613
4 0.15166361908448553
5 0.14524594813704836
6 0.13962939931797524
7 0.13473241748547352
8 0.13047307827554894
9 0.1267730074833308
10 0.12355975387754879
11 0.12076798454083194
12 0.1183398499743851
13 0.11622480780596142
14 0.11437912578895137
15 0.1127652215990284
16 0.11135094500025713
17 0.11010886852555309
18 0.1090156246525266
19 0.10805130837719307
20 0.1071989518275801
21 0.10644407014881008
22 0.10577427377564824
23 0.10517894023797845
24 0.10464893800552083
25 0.10417639501825238
26 0.10375450510716112
27 0.10337736625686926
28 0.10303984546135729
29 0.10273746569649048
30 0.1024663112397866
31 0.10222294819093955
32 0.10200435758299677
33 0.10180787892875325
34 0.10163116242662988
35 0.10147212836602817
36 0.10132893253164646
37 0.10119993662007934
38 0.10108368285610529
39 0.1009788721394203
40 0.10088434516861874
41 0.10079906608465897
42 0.10072210825391396
43 0.10065264187430266
44 0.10058992314046225
45 0.10053328474657929
46 0.1004821275408414
47 0.10043591317461148
48 0.10039415761344393
49 0.1003564253971945
50 0.10032232455294532
51 0.10029150207864677
52 0.10026363992675427
53 0.10023845142719197
54 0.10021567809713525
55 0.10019508679210533
56 0.10017646715891974
57 0.10015962935605788
58 0.10014440201128805
59 0.10013063039032354
60 0.10011817475325781
61 0.1001069088784555
62 0.1000967187359366
63 -7.03305031941579
0 0.1865866446888974
1 0.1763982940381958
2 0.16719003279959346
3 0.1589578183913063
4 0.15166361908448553
5 0.14524594813704508
6 0.13962939931797774
7 0.13473241748547507
8 0.1304730782755499
9 0.12677300748332904
10 0.1235597538775484
11 0.12076798454083351
12 0.11833984997438529
13 0.11622480780596024
14 0.11437912578895137
15 0.1127652215990272
16 0.11135094500025992
17 0.1101088685255511
18 0.10901562465252917
19 0.10805130837719307
20 0.1071989518275801
21 0.10644407014880908
22 0.10577427377564645
23 0.10517894023798065
24 0.10464893800551704
25 0.10417639501825618
26 0.10375450510715972
27 0.10337736625687187
28 0.10303984546135529
29 0.10273746569649028
30 0.1024663112397874
31 0.10222294819093876
32 0.10200435758299717
33 0.10180787892875284
34 0.10163116242663228
35 0.10147212836602457
36 0.10132893253164707
37 0.10119993662008074
38 0.1010836828561059
39 0.10097887213941889
40 0.10088434516861834
41 0.10079906608465937
42 0.10072210825391335
43 0.10065264187430306
44 0.10058992314046145
45 0.1005332847465813
46 0.1004821275408402
47 0.10043591317461169
48 0.10039415761344252
49 0.10035642539719289
50 0.10032232455294773
51 0.10029150207864758
52 0.10026363992675166
53 0.10023845142719498
54 0.10021567809713383
55 0.10019508679210493
56 0.10017646715892055
57 0.10015962935605809
58 0.10014440201128864
59 0.10013063039032052
60 0.1001181747532588
61 0.1001069088784577
62 0.100096718735935
63 -7.033050319415791
0 0.186586644688893
1 0.1763982940381982
2 0.16719003279959366
3 0.15895781839130743
4 0.15166361908448306
5 0.14524594813705008
6 0.13962939931797505
7 0.1347324174854708
8 0.13047307827555127
9 0.1267730074833308
10 0.1235597538775486
11 0.12076798454083411
12 0.11833984997438174
13 0.11622480780596003
14 0.11437912578895376
15 0.11276522159902701
16 0.11135094500025852
17 0.1101088685255527
18 0.10901562465252758
19 0.10805130837719087
20 0.1071989518275819
21 0.10644407014881087
22 0.10577427377564565
23 0.10517894023798124
24 0.10464893800551624
25 0.10417639501825678
26 0.10375450510716012
27 0.10337736625686846
28 0.10303984546135649
29 0.10273746569648948
30 0.10246631123978961
31 0.10222294819093836
32 0.10200435758299677
33 0.10180787892875365
34 0.10163116242663169
35 0.10147212836602215
36 0.10132893253165208
37 0.10119993662007873
38 0.10108368285610408
39 0.10097887213942071
40 0.10088434516861775
41 0.10079906608466058
42 0.10072210825391135
43 0.10065264187430226
44 0.10058992314046547
45 0.10053328474657888
46 0.1004821275408414
47 0.10043591317460968
48 0.10039415761344593
49 0.10035642539719189
50 0.10032232455294814
51 0.10029150207864657
52 0.10026363992675387
53 0.10023845142719277
54 0.10021567809713404
55 0.10019508679210291
56 0.10017646715892276
57 0.10015962935605768
58 0.10014440201128724
59 0.10013063039032455
60 0.10011817475325539
61 0.10010690887845651
62 0.1000967187359382
63 -7.033050319415789
0 0.18658664468889558
1 0.17639829403819465
2 0.1671900327995965
3 0.15895781839130613
4 0.15166361908448248
5 0.14524594813704875
6 0.13962939931797794
7 0.1347324174854737
8 0.13047307827554874
9 0.1267730074833316
10 0.12355975387754761
11 0.12076798454083332
12 0.1183398499743849
13 0.11622480780595924
14 0.11437912578895336
15 0.11276522159902423
16 0.11135094500026012
17 0.1101088685255533
18 0.10901562465252917
19 0.10805130837719126
20 0.10719895182757791
21 0.10644407014881146
22 0.10577427377564745
23 0.10517894023798165
24 0.10464893800551744
25 0.10417639501825478
26 0.10375450510715972
27 0.10337736625686945
28 0.10303984546135729
29 0.10273746569648867
30 0.1024663112397872
31 0.10222294819093675
32 0.10200435758300178
33 0.10180787892875184
34 0.10163116242663008
35 0.10147212836602537
36 0.10132893253165128
37 0.10119993662007633
38 0.1010836828561065
39 0.10097887213942211
40 0.10088434516861514
41 0.10079906608465937
42 0.10072210825391176
43 0.10065264187430367
44 0.10058992314046285
45 0.1005332847465815
46 0.1004821275408408
47 0.10043591317461088
48 0.10039415761344533
49 0.10035642539719229
50 0.10032232455294553
51 0.10029150207864798
52 0.10026363992675447
53 0.10023845142719096
54 0.10021567809713565
55 0.1001950867921023
56 0.10017646715892377
57 0.10015962935605788
58 0.10014440201128784
59 0.10013063039032273
60 0.1001181747532574
61 0.1001069088784567
62 0.10009671873593741
63 -7.033050319415792
0 0.18658664468889355
1 0.1763982940381965
2 0.1671900327995933
3 0.15895781839130857
4 0.15166361908448345
5 0.14524594813705047
6 0.1396293993179737
7 0.1347324174854743
8 0.130473078275547
9 0.12677300748333198
10 0.12355975387754821
11 0.12076798454083627
12 0.11833984997438154
13 0.11622480780595945
14 0.11437912578895158
15 0.11276522159903078
16 0.11135094500025793
17 0.1101088685255533
18 0.10901562465252779
19 0.10805130837719147
20 0.10719895182757931
21 0.10644407014880967
22 0.10577427377564665
23 0.10517894023797945
24 0.10464893800552004
25 0.10417639501825657
26 0.10375450510715913
27 0.10337736625686926
28 0.10303984546135889
29 0.10273746569648787
30 0.1024663112397882
31 0.10222294819093755
32 0.10200435758299876
33 0.10180787892875244
34 0.10163116242663008
35 0.10147212836602618
36 0.10132893253164967
37 0.10119993662007833
38 0.10108368285610629
39 0.1009788721394203
40 0.10088434516861594
41 0.10079906608465937
42 0.10072210825391295
43 0.10065264187430427
44 0.10058992314046306
45 0.10053328474658049
46 0.10048212754083999
47 0.10043591317461129
48 0.10039415761344252
49 0.1003564253971951
50 0.10032232455294612
51 0.10029150207864637
52 0.10026363992675567
53 0.10023845142719136
54 0.10021567809713404
55 0.10019508679210391
56 0.10017646715892276
57 0.10015962935605768
58 0.10014440201128845
59 0.10013063039032113
60 0.10011817475325921
61 0.1001069088784551
62 0.10009671873593741
63 -7.03305031941579
0 0.1865866446888939
1 0.1763982940381982
2 0.1671900327995948
3 0.15895781839130688
4 0.15166361908448345
5 0.14524594813704855
6 0.139629399317976
7 0.13473241748547313
8 0.13047307827554777
9 0.12677300748333256
10 0.12355975387754801
11 0.12076798454083332
12 0.11833984997438292
13 0.11622480780596202
14 0.11437912578895137
15 0.11276522159902859
16 0.11135094500025833
17 0.1101088685255517
18 0.10901562465252898
19 0.10805130837719266
20 0.10719895182757991
21 0.10644407014880868
22 0.10577427377564665
23 0.10517894023798045
24 0.10464893800551883
25 0.10417639501825497
26 0.10375450510715992
27 0.10337736625687026
28 0.1030398454613567
29 0.10273746569648988
30 0.1024663112397878
31 0.10222294819093955
32 0.10200435758299736
33 0.10180787892875023
34 0.10163116242663288
35 0.10147212836602476
36 0.10132893253164967
37 0.10119993662007813
38 0.10108368285610408
39 0.10097887213942211
40 0.10088434516861755
41 0.10079906608465897
42 0.10072210825391496
43 0.10065264187430185
44 0.10058992314046206
45 0.1005332847465795
46 0.1004821275408428
47 0.10043591317460887
48 0.10039415761344574
49 0.10035642539719229
50 0.10032232455294492
51 0.10029150207864737
52 0.10026363992675669
53 0.10023845142719076
54 0.10021567809713323
55 0.10019508679210432
56 0.10017646715892195
57 0.10015962935605667
58 0.10014440201128945
59 0.10013063039032254
60 0.1001181747532588
61 0.10010690887845751
62 0.10009671873593479
63 -7.03305031941579
0 0.18658664468889447
1 0.1763982940381971
2 0.16719003279959385
3 0.15895781839130593
4 0.1516636190844844
5 0.14524594813704758
6 0.13962939931797658
7 0.1347324174854741
8 0.13047307827554952
9 0.12677300748332923
10 0.12355975387754742
11 0.12076798454083372
12 0.1183398499743849
13 0.11622480780595965
14 0.11437912578895276
15 0.1127652215990284
16 0.11135094500025713
17 0.11010886852555249
18 0.10901562465252917
19 0.10805130837719346
20 0.10719895182757831
21 0.10644407014880908
22 0.10577427377564805
23 0.10517894023798145
24 0.10464893800551624
25 0.10417639501825718
26 0.10375450510715953
27 0.10337736625686866
28 0.1030398454613595
29 0.10273746569648667
30 0.1024663112397892
31 0.10222294819093634
32 0.10200435758299997
33 0.10180787892875204
34 0.10163116242663228
35 0.10147212836602255
36 0.10132893253165148
37 0.10119993662007894
38 0.10108368285610449
39 0.10097887213942171
40 0.10088434516861675
41 0.10079906608465816
42 0.10072210825391255
43 0.10065264187430287
44 0.10058992314046486
45 0.10053328474657929
46 0.10048212754083999
47 0.10043591317461188
48 0.10039415761344474
49 0.10035642539719208
50 0.10032232455294653
51 0.10029150207864616
52 0.10026363992675508
53 0.10023845142719277
54 0.10021567809713344
55 0.10019508679210533
56 0.10017646715892256
57 0.10015962935605567
58 0.10014440201128724
59 0.10013063039032334
60 0.1001181747532574
61 0.10010690887845751
62 0.10009671873593519
63 -7.033050319415788
0 0.18658664468889502
1 0.1763982940381971
2 0.16719003279959346
3 0.15895781839130688
4 0.15166361908448478
5 0.14524594813704625
6 0.13962939931797774
7 0.1347324174854737
8 0.13047307827554855
9 0.126773007483331
10 0.1235597538775486
11 0.12076798454083351
12 0.11833984997438313
13 0.11622480780595965
14 0.11437912578895099
15 0.11276522159903019
16 0.11135094500025873
17 0.11010886852555031
18 0.10901562465252958
19 0.10805130837719247
20 0.10719895182757812
21 0.10644407014881087
22 0.10577427377564945
23 0.10517894023797805
24 0.10464893800551783
25 0.10417639501825657
26 0.10375450510716153
27 0.10337736625686705
28 0.10303984546135889
29 0.10273746569648867
30 0.1024663112397862
31 0.10222294819093836
32 0.10200435758299997
33 0.10180787892875144
34 0.10163116242663389
35 0.10147212836602336
36 0.10132893253165108
37 0.10119993662007572
38 0.1010836828561057
39 0.10097887213942251
40 0.10088434516861675
41 0.10079906608465757
42 0.10072210825391316
43 0.10065264187430306
44 0.10058992314046507
45 0.10053328474657929
46 0.1004821275408408
47 0.10043591317461148
48 0.10039415761344493
49 0.10035642539719108
50 0.10032232455294854
51 0.10029150207864516
52 0.10026363992675447
53 0.10023845142719277
54 0.10021567809713183
55 0.10019508679210452
56 0.10017646715892316
57 0.10015962935605748
58 0.10014440201128663
59 0.10013063039032474
60 0.1001181747532594
61 0.1001069088784553
62 0.100096718735935
63 -7.033050319415789
0 0.18658664468889613
1 0.17639829403819615
2 0.16719003279959424
3 0.15895781839130535
4 0.15166361908448478
5 0.145245948137047
6 0.13962939931797871
7 0.13473241748547138
8 0.13047307827555127
9 0.12677300748332787
10 0.12355975387754978
11 0.1207679845408343
12 0.1183398499743839
13 0.11622480780596063
14 0.11437912578895158
15 0.11276522159902701
16 0.11135094500025813
17 0.1101088685255517
18 0.10901562465252958
19 0.10805130837719366
20 0.1071989518275785
21 0.10644407014880868
22 0.10577427377564905
23 0.10517894023797965
24 0.10464893800551683
25 0.10417639501825637
26 0.10375450510716032
27 0.10337736625686945
28 0.1030398454613577
29 0.10273746569648647
30 0.1024663112397882
31 0.10222294819093734
32 0.10200435758299917
33 0.10180787892875384
34 0.10163116242663008
35 0.10147212836602637
36 0.10132893253164867
37 0.10119993662007752
38 0.10108368285610629
39 0.1009788721394223
40 0.10088434516861594
41 0.10079906608465897
42 0.10072210825391617
43 0.10065264187430045
44 0.10058992314046365
45 0.1005332847465795
46 0.10048212754083999
47 0.10043591317461088
48 0.10039415761344614
49 0.10035642539719329
50 0.10032232455294653
51 0.10029150207864718
52 0.10026363992675487
53 0.10023845142719036
54 0.10021567809713565
55 0.10019508679210151
56 0.10017646715892356
57 0.10015962935605828
58 0.10014440201128663
59 0.10013063039032273
60 0.1001181747532594
61 0.1001069088784563
62 0.1000967187359354
63 -7.03305031941579
0 0.18658664468889777
1 0.17639829403819485
2 0.16719003279959424
3 0.15895781839130668
4 0.1516636190844842
5 0.14524594813704855
6 0.13962939931797486
7 0.1347324174854743
8 0.13047307827555263
9 0.12677300748332923
10 0.12355975387754527
11 0.12076798454083529
12 0.11833984997438352
13 0.11622480780595885
14 0.11437912578895355
15 0.1127652215990272
16 0.11135094500025833
17 0.1101088685255527
18 0.10901562465252938
19 0.10805130837719107
20 0.10719895182758031
21 0.10644407014880848
22 0.10577427377564805
23 0.10517894023798065
24 0.10464893800551904
25 0.10417639501825557
26 0.10375450510715852
27 0.10337736625687026
28 0.10303984546135748
29 0.10273746569648767
30 0.102466311239788
31 0.10222294819093876
32 0.10200435758299957
33 0.10180787892875184
34 0.10163116242663148
35 0.10147212836602476
36 0.10132893253165108
37 0.10119993662007752
38 0.10108368285610349
39 0.10097887213942491
40 0.10088434516861393
41 0.10079906608466178
42 0.10072210825391034
43 0.10065264187430567
44 0.10058992314046045
45 0.10053328474657969
46 0.100482127540842
47 0.10043591317460807
48 0.10039415761344955
49 0.10035642539719009
50 0.10032232455294753
51 0.10029150207864576
52 0.10026363992675406
53 0.10023845142719358
54 0.10021567809713323
55 0.10019508679210573
56 0.10017646715892135
57 0.10015962935605648
58 0.10014440201128784
59 0.10013063039032374
60 0.1001181747532588
61 0.1001069088784557
62 0.10009671873593479
63 -7.03305031941579
0 0.18658664468889669
1 0.17639829403819726
2 0.1671900327995933
3 0.1589578183913063
4 0.15166361908448364
5 0.14524594813704875
6 0.13962939931797774
7 0.13473241748547235
8 0.13047307827555088
9 0.12677300748332943
10 0.12355975387754761
11 0.12076798454083372
12 0.1183398499743843
13 0.11622480780596024
14 0.11437912578895079
15 0.1127652215990282
16 0.11135094500026031
17 0.11010886852555031
18 0.10901562465252977
19 0.10805130837719087
20 0.1071989518275805
21 0.10644407014880808
22 0.10577427377564824
23 0.10517894023798385
24 0.10464893800551543
25 0.10417639501825657
26 0.10375450510716032
27 0.10337736625686826
28 0.1030398454613581
29 0.10273746569648687
30 0.1024663112397886
31 0.10222294819093815
32 0.10200435758299917
33 0.10180787892875225
34 0.10163116242663148
35 0.10147212836602416
36 0.10132893253165148
37 0.10119993662007512
38 0.10108368285610811
39 0.1009788721394219
40 0.10088434516861393
41 0.10079906608466017
42 0.10072210825391195
43 0.10065264187430487
44 0.10058992314046265
45 0.1005332847465785
46 0.1004821275408434
47 0.10043591317460927
48 0.10039415761344714
49 0.10035642539719049
50 0.10032232455294592
51 0.10029150207864818
52 0.10026363992675447
53 0.10023845142719297
54 0.10021567809713323
55 0.10019508679210372
56 0.10017646715892235
57 0.10015962935605849
58 0.10014440201128483
59 0.10013063039032455
60 0.10011817475325961
61 0.1001069088784549
62 0.1000967187359358
63 -7.03305031941579
0 0.1865866446888976
1 0.1763982940381965
2 0.16719003279959535
3 0.15895781839130385
4 0.1516636190844838
5 0.1452459481370491
6 0.13962939931797677
7 0.1347324174854737
8 0.1304730782755468
9 0.126773007483331
10 0.12355975387754939
11 0.1207679845408349
12 0.1183398499743849
13 0.11622480780595806
14 0.11437912578895158
15 0.11276522159902978
16 0.11135094500025654
17 0.11010886852555349
18 0.10901562465252858
19 0.10805130837719226
20 0.1071989518275801
21 0.10644407014880887
22 0.10577427377564684
23 0.10517894023798305
24 0.10464893800551744
25 0.10417639501825378
26 0.10375450510716112
27 0.10337736625686726
28 0.10303984546136029
29 0.10273746569648667
30 0.1024663112397886
31 0.10222294819093895
32 0.10200435758299736
33 0.10180787892875284
34 0.10163116242662988
35 0.10147212836602618
36 0.10132893253165028
37 0.10119993662007853
38 0.1010836828561055
39 0.1009788721394203
40 0.10088434516861675
41 0.10079906608465695
42 0.10072210825391717
43 0.10065264187430145
44 0.10058992314046365
45 0.10053328474657929
46 0.1004821275408418
47 0.10043591317460948
48 0.10039415761344533
49 0.1003564253971945
50 0.10032232455294512
51 0.10029150207864576
52 0.10026363992675306
53 0.10023845142719237
54 0.10021567809713584
55 0.10019508679210493
56 0.10017646715892216
57 0.10015962935605809
58 0.10014440201128724
59 0.10013063039032113
60 0.10011817475325781
61 0.10010690887845891
62 0.10009671873593338
63 -7.03305031941579
0 0.18658664468889538
1 0.17639829403819524
2 0.16719003279959405
3 0.15895781839130782
4 0.15166361908448325
5 0.14524594813704797
6 0.13962939931797505
7 0.13473241748547526
8 0.1304730782755503
9 0.12677300748332904
10 0.12355975387755017
11 0.12076798454083155
12 0.1183398499743839
13 0.11622480780596083
14 0.11437912578895178
15 0.11276522159902859
16 0.11135094500025793
17 0.1101088685255523
18 0.10901562465252639
19 0.10805130837719326
20 0.1071989518275815
21 0.10644407014880927
22 0.10577427377564884
23 0.10517894023797925
24 0.10464893800551923
25 0.10417639501825338
26 0.10375450510716153
27 0.10337736625686986
28 0.10303984546135589
29 0.10273746569648867
30 0.1024663112397878
31 0.10222294819093876
32 0.10200435758299957
33 0.10180787892875204
34 0.10163116242662908
35 0.10147212836602658
36 0.10132893253164807
37 0.10119993662008193
38 0.10108368285610368
39 0.1009788721394205
40 0.10088434516861654
41 0.10079906608466077
42 0.10072210825391055
43 0.10065264187430548
44 0.10058992314046265
45 0.1005332847465815
46 0.10048212754083899
47 0.10043591317460847
48 0.10039415761344514
49 0.1003564253971959
50 0.10032232455294472
51 0.10029150207864697
52 0.10026363992675347
53 0.10023845142719418
54 0.10021567809713484
55 0.1001950867921019
56 0.10017646715892396
57 0.10015962935605507
58 0.10014440201128824
59 0.10013063039032455
60 0.1001181747532574
61 0.1001069088784559
62 0.1000967187359368
63 -7.033050319415788
0 0.18658664468889224
1 0.176398294038198
2 0.16719003279959216
3 0.1589578183913101
4 0.15166361908448228
5 0.14524594813704875
6 0.1396293993179762
7 0.13473241748547196
8 0.1304730782755501
9 0.12677300748333256
10 0.1235597538775478
11 0.12076798454083312
12 0.11833984997438272
13 0.11622480780596044
14 0.11437912578895355
15 0.11276522159902701
16 0.11135094500025952
17 0.11010886852554971
18 0.10901562465252938
19 0.10805130837719207
20 0.1071989518275807
21 0.10644407014881008
22 0.10577427377564584
23 0.10517894023798124
24 0.10464893800551724
25 0.10417639501825657
26 0.10375450510715913
27 0.10337736625686886
28 0.10303984546135929
29 0.10273746569649007
30 0.1024663112397862
31 0.10222294819093615
32 0.10200435758299796
33 0.10180787892875505
34 0.10163116242663027
35 0.10147212836602697
36 0.10132893253164847
37 0.10119993662007792
38 0.10108368285610429
39 0.10097887213942291
40 0.10088434516861554
41 0.10079906608466158
42 0.10072210825391255
43 0.10065264187430467
44 0.10058992314046125
45 0.10053328474657869
46 0.1004821275408416
47 0.10043591317461108
48 0.10039415761344554
49 0.10035642539719208
50 0.10032232455294733
51 0.10029150207864616
52 0.10026363992675326
53 0.10023845142719237
54 0.10021567809713383
55 0.10019508679210251
56 0.10017646715892377
57 0.10015962935605928
58 0.10014440201128604
59 0.10013063039032313
60 0.10011817475325781
61 0.1001069088784567
62 0.1000967187359364
63 -7.033050319415787
0 0.1865866446888941
1 0.17639829403819504
2 0.1671900327995944
3 0.1589578183913082
4 0.151663619084484
5 0.14524594813704605
6 0.13962939931797755
7 0.1347324174854739
8 0.13047307827554816
9 0.1267730074833316
10 0.1235597538775486
11 0.12076798454083372
12 0.11833984997438371
13 0.11622480780596044
14 0.11437912578895217
15 0.1127652215990288
16 0.11135094500025654
17 0.11010886852555468
18 0.10901562465252738
19 0.10805130837719167
20 0.1071989518275805
21 0.10644407014880927
22 0.10577427377564605
23 0.10517894023798445
24 0.10464893800551604
25 0.10417639501825557
26 0.10375450510715932
27 0.10337736625686986
28 0.10303984546135748
29 0.10273746569648647
30 0.1024663112397918
31 0.10222294819093655
32 0.10200435758299757
33 0.10180787892875284
34 0.10163116242663048
35 0.10147212836602416
36 0.10132893253165148
37 0.10119993662007973
38 0.10108368285610368
39 0.1009788721394203
40 0.10088434516861795
41 0.10079906608465856
42 0.10072210825391437
43 0.10065264187430185
44 0.10058992314046185
45 0.1005332847465813
46 0.1004821275408398
47 0.10043591317461349
48 0.10039415761344413
49 0.10035642539719129
50 0.10032232455294814
51 0.10029150207864697
52 0.10026363992675628
53 0.10023845142718875
54 0.10021567809713605
55 0.10019508679210412
56 0.10017646715892135
57 0.10015962935605648
58 0.10014440201129025
59 0.10013063039032073
60 0.10011817475325781
61 0.10010690887845711
62 0.100096718735936
63 -7.033050319415788
0 0.1865866446888939
1 0.1763982940381969
2 0.1671900327995933
3 0.15895781839130574
4 0.15166361908448533
5 0.14524594813704894
6 0.1396293993179762
7 0.1347324174854737
8 0.13047307827554971
9 0.12677300748332807
10 0.12355975387754939
11 0.12076798454083391
12 0.11833984997438608
13 0.11622480780595727
14 0.11437912578895494
15 0.11276522159902423
16 0.11135094500026012
17 0.1101088685255521
18 0.10901562465252917
19 0.10805130837719247
20 0.1071989518275791
21 0.10644407014880967
22 0.10577427377564864
23 0.10517894023798145
24 0.10464893800551564
25 0.10417639501825478
26 0.10375450510716112
27 0.10337736625686705
28 0.1030398454613613
29 0.10273746569648907
30 0.1024663112397856
31 0.10222294819093815
32 0.10200435758299876
33 0.10180787892875144
34 0.10163116242663228
35 0.10147212836602618
36 0.10132893253164807
37 0.10119993662007712
38 0.1010836828561087
39 0.1009788721394181
40 0.10088434516861815
41 0.10079906608466037
42 0.10072210825391335
43 0.10065264187430306
44 0.10058992314046165
45 0.1005332847465795
46 0.1004821275408416
47 0.10043591317461228
48 0.10039415761344313
49 0.10035642539719329
50 0.10032232455294653
51 0.10029150207864798
52 0.10026363992675306
53 0.10023845142719136
54 0.10021567809713544
55 0.10019508679210251
56 0.10017646715892276
57 0.10015962935605688
58 0.10014440201128684
59 0.10013063039032394
60 0.10011817475326142
61 0.10010690887845469
62 0.10009671873593459
63 -7.033050319415788
0 0.18658664468889538
1 0.17639829403819635
2 0.1671900327995948
3 0.15895781839130554
4 0.15166361908448533
5 0.1452459481370474
6 0.139629399317976
7 0.1347324174854743
8 0.1304730782755503
9 0.12677300748332923
10 0.12355975387754879
11 0.12076798454083312
12 0.11833984997438411
13 0.11622480780595845
14 0.11437912578895673
15 0.11276522159902502
16 0.11135094500025852
17 0.1101088685255521
18 0.10901562465252719
19 0.10805130837719247
20 0.1071989518275797
21 0.10644407014881048
22 0.10577427377564724
23 0.10517894023798205
24 0.10464893800551724
25 0.10417639501825557
26 0.10375450510715913
27 0.10337736625687026
28 0.10303984546135629
29 0.10273746569648748
30 0.1024663112397894
31 0.10222294819093855
32 0.10200435758299796
33 0.10180787892875164
34 0.10163116242663248
35 0.10147212836602316
36 0.10132893253165087
37 0.10119993662007733
38 0.1010836828561061
39 0.10097887213942111
40 0.10088434516861874
41 0.10079906608466037
42 0.10072210825391195
43 0.10065264187430005
44 0.10058992314046486
45 0.10053328474657909
46 0.100482127540842
47 0.10043591317461029
48 0.10039415761344633
49 0.10035642539719249
50 0.10032232455294553
51 0.10029150207864657
52 0.10026363992675467
53 0.10023845142719318
54 0.10021567809713304
55 0.10019508679210573
56 0.10017646715892055
57 0.10015962935605768
58 0.10014440201128864
59 0.10013063039032152
60 0.10011817475326001
61 0.1001069088784559
62 0.100096718735935
63 -7.03305031941579
0 0.18658664468889685
1 0.17639829403819726
2 0.16719003279959366
3 0.15895781839130574
4 0.15166361908448497
5 0.14524594813704816
6 0.13962939931797638
7 0.13473241748547332
8 0.1304730782755503
9 0.12677300748332943
10 0.12355975387754703
11 0.1207679845408347
12 0.11833984997438253
13 0.11622480780596044
14 0.11437912578895316
15 0.1127652215990282
16 0.11135094500025892
17 0.11010886852554991
18 0.10901562465252958
19 0.10805130837719486
20 0.10719895182757772
21 0.10644407014881048
22 0.10577427377564805
23 0.10517894023797925
24 0.10464893800551783
25 0.10417639501825397
26 0.10375450510716153
27 0.10337736625686846
28 0.10303984546135969
29 0.10273746569648506
30 0.102466311239789
31 0.10222294819094016
32 0.10200435758299917
33 0.10180787892875084
34 0.10163116242663288
35 0.10147212836602397
36 0.10132893253164967
37 0.10119993662007953
38 0.10108368285610429
39 0.10097887213942291
40 0.10088434516861614
41 0.10079906608465956
42 0.10072210825391195
43 0.10065264187430367
44 0.10058992314046145
45 0.10053328474657888
46 0.1004821275408428
47 0.10043591317460968
48 0.10039415761344593
49 0.10035642539719208
50 0.10032232455294814
51 0.10029150207864396
52 0.10026363992675347
53 0.10023845142719337
54 0.10021567809713423
55 0.10019508679210472
56 0.10017646715892235
57 0.10015962935605648
58 0.10014440201128663
59 0.10013063039032595
60 0.100118174753257
61 0.10010690887845691
62 0.1000967187359364
63 -7.033050319415793
0 0.18658664468889538
1 0.1763982940381958
2 0.16719003279959535
3 0.15895781839130613
4 0.15166361908448364
5 0.14524594813704778
6 0.1396293993179758
7 0.1347324174854743
8 0.13047307827554874
9 0.12677300748333237
10 0.12355975387754703
11 0.12076798454083214
12 0.11833984997438589
13 0.11622480780595845
14 0.11437912578895099
15 0.11276522159903057
16 0.11135094500025833
17 0.1101088685255527
18 0.10901562465252819
19 0.10805130837719286
20 0.10719895182757891
21 0.10644407014880887
22 0.10577427377564964
23 0.10517894023797965
24 0.10464893800551923
25 0.10417639501825397
26 0.10375450510715892
27 0.10337736625687007
28 0.10303984546135729
29 0.10273746569648928
30 0.1024663112397882
31 0.10222294819093876
32 0.10200435758299897
33 0.10180787892875225
34 0.10163116242663008
35 0.10147212836602557
36 0.10132893253165007
37 0.10119993662007773
38 0.1010836828561061
39 0.1009788721394227
40 0.10088434516861614
41 0.10079906608465797
42 0.10072210825391437
43 0.10065264187430226
44 0.10058992314046285
45 0.1005332847465799
46 0.1004821275408402
47 0.10043591317461228
48 0.10039415761344393
49 0.10035642539719249
50 0.10032232455294753
51 0.10029150207864536
52 0.10026363992675567
53 0.10023845142719096
54 0.10021567809713484
55 0.10019508679210291
56 0.10017646715892035
57 0.10015962935606089
58 0.10014440201128483
59 0.10013063039032415
60 0.10011817475325781
61 0.10010690887845751
62 0.1000967187359372
63 -7.033050319415791
0 0.18658664468889483
1 0.17639829403819596
2 0.1671900327995959
3 0.1589578183913063
4 0.15166361908448228
5 0.14524594813704836
6 0.13962939931797658
7 0.13473241748547468
8 0.13047307827554874
9 0.12677300748332962
10 0.12355975387754918
11 0.12076798454083372
12 0.1183398499743851
13 0.11622480780595945
14 0.11437912578895158
15 0.1127652215990276
16 0.1113509450002605
17 0.1101088685255495
18 0.10901562465252879
19 0.10805130837719366
20 0.1071989518275795
21 0.10644407014880967
22 0.10577427377564905
23 0.10517894023797986
24 0.10464893800551764
25 0.10417639501825637
26 0.10375450510715992
27 0.10337736625686886
28 0.10303984546135649
29 0.10273746569648848
30 0.1024663112397872
31 0.10222294819094095
32 0.10200435758299616
33 0.10180787892875405
34 0.10163116242662867
35 0.10147212836602597
36 0.10132893253165128
37 0.10119993662007873
38 0.10108368285610389
39 0.1009788721394219
40 0.10088434516861775
41 0.10079906608465937
42 0.10072210825391176
43 0.10065264187430367
44 0.10058992314046165
45 0.1005332847465811
46 0.1004821275408406
47 0.10043591317461228
48 0.10039415761344474
49 0.10035642539719249
50 0.10032232455294472
51 0.10029150207864737
52 0.10026363992675487
53 0.10023845142719176
54 0.10021567809713344
55 0.10019508679210493
56 0.10017646715892115
57 0.10015962935605828
58 0.10014440201128523
59 0.10013063039032614
60 0.100118174753258
61 0.1001069088784567
62 0.1000967187359354
63 -7.03305031941579
0 0.1865866446888965
1 0.176398294038198
2 0.16719003279959255
3 0.1589578183913065
4 0.15166361908448345
5 0.145245948137047
6 0.13962939931797735
7 0.13473241748547507
8 0.13047307827554913
9 0.12677300748332962
10 0.12355975387754761
11 0.12076798454083411
12 0.11833984997438313
13 0.11622480780595984
14 0.11437912578895197
15 0.11276522159903057
16 0.11135094500025673
17 0.1101088685255513
18 0.10901562465252998
19 0.10805130837719247
20 0.10719895182757931
21 0.10644407014881087
22 0.10577427377564745
23 0.10517894023798045
24 0.10464893800551764
25 0.10417639501825497
26 0.10375450510716132
27 0.10337736625686626
28 0.10303984546136069
29 0.10273746569648727
30 0.102466311239787
31 0.10222294819093855
32 0.10200435758300097
33 0.10180787892875225
34 0.10163116242662887
35 0.10147212836602457
36 0.10132893253165148
37 0.10119993662007853
38 0.1010836828561047
39 0.1009788721394205
40 0.10088434516861935
41 0.10079906608465655
42 0.10072210825391517
43 0.10065264187430246
44 0.10058992314046165
45 0.1005332847465811
46 0.1004821275408412
47 0.10043591317461029
48 0.10039415761344593
49 0.1003564253971927
50 0.10032232455294492
51 0.10029150207864677
52 0.10026363992675387
53 0.10023845142719377
54 0.10021567809713625
55 0.10019508679210311
56 0.10017646715892015
57 0.10015962935605768
58 0.10014440201128703
59 0.10013063039032313
60 0.10011817475325961
61 0.10010690887845611
62 0.10009671873593438
63 -7.03305031941579
0 0.18658664468889447
1 0.17639829403819765
2 0.1671900327995933
3 0.15895781839130801
4 0.15166361908448228
5 0.1452459481370491
6 0.13962939931797697
7 0.13473241748547177
8 0.1304730782755505
9 0.12677300748333023
10 0.12355975387754703
11 0.1207679845408349
12 0.1183398499743849
13 0.11622480780595688
14 0.11437912578895316
15 0.11276522159902741
16 0.11135094500026071
17 0.1101088685255517
18 0.10901562465252977
19 0.10805130837718967
20 0.1071989518275831
21 0.10644407014880788
22 0.10577427377564645
23 0.10517894023798045
24 0.10464893800551804
25 0.10417639501825397
26 0.10375450510716232
27 0.10337736625686786
28 0.10303984546135929
29 0.10273746569648827
30 0.1024663112397884
31 0.10222294819093775
32 0.10200435758299536
33 0.10180787892875706
34 0.10163116242663027
35 0.10147212836602597
36 0.10132893253164928
37 0.10119993662007593
38 0.1010836828561075
39 0.1009788721394205
40 0.10088434516861654
41 0.10079906608465797
42 0.10072210825391517
43 0.10065264187430567
44 0.10058992314046004
45 0.1005332847465803
46 0.1004821275408418
47 0.10043591317460988
48 0.10039415761344372
49 0.10035642539719329
50 0.10032232455294451
51 0.1002915020786514
52 0.10026363992675166
53 0.10023845142719337
54 0.10021567809713404
55 0.10019508679210391
56 0.10017646715891934
57 0.10015962935605768
58 0.10014440201129006
59 0.10013063039032374
60 0.100118174753258
61 0.1001069088784553
62 0.10009671873593519
63 -7.033050319415788
0 0.18658664468889669
1 0.17639829403819857
2 0.1671900327995899
3 0.15895781839130857
4 0.15166361908448286
5 0.14524594813704816
6 0.13962939931797755
7 0.13473241748547274
8 0.13047307827554855
9 0.12677300748332984
10 0.12355975387755055
11 0.12076798454083351
12 0.11833984997438292
13 0.11622480780595924
14 0.11437912578895099
15 0.11276522159903098
16 0.11135094500025912
17 0.1101088685255507
18 0.10901562465252819
19 0.10805130837719266
20 0.10719895182758031
21 0.10644407014880927
22 0.10577427377564765
23 0.10517894023798145
24 0.10464893800551683
25 0.10417639501825438
26 0.10375450510716212
27 0.10337736625686866
28 0.10303984546135549
29 0.10273746569648967
30 0.1024663112397888
31 0.10222294819093895
32 0.10200435758299796
33 0.10180787892875225
34 0.10163116242663067
35 0.10147212836602397
36 0.10132893253165248
37 0.10119993662007873
38 0.10108368285610228
39 0.1009788721394227
40 0.10088434516861554
41 0.10079906608466017
42 0.10072210825391316
43 0.10065264187430346
44 0.10058992314046185
45 0.1005332847465809
46 0.1004821275408416
47 0.10043591317460707
48 0.10039415761344975
49 0.10035642539718988
50 0.10032232455294814
51 0.10029150207864838
52 0.10026363992675105
53 0.10023845142719598
54 0.10021567809713183
55 0.10019508679210372
56 0.10017646715892115
57 0.10015962935605809
58 0.10014440201128604
59 0.10013063039032635
60 0.10011817475325861
61 0.1001069088784551
62 0.10009671873593559
63 -7.03305031941579
0 0.1865866446888939
1 0.1763982940381967
2 0.1671900327995959
3 0.1589578183913046
4 0.15166361908448459
5 0.14524594813704797
6 0.13962939931797544
7 0.1347324174854743
8 0.1304730782755505
9 0.12677300748332943
10 0.12355975387754684
11 0.1207679845408347
12 0.1183398499743849
13 0.11622480780595845
14 0.11437912578895276
15 0.11276522159902681
16 0.11135094500025833
17 0.11010886852555428
18 0.10901562465252779
19 0.10805130837719247
20 0.1071989518275797
21 0.10644407014880848
22 0.10577427377564945
23 0.10517894023798124
24 0.10464893800551683
25 0.10417639501825357
26 0.10375450510716092
27 0.10337736625686945
28 0.10303984546135969
29 0.10273746569648587
30 0.1024663112397902
31 0.10222294819093815
32 0.10200435758299757
33 0.10180787892875144
34 0.10163116242663268
35 0.10147212836602557
36 0.10132893253164867
37 0.10119993662007873
38 0.10108368285610489
39 0.1009788721394209
40 0.10088434516861654
41 0.10079906608465956
42 0.10072210825391537
43 0.10065264187430246
44 0.10058992314046325
45 0.10053328474657869
46 0.1004821275408414
47 0.10043591317461108
48 0.10039415761344313
49 0.1003564253971931
50 0.10032232455294592
51 0.10029150207864818
52 0.10026363992675347
53 0.10023845142719337
54 0.10021567809713504
55 0.10019508679210391
56 0.10017646715892055
57 0.10015962935605809
58 0.10014440201128644
59 0.10013063039032535
60 0.1001181747532572
61 0.10010690887845711
62 0.10009671873593419
63 -7.033050319415788
0 0.1865866446888928
1 0.17639829403819896
2 0.16719003279959216
3 0.15895781839130727
4 0.15166361908448364
5 0.1452459481370491
6 0.13962939931797813
7 0.1347324174854704
8 0.13047307827555069
9 0.12677300748332943
10 0.1235597538775486
11 0.12076798454083254
12 0.11833984997438647
13 0.11622480780595648
14 0.11437912578895534
15 0.11276522159902483
16 0.11135094500025852
17 0.11010886852555349
18 0.10901562465252798
19 0.10805130837719266
20 0.1071989518275817
21 0.10644407014880808
22 0.10577427377564845
23 0.10517894023797986
24 0.10464893800551864
25 0.10417639501825417
26 0.10375450510715972
27 0.10337736625686805
28 0.1030398454613601
29 0.10273746569648808
30 0.1024663112397892
31 0.10222294819093534
32 0.10200435758300017
33 0.10180787892875144
34 0.10163116242663067
35 0.10147212836602677
36 0.10132893253165028
37 0.10119993662007652
38 0.1010836828561061
39 0.1009788721394219
40 0.10088434516861815
41 0.10079906608466037
42 0.10072210825391095
43 0.10065264187430306
44 0.10058992314046225
45 0.10053328474657929
46 0.1004821275408406
47 0.10043591317461349
48 0.10039415761344353
49 0.1003564253971937
50 0.10032232455294672
51 0.10029150207864576
52 0.10026363992675306
53 0.10023845142719418
54 0.10021567809713243
55 0.10019508679210412
56 0.10017646715892195
57 0.10015962935605748
58 0.10014440201128805
59 0.10013063039032574
60 0.1001181747532568
61 0.1001069088784559
62 0.10009671873593741
63 -7.033050319415789
0 0.18658664468889574
1 0.17639829403819615
2 0.16719003279959424
3 0.15895781839130593
4 0.1516636190844842
5 0.14524594813704797
6 0.13962939931797697
7 0.13473241748547507
8 0.1304730782755501
9 0.12677300748332865
10 0.12355975387754879
11 0.12076798454083214
12 0.11833984997438352
13 0.11622480780596103
14 0.1143791257889502
15 0.11276522159903078
16 0.11135094500025634
17 0.1101088685255533
18 0.10901562465252838
19 0.10805130837719326
20 0.10719895182757791
21 0.10644407014881108
22 0.10577427377564545
23 0.10517894023798224
24 0.10464893800551904
25 0.10417639501825397
26 0.10375450510715972
27 0.10337736625686986
28 0.1030398454613595
29 0.10273746569648708
30 0.1024663112397874
31 0.10222294819093855
32 0.10200435758299757
33 0.10180787892875325
34 0.10163116242663107
35 0.10147212836602357
36 0.10132893253165208
37 0.10119993662007673
38 0.10108368285610489
39 0.1009788721394223
40 0.10088434516861795
41 0.10079906608465918
42 0.10072210825391135
43 0.10065264187430406
44 0.10058992314046566
45 0.10053328474657888
46 0.10048212754083999
47 0.10043591317460927
48 0.10039415761344654
49 0.10035642539719329
50 0.10032232455294532
51 0.10029150207864777
52 0.10026363992675467
53 0.10023845142719197
54 0.10021567809713444
55 0.10019508679210311
56 0.10017646715892276
57 0.10015962935605607
58 0.10014440201128703
59 0.10013063039032273
60 0.10011817475326042
61 0.10010690887845751
62 0.1000967187359354
63 -7.033050319415791
0 0.18658664468889613
1 0.17639829403819615
2 0.1671900327995933
3 0.15895781839130896
4 0.15166361908448325
5 0.14524594813704816
6 0.1396293993179737
7 0.13473241748547624
8 0.13047307827554894
9 0.12677300748332943
10 0.12355975387754742
11 0.12076798454083411
12 0.11833984997438549
13 0.11622480780595905
14 0.11437912578895197
15 0.11276522159902959
16 0.11135094500025833
17 0.1101088685255513
18 0.10901562465252679
19 0.10805130837719266
20 0.10719895182758031
21 0.10644407014880908
22 0.10577427377564745
23 0.10517894023798124
24 0.10464893800551883
25 0.10417639501825438
26 0.10375450510716092
27 0.10337736625686846
28 0.1030398454613591
29 0.10273746569648727
30 0.102466311239789
31 0.10222294819093715
32 0.10200435758299957
33 0.10180787892875244
34 0.10163116242663128
35 0.10147212836602476
36 0.10132893253164746
37 0.10119993662008114
38 0.10108368285610389
39 0.1009788721394209
40 0.10088434516861855
41 0.10079906608465897
42 0.10072210825391396
43 0.10065264187430306
44 0.10058992314046365
45 0.10053328474657668
46 0.10048212754084221
47 0.10043591317460868
48 0.10039415761344794
49 0.1003564253971927
50 0.10032232455294693
51 0.10029150207864576
52 0.10026363992675406
53 0.10023845142719277
54 0.10021567809713504
55 0.1001950867921013
56 0.10017646715892337
57 0.10015962935605788
58 0.10014440201128784
59 0.10013063039032313
60 0.1001181747532576
61 0.10010690887845831
62 0.1000967187359354
63 -7.033050319415791
0 0.1865866446888963
1 0.1763982940381969
2 0.1671900327995914
3 0.15895781839130801
4 0.1516636190844844
5 0.14524594813704778
6 0.13962939931797658
7 0.1347324174854737
8 0.13047307827554894
9 0.12677300748332943
10 0.12355975387754801
11 0.1207679845408349
12 0.1183398499743849
13 0.11622480780595885
14 0.11437912578895158
15 0.11276522159903038
16 0.11135094500025615
17 0.11010886852555389
18 0.10901562465252679
19 0.10805130837719326
20 0.1071989518275791
21 0.10644407014880848
22 0.10577427377564805
23 0.10517894023798305
24 0.10464893800551683
25 0.10417639501825657
26 0.10375450510715872
27 0.10337736625686786
28 0.10303984546135829
29 0.10273746569648928
30 0.1024663112397902
31 0.10222294819093494
32 0.10200435758299937
33 0.10180787892875284
34 0.10163116242663088
35 0.10147212836602276
36 0.10132893253165227
37 0.10119993662007994
38 0.10108368285610408
39 0.1009788721394203
40 0.10088434516861815
41 0.10079906608465856
42 0.10072210825391276
43 0.10065264187430648
44 0.10058992314046085
45 0.10053328474658009
46 0.1004821275408402
47 0.10043591317461088
48 0.10039415761344393
49 0.1003564253971945
50 0.10032232455294392
51 0.10029150207864918
52 0.10026363992675427
53 0.10023845142719337
54 0.10021567809713143
55 0.10019508679210472
56 0.10017646715892216
57 0.10015962935605788
58 0.10014440201128703
59 0.10013063039032374
60 0.1001181747532572
61 0.10010690887845872
62 0.10009671873593479
63 -7.03305031941579
0 0.1865866446888974
1 0.17639829403819635
2 0.1671900327995944
3 0.15895781839130554
4 0.15166361908448134
5 0.14524594813705066
6 0.13962939931797658
7 0.13473241748547352
8 0.13047307827554971
9 0.12677300748333062
10 0.12355975387754624
11 0.1207679845408343
12 0.11833984997438411
13 0.11622480780595787
14 0.11437912578895514
15 0.1127652215990276
16 0.11135094500025892
17 0.11010886852555031
18 0.10901562465252958
19 0.10805130837719186
20 0.10719895182757991
21 0.10644407014880967
22 0.10577427377564905
23 0.10517894023798005
24 0.10464893800551704
25 0.10417639501825597
26 0.10375450510715953
27 0.10337736625686966
28 0.10303984546135689
29 0.10273746569648967
30 0.102466311239787
31 0.10222294819093955
32 0.10200435758299836
33 0.10180787892875164
34 0.10163116242663169
35 0.10147212836602516
36 0.10132893253164767
37 0.10119993662008094
38 0.10108368285610429
39 0.1009788721394213
40 0.10088434516861654
41 0.10079906608465897
42 0.10072210825391335
43 0.10065264187430446
44 0.10058992314046265
45 0.1005332847465785
46 0.10048212754084321
47 0.10043591317460847
48 0.10039415761344474
49 0.10035642539719289
50 0.10032232455294753
51 0.10029150207864396
52 0.10026363992675487
53 0.10023845142719498
54 0.10021567809713344
55 0.10019508679210311
56 0.10017646715892076
57 0.10015962935606049
58 0.10014440201128544
59 0.10013063039032574
60 0.1001181747532572
61 0.1001069088784545
62 0.1000967187359354
63 -7.033050319415788
0 0.18658664468889796
1 0.17639829403819318
2 0.1671900327995965
3 0.1589578183913063
4 0.15166361908448572
5 0.14524594813704664
6 0.13962939931797427
7 0.13473241748547565
8 0.1304730782755501
9 0.1267730074833308
10 0.12355975387754664
11 0.12076798454083351
12 0.11833984997438549
13 0.11622480780595845
14 0.11437912578895217
15 0.1127652215990282
16 0.1113509450002605
17 0.1101088685255523
18 0.10901562465252679
19 0.10805130837719226
20 0.1071989518275785
21 0.10644407014881146
22 0.10577427377564924
23 0.10517894023797945
24 0.10464893800551744
25 0.10417639501825618
26 0.10375450510715932
27 0.10337736625686886
28 0.1030398454613571
29 0.10273746569648948
30 0.1024663112397886
31 0.10222294819093675
32 0.10200435758299876
33 0.10180787892875284
34 0.10163116242663088
35 0.10147212836602497
36 0.10132893253164847
37 0.10119993662008094
38 0.10108368285610429
39 0.1009788721394209
40 0.10088434516861775
41 0.10079906608466058
42 0.10072210825391195
43 0.10065264187430427
44 0.10058992314046165
45 0.1005332847465785
46 0.1004821275408416
47 0.10043591317461088
48 0.10039415761344593
49 0.10035642539719009
50 0.10032232455294773
51 0.10029150207864597
52 0.10026363992675467
53 0.10023845142719377
54 0.10021567809713565
55 0.10019508679210071
56 0.10017646715892176
57 0.10015962935605828
58 0.10014440201128663
59 0.10013063039032394
60 0.1001181747532598
61 0.10010690887845469
62 0.10009671873593781
63 -7.033050319415792
0 0.18658664468889538
1 0.1763982940381969
2 0.167190032799595
3 0.158957818391305
4 0.1516636190844838
5 0.14524594813704816
6 0.13962939931797658
7 0.1347324174854745
8 0.1304730782755505
9 0.12677300748332943
10 0.1235597538775478
11 0.12076798454083332
12 0.1183398499743839
13 0.11622480780595708
14 0.11437912578895396
15 0.11276522159902899
16 0.11135094500026012
17 0.11010886852555031
18 0.10901562465252758
19 0.10805130837719126
20 0.1071989518275821
21 0.10644407014881008
22 0.10577427377564824
23 0.10517894023797865
24 0.10464893800551883
25 0.10417639501825578
26 0.10375450510715832
27 0.10337736625687026
28 0.1030398454613591
29 0.10273746569648647
30 0.1024663112397888
31 0.10222294819093855
32 0.10200435758299796
33 0.10180787892875325
34 0.10163116242663027
35 0.10147212836602457
36 0.10132893253165128
37 0.10119993662007833
38 0.10108368285610529
39 0.10097887213942071
40 0.10088434516861834
41 0.10079906608465757
42 0.10072210825391216
43 0.10065264187430427
44 0.10058992314046285
45 0.1005332847465811
46 0.1004821275408398
47 0.10043591317461008
48 0.10039415761344554
49 0.10035642539719329
50 0.10032232455294612
51 0.10029150207864798
52 0.10026363992675126
53 0.10023845142719398
54 0.10021567809713464
55 0.10019508679210391
56 0.10017646715891854
57 0.1001596293560625
58 0.10014440201128584
59 0.10013063039032254
60 0.100118174753259
61 0.1001069088784577
62 0.10009671873593459
63 -7.03305031941579
0 0.18658664468889558
1 0.17639829403819524
2 0.16719003279959385
3 0.15895781839130574
4 0.15166361908448459
5 0.1452459481370491
6 0.1396293993179758
7 0.1347324174854741
8 0.13047307827554835
9 0.12677300748333062
10 0.12355975387754918
11 0.12076798454083254
12 0.1183398499743845
13 0.11622480780595905
14 0.11437912578895475
15 0.11276522159902641
16 0.11135094500025912
17 0.11010886852555091
18 0.10901562465252838
19 0.10805130837719307
20 0.10719895182757991
21 0.10644407014880908
22 0.10577427377564724
23 0.10517894023798205
24 0.10464893800551764
25 0.10417639501825317
26 0.10375450510716172
27 0.10337736625686826
28 0.10303984546135889
29 0.10273746569648888
30 0.102466311239789
31 0.10222294819093634
32 0.10200435758299876
33 0.10180787892875204
34 0.10163116242663209
35 0.10147212836602476
36 0.10132893253164967
37 0.10119993662007973
38 0.10108368285610429
39 0.10097887213942311
40 0.10088434516861614
41 0.10079906608465797
42 0.10072210825391356
43 0.10065264187430166
44 0.10058992314046486
45 0.10053328474657829
46 0.100482127540842
47 0.10043591317460887
48 0.10039415761344775
49 0.10035642539719208
50 0.10032232455294632
51 0.10029150207864657
52 0.10026363992675326
53 0.10023845142719216
54 0.10021567809713745
55 0.10019508679210372
56 0.10017646715892035
57 0.10015962935605648
58 0.10014440201128663
59 0.10013063039032474
60 0.10011817475326001
61 0.1001069088784551
62 0.10009671873593479
63 -7.033050319415788
0 0.18658664468889594
1 0.17639829403819354
2 0.1671900327995959
3 0.1589578183913048
4 0.15166361908448517
5 0.14524594813704664
6 0.13962939931797794
7 0.13473241748547352
8 0.1304730782755501
9 0.1267730074833312
10 0.12355975387754722
11 0.12076798454083175
12 0.11833984997438707
13 0.11622480780595806
14 0.11437912578895297
15 0.1127652215990278
16 0.11135094500025972
17 0.1101088685255513
18 0.10901562465252738
19 0.10805130837719186
20 0.1071989518275823
21 0.10644407014880788
22 0.10577427377564824
23 0.10517894023797945
24 0.10464893800551964
25 0.10417639501825338
26 0.10375450510715992
27 0.10337736625687047
28 0.10303984546135829
29 0.10273746569648647
30 0.102466311239789
31 0.10222294819093675
32 0.10200435758299857
33 0.10180787892875445
34 0.10163116242663128
35 0.10147212836602557
36 0.10132893253164746
37 0.10119993662008013
38 0.10108368285610489
39 0.10097887213942151
40 0.10088434516861715
41 0.10079906608465816
42 0.10072210825391295
43 0.10065264187430206
44 0.10058992314046507
45 0.10053328474657788
46 0.1004821275408418
47 0.10043591317461209
48 0.10039415761344453
49 0.10035642539719009
50 0.10032232455294753
51 0.10029150207864898
52 0.10026363992675366
53 0.10023845142719216
54 0.10021567809713625
55 0.10019508679210111
56 0.10017646715892316
57 0.10015962935605648
58 0.10014440201128623
59 0.10013063039032614
60 0.1001181747532576
61 0.1001069088784557
62 0.1000967187359368
63 -7.033050319415789
0 0.1865866446888941
1 0.1763982940381967
2 0.1671900327995933
3 0.1589578183913082
4 0.15166361908448192
5 0.1452459481370497
6 0.13962939931797505
7 0.1347324174854737
8 0.13047307827554835
9 0.12677300748333178
10 0.12355975387754918
11 0.12076798454083155
12 0.11833984997438608
13 0.11622480780595787
14 0.11437912578895455
15 0.112765221599028
16 0.11135094500025754
17 0.1101088685255517
18 0.10901562465252938
19 0.10805130837719047
20 0.1071989518275797
21 0.10644407014881127
22 0.10577427377564665
23 0.10517894023798105
24 0.10464893800551904
25 0.10417639501825497
26 0.10375450510715892
27 0.10337736625686926
28 0.1030398454613567
29 0.10273746569649028
30 0.1024663112397872
31 0.10222294819093936
32 0.10200435758299997
33 0.10180787892874943
34 0.10163116242663169
35 0.10147212836602597
36 0.10132893253164947
37 0.10119993662007813
38 0.1010836828561059
39 0.1009788721394197
40 0.10088434516861795
41 0.10079906608466058
42 0.10072210825391295
43 0.10065264187430206
44 0.10058992314046206
45 0.1005332847465825
46 0.10048212754083859
47 0.10043591317461148
48 0.10039415761344493
49 0.10035642539719129
50 0.10032232455294833
51 0.10029150207864496
52 0.10026363992675588
53 0.10023845142718936
54 0.10021567809713765
55 0.10019508679210391
56 0.10017646715892195
57 0.10015962935605748
58 0.10014440201128423
59 0.10013063039032535
60 0.1001181747532584
61 0.1001069088784563
62 0.1000967187359372
63 -7.033050319415789
0 0.18658664468889777
1 0.17639829403819635
2 0.1671900327995929
3 0.15895781839130763
4 0.1516636190844838
5 0.14524594813704586
6 0.1396293993179789
7 0.13473241748547196
8 0.13047307827555088
9 0.12677300748332884
10 0.12355975387754879
11 0.12076798454083332
12 0.11833984997438647
13 0.11622480780595945
14 0.11437912578894979
15 0.11276522159903038
16 0.11135094500025694
17 0.11010886852555449
18 0.10901562465252679
19 0.10805130837719346
20 0.10719895182757931
21 0.10644407014880768
22 0.10577427377564864
23 0.10517894023798045
24 0.10464893800551643
25 0.10417639501825697
26 0.10375450510715932
27 0.10337736625687066
28 0.1030398454613585
29 0.10273746569648727
30 0.1024663112397872
31 0.10222294819093955
32 0.10200435758299897
33 0.10180787892875064
34 0.10163116242663188
35 0.10147212836602336
36 0.10132893253165047
37 0.10119993662008074
38 0.10108368285610088
39 0.10097887213942512
40 0.10088434516861715
41 0.10079906608465918
42 0.10072210825391115
43 0.10065264187430527
44 0.10058992314046265
45 0.10053328474657888
46 0.1004821275408408
47 0.10043591317461129
48 0.10039415761344413
49 0.10035642539719129
50 0.10032232455294753
51 0.10029150207864697
52 0.10026363992675648
53 0.10023845142719197
54 0.10021567809713444
55 0.10019508679210412
56 0.10017646715891934
57 0.10015962935605849
58 0.10014440201128523
59 0.10013063039032595
60 0.10011817475326042
61 0.10010690887845329
62 0.1000967187359366
63 -7.033050319415792
0 0.18658664468889463
1 0.17639829403819374
2 0.16719003279959704
3 0.1589578183913063
4 0.15166361908448325
5 0.14524594813704797
6 0.13962939931797871
7 0.13473241748547293
8 0.13047307827554816
9 0.1267730074833312
10 0.12355975387754664
11 0.12076798454083372
12 0.1183398499743843
13 0.11622480780595885
14 0.11437912578895554
15 0.11276522159902443
16 0.11135094500026131
17 0.1101088685255521
18 0.109015624652526
19 0.10805130837719346
20 0.1071989518275811
21 0.10644407014881067
22 0.10577427377564645
23 0.10517894023797886
24 0.10464893800551883
25 0.10417639501825618
26 0.10375450510715992
27 0.10337736625686866
28 0.10303984546135829
29 0.10273746569648907
30 0.102466311239788
31 0.10222294819093795
32 0.10200435758299717
33 0.10180787892875304
34 0.10163116242663349
35 0.10147212836602215
36 0.10132893253165208
37 0.10119993662007894
38 0.10108368285610309
39 0.10097887213942151
40 0.10088434516861694
41 0.10079906608465956
42 0.10072210825391216
43 0.10065264187430487
44 0.10058992314046165
45 0.1005332847465803
46 0.10048212754084039
47 0.10043591317461169
48 0.10039415761344252
49 0.1003564253971937
50 0.10032232455294512
51 0.10029150207864918
52 0.10026363992675207
53 0.10023845142719277
54 0.10021567809713645
55 0.1001950867921019
56 0.10017646715892316
57 0.10015962935605809
58 0.10014440201128604
59 0.10013063039032555
60 0.1001181747532562
61 0.10010690887845611
62 0.10009671873593741
63 -7.033050319415789
0 0.18658664468889463
1 0.176398294038198
2 0.16719003279959385
3 0.1589578183913063
4 0.15166361908448364
5 0.14524594813704778
6 0.13962939931797774
7 0.13473241748547293
8 0.13047307827554971
9 0.12677300748332984
10 0.12355975387754643
11 0.12076798454083608
12 0.11833984997438667
13 0.1162248078059551
14 0.11437912578895455
15 0.11276522159902662
16 0.11135094500025992
17 0.1101088685255507
18 0.10901562465252798
19 0.10805130837719366
20 0.10719895182757931
21 0.10644407014880927
22 0.10577427377564884
23 0.10517894023797925
24 0.10464893800551844
25 0.10417639501825438
26 0.10375450510716053
27 0.10337736625686966
28 0.10303984546135789
29 0.10273746569648808
30 0.1024663112397894
31 0.10222294819093715
32 0.10200435758299897
33 0.10180787892875304
34 0.10163116242663067
35 0.10147212836602457
36 0.10132893253165007
37 0.10119993662007773
38 0.1010836828561059
39 0.1009788721394213
40 0.10088434516861815
41 0.10079906608465776
42 0.10072210825391255
43 0.10065264187430306
44 0.10058992314046246
45 0.1005332847465825
46 0.10048212754083899
47 0.10043591317461029
48 0.10039415761344514
49 0.10035642539719329
50 0.10032232455294693
51 0.10029150207864657
52 0.10026363992675226
53 0.10023845142719619
54 0.10021567809713264
55 0.10019508679210452
56 0.10017646715892135
57 0.10015962935605728
58 0.10014440201128744
59 0.10013063039032495
60 0.100118174753257
61 0.1001069088784555
62 0.1000967187359358
63 -7.033050319415789
0 0.1865866446888941
1 0.1763982940381956
2 0.16719003279959366
3 0.1589578183913082
4 0.15166361908448212
5 0.14524594813704875
6 0.13962939931797716
7 0.1347324174854739
8 0.13047307827554971
9 0.126773007483331
10 0.12355975387754684
11 0.1207679845408347
12 0.11833984997438313
13 0.11622480780595826
14 0.11437912578895376
15 0.1127652215990272
16 0.11135094500026091
17 0.1101088685255495
18 0.10901562465252998
19 0.10805130837719326
20 0.10719895182757772
21 0.10644407014880887
22 0.10577427377564805
23 0.10517894023798105
24 0.10464893800551764
25 0.10417639501825537
26 0.10375450510716232
27 0.10337736625686805
28 0.10303984546135408
29 0.10273746569649188
30 0.10246631123978679
31 0.10222294819093936
32 0.10200435758299777
33 0.10180787892875184
34 0.10163116242663209
35 0.10147212836602497
36 0.10132893253164947
37 0.10119993662008053
38 0.10108368285610289
39 0.1009788721394213
40 0.10088434516861855
41 0.10079906608466017
42 0.10072210825391135
43 0.10065264187430327
44 0.10058992314046486
45 0.10053328474657708
46 0.1004821275408416
47 0.10043591317461129
48 0.10039415761344292
49 0.1003564253971953
50 0.10032232455294492
51 0.10029150207864818
52 0.10026363992675366
53 0.10023845142719036
54 0.10021567809713464
55 0.10019508679210493
56 0.10017646715891995
57 0.10015962935605849
58 0.10014440201128864
59 0.10013063039032334
60 0.10011817475326001
61 0.1001069088784541
62 0.1000967187359364
63 -7.033050319415788
0 0.18658664468889372
1 0.17639829403819765
2 0.16719003279959405
3 0.15895781839130668
4 0.15166361908448325
5 0.1452459481370491
6 0.1396293993179758
7 0.13473241748547624
8 0.13047307827554758
9 0.12677300748333178
10 0.12355975387754801
11 0.12076798454083155
12 0.11833984997438628
13 0.11622480780595747
14 0.11437912578895197
15 0.11276522159903117
16 0.11135094500025694
17 0.11010886852555091
18 0.10901562465252858
19 0.10805130837719405
20 0.1071989518275791
21 0.10644407014880987
22 0.10577427377564905
23 0.10517894023797905
24 0.10464893800551683
25 0.10417639501825837
26 0.10375450510715813
27 0.10337736625686786
28 0.1030398454613605
29 0.10273746569648547
30 0.10246631123979061
31 0.10222294819093795
32 0.10200435758299836
33 0.10180787892875104
34 0.10163116242663128
35 0.10147212836602537
36 0.10132893253164987
37 0.10119993662007853
38 0.10108368285610449
39 0.10097887213942311
40 0.10088434516861675
41 0.10079906608465816
42 0.10072210825391376
43 0.10065264187430387
44 0.10058992314046265
45 0.10053328474657888
46 0.10048212754084039
47 0.10043591317460988
48 0.10039415761344453
49 0.1003564253971951
50 0.10032232455294572
51 0.10029150207864616
52 0.10026363992675548
53 0.10023845142719337
54 0.10021567809713304
55 0.1001950867921027
56 0.10017646715892076
57 0.10015962935606008
58 0.10014440201128563
59 0.10013063039032555
60 0.10011817475325781
61 0.1001069088784563
62 0.1000967187359354
63 -7.03305031941579
0 0.18658664468889685
1 0.1763982940381943
2 0.16719003279959405
3 0.1589578183913082
4 0.15166361908448248
5 0.14524594813704855
6 0.13962939931797735
7 0.13473241748547235
8 0.13047307827555107
9 0.12677300748333023
10 0.12355975387754664
11 0.12076798454083312
12 0.1183398499743843
13 0.11622480780595965
14 0.11437912578895494
15 0.11276522159902502
16 0.1113509450002611
17 0.1101088685255495
18 0.10901562465252898
19 0.10805130837719126
20 0.1071989518275815
21 0.10644407014880967
22 0.10577427377564605
23 0.10517894023798345
24 0.10464893800551543
25 0.10417639501825497
26 0.10375450510716293
27 0.10337736625686646
28 0.10303984546135789
29 0.10273746569648767
30 0.1024663112397876
31 0.10222294819093915
32 0.10200435758299957
33 0.10180787892875445
34 0.10163116242662867
35 0.10147212836602758
36 0.10132893253164746
37 0.10119993662008034
38 0.10108368285610449
39 0.1009788721394195
40 0.10088434516861694
41 0.10079906608466178
42 0.10072210825391216
43 0.10065264187430306
44 0.10058992314046265
45 0.1005332847465785
46 0.10048212754084221
47 0.10043591317460927
48 0.10039415761344654
49 0.1003564253971927
50 0.10032232455294632
51 0.10029150207864616
52 0.10026363992675628
53 0.10023845142719036
54 0.10021567809713383
55 0.10019508679210552
56 0.10017646715892296
57 0.10015962935605546
58 0.10014440201128845
59 0.10013063039032193
60 0.100118174753258
61 0.10010690887845791
62 0.1000967187359366
63 -7.03305031941579
0 0.1865866446888941
1 0.17639829403819635
2 0.16719003279959216
3 0.1589578183913103
4 0.15166361908448228
5 0.14524594813704797
6 0.13962939931797638
7 0.1347324174854745
8 0.13047307827554894
9 0.1267730074833314
10 0.12355975387754506
11 0.12076798454083686
12 0.1183398499743849
13 0.11622480780595609
14 0.11437912578895396
15 0.1127652215990288
16 0.11135094500025793
17 0.1101088685255511
18 0.10901562465252917
19 0.10805130837719226
20 0.10719895182757772
21 0.10644407014881167
22 0.10577427377564645
23 0.10517894023798105
24 0.10464893800552004
25 0.10417639501825397
26 0.10375450510716012
27 0.10337736625686805
28 0.1030398454613577
29 0.10273746569648827
30 0.1024663112397888
31 0.10222294819093955
32 0.10200435758300017
33 0.10180787892874864
34 0.10163116242663268
35 0.10147212836602397
36 0.10132893253164947
37 0.10119993662007973
38 0.1010836828561055
39 0.10097887213942171
40 0.10088434516861594
41 0.10079906608465997
42 0.10072210825391074
43 0.10065264187430467
44 0.10058992314046446
45 0.1005332847465799
46 0.10048212754083778
47 0.10043591317461309
48 0.10039415761344593
49 0.10035642539719108
50 0.10032232455294693
51 0.10029150207864657
52 0.10026363992675527
53 0.10023845142719157
54 0.10021567809713584
55 0.10019508679210111
56 0.10017646715892155
57 0.10015962935605909
58 0.10014440201128703
59 0.10013063039032394
60 0.10011817475326001
61 0.1001069088784549
62 0.100096718735935
63 -7.033050319415788
0 0.18658664468889355
1 0.1763982940381967
2 0.16719003279959366
3 0.15895781839130801
4 0.15166361908448114
5 0.14524594813704836
6 0.13962939931797716
7 0.13473241748547546
8 0.13047307827554933
9 0.12677300748333062
10 0.12355975387754624
11 0.12076798454083568
12 0.1183398499743839
13 0.11622480780595768
14 0.11437912578895316
15 0.1127652215990276
16 0.1113509450002625
17 0.11010886852554831
18 0.10901562465253017
19 0.10805130837718988
20 0.10719895182758031
21 0.10644407014881067
22 0.10577427377564765
23 0.10517894023798224
24 0.10464893800551704
25 0.10417639501825537
26 0.10375450510715953
27 0.10337736625686726
28 0.1030398454613609
29 0.10273746569648787
30 0.1024663112397874
31 0.10222294819093976
32 0.10200435758299796
33 0.10180787892875044
34 0.10163116242663209
35 0.10147212836602357
36 0.10132893253165248
37 0.10119993662007733
38 0.10108368285610449
39 0.1009788721394197
40 0.10088434516862016
41 0.10079906608465918
42 0.10072210825391316
43 0.10065264187430085
44 0.10058992314046507
45 0.1005332847465799
46 0.1004821275408408
47 0.10043591317461029
48 0.10039415761344533
49 0.10035642539719129
50 0.10032232455294712
51 0.10029150207864758
52 0.10026363992675266
53 0.10023845142719377
54 0.10021567809713344
55 0.10019508679210472
56 0.10017646715891874
57 0.10015962935605968
58 0.10014440201128845
59 0.10013063039032434
60 0.10011817475325861
61 0.1001069088784553
62 0.100096718735935
63 -7.033050319415788
0 0.1865866446888939
1 0.1763982940381954
2 0.1671900327995959
3 0.15895781839130613
4 0.15166361908448306
5 0.14524594813704797
6 0.1396293993179793
7 0.13473241748547254
8 0.13047307827554894
9 0.12677300748333042
10 0.12355975387754879
11 0.1207679845408351
12 0.11833984997438135
13 0.11622480780595845
14 0.11437912578895158
15 0.11276522159902978
16 0.11135094500025773
17 0.11010886852555349
18 0.10901562465253017
19 0.10805130837719087
20 0.1071989518275785
21 0.10644407014881027
22 0.10577427377564905
23 0.10517894023798065
24 0.10464893800551564
25 0.10417639501825837
26 0.10375450510715772
27 0.10337736625687007
28 0.10303984546135829
29 0.10273746569648608
30 0.10246631123979
31 0.10222294819093795
32 0.10200435758299796
33 0.10180787892875284
34 0.10163116242663027
35 0.10147212836602537
36 0.10132893253164928
37 0.10119993662007953
38 0.10108368285610489
39 0.1009788721394213
40 0.10088434516861614
41 0.10079906608465977
42 0.10072210825391396
43 0.10065264187430166
44 0.10058992314046426
45 0.10053328474657829
46 0.1004821275408414
47 0.10043591317461228
48 0.10039415761344593
49 0.10035642539719028
50 0.10032232455294733
51 0.10029150207864597
52 0.10026363992675467
53 0.10023845142719237
54 0.10021567809713645
55 0.10019508679210071
56 0.10017646715892276
57 0.10015962935605928
58 0.10014440201128623
59 0.10013063039032334
60 0.10011817475325861
61 0.10010690887845691
62 0.100096718735935
63 -7.033050319415789
0 0.18658664468889538
1 0.17639829403819782
2 0.16719003279959516
3 0.15895781839130346
4 0.15166361908448572
5 0.14524594813704894
6 0.13962939931797408
7 0.13473241748547488
8 0.13047307827554952
9 0.12677300748332962
10 0.12355975387754978
11 0.12076798454083312
12 0.11833984997438095
13 0.11622480780595965
14 0.11437912578895475
15 0.1127652215990284
16 0.11135094500026012
17 0.1101088685255495
18 0.10901562465253058
19 0.10805130837719007
20 0.10719895182757931
21 0.10644407014881027
22 0.10577427377564924
23 0.10517894023798065
24 0.10464893800551484
25 0.10417639501825778
26 0.10375450510715892
27 0.10337736625686805
28 0.10303984546135889
29 0.10273746569648967
30 0.10246631123978679
31 0.10222294819093995
32 0.10200435758300097
33 0.10180787892874943
34 0.10163116242662948
35 0.10147212836602637
36 0.10132893253164928
37 0.10119993662008034
38 0.1010836828561033
39 0.10097887213942151
40 0.10088434516861775
41 0.10079906608465937
42 0.10072210825391295
43 0.10065264187430346
44 0.10058992314046325
45 0.10053328474658009
46 0.1004821275408398
47 0.10043591317461069
48 0.10039415761344533
49 0.10035642539719208
50 0.10032232455294753
51 0.10029150207864718
52 0.10026363992675347
53 0.10023845142719237
54 0.10021567809713525
55 0.1001950867921027
56 0.10017646715892115
57 0.10015962935605707
58 0.10014440201128945
59 0.10013063039032313
60 0.10011817475325599
61 0.10010690887845872
62 0.10009671873593559
63 -7.03305031941579
0 0.18658664468889613
1 0.17639829403819765
2 0.1671900327995948
3 0.15895781839130574
4 0.15166361908448228
5 0.14524594813704894
6 0.13962939931797563
7 0.13473241748547313
8 0.1304730782755501
9 0.1267730074833312
10 0.12355975387754821
11 0.12076798454083312
12 0.1183398499743851
13 0.11622480780595905
14 0.11437912578895217
15 0.1127652215990288
16 0.11135094500025673
17 0.11010886852555449
18 0.10901562465252719
19 0.10805130837718947
20 0.1071989518275823
21 0.10644407014881087
22 0.10577427377564565
23 0.10517894023798105
24 0.10464893800551783
25 0.10417639501825637
26 0.10375450510716172
27 0.10337736625686746
28 0.1030398454613581
29 0.10273746569648547
30 0.1024663112397912
31 0.10222294819093594
32 0.10200435758299937
33 0.10180787892875284
34 0.10163116242663228
35 0.10147212836602357
36 0.10132893253164807
37 0.10119993662008174
38 0.10108368285610349
39 0.1009788721394219
40 0.10088434516861694
41 0.10079906608466158
42 0.10072210825390975
43 0.10065264187430548
44 0.10058992314046004
45 0.1005332847465803
46 0.100482127540841
47 0.10043591317461188
48 0.10039415761344433
49 0.10035642539719249
50 0.10032232455294672
51 0.10029150207864758
52 0.10026363992675207
53 0.10023845142719398
54 0.10021567809713364
55 0.10019508679210493
56 0.10017646715892035
57 0.10015962935605909
58 0.10014440201128824
59 0.10013063039032273
60 0.1001181747532574
61 0.10010690887845751
62 0.1000967187359366
63 -7.033050319415792
0 0.1865866446888963
1 0.17639829403819615
2 0.1671900327995929
3 0.15895781839130593
4 0.15166361908448364
5 0.1452459481370493
6 0.1396293993179795
7 0.13473241748547196
8 0.13047307827554758
9 0.1267730074833312
10 0.12355975387754684
11 0.1207679845408349
12 0.11833984997438411
13 0.11622480780596063
14 0.11437912578895237
15 0.11276522159902701
16 0.11135094500025852
17 0.1101088685255507
18 0.10901562465253117
19 0.10805130837719186
20 0.10719895182757772
21 0.10644407014881146
22 0.10577427377564624
23 0.10517894023798185
24 0.10464893800551804
25 0.10417639501825557
26 0.10375450510716092
27 0.10337736625686926
28 0.10303984546135789
29 0.10273746569648727
30 0.1024663112397884
31 0.10222294819093915
32 0.10200435758299536
33 0.10180787892875225
34 0.10163116242663328
35 0.10147212836602557
36 0.10132893253165028
37 0.10119993662007953
38 0.10108368285610389
39 0.1009788721394197
40 0.10088434516861775
41 0.10079906608465797
42 0.10072210825391316
43 0.10065264187430246
44 0.10058992314046607
45 0.10053328474657829
46 0.10048212754083939
47 0.10043591317461309
48 0.10039415761344474
49 0.10035642539719108
50 0.10032232455294693
51 0.10029150207864858
52 0.10026363992675326
53 0.10023845142719216
54 0.10021567809713224
55 0.10019508679210452
56 0.10017646715892155
57 0.10015962935605849
58 0.10014440201128805
59 0.10013063039032495
60 0.10011817475325639
61 0.10010690887845691
62 0.10009671873593398
63 -7.033050319415788
0 0.18658664468889594
1 0.17639829403819635
2 0.16719003279959346
3 0.15895781839130668
4 0.15166361908448459
5 0.14524594813704605
6 0.13962939931797774
7 0.13473241748547624
8 0.13047307827554738
9 0.1267730074833312
10 0.12355975387754703
11 0.12076798454083372
12 0.11833984997438352
13 0.11622480780596024
14 0.11437912578895178
15 0.1127652215990276
16 0.1113509450002611
17 0.11010886852554991
18 0.10901562465252858
19 0.10805130837719207
20 0.10719895182757931
21 0.10644407014881187
22 0.10577427377564465
23 0.10517894023798324
24 0.10464893800551744
25 0.10417639501825537
26 0.10375450510715972
27 0.10337736625687007
28 0.10303984546135729
29 0.10273746569648827
30 0.102466311239789
31 0.10222294819093895
32 0.10200435758299836
33 0.10180787892875284
34 0.10163116242662927
35 0.10147212836602476
36 0.10132893253164967
37 0.10119993662007792
38 0.1010836828561069
39 0.1009788721394205
40 0.10088434516861755
41 0.10079906608465757
42 0.10072210825391617
43 0.10065264187430105
44 0.10058992314046547
45 0.10053328474657788
46 0.1004821275408406
47 0.10043591317461108
48 0.10039415761344372
49 0.1003564253971943
50 0.10032232455294572
51 0.10029150207864677
52 0.10026363992675387
53 0.10023845142719318
54 0.10021567809713344
55 0.10019508679210311
56 0.10017646715892076
57 0.10015962935606089
58 0.10014440201128703
59 0.10013063039032273
60 0.1001181747532598
61 0.1001069088784555
62 0.1000967187359354
63 -7.03305031941579
0 0.1865866446888963
1 0.1763982940381943
2 0.16719003279959516
3 0.15895781839130535
4 0.15166361908448592
5 0.1452459481370445
6 0.13962939931798024
7 0.13473241748547332
8 0.1304730782755472
9 0.12677300748333237
10 0.1235597538775478
11 0.12076798454083351
12 0.11833984997438589
13 0.11622480780595885
14 0.11437912578895257
15 0.112765221599028
16 0.11135094500025555
17 0.11010886852555428
18 0.10901562465252898
19 0.10805130837719226
20 0.10719895182757871
21 0.10644407014880908
22 0.10577427377564805
23 0.10517894023798124
24 0.10464893800551923
25 0.10417639501825517
26 0.10375450510715932
27 0.10337736625686686
28 0.1030398454613605
29 0.10273746569648708
30 0.102466311239789
31 0.10222294819093855
32 0.10200435758299717
33 0.10180787892875265
34 0.10163116242663228
35 0.10147212836602457
36 0.10132893253164887
37 0.10119993662007773
38 0.1010836828561057
39 0.10097887213942251
40 0.10088434516861694
41 0.10079906608465937
42 0.10072210825391276
43 0.10065264187430306
44 0.10058992314046206
45 0.10053328474658009
46 0.1004821275408408
47 0.10043591317461349
48 0.10039415761344213
49 0.1003564253971945
50 0.10032232455294392
51 0.10029150207864858
52 0.10026363992675447
53 0.10023845142719318
54 0.10021567809713323
55 0.10019508679210332
56 0.10017646715892296
57 0.10015962935605768
58 0.10014440201128703
59 0.10013063039032313
60 0.1001181747532584
61 0.1001069088784545
62 0.1000967187359364
63 -7.033050319415788
0 0.18658664468889483
1 0.17639829403819596
2 0.1671900327995948
3 0.1589578183913046
4 0.15166361908448686
5 0.1452459481370472
6 0.13962939931797563
7 0.13473241748547118
8 0.13047307827555069
9 0.12677300748333276
10 0.12355975387754506
11 0.12076798454083647
12 0.11833984997438332
13 0.11622480780595924
14 0.11437912578895276
15 0.1127652215990278
16 0.11135094500025952
17 0.11010886852555249
18 0.10901562465252798
19 0.10805130837719207
20 0.10719895182757891
21 0.10644407014881067
22 0.10577427377564805
23 0.10517894023798065
24 0.10464893800551683
25 0.10417639501825478
26 0.10375450510716172
27 0.10337736625686866
28 0.10303984546135589
29 0.10273746569649148
30 0.10246631123978639
31 0.10222294819093855
32 0.10200435758299656
33 0.10180787892875344
34 0.10163116242663228
35 0.10147212836602357
36 0.10132893253165007
37 0.10119993662007913
38 0.1010836828561047
39 0.1009788721394219
40 0.10088434516861755
41 0.10079906608465918
42 0.10072210825391195
43 0.10065264187430406
44 0.10058992314046165
45 0.1005332847465817
46 0.100482127540841
47 0.10043591317460908
48 0.10039415761344674
49 0.10035642539719149
50 0.10032232455294653
51 0.10029150207864657
52 0.10026363992675427
53 0.10023845142719197
54 0.10021567809713726
55 0.1001950867921019
56 0.10017646715892195
57 0.10015962935605809
58 0.10014440201128663
59 0.10013063039032434
60 0.1001181747532568
61 0.1001069088784559
62 0.1000967187359386
63 -7.03305031941579
0 0.1865866446888952
1 0.17639829403819615
2 0.1671900327995931
3 0.1589578183913103
4 0.15166361908448153
5 0.1452459481370491
6 0.13962939931797466
7 0.13473241748547585
8 0.13047307827554855
9 0.12677300748332884
10 0.12355975387754978
11 0.12076798454083293
12 0.11833984997438529
13 0.11622480780595845
14 0.11437912578895276
15 0.11276522159902919
16 0.11135094500025833
17 0.1101088685255513
18 0.10901562465252838
19 0.10805130837719266
20 0.10719895182757791
21 0.10644407014881267
22 0.10577427377564605
23 0.10517894023798124
24 0.10464893800551804
25 0.10417639501825597
26 0.10375450510715972
27 0.10337736625686805
28 0.1030398454613585
29 0.10273746569648687
30 0.1024663112397904
31 0.10222294819093836
32 0.10200435758299736
33 0.10180787892875144
34 0.10163116242663128
35 0.10147212836602476
36 0.10132893253164947
37 0.10119993662007934
38 0.1010836828561061
39 0.1009788721394213
40 0.10088434516861654
41 0.10079906608466098
42 0.10072210825390954
43 0.10065264187430527
44 0.10058992314046306
45 0.10053328474657969
46 0.1004821275408402
47 0.10043591317461129
48 0.10039415761344353
49 0.10035642539719249
50 0.10032232455294733
51 0.10029150207864657
52 0.10026363992675427
53 0.10023845142719318
54 0.10021567809713605
55 0.1001950867921013
56 0.10017646715892276
57 0.10015962935605868
58 0.10014440201128443
59 0.10013063039032695
60 0.1001181747532576
61 0.10010690887845611
62 0.100096718735935
63 -7.03305031941579
0 0.18658664468889613
1 0.17639829403819485
2 0.1671900327995944
3 0.1589578183913082
4 0.15166361908448267
5 0.14524594813704758
6 0.13962939931797833
7 0.1347324174854737
8 0.13047307827554855
9 0.12677300748332984
10 0.1235597538775484
11 0.12076798454083293
12 0.11833984997438371
13 0.11622480780595905
14 0.11437912578895415
15 0.1127652215990278
16 0.11135094500025793
17 0.11010886852555249
18 0.10901562465252917
19 0.10805130837719247
20 0.1071989518275791
21 0.10644407014881087
22 0.10577427377564645
23 0.10517894023797925
24 0.10464893800551744
25 0.10417639501825597
26 0.10375450510716153
27 0.10337736625686945
28 0.10303984546135549
29 0.10273746569649068
30 0.1024663112397884
31 0.10222294819093795
32 0.10200435758299717
33 0.10180787892875325
34 0.10163116242663128
35 0.10147212836602416
36 0.10132893253164867
37 0.10119993662008013
38 0.1010836828561055
39 0.1009788721394223
40 0.10088434516861414
41 0.10079906608465956
42 0.10072210825391216
43 0.10065264187430548
44 0.10058992314046225
45 0.1005332847465811
46 0.10048212754084039
47 0.10043591317461108
48 0.10039415761344332
49 0.1003564253971937
50 0.10032232455294512
51 0.10029150207864838
52 0.10026363992675247
53 0.10023845142719358
54 0.10021567809713565
55 0.1001950867921017
56 0.10017646715892356
57 0.10015962935605748
58 0.10014440201128703
59 0.10013063039032495
60 0.10011817475325518
61 0.10010690887845952
62 0.100096718735936
63 -7.033050319415791
0 0.1865866446888965
1 0.1763982940381969
2 0.1671900327995933
3 0.15895781839130707
4 0.15166361908448228
5 0.14524594813704855
6 0.13962939931797658
7 0.13473241748547313
8 0.1304730782755505
9 0.12677300748332984
10 0.1235597538775484
11 0.12076798454083194
12 0.11833984997438589
13 0.11622480780595727
14 0.11437912578895494
15 0.11276522159902681
16 0.11135094500025952
17 0.11010886852555189
18 0.10901562465252898
19 0.10805130837719207
20 0.10719895182757991
21 0.10644407014881146
22 0.10577427377564645
23 0.10517894023797886
24 0.10464893800552104
25 0.10417639501825238
26 0.10375450510716112
27 0.10337736625686826
28 0.1030398454613567
29 0.10273746569649088
30 0.1024663112397886
31 0.10222294819093734
32 0.10200435758300037
33 0.10180787892875023
34 0.10163116242662967
35 0.10147212836602677
36 0.10132893253164987
37 0.10119993662007973
38 0.10108368285610148
39 0.10097887213942512
40 0.10088434516861473
41 0.10079906608465977
42 0.10072210825391095
43 0.10065264187430728
44 0.10058992314046246
45 0.10053328474657909
46 0.100482127540841
47 0.10043591317461029
48 0.10039415761344554
49 0.10035642539719249
50 0.10032232455294472
51 0.10029150207864798
52 0.10026363992675447
53 0.10023845142719096
54 0.10021567809713625
55 0.1001950867921027
56 0.10017646715892195
57 0.10015962935605688
58 0.10014440201128744
59 0.10013063039032354
60 0.10011817475326061
61 0.1001069088784541
62 0.1000967187359364
63 -7.033050319415789
0 0.18658664468889538
1 0.17639829403819615
2 0.16719003279959535
3 0.15895781839130574
4 0.15166361908448459
5 0.1452459481370468
6 0.13962939931797658
7 0.1347324174854737
8 0.13047307827555088
9 0.12677300748333062
10 0.12355975387754566
11 0.12076798454083391
12 0.11833984997438647
13 0.11622480780595629
14 0.11437912578895355
15 0.1127652215990294
16 0.11135094500025773
17 0.1101088685255515
18 0.10901562465252879
19 0.10805130837719386
20 0.1071989518275785
21 0.10644407014881067
22 0.10577427377564784
23 0.10517894023798086
24 0.10464893800551583
25 0.10417639501825757
26 0.10375450510715932
27 0.10337736625686805
28 0.10303984546135869
29 0.10273746569648667
30 0.1024663112397904
31 0.10222294819093734
32 0.10200435758299876
33 0.10180787892875244
34 0.10163116242663067
35 0.10147212836602557
36 0.10132893253164847
37 0.10119993662008114
38 0.10108368285610148
39 0.1009788721394227
40 0.10088434516861915
41 0.10079906608465937
42 0.10072210825391115
43 0.10065264187430367
44 0.10058992314046085
45 0.1005332847465809
46 0.10048212754084039
47 0.10043591317461188
48 0.10039415761344453
49 0.1003564253971939
50 0.10032232455294553
51 0.10029150207864457
52 0.10026363992675708
53 0.10023845142719176
54 0.10021567809713484
55 0.1001950867921027
56 0.10017646715892216
57 0.10015962935605809
58 0.10014440201128805
59 0.10013063039032415
60 0.1001181747532572
61 0.1001069088784551
62 0.10009671873593881
63 -7.033050319415792
0 0.1865866446888928
1 0.17639829403819932
2 0.1671900327995946
3 0.1589578183913044
4 0.15166361908448364
5 0.14524594813704758
6 0.1396293993179793
7 0.13473241748547177
8 0.13047307827554971
9 0.12677300748332962
10 0.12355975387754821
11 0.12076798454083214
12 0.11833984997438529
13 0.11622480780596063
14 0.11437912578895099
15 0.1127652215990284
16 0.11135094500025813
17 0.11010886852555249
18 0.10901562465252819
19 0.10805130837719466
20 0.10719895182757772
21 0.10644407014881008
22 0.10577427377564665
23 0.10517894023798145
24 0.10464893800551664
25 0.10417639501825537
26 0.10375450510716172
27 0.10337736625686986
28 0.10303984546135649
29 0.10273746569648808
30 0.1024663112397882
31 0.10222294819093976
32 0.10200435758299957
33 0.10180787892875084
34 0.10163116242662988
35 0.10147212836602737
36 0.10132893253164586
37 0.10119993662007953
38 0.1010836828561079
39 0.10097887213942151
40 0.10088434516861312
41 0.10079906608466098
42 0.10072210825391477
43 0.10065264187430206
44 0.10058992314046365
45 0.10053328474657888
46 0.1004821275408426
47 0.10043591317460747
48 0.10039415761344775
49 0.10035642539719249
50 0.10032232455294532
51 0.10029150207864616
52 0.10026363992675648
53 0.10023845142719016
54 0.10021567809713565
55 0.10019508679210351
56 0.10017646715892235
57 0.10015962935605768
58 0.10014440201128504
59 0.10013063039032455
60 0.10011817475326042
61 0.10010690887845469
62 0.1000967187359366
63 -7.033050319415789
0 0.18658664468889502
1 0.17639829403819596
2 0.1671900327995927
3 0.15895781839130801
4 0.151663619084484
5 0.14524594813704605
6 0.13962939931797794
7 0.13473241748547488
8 0.13047307827554738
9 0.126773007483331
10 0.12355975387754801
11 0.12076798454083372
12 0.11833984997438352
13 0.11622480780596063
14 0.11437912578895276
15 0.112765221599028
16 0.11135094500025754
17 0.11010886852555289
18 0.10901562465252819
19 0.10805130837719147
20 0.10719895182757931
21 0.10644407014880987
22 0.10577427377564845
23 0.10517894023798005
24 0.10464893800551883
25 0.10417639501825517
26 0.10375450510715772
27 0.10337736625687086
28 0.10303984546135789
29 0.10273746569648748
30 0.102466311239788
31 0.10222294819094076
32 0.10200435758299616
33 0.10180787892875304
34 0.10163116242663008
35 0.10147212836602577
36 0.10132893253164928
37 0.10119993662007913
38 0.1010836828561051
39 0.1009788721394219
40 0.10088434516861634
41 0.10079906608466017
42 0.10072210825391216
43 0.10065264187430446
44 0.10058992314046306
45 0.10053328474657929
46 0.100482127540841
47 0.10043591317461169
48 0.10039415761344313
49 0.1003564253971951
50 0.10032232455294712
51 0.10029150207864557
52 0.10026363992675226
53 0.10023845142719297
54 0.10021567809713504
55 0.10019508679210391
56 0.10017646715892035
57 0.10015962935606008
58 0.10014440201128504
59 0.10013063039032535
60 0.10011817475325781
61 0.1001069088784577
62 0.100096718735935
63 -7.033050319415789
0 0.18658664468889447
1 0.17639829403819765
2 0.16719003279959535
3 0.15895781839130613
4 0.15166361908448267
5 0.1452459481370495
6 0.13962939931797427
7 0.1347324174854737
8 0.13047307827555107
9 0.12677300748333062
10 0.12355975387754722
11 0.12076798454083411
12 0.11833984997438628
13 0.11622480780595806
14 0.11437912578895178
15 0.1127652215990272
16 0.11135094500025813
17 0.11010886852555488
18 0.10901562465252958
19 0.10805130837719047
20 0.1071989518275797
21 0.10644407014880948
22 0.10577427377564905
23 0.10517894023797925
24 0.10464893800551844
25 0.10417639501825357
26 0.10375450510716193
27 0.10337736625686786
28 0.1030398454613591
29 0.10273746569648647
30 0.10246631123978961
31 0.10222294819093795
32 0.10200435758299736
33 0.10180787892875445
34 0.10163116242663048
35 0.10147212836602376
36 0.10132893253164987
37 0.10119993662007913
38 0.1010836828561047
39 0.1009788721394227
40 0.10088434516861694
41 0.10079906608465776
42 0.10072210825391376
43 0.10065264187430306
44 0.10058992314046325
45 0.10053328474657869
46 0.10048212754083999
47 0.10043591317461129
48 0.10039415761344674
49 0.10035642539719129
50 0.10032232455294693
51 0.10029150207864697
52 0.10026363992675487
53 0.10023845142719055
54 0.10021567809713605
55 0.1001950867921023
56 0.10017646715892417
57 0.10015962935605648
58 0.10014440201128784
59 0.10013063039032233
60 0.10011817475326061
61 0.1001069088784555
62 0.10009671873593701
63 -7.033050319415793
0 0.18658664468889538
1 0.1763982940381971
2 0.16719003279959255
3 0.15895781839130688
4 0.1516636190844844
5 0.14524594813704758
6 0.13962939931797794
7 0.13473241748547138
8 0.1304730782755501
9 0.12677300748333042
10 0.12355975387754742
11 0.1207679845408351
12 0.11833984997438313
13 0.11622480780595984
14 0.11437912578895178
15 0.11276522159902859
16 0.11135094500025952
17 0.11010886852555249
18 0.1090156246525266
19 0.10805130837719386
20 0.10719895182757712
21 0.10644407014881187
22 0.10577427377564784
23 0.10517894023798005
24 0.10464893800551804
25 0.10417639501825497
26 0.10375450510715872
27 0.10337736625687147
28 0.10303984546135589
29 0.10273746569649007
30 0.1024663112397894
31 0.10222294819093715
32 0.10200435758299736
33 0.10180787892875284
34 0.10163116242663088
35 0.10147212836602618
36 0.10132893253164987
37 0.10119993662007692
38 0.10108368285610429
39 0.10097887213942151
40 0.10088434516861815
41 0.10079906608465997
42 0.10072210825391216
43 0.10065264187430527
44 0.10058992314046165
45 0.10053328474657929
46 0.1004821275408412
47 0.10043591317461029
48 0.10039415761344533
49 0.10035642539719289
50 0.10032232455294672
51 0.10029150207864516
52 0.10026363992675467
53 0.10023845142719136
54 0.10021567809713726
55 0.10019508679210372
56 0.10017646715892035
57 0.10015962935605949
58 0.10014440201128483
59 0.10013063039032394
60 0.1001181747532594
61 0.1001069088784541
62 0.100096718735936
63 -7.033050319415788
0 0.18658664468889427
1 0.17639829403819912
2 0.1671900327995929
3 0.15895781839130613
4 0.15166361908448345
5 0.1452459481370497
6 0.13962939931797447
7 0.13473241748547682
8 0.13047307827554797
9 0.12677300748333042
10 0.12355975387754821
11 0.12076798454083332
12 0.11833984997438272
13 0.11622480780596202
14 0.1143791257889502
15 0.11276522159903078
16 0.11135094500025694
17 0.11010886852555189
18 0.10901562465252898
19 0.10805130837719286
20 0.10719895182757871
21 0.10644407014881048
22 0.10577427377564724
23 0.10517894023798205
24 0.10464893800551624
25 0.10417639501825457
26 0.10375450510716053
27 0.10337736625686966
28 0.10303984546135689
29 0.10273746569648848
30 0.1024663112397894
31 0.10222294819093734
32 0.10200435758299957
33 0.10180787892875204
34 0.10163116242662887
35 0.10147212836602677
36 0.10132893253164907
37 0.10119993662008013
38 0.10108368285610408
39 0.1009788721394219
40 0.10088434516861594
41 0.10079906608465816
42 0.10072210825391556
43 0.10065264187430026
44 0.10058992314046446
45 0.10053328474657969
46 0.100482127540841
47 0.10043591317461148
48 0.10039415761344614
49 0.10035642539719189
50 0.10032232455294553
51 0.10029150207864677
52 0.10026363992675628
53 0.10023845142719076
54 0.10021567809713464
55 0.10019508679210493
56 0.10017646715892115
57 0.10015962935605809
58 0.10014440201128623
59 0.10013063039032434
60 0.1001181747532594
61 0.1001069088784551
62 0.10009671873593559
63 -7.033050319415791
0 0.1865866446888963
1 0.17639829403819504
2 0.16719003279959516
3 0.158957818391305
4 0.15166361908448325
5 0.1452459481370495
6 0.13962939931797563
7 0.13473241748547352
8 0.1304730782755501
9 0.12677300748332984
10 0.12355975387754958
11 0.12076798454083351
12 0.11833984997438214
13 0.11622480780596083
14 0.11437912578895336
15 0.11276522159902622
16 0.1113509450002605
17 0.1101088685255505
18 0.10901562465253058
19 0.10805130837719107
20 0.1071989518275795
21 0.10644407014881048
22 0.10577427377564545
23 0.10517894023798324
24 0.10464893800551744
25 0.10417639501825338
26 0.10375450510716032
27 0.10337736625686886
28 0.1030398454613585
29 0.10273746569648867
30 0.102466311239788
31 0.10222294819093955
32 0.10200435758299656
33 0.10180787892875284
34 0.10163116242663188
35 0.10147212836602457
36 0.10132893253165028
37 0.10119993662007752
38 0.1010836828561055
39 0.10097887213942291
40 0.10088434516861514
41 0.10079906608466098
42 0.10072210825391477
43 0.10065264187430145
44 0.10058992314046045
45 0.1005332847465807
46 0.100482127540843
47 0.10043591317461088
48 0.10039415761344413
49 0.10035642539719009
50 0.10032232455294773
51 0.10029150207864858
52 0.10026363992675186
53 0.10023845142719277
54 0.10021567809713745
55 0.1001950867921019
56 0.10017646715892115
57 0.10015962935605768
58 0.10014440201128945
59 0.10013063039031993
60 0.10011817475326042
61 0.10010690887845651
62 0.1000967187359362
63 -7.033050319415791
0 0.18658664468889613
1 0.1763982940381958
2 0.16719003279959574
3 0.15895781839130516
4 0.15166361908448364
5 0.14524594813704797
6 0.13962939931797697
7 0.1347324174854741
8 0.13047307827554894
9 0.12677300748333023
10 0.12355975387754801
11 0.12076798454083351
12 0.11833984997438549
13 0.11622480780595688
14 0.11437912578895434
15 0.1127652215990272
16 0.11135094500025912
17 0.11010886852555031
18 0.10901562465252917
19 0.10805130837719386
20 0.1071989518275801
21 0.10644407014880868
22 0.10577427377564584
23 0.10517894023798224
24 0.10464893800551983
25 0.10417639501825338
26 0.10375450510715932
27 0.10337736625686786
28 0.10303984546135969
29 0.10273746569648808
30 0.1024663112397892
31 0.10222294819093675
32 0.10200435758299757
33 0.10180787892875365
34 0.10163116242663148
35 0.10147212836602476
36 0.10132893253164928
37 0.10119993662007934
38 0.1010836828561061
39 0.10097887213942071
40 0.10088434516861694
41 0.10079906608465918
42 0.10072210825391577
43 0.10065264187429965
44 0.10058992314046446
45 0.1005332847465785
46 0.10048212754084039
47 0.10043591317461169
48 0.10039415761344393
49 0.10035642539719329
50 0.10032232455294814
51 0.10029150207864557
52 0.10026363992675387
53 0.10023845142719216
54 0.10021567809713484
55 0.10019508679210432
56 0.10017646715891995
57 0.10015962935605949
58 0.10014440201128764
59 0.10013063039032515
60 0.1001181747532572
61 0.10010690887845389
62 0.10009671873593741
63 -7.03305031941579
0 0.1865866446888972
1 0.1763982940381971
2 0.1671900327995918
3 0.15895781839130707
4 0.15166361908448306
5 0.14524594813705047
6 0.13962939931797427
7 0.13473241748547488
8 0.13047307827554894
9 0.126773007483331
10 0.12355975387754801
11 0.12076798454083332
12 0.11833984997438568
13 0.11622480780595787
14 0.11437912578895434
15 0.11276522159902562
16 0.11135094500025972
17 0.1101088685255513
18 0.10901562465252917
19 0.10805130837719186
20 0.10719895182757731
21 0.10644407014881346
22 0.10577427377564565
23 0.10517894023798025
24 0.10464893800551883
25 0.10417639501825537
26 0.10375450510715813
27 0.10337736625687247
28 0.10303984546135689
29 0.10273746569649048
30 0.10246631123978539
31 0.10222294819093955
32 0.10200435758299656
33 0.10180787892875465
34 0.10163116242662887
35 0.10147212836602758
36 0.10132893253164847
37 0.10119993662007853
38 0.10108368285610489
39 0.1009788721394227
40 0.10088434516861554
41 0.10079906608465918
42 0.10072210825391376
43 0.10065264187430367
44 0.10058992314046045
45 0.1005332847465827
46 0.1004821275408408
47 0.10043591317460908
48 0.10039415761344574
49 0.1003564253971941
50 0.10032232455294472
51 0.10029150207864697
52 0.10026363992675406
53 0.10023845142719237
54 0.10021567809713264
55 0.10019508679210432
56 0.10017646715892195
57 0.10015962935605707
58 0.10014440201128945
59 0.10013063039032434
60 0.1001181747532566
61 0.1001069088784567
62 0.1000967187359368
63 -7.033050319415793
0 0.1865866446888965
1 0.1763982940381943
2 0.16719003279959535
3 0.1589578183913063
4 0.15166361908448459
5 0.14524594813704875
6 0.13962939931797524
7 0.13473241748547488
8 0.13047307827554835
9 0.12677300748333042
10 0.12355975387754801
11 0.1207679845408343
12 0.1183398499743843
13 0.11622480780595708
14 0.11437912578895434
15 0.11276522159902859
16 0.11135094500025733
17 0.1101088685255527
18 0.10901562465252698
19 0.10805130837719486
20 0.10719895182757712
21 0.10644407014881187
22 0.10577427377564765
23 0.10517894023798105
24 0.10464893800551643
25 0.10417639501825637
26 0.10375450510715792
27 0.10337736625687126
28 0.10303984546135489
29 0.10273746569649107
30 0.1024663112397872
31 0.10222294819093876
32 0.10200435758299736
33 0.10180787892875225
34 0.10163116242663188
35 0.10147212836602537
36 0.10132893253165047
37 0.10119993662007692
38 0.1010836828561069
39 0.1009788721394199
40 0.10088434516861734
41 0.10079906608466037
42 0.10072210825391095
43 0.10065264187430387
44 0.10058992314046405
45 0.10053328474657929
46 0.1004821275408414
47 0.10043591317461048
48 0.10039415761344514
49 0.10035642539719108
50 0.10032232455294833
51 0.10029150207864597
52 0.10026363992675427
53 0.10023845142719337
54 0.10021567809713444
55 0.1001950867921019
56 0.10017646715892176
57 0.10015962935605928
58 0.10014440201128604
59 0.10013063039032394
60 0.10011817475325961
61 0.10010690887845469
62 0.1000967187359362
63 -7.033050319415789
0 0.18658664468889463
1 0.17639829403819726
2 0.16719003279959366
3 0.15895781839130574
4 0.151663619084484
5 0.14524594813704816
6 0.13962939931797735
7 0.13473241748547293
8 0.13047307827554894
9 0.12677300748333217
10 0.12355975387754624
11 0.1207679845408351
12 0.11833984997438174
13 0.11622480780596202
14 0.11437912578895217
15 0.11276522159902859
16 0.11135094500025892
17 0.1101088685255505
18 0.10901562465252779
19 0.10805130837719366
20 0.1071989518275807
21 0.10644407014880748
22 0.10577427377564784
23 0.10517894023797986
24 0.10464893800551944
25 0.10417639501825678
26 0.10375450510715913
27 0.10337736625686866
28 0.10303984546135889
29 0.10273746569648888
30 0.10246631123978639
31 0.10222294819093795
32 0.10200435758299777
33 0.10180787892875424
34 0.10163116242662847
35 0.10147212836602658
36 0.10132893253164928
37 0.10119993662007752
38 0.1010836828561083
39 0.1009788721394195
40 0.10088434516861634
41 0.10079906608466037
42 0.10072210825391335
43 0.10065264187430327
44 0.10058992314046265
45 0.1005332847465807
46 0.1004821275408414
47 0.10043591317460908
48 0.10039415761344593
49 0.10035642539719208
50 0.10032232455294894
51 0.10029150207864417
52 0.10026363992675387
53 0.10023845142719257
54 0.10021567809713423
55 0.10019508679210452
56 0.10017646715892135
57 0.10015962935605909
58 0.10014440201128644
59 0.10013063039032394
60 0.100118174753259
61 0.1001069088784563
62 0.10009671873593398
63 -7.033050319415788
0 0.18658664468889447
1 0.1763982940381956
2 0.16719003279959346
3 0.15895781839130613
4 0.1516636190844861
5 0.14524594813704644
6 0.13962939931797813
7 0.13473241748547293
8 0.13047307827554952
9 0.12677300748333062
10 0.12355975387754585
11 0.12076798454083726
12 0.11833984997438253
13 0.11622480780595924
14 0.11437912578895039
15 0.11276522159903098
16 0.11135094500025933
17 0.1101088685255523
18 0.10901562465252879
19 0.10805130837719226
20 0.10719895182757691
21 0.10644407014881008
22 0.10577427377564924
23 0.10517894023798045
24 0.10464893800551664
25 0.10417639501825778
26 0.10375450510715692
27 0.10337736625687266
28 0.10303984546135629
29 0.10273746569648808
30 0.10246631123978961
31 0.10222294819093755
32 0.10200435758299917
33 0.10180787892874964
34 0.10163116242663268
35 0.10147212836602336
36 0.10132893253165308
37 0.10119993662007773
38 0.10108368285610368
39 0.10097887213942332
40 0.10088434516861634
41 0.10079906608465616
42 0.10072210825391717
43 0.10065264187430206
44 0.10058992314046365
45 0.10053328474657809
46 0.1004821275408402
47 0.10043591317461188
48 0.10039415761344493
49 0.1003564253971927
50 0.10032232455294753
51 0.10029150207864576
52 0.10026363992675387
53 0.10023845142719297
54 0.10021567809713544
55 0.1001950867921017
56 0.10017646715892276
57 0.10015962935605707
58 0.10014440201128905
59 0.10013063039032354
60 0.100118174753257
61 0.1001069088784573
62 0.10009671873593459
63 -7.033050319415788
0 0.18658664468889669
1 0.1763982940381954
2 0.16719003279959366
3 0.15895781839130593
4 0.15166361908448725
5 0.14524594813704528
6 0.13962939931797774
7 0.1347324174854737
8 0.13047307827555127
9 0.12677300748333023
10 0.12355975387754604
11 0.1207679845408347
12 0.11833984997438352
13 0.11622480780596123
14 0.114379125788949
15 0.11276522159902919
16 0.11135094500025793
17 0.11010886852555309
18 0.10901562465252879
19 0.10805130837719126
20 0.10719895182757931
21 0.10644407014881067
22 0.10577427377564784
23 0.10517894023798025
24 0.10464893800551804
25 0.10417639501825297
26 0.10375450510716153
27 0.10337736625687047
28 0.1030398454613577
29 0.10273746569648848
30 0.102466311239787
31 0.10222294819093836
32 0.10200435758299857
33 0.10180787892875164
34 0.10163116242663309
35 0.10147212836602357
36 0.10132893253164807
37 0.10119993662008174
38 0.10108368285610349
39 0.1009788721394223
40 0.10088434516861614
41 0.10079906608465797
42 0.10072210825391717
43 0.10065264187430085
44 0.10058992314046185
45 0.1005332847465825
46 0.100482127540841
47 0.10043591317460807
48 0.10039415761344694
49 0.10035642539719189
50 0.10032232455294712
51 0.10029150207864576
52 0.10026363992675467
53 0.10023845142719377
54 0.10021567809713444
55 0.10019508679210251
56 0.10017646715892155
57 0.10015962935605868
58 0.10014440201128703
59 0.10013063039032294
60 0.1001181747532594
61 0.10010690887845469
62 0.10009671873593741
63 -7.033050319415791
0 0.18658664468889208
1 0.1763982940381984
2 0.16719003279959574
3 0.15895781839130613
4 0.1516636190844844
5 0.1452459481370474
6 0.13962939931797447
7 0.13473241748547274
8 0.1304730782755505
9 0.1267730074833312
10 0.1235597538775484
11 0.12076798454083411
12 0.1183398499743851
13 0.11622480780595688
14 0.11437912578895554
15 0.11276522159902543
16 0.11135094500025852
17 0.11010886852555189
18 0.10901562465252879
19 0.10805130837719167
20 0.1071989518275813
21 0.10644407014880887
22 0.10577427377564724
23 0.10517894023798145
24 0.10464893800551524
25 0.10417639501825697
26 0.10375450510715992
27 0.10337736625686945
28 0.10303984546135689
29 0.10273746569649007
30 0.1024663112397888
31 0.10222294819093515
32 0.10200435758299997
33 0.10180787892875304
34 0.10163116242662988
35 0.10147212836602758
36 0.10132893253164746
37 0.10119993662007973
38 0.10108368285610249
39 0.10097887213942472
40 0.10088434516861654
41 0.10079906608466077
42 0.10072210825390975
43 0.10065264187430287
44 0.10058992314046768
45 0.10053328474657668
46 0.10048212754083918
47 0.10043591317461209
48 0.10039415761344533
49 0.1003564253971939
50 0.1003223245529429
51 0.10029150207865059
52 0.10026363992675226
53 0.10023845142719297
54 0.10021567809713423
55 0.10019508679210311
56 0.10017646715892396
57 0.10015962935605607
58 0.10014440201128684
59 0.10013063039032313
60 0.10011817475325921
61 0.1001069088784557
62 0.10009671873593559
63 -7.033050319415787
0 0.18658664468889355
1 0.176398294038198
2 0.16719003279959196
3 0.15895781839130688
4 0.1516636190844861
5 0.14524594813704547
6 0.13962939931797774
7 0.1347324174854745
8 0.13047307827554913
9 0.12677300748333062
10 0.12355975387754918
11 0.12076798454083372
12 0.1183398499743847
13 0.11622480780595826
14 0.11437912578895217
15 0.112765221599028
16 0.11135094500025933
17 0.1101088685255527
18 0.10901562465252719
19 0.10805130837718988
20 0.1071989518275805
21 0.10644407014881127
22 0.10577427377564545
23 0.10517894023798285
24 0.10464893800551783
25 0.10417639501825657
26 0.10375450510715872
27 0.10337736625686705
28 0.1030398454613585
29 0.10273746569649028
30 0.1024663112397892
31 0.10222294819093836
32 0.10200435758299857
33 0.10180787892875084
34 0.10163116242662948
35 0.10147212836602677
36 0.10132893253165028
37 0.10119993662007673
38 0.10108368285610489
39 0.1009788721394219
40 0.10088434516861715
41 0.10079906608466098
42 0.10072210825391235
43 0.10065264187430226
44 0.10058992314046306
45 0.1005332847465795
46 0.10048212754083939
47 0.10043591317461309
48 0.10039415761344393
49 0.1003564253971939
50 0.10032232455294612
51 0.10029150207864697
52 0.10026363992675266
53 0.10023845142719458
54 0.10021567809713404
55 0.10019508679210311
56 0.10017646715892095
57 0.10015962935605868
58 0.10014440201128824
59 0.10013063039032133
60 0.10011817475326001
61 0.1001069088784557
62 0.100096718735936
63 -7.033050319415788
0 0.18658664468889447
1 0.17639829403819504
2 0.1671900327995963
3 0.15895781839130688
4 0.15166361908448095
5 0.1452459481370491
6 0.13962939931797735
7 0.13473241748547177
8 0.1304730782755503
9 0.12677300748333062
10 0.12355975387754624
11 0.12076798454083568
12 0.1183398499743845
13 0.11622480780596003
14 0.11437912578895039
15 0.11276522159903019
16 0.11135094500025754
17 0.1101088685255527
18 0.10901562465252838
19 0.10805130837719326
20 0.1071989518275785
21 0.10644407014880868
22 0.10577427377564964
23 0.10517894023797945
24 0.10464893800551964
25 0.10417639501825338
26 0.10375450510716053
27 0.10337736625686805
28 0.1030398454613595
29 0.10273746569648727
30 0.1024663112397888
31 0.10222294819093815
32 0.10200435758299796
33 0.10180787892875084
34 0.10163116242663328
35 0.10147212836602658
36 0.10132893253164606
37 0.10119993662008174
38 0.10108368285610309
39 0.10097887213942151
40 0.10088434516861834
41 0.10079906608465695
42 0.10072210825391477
43 0.10065264187430346
44 0.10058992314046486
45 0.10053328474657829
46 0.1004821275408402
47 0.10043591317461188
48 0.10039415761344633
49 0.10035642539718867
50 0.10032232455295013
51 0.10029150207864576
52 0.10026363992675326
53 0.10023845142719197
54 0.10021567809713525
55 0.10019508679210291
56 0.10017646715892115
57 0.10015962935605828
58 0.10014440201128684
59 0.10013063039032455
60 0.1001181747532588
61 0.10010690887845891
62 0.10009671873593438
63 -7.03305031941579
0 0.1865866446888939
1 0.1763982940381965
2 0.16719003279959405
3 0.15895781839130896
4 0.15166361908448267
5 0.14524594813704625
6 0.13962939931797774
7 0.13473241748547468
8 0.13047307827554913
9 0.12677300748332943
10 0.12355975387754643
11 0.1207679845408351
12 0.11833984997438647
13 0.11622480780595885
14 0.11437912578895058
15 0.11276522159902741
16 0.11135094500026031
17 0.1101088685255513
18 0.10901562465252819
19 0.10805130837719107
20 0.1071989518275815
21 0.10644407014880887
22 0.10577427377564745
23 0.10517894023798185
24 0.10464893800551904
25 0.10417639501825478
26 0.10375450510715892
27 0.10337736625687166
28 0.10303984546135468
29 0.10273746569648867
30 0.1024663112397878
31 0.10222294819094135
32 0.10200435758299736
33 0.10180787892875123
34 0.10163116242663349
35 0.10147212836602176
36 0.10132893253165128
37 0.10119993662007894
38 0.10108368285610429
39 0.10097887213942151
40 0.10088434516861734
41 0.10079906608465856
42 0.10072210825391356
43 0.10065264187430327
44 0.10058992314046346
45 0.1005332847465795
46 0.1004821275408402
47 0.10043591317461108
48 0.10039415761344453
49 0.10035642539719289
50 0.10032232455294592
51 0.10029150207864737
52 0.10026363992675427
53 0.10023845142719216
54 0.10021567809713364
55 0.10019508679210472
56 0.10017646715892296
57 0.10015962935605527
58 0.10014440201128724
59 0.10013063039032555
60 0.10011817475325861
61 0.10010690887845469
62 0.1000967187359364
63 -7.033050319415789
0 0.1865866446888952
1 0.17639829403819635
2 0.1671900327995933
3 0.15895781839130668
4 0.15166361908448553
5 0.1452459481370468
6 0.13962939931797716
7 0.1347324174854737
8 0.13047307827554894
9 0.12677300748333062
10 0.12355975387754879
11 0.12076798454083254
12 0.11833984997438726
13 0.11622480780595609
14 0.11437912578895396
15 0.11276522159902741
16 0.11135094500025793
17 0.1101088685255527
18 0.10901562465252779
19 0.10805130837719226
20 0.1071989518275795
21 0.10644407014881048
22 0.10577427377564705
23 0.10517894023798045
24 0.10464893800551844
25 0.10417639501825637
26 0.10375450510715992
27 0.10337736625686846
28 0.10303984546135889
29 0.10273746569648808
30 0.1024663112397886
31 0.10222294819093675
32 0.10200435758299997
33 0.10180787892874923
34 0.10163116242663088
35 0.10147212836602637
36 0.10132893253165227
37 0.10119993662007692
38 0.1010836828561057
39 0.10097887213942151
40 0.10088434516861795
41 0.10079906608465736
42 0.10072210825391316
43 0.10065264187430507
44 0.10058992314046125
45 0.1005332847465785
46 0.1004821275408424
47 0.10043591317461108
48 0.10039415761344453
49 0.1003564253971937
50 0.10032232455294592
51 0.10029150207864557
52 0.10026363992675508
53 0.10023845142719176
54 0.10021567809713565
55 0.1001950867921027
56 0.10017646715892135
57 0.10015962935605748
58 0.10014440201128905
59 0.10013063039032313
60 0.1001181747532576
61 0.1001069088784557
62 0.100096718735939
63 -7.033050319415792
0 0.18658664468889335
1 0.176398294038198
2 0.16719003279959424
3 0.15895781839130727
4 0.15166361908448345
5 0.14524594813704778
6 0.13962939931797677
7 0.1347324174854743
8 0.13047307827554758
9 0.12677300748332943
10 0.12355975387754879
11 0.1207679845408349
12 0.1183398499743849
13 0.11622480780595905
14 0.11437912578895336
15 0.1127652215990278
16 0.11135094500025713
17 0.1101088685255523
18 0.10901562465253058
19 0.10805130837718888
20 0.10719895182758091
21 0.10644407014880868
22 0.10577427377564845
23 0.10517894023798005
24 0.10464893800551983
25 0.10417639501825597
26 0.10375450510716032
27 0.10337736625686726
28 0.10303984546135889
29 0.10273746569648667
30 0.1024663112397894
31 0.10222294819093755
32 0.10200435758299817
33 0.10180787892875344
34 0.10163116242663169
35 0.10147212836602376
36 0.10132893253164807
37 0.10119993662007973
38 0.1010836828561051
39 0.1009788721394209
40 0.10088434516862096
41 0.10079906608465496
42 0.10072210825391657
43 0.10065264187430185
44 0.10058992314046145
45 0.10053328474657888
46 0.1004821275408424
47 0.10043591317461088
48 0.10039415761344453
49 0.1003564253971937
50 0.10032232455294592
51 0.10029150207864798
52 0.10026363992675126
53 0.10023845142719498
54 0.10021567809713143
55 0.10019508679210412
56 0.10017646715892316
57 0.10015962935605889
58 0.10014440201128724
59 0.10013063039032374
60 0.100118174753257
61 0.1001069088784563
62 0.1000967187359354
63 -7.033050319415788
0 0.18658664468889372
1 0.1763982940381971
2 0.1671900327995946
3 0.1589578183913046
4 0.15166361908448553
5 0.14524594813704664
6 0.1396293993179795
7 0.1347324174854708
8 0.1304730782755501
9 0.12677300748332923
10 0.12355975387754939
11 0.12076798454083351
12 0.1183398499743849
13 0.11622480780596044
14 0.11437912578894979
15 0.11276522159902978
16 0.11135094500026031
17 0.1101088685255521
18 0.1090156246525266
19 0.10805130837719207
20 0.10719895182757631
21 0.10644407014881146
22 0.10577427377564884
23 0.10517894023798124
24 0.10464893800551643
25 0.10417639501825797
26 0.10375450510715892
27 0.10337736625686746
28 0.1030398454613585
29 0.10273746569648827
30 0.10246631123979061
31 0.10222294819093534
32 0.10200435758299836
33 0.10180787892875304
34 0.10163116242663027
35 0.10147212836602737
36 0.10132893253164928
37 0.10119993662007873
38 0.1010836828561051
39 0.10097887213942111
40 0.10088434516861815
41 0.10079906608465816
42 0.10072210825391216
43 0.10065264187430446
44 0.10058992314046285
45 0.10053328474657929
46 0.1004821275408424
47 0.10043591317461008
48 0.10039415761344413
49 0.1003564253971931
50 0.10032232455294592
51 0.10029150207864858
52 0.10026363992675247
53 0.10023845142719337
54 0.10021567809713283
55 0.10019508679210452
56 0.10017646715892256
57 0.10015962935605707
58 0.10014440201128604
59 0.10013063039032474
60 0.1001181747532584
61 0.1001069088784559
62 0.10009671873593479
63 -7.033050319415787
0 0.1865866446888974
1 0.1763982940381958
2 0.1671900327995918
3 0.15895781839130782
4 0.15166361908448153
5 0.14524594813705047
6 0.13962939931797563
7 0.13473241748547507
8 0.13047307827554738
9 0.1267730074833312
10 0.12355975387754703
11 0.12076798454083411
12 0.1183398499743843
13 0.11622480780595905
14 0.11437912578895376
15 0.11276522159902602
16 0.11135094500026091
17 0.11010886852554912
18 0.10901562465252879
19 0.10805130837719386
20 0.10719895182758031
21 0.10644407014880967
22 0.10577427377564745
23 0.10517894023798205
24 0.10464893800551683
25 0.10417639501825578
26 0.10375450510715953
27 0.10337736625686886
28 0.10303984546135929
29 0.10273746569648727
30 0.1024663112397874
31 0.10222294819093715
32 0.10200435758299997
33 0.10180787892875123
34 0.10163116242663148
35 0.10147212836602637
36 0.10132893253165007
37 0.10119993662007913
38 0.10108368285610368
39 0.1009788721394213
40 0.10088434516861775
41 0.10079906608465937
42 0.10072210825391335
43 0.10065264187430226
44 0.10058992314046346
45 0.1005332847465785
46 0.1004821275408414
47 0.10043591317461088
48 0.10039415761344474
49 0.10035642539719208
50 0.10032232455294833
51 0.10029150207864476
52 0.10026363992675567
53 0.10023845142719257
54 0.10021567809713423
55 0.10019508679210472
56 0.10017646715892035
57 0.10015962935605768
58 0.10014440201128523
59 0.10013063039032756
60 0.1001181747532558
61 0.10010690887845651
62 0.10009671873593559
63 -7.033050319415789
0 0.18658664468889574
1 0.1763982940381958
2 0.1671900327995961
3 0.15895781839130346
4 0.15166361908448517
5 0.14524594813704836
6 0.13962939931797697
7 0.13473241748547196
8 0.1304730782755503
9 0.1267730074833316
10 0.12355975387754684
11 0.12076798454083155
12 0.11833984997438647
13 0.11622480780596003
14 0.11437912578895316
15 0.11276522159902562
16 0.11135094500026191
17 0.11010886852555189
18 0.109015624652526
19 0.10805130837719405
20 0.10719895182757812
21 0.10644407014881027
22 0.10577427377564784
23 0.10517894023798124
24 0.10464893800551683
25 0.10417639501825417
26 0.10375450510716293
27 0.10337736625686626
28 0.10303984546135889
29 0.10273746569649148
30 0.1024663112397848
31 0.10222294819093895
32 0.10200435758299937
33 0.10180787892875023
34 0.10163116242663409
35 0.10147212836602336
36 0.10132893253164967
37 0.10119993662007953
38 0.10108368285610368
39 0.1009788721394219
40 0.10088434516861634
41 0.10079906608466198
42 0.10072210825391095
43 0.10065264187430346
44 0.10058992314046265
45 0.1005332847465807
46 0.10048212754083899
47 0.10043591317461169
48 0.10039415761344353
49 0.1003564253971949
50 0.10032232455294472
51 0.10029150207864979
52 0.10026363992675387
53 0.10023845142719358
54 0.10021567809713344
55 0.10019508679210291
56 0.10017646715892115
57 0.10015962935605607
58 0.10014440201128966
59 0.10013063039032394
60 0.100118174753258
61 0.1001069088784559
62 0.1000967187359354
63 -7.03305031941579
0 0.18658664468889483
1 0.17639829403819746
2 0.16719003279959346
3 0.15895781839130574
4 0.15166361908448497
5 0.14524594813704778
6 0.13962939931797697
7 0.13473241748547313
8 0.1304730782755503
9 0.12677300748332962
10 0.12355975387754684
11 0.12076798454083745
12 0.11833984997438193
13 0.11622480780595885
14 0.11437912578895316
15 0.1127652215990278
16 0.11135094500025912
17 0.1101088685255515
18 0.10901562465253017
19 0.10805130837719047
20 0.1071989518275825
21 0.10644407014880627
22 0.10577427377564964
23 0.10517894023797905
24 0.10464893800551783
25 0.10417639501825637
26 0.10375450510716132
27 0.10337736625686746
28 0.1030398454613567
29 0.10273746569648907
30 0.1024663112397878
31 0.10222294819093836
32 0.10200435758299976
33 0.10180787892875084
34 0.10163116242663268
35 0.10147212836602376
36 0.10132893253164867
37 0.10119993662007833
38 0.1010836828561067
39 0.10097887213942151
40 0.10088434516861614
41 0.10079906608465776
42 0.10072210825391517
43 0.10065264187430206
44 0.10058992314046426
45 0.10053328474657969
46 0.10048212754084221
47 0.10043591317460747
48 0.10039415761344654
49 0.1003564253971945
50 0.10032232455294612
51 0.10029150207864457
52 0.10026363992675548
53 0.10023845142719176
54 0.10021567809713464
55 0.10019508679210412
56 0.10017646715892195
57 0.10015962935605809
58 0.10014440201128703
59 0.10013063039032334
60 0.10011817475325781
61 0.1001069088784567
62 0.100096718735935
63 -7.033050319415789
0 0.18658664468889777
1 0.1763982940381971
2 0.16719003279959255
3 0.1589578183913042
4 0.15166361908448517
5 0.14524594813704894
6 0.13962939931797563
7 0.13473241748547565
8 0.13047307827554738
9 0.126773007483331
10 0.12355975387754899
11 0.12076798454083273
12 0.1183398499743843
13 0.11622480780595885
14 0.11437912578895297
15 0.1127652215990282
16 0.1113509450002611
17 0.11010886852554673
18 0.10901562465253058
19 0.10805130837719386
20 0.1071989518275797
21 0.10644407014880967
22 0.10577427377564645
23 0.10517894023798324
24 0.10464893800551564
25 0.10417639501825497
26 0.10375450510715953
27 0.10337736625687007
28 0.10303984546135789
29 0.10273746569648848
30 0.1024663112397908
31 0.10222294819093615
32 0.10200435758299876
33 0.10180787892875284
34 0.10163116242663027
35 0.10147212836602416
36 0.10132893253165028
37 0.10119993662007953
38 0.1010836828561033
39 0.10097887213942251
40 0.10088434516861775
41 0.10079906608465937
42 0.10072210825391095
43 0.10065264187430367
44 0.10058992314046306
45 0.10053328474657888
46 0.1004821275408424
47 0.10043591317460988
48 0.10039415761344614
49 0.10035642539719049
50 0.10032232455295115
51 0.10029150207864557
52 0.10026363992675266
53 0.10023845142719318
54 0.10021567809713243
55 0.10019508679210593
56 0.10017646715892256
57 0.10015962935605507
58 0.10014440201128824
59 0.10013063039032354
60 0.1001181747532598
61 0.1001069088784557
62 0.10009671873593479
63 -7.033050319415791
0 0.1865866446888963
1 0.17639829403819504
2 0.16719003279959405
3 0.15895781839130838
4 0.15166361908448306
5 0.1452459481370497
6 0.13962939931797466
7 0.13473241748547488
8 0.13047307827554874
9 0.1267730074833316
10 0.12355975387754546
11 0.12076798454083608
12 0.11833984997438352
13 0.11622480780595845
14 0.11437912578895257
15 0.11276522159902919
16 0.11135094500025892
17 0.11010886852555189
18 0.10901562465252679
19 0.10805130837719366
20 0.1071989518275795
21 0.10644407014880987
22 0.10577427377564864
23 0.10517894023797986
24 0.10464893800551704
25 0.10417639501825597
26 0.10375450510716012
27 0.10337736625686866
28 0.10303984546135729
29 0.10273746569648848
30 0.1024663112397888
31 0.10222294819093695
32 0.10200435758300057
33 0.10180787892875225
34 0.10163116242662867
35 0.10147212836602577
36 0.10132893253164987
37 0.10119993662007853
38 0.1010836828561059
39 0.1009788721394203
40 0.10088434516861915
41 0.10079906608465918
42 0.10072210825391216
43 0.10065264187430346
44 0.10058992314046306
45 0.10053328474658049
46 0.1004821275408408
47 0.10043591317460908
48 0.10039415761344514
49 0.1003564253971939
50 0.10032232455294733
51 0.10029150207864818
52 0.10026363992675145
53 0.10023845142719076
54 0.10021567809713726
55 0.1001950867921023
56 0.10017646715892316
57 0.10015962935605788
58 0.10014440201128744
59 0.10013063039032374
60 0.1001181747532576
61 0.1001069088784555
62 0.100096718735938
63 -7.033050319415792
0 0.18658664468889558
1 0.1763982940381956
2 0.16719003279959346
3 0.15895781839130763
4 0.1516636190844838
5 0.14524594813704758
6 0.13962939931797794
7 0.13473241748547507
8 0.13047307827554913
9 0.12677300748332962
10 0.12355975387754643
11 0.1207679845408351
12 0.11833984997438529
13 0.11622480780595668
14 0.11437912578895415
15 0.1127652215990272
16 0.11135094500025912
17 0.1101088685255523
18 0.10901562465252679
19 0.10805130837719126
20 0.1071989518275821
21 0.10644407014880948
22 0.10577427377564864
23 0.10517894023798124
24 0.10464893800551783
25 0.10417639501825397
26 0.10375450510716032
27 0.10337736625686726
28 0.1030398454613591
29 0.10273746569648708
30 0.1024663112397898
31 0.10222294819093715
32 0.10200435758299817
33 0.10180787892875365
34 0.10163116242663169
35 0.10147212836602255
36 0.10132893253165288
37 0.10119993662007752
38 0.1010836828561059
39 0.10097887213941929
40 0.10088434516861815
41 0.10079906608466037
42 0.10072210825391115
43 0.10065264187430467
44 0.10058992314046125
45 0.10053328474658191
46 0.1004821275408414
47 0.10043591317461048
48 0.10039415761344332
49 0.1003564253971941
50 0.10032232455294632
51 0.10029150207864336
52 0.10026363992675708
53 0.10023845142719076
54 0.10021567809713565
55 0.10019508679210432
56 0.10017646715892195
57 0.10015962935605707
58 0.10014440201128744
59 0.10013063039032354
60 0.10011817475325821
61 0.10010690887845651
62 0.1000967187359364
63 -7.033050319415791
0 0.1865866446888976
1 0.1763982940381971
2 0.167190032799595
3 0.15895781839130554
4 0.15166361908448345
5 0.14524594813704875
6 0.1396293993179762
7 0.13473241748547293
8 0.1304730782755503
9 0.12677300748333042
10 0.12355975387754643
11 0.12076798454083666
12 0.11833984997438411
13 0.11622480780595866
14 0.11437912578895297
15 0.1127652215990272
16 0.11135094500025952
17 0.11010886852555189
18 0.10901562465252619
19 0.10805130837719405
20 0.10719895182758031
21 0.10644407014880948
22 0.10577427377564705
23 0.10517894023798105
24 0.10464893800551804
25 0.10417639501825417
26 0.10375450510716112
27 0.10337736625686805
28 0.10303984546135889
29 0.10273746569648827
30 0.1024663112397878
31 0.10222294819093734
32 0.10200435758300037
33 0.10180787892875104
34 0.10163116242663288
35 0.10147212836602457
36 0.10132893253164786
37 0.10119993662007913
38 0.10108368285610429
39 0.10097887213942211
40 0.10088434516861654
41 0.10079906608465977
42 0.10072210825391316
43 0.10065264187430387
44 0.10058992314046405
45 0.10053328474657809
46 0.10048212754083918
47 0.10043591317461169
48 0.10039415761344614
49 0.1003564253971931
50 0.10032232455294612
51 0.10029150207864637
52 0.10026363992675347
53 0.10023845142719257
54 0.10021567809713464
55 0.10019508679210372
56 0.10017646715892216
57 0.10015962935605768
58 0.10014440201128663
59 0.10013063039032415
60 0.10011817475325861
61 0.10010690887845469
62 0.100096718735936
63 -7.033050319415792
0 0.18658664468889427
1 0.1763982940381982
2 0.16719003279959105
3 0.1589578183913082
4 0.15166361908448517
5 0.1452459481370443
6 0.13962939931797755
7 0.13473241748547488
8 0.13047307827554933
9 0.12677300748333178
10 0.1235597538775478
11 0.12076798454083175
12 0.1183398499743847
13 0.11622480780596123
14 0.1143791257889502
15 0.11276522159903038
16 0.11135094500025754
17 0.1101088685255515
18 0.10901562465252858
19 0.10805130837719286
20 0.10719895182757991
21 0.10644407014880987
22 0.10577427377564624
23 0.10517894023798025
24 0.10464893800551964
25 0.10417639501825457
26 0.10375450510716092
27 0.10337736625686705
28 0.10303984546135789
29 0.10273746569648767
30 0.10246631123978961
31 0.10222294819093836
32 0.10200435758300017
33 0.10180787892875004
34 0.10163116242663048
35 0.10147212836602718
36 0.10132893253165068
37 0.10119993662007612
38 0.10108368285610309
39 0.10097887213942472
40 0.10088434516861614
41 0.10079906608466077
42 0.10072210825391176
43 0.10065264187430346
44 0.10058992314046386
45 0.10053328474657748
46 0.1004821275408428
47 0.10043591317460887
48 0.10039415761344533
49 0.1003564253971931
50 0.10032232455294733
51 0.10029150207864758
52 0.10026363992675306
53 0.10023845142719216
54 0.10021567809713344
55 0.10019508679210633
56 0.10017646715892076
57 0.10015962935605688
58 0.10014440201128824
59 0.10013063039032394
60 0.1001181747532588
61 0.1001069088784553
62 0.1000967187359362
63 -7.033050319415789
0 0.1865866446888963
1 0.1763982940381956
2 0.16719003279959255
3 0.15895781839130743
4 0.1516636190844844
5 0.14524594813704644
6 0.13962939931797638
7 0.13473241748547468
8 0.13047307827555069
9 0.12677300748333042
10 0.12355975387754624
11 0.12076798454083548
12 0.11833984997438193
13 0.11622480780596123
14 0.11437912578895079
15 0.112765221599028
16 0.11135094500025933
17 0.1101088685255527
18 0.10901562465252977
19 0.10805130837719147
20 0.1071989518275785
21 0.10644407014880768
22 0.10577427377565064
23 0.10517894023797925
24 0.10464893800551983
25 0.10417639501825537
26 0.10375450510716092
27 0.10337736625686605
28 0.1030398454613585
29 0.10273746569648808
30 0.1024663112397882
31 0.10222294819093895
32 0.10200435758299757
33 0.10180787892875384
34 0.10163116242663027
35 0.10147212836602476
36 0.10132893253164867
37 0.10119993662007953
38 0.1010836828561055
39 0.10097887213942171
40 0.10088434516861594
41 0.10079906608465897
42 0.10072210825391216
43 0.10065264187430567
44 0.10058992314046145
45 0.1005332847465809
46 0.10048212754083999
47 0.10043591317460968
48 0.10039415761344775
49 0.10035642539719149
50 0.10032232455294653
51 0.10029150207864597
52 0.10026363992675487
53 0.10023845142719237
54 0.10021567809713444
55 0.10019508679210372
56 0.10017646715892356
57 0.10015962935605809
58 0.10014440201128463
59 0.10013063039032474
60 0.100118174753259
61 0.1001069088784555
62 0.10009671873593841
63 -7.033050319415791
0 0.18658664468889558
1 0.17639829403819524
2 0.1671900327995959
3 0.1589578183913046
4 0.15166361908448478
5 0.14524594813704644
6 0.13962939931797813
7 0.13473241748547352
8 0.13047307827555088
9 0.12677300748333023
10 0.12355975387754703
11 0.12076798454083529
12 0.1183398499743851
13 0.11622480780595629
14 0.11437912578895257
15 0.11276522159903057
16 0.11135094500025733
17 0.11010886852555249
18 0.10901562465252719
19 0.10805130837719186
20 0.1071989518275815
21 0.10644407014880948
22 0.10577427377564545
23 0.10517894023798324
24 0.10464893800551624
25 0.10417639501825457
26 0.10375450510716172
27 0.10337736625686686
28 0.1030398454613605
29 0.10273746569648907
30 0.10246631123978639
31 0.10222294819093836
32 0.10200435758299817
33 0.10180787892875304
34 0.10163116242663067
35 0.10147212836602597
36 0.10132893253164847
37 0.10119993662007973
38 0.1010836828561047
39 0.1009788721394203
40 0.10088434516861715
41 0.10079906608465937
42 0.10072210825391195
43 0.10065264187430346
44 0.10058992314046486
45 0.10053328474657888
46 0.1004821275408406
47 0.10043591317461029
48 0.10039415761344654
49 0.10035642539719028
50 0.10032232455294873
51 0.10029150207864777
52 0.10026363992675406
53 0.10023845142719458
54 0.10021567809713203
55 0.10019508679210351
56 0.10017646715892015
57 0.10015962935605707
58 0.10014440201128764
59 0.10013063039032495
60 0.1001181747532576
61 0.1001069088784573
62 0.1000967187359364
63 -7.033050319415791
0 0.18658664468889447
1 0.17639829403819635
2 0.16719003279959216
3 0.15895781839130763
4 0.15166361908448192
5 0.1452459481370497
6 0.13962939931797852
7 0.134732417485471
8 0.13047307827555166
9 0.12677300748333042
10 0.12355975387754684
11 0.12076798454083254
12 0.1183398499743849
13 0.11622480780595945
14 0.11437912578895237
15 0.11276522159902998
16 0.11135094500025634
17 0.11010886852555368
18 0.10901562465252679
19 0.10805130837719405
20 0.1071989518275807
21 0.10644407014880768
22 0.10577427377564724
23 0.10517894023798105
24 0.10464893800551744
25 0.10417639501825678
26 0.10375450510715972
27 0.10337736625686746
28 0.10303984546135889
29 0.10273746569648988
30 0.1024663112397848
31 0.10222294819094035
32 0.10200435758299876
33 0.10180787892875325
34 0.10163116242662908
35 0.10147212836602618
36 0.10132893253165087
37 0.10119993662007813
38 0.10108368285610489
39 0.1009788721394205
40 0.10088434516861614
41 0.10079906608465977
42 0.10072210825391437
43 0.10065264187430367
44 0.10058992314046145
45 0.10053328474658049
46 0.10048212754083939
47 0.10043591317460948
48 0.10039415761344936
49 0.10035642539719028
50 0.10032232455294612
51 0.10029150207864858
52 0.10026363992675105
53 0.10023845142719297
54 0.10021567809713525
55 0.10019508679210311
56 0.10017646715892477
57 0.10015962935605627
58 0.10014440201128684
59 0.10013063039032434
60 0.1001181747532572
61 0.10010690887845851
62 0.10009671873593338
63 -7.033050319415787
0 0.18658664468889796
1 0.1763982940381958
2 0.1671900327995929
3 0.15895781839130688
4 0.1516636190844844
5 0.145245948137047
6 0.13962939931797852
7 0.13473241748547216
8 0.13047307827554894
9 0.126773007483331
10 0.1235597538775486
11 0.12076798454083332
12 0.11833984997438529
13 0.11622480780595787
14 0.11437912578895099
15 0.1127652215990294
16 0.11135094500026091
17 0.1101088685255495
18 0.10901562465252858
19 0.10805130837719386
20 0.10719895182757772
21 0.10644407014881208
22 0.10577427377564505
23 0.10517894023798265
24 0.10464893800552023
25 0.10417639501825338
26 0.10375450510715913
27 0.10337736625686486
28 0.1030398454613627
29 0.10273746569648948
30 0.10246631123978679
31 0.10222294819093775
32 0.10200435758299917
33 0.10180787892875265
34 0.10163116242662967
35 0.10147212836602357
36 0.10132893253165187
37 0.10119993662007873
38 0.1010836828561061
39 0.1009788721394201
40 0.10088434516861795
41 0.10079906608465937
42 0.10072210825391034
43 0.10065264187430487
44 0.10058992314046566
45 0.10053328474657769
46 0.100482127540842
47 0.10043591317460948
48 0.10039415761344372
49 0.10035642539719611
50 0.10032232455294432
51 0.10029150207864657
52 0.10026363992675527
53 0.10023845142719116
54 0.10021567809713464
55 0.10019508679210332
56 0.10017646715892135
57 0.10015962935605928
58 0.10014440201128584
59 0.10013063039032515
60 0.100118174753258
61 0.10010690887845611
62 0.10009671873593559
63 -7.033050319415791
0 0.18658664468889355
1 0.17639829403819765
2 0.1671900327995927
3 0.15895781839130763
4 0.15166361908448212
5 0.14524594813704894
6 0.1396293993179758
7 0.1347324174854772
8 0.1304730782755468
9 0.1267730074833312
10 0.1235597538775478
11 0.12076798454083312
12 0.1183398499743839
13 0.11622480780595945
14 0.11437912578895336
15 0.11276522159902662
16 0.11135094500025912
17 0.11010886852555368
18 0.10901562465252639
19 0.10805130837719307
20 0.1071989518275805
21 0.10644407014881027
22 0.10577427377564705
23 0.10517894023797825
24 0.10464893800552164
25 0.10417639501825357
26 0.10375450510716012
27 0.10337736625686826
28 0.10303984546135929
29 0.10273746569648748
30 0.1024663112397876
31 0.10222294819093876
32 0.10200435758299917
33 0.10180787892875304
34 0.10163116242662908
35 0.10147212836602397
36 0.10132893253165108
37 0.10119993662007934
38 0.10108368285610429
39 0.10097887213942291
40 0.10088434516861675
41 0.10079906608465837
42 0.10072210825391295
43 0.10065264187430467
44 0.10058992314046145
45 0.10053328474657929
46 0.1004821275408418
47 0.10043591317461029
48 0.10039415761344614
49 0.10035642539719089
50 0.10032232455294553
51 0.10029150207864737
52 0.10026363992675508
53 0.10023845142719297
54 0.10021567809713444
55 0.10019508679210211
56 0.10017646715892377
57 0.10015962935605707
58 0.10014440201128824
59 0.10013063039032254
60 0.10011817475325921
61 0.10010690887845651
62 0.100096718735935
63 -7.033050319415788
0 0.18658664468889335
1 0.17639829403819876
2 0.1671900327995931
3 0.15895781839130727
4 0.15166361908448267
5 0.14524594813704664
6 0.13962939931797871
7 0.13473241748547332
8 0.1304730782755503
9 0.12677300748332984
10 0.12355975387754566
11 0.1207679845408349
12 0.11833984997438411
13 0.11622480780596162
14 0.11437912578895099
15 0.11276522159902859
16 0.11135094500025933
17 0.11010886852555031
18 0.10901562465253077
19 0.10805130837719167
20 0.1071989518275791
21 0.10644407014881087
22 0.10577427377564584
23 0.10517894023798045
24 0.10464893800551964
25 0.10417639501825297
26 0.10375450510716312
27 0.10337736625686705
28 0.10303984546135869
29 0.10273746569648867
30 0.1024663112397862
31 0.10222294819093936
32 0.10200435758299976
33 0.10180787892875123
34 0.10163116242662806
35 0.10147212836602898
36 0.10132893253164907
37 0.10119993662007853
38 0.10108368285610489
39 0.1009788721394209
40 0.10088434516861834
41 0.10079906608465816
42 0.10072210825391235
43 0.10065264187430467
44 0.10058992314046265
45 0.10053328474657969
46 0.1004821275408406
47 0.10043591317461188
48 0.10039415761344353
49 0.10035642539719329
50 0.10032232455294693
51 0.10029150207864616
52 0.10026363992675467
53 0.10023845142719157
54 0.10021567809713364
55 0.10019508679210291
56 0.10017646715892216
57 0.10015962935605889
58 0.10014440201128784
59 0.10013063039032415
60 0.1001181747532574
61 0.1001069088784559
62 0.10009671873593479
63 -7.033050319415788
0 0.18658664468889613
1 0.1763982940381954
2 0.1671900327995948
3 0.15895781839130763
4 0.15166361908448667
5 0.14524594813704336
6 0.13962939931797735
7 0.13473241748547254
8 0.13047307827555107
9 0.12677300748332865
10 0.12355975387754978
11 0.12076798454083293
12 0.11833984997438332
13 0.11622480780595945
14 0.11437912578895237
15 0.1127652215990288
16 0.11135094500026012
17 0.11010886852555189
18 0.1090156246525266
19 0.10805130837719087
20 0.1071989518275813
21 0.10644407014880887
22 0.10577427377564864
23 0.10517894023798245
24 0.10464893800551783
25 0.10417639501825457
26 0.10375450510715852
27 0.10337736625686907
28 0.10303984546135969
29 0.10273746569648808
30 0.1024663112397884
31 0.10222294819093715
32 0.10200435758299897
33 0.10180787892875284
34 0.10163116242663088
35 0.10147212836602537
36 0.10132893253165108
37 0.10119993662007773
38 0.10108368285610188
39 0.10097887213942472
40 0.10088434516861675
41 0.10079906608465695
42 0.10072210825391537
43 0.10065264187430226
44 0.10058992314046285
45 0.1005332847465799
46 0.10048212754083999
47 0.10043591317461069
48 0.10039415761344633
49 0.10035642539719189
50 0.10032232455294592
51 0.10029150207864616
52 0.10026363992675548
53 0.10023845142719216
54 0.10021567809713464
55 0.10019508679210332
56 0.10017646715892296
57 0.10015962935605688
58 0.10014440201128905
59 0.10013063039032254
60 0.1001181747532574
61 0.10010690887845691
62 0.10009671873593438
63 -7.033050319415788
0 0.18658664468889685
1 0.1763982940381971
2 0.16719003279959085
3 0.15895781839130727
4 0.1516636190844863
5 0.14524594813704664
6 0.13962939931797408
7 0.13473241748547624
8 0.13047307827554894
9 0.1267730074833316
10 0.12355975387754742
11 0.12076798454083096
12 0.11833984997438746
13 0.11622480780595924
14 0.11437912578895257
15 0.11276522159902681
16 0.1113509450002605
17 0.1101088685255501
18 0.10901562465252958
19 0.10805130837718988
20 0.1071989518275817
21 0.10644407014880788
22 0.10577427377565005
23 0.10517894023797905
24 0.10464893800551844
25 0.10417639501825517
26 0.10375450510715892
27 0.10337736625686866
28 0.1030398454613595
29 0.10273746569648827
30 0.10246631123978961
31 0.10222294819093695
32 0.10200435758299836
33 0.10180787892875626
34 0.10163116242662687
35 0.10147212836602537
36 0.10132893253164867
37 0.10119993662007894
38 0.1010836828561065
39 0.10097887213942151
40 0.10088434516861976
41 0.10079906608465515
42 0.10072210825391316
43 0.10065264187430406
44 0.10058992314046104
45 0.10053328474658191
46 0.1004821275408424
47 0.10043591317460927
48 0.10039415761344474
49 0.1003564253971937
50 0.10032232455294592
51 0.10029150207864557
52 0.10026363992675487
53 0.10023845142719237
54 0.10021567809713444
55 0.10019508679210351
56 0.10017646715892216
57 0.10015962935605768
58 0.10014440201128824
59 0.10013063039032193
60 0.100118174753259
61 0.1001069088784563
62 0.10009671873593419
63 -7.033050319415788
0 0.186586644688893
1 0.1763982940381982
2 0.1671900327995929
3 0.15895781839130743
4 0.1516636190844838
5 0.14524594813704644
6 0.13962939931797794
7 0.1347324174854743
8 0.13047307827554777
9 0.12677300748333023
10 0.12355975387754997
11 0.12076798454083194
12 0.11833984997438371
13 0.11622480780595965
14 0.11437912578895276
15 0.11276522159902859
16 0.11135094500025852
17 0.11010886852555389
18 0.10901562465252819
19 0.10805130837719147
20 0.1071989518275791
21 0.10644407014881087
22 0.10577427377564584
23 0.10517894023798145
24 0.10464893800551764
25 0.10417639501825618
26 0.10375450510715972
27 0.10337736625686805
28 0.1030398454613585
29 0.10273746569648867
30 0.102466311239789
31 0.10222294819093675
32 0.10200435758299937
33 0.10180787892875225
34 0.10163116242663088
35 0.10147212836602316
36 0.10132893253165187
37 0.10119993662007773
38 0.10108368285610449
39 0.10097887213942332
40 0.10088434516861654
41 0.10079906608465757
42 0.10072210825391376
43 0.10065264187430467
44 0.10058992314046185
45 0.1005332847465785
46 0.100482127540843
47 0.10043591317461048
48 0.10039415761344614
49 0.10035642539718947
50 0.10032232455294833
51 0.10029150207864798
52 0.10026363992675306
53 0.10023845142719277
54 0.10021567809713504
55 0.10019508679210412
56 0.10017646715891955
57 0.10015962935605788
58 0.10014440201128604
59 0.10013063039032676
60 0.100118174753257
61 0.1001069088784567
62 0.10009671873593559
63 -7.033050319415788
0 0.18658664468889335
1 0.176398294038198
2 0.16719003279959405
3 0.15895781839130668
4 0.15166361908448267
5 0.1452459481370472
6 0.1396293993179762
7 0.13473241748547565
8 0.13047307827554894
9 0.12677300748333217
10 0.12355975387754684
11 0.12076798454083411
12 0.11833984997438411
13 0.11622480780595727
14 0.11437912578895355
15 0.1127652215990272
16 0.11135094500026071
17 0.11010886852555189
18 0.10901562465252738
19 0.10805130837719286
20 0.1071989518275785
21 0.10644407014881087
22 0.10577427377564665
23 0.10517894023797965
24 0.10464893800551904
25 0.10417639501825618
26 0.10375450510716053
27 0.10337736625686966
28 0.10303984546135689
29 0.10273746569648767
30 0.10246631123979
31 0.10222294819093734
32 0.10200435758299897
33 0.10180787892875184
34 0.10163116242663008
35 0.10147212836602557
36 0.10132893253165087
37 0.10119993662007752
38 0.1010836828561057
39 0.1009788721394205
40 0.10088434516861694
41 0.10079906608465956
42 0.10072210825391195
43 0.10065264187430567
44 0.10058992314046004
45 0.1005332847465813
46 0.1004821275408406
47 0.10043591317461148
48 0.10039415761344514
49 0.10035642539719129
50 0.10032232455294712
51 0.10029150207864877
52 0.10026363992675186
53 0.10023845142719358
54 0.10021567809713304
55 0.10019508679210332
56 0.10017646715892235
57 0.10015962935605788
58 0.10014440201128945
59 0.10013063039032052
60 0.10011817475326001
61 0.1001069088784567
62 0.10009671873593419
63 -7.033050319415787
0 0.18658664468889463
1 0.17639829403819635
2 0.16719003279959554
3 0.15895781839130554
4 0.15166361908448497
5 0.14524594813704664
6 0.13962939931797524
7 0.13473241748547546
8 0.13047307827554855
9 0.1267730074833312
10 0.12355975387754801
11 0.1207679845408343
12 0.11833984997438352
13 0.11622480780595945
14 0.11437912578895158
15 0.1127652215990284
16 0.11135094500025952
17 0.1101088685255517
18 0.10901562465252998
19 0.10805130837719247
20 0.10719895182757712
21 0.10644407014880967
22 0.10577427377564964
23 0.10517894023798025
24 0.10464893800551764
25 0.10417639501825557
26 0.10375450510716053
27 0.10337736625686846
28 0.1030398454613571
29 0.10273746569648928
30 0.1024663112397876
31 0.10222294819093915
32 0.10200435758299796
33 0.10180787892875204
34 0.10163116242663128
35 0.10147212836602437
36 0.10132893253164907
37 0.10119993662007894
38 0.1010836828561079
39 0.10097887213942071
40 0.10088434516861594
41 0.10079906608466077
42 0.10072210825391195
43 0.10065264187430166
44 0.10058992314046467
45 0.1005332847465785
46 0.1004821275408398
47 0.10043591317461129
48 0.10039415761344533
49 0.1003564253971935
50 0.10032232455294572
51 0.10029150207864998
52 0.10026363992675247
53 0.10023845142719136
54 0.10021567809713423
55 0.10019508679210452
56 0.10017646715892195
57 0.10015962935605889
58 0.10014440201128623
59 0.10013063039032093
60 0.10011817475326162
61 0.1001069088784567
62 0.10009671873593479
63 -7.03305031941579
0 0.18658664468889447
1 0.17639829403819726
2 0.16719003279959574
3 0.15895781839130516
4 0.15166361908448364
5 0.14524594813704816
6 0.13962939931797813
7 0.13473241748547196
8 0.1304730782755503
9 0.12677300748333062
10 0.12355975387754703
11 0.12076798454083233
12 0.1183398499743847
13 0.11622480780596044
14 0.11437912578895297
15 0.11276522159902581
16 0.11135094500025972
17 0.11010886852555189
18 0.10901562465252998
19 0.10805130837719028
20 0.10719895182758091
21 0.10644407014880948
22 0.10577427377564905
23 0.10517894023797845
24 0.10464893800551944
25 0.10417639501825478
26 0.10375450510715932
27 0.10337736625686907
28 0.10303984546135629
29 0.10273746569648988
30 0.1024663112397884
31 0.10222294819093734
32 0.10200435758299976
33 0.10180787892875184
34 0.10163116242663128
35 0.10147212836602416
36 0.10132893253165128
37 0.10119993662007692
38 0.1010836828561061
39 0.10097887213942372
40 0.10088434516861534
41 0.10079906608465918
42 0.10072210825391235
43 0.10065264187430648
44 0.10058992314045964
45 0.10053328474658009
46 0.1004821275408412
47 0.10043591317460988
48 0.10039415761344633
49 0.1003564253971927
50 0.10032232455294572
51 0.10029150207864718
52 0.10026363992675166
53 0.10023845142719418
54 0.10021567809713504
55 0.10019508679210311
56 0.10017646715892135
57 0.10015962935605809
58 0.10014440201128966
59 0.10013063039032233
60 0.10011817475325921
61 0.1001069088784557
62 0.10009671873593701
63 -7.033050319415791
0 0.18658664468889685
1 0.1763982940381965
2 0.16719003279959366
3 0.15895781839130838
4 0.15166361908448306
5 0.1452459481370472
6 0.13962939931797677
7 0.1347324174854743
8 0.13047307827554816
9 0.12677300748333198
10 0.12355975387754467
11 0.12076798454083529
12 0.11833984997438687
13 0.11622480780595768
14 0.11437912578895336
15 0.11276522159902543
16 0.1113509450002611
17 0.1101088685255527
18 0.10901562465252639
19 0.10805130837719307
20 0.10719895182757812
21 0.10644407014881187
22 0.10577427377564624
23 0.10517894023798025
24 0.10464893800551783
25 0.10417639501825478
26 0.10375450510716092
27 0.10337736625686966
28 0.1030398454613595
29 0.10273746569648767
30 0.1024663112397878
31 0.10222294819093634
32 0.10200435758300037
33 0.10180787892875344
34 0.10163116242663027
35 0.10147212836602497
36 0.10132893253164967
37 0.10119993662007894
38 0.1010836828561055
39 0.1009788721394187
40 0.10088434516861715
41 0.10079906608466058
42 0.10072210825391356
43 0.10065264187430406
44 0.10058992314046125
45 0.1005332847465809
46 0.1004821275408418
47 0.10043591317461069
48 0.10039415761344453
49 0.10035642539719068
50 0.10032232455294672
51 0.10029150207864637
52 0.10026363992675406
53 0.10023845142719157
54 0.10021567809713625
55 0.10019508679210332
56 0.10017646715892155
57 0.10015962935605868
58 0.10014440201128644
59 0.10013063039032474
60 0.10011817475325861
61 0.1001069088784549
62 0.100096718735936
63 -7.033050319415791
0 0.18658664468889574
1 0.1763982940381969
2 0.16719003279959405
3 0.15895781839130593
4 0.15166361908448533
5 0.14524594813704758
6 0.13962939931797427
7 0.13473241748547468
8 0.13047307827554933
9 0.1267730074833312
10 0.12355975387754643
11 0.1207679845408343
12 0.11833984997438529
13 0.11622480780595806
14 0.11437912578895316
15 0.1127652215990282
16 0.11135094500025873
17 0.11010886852555249
18 0.10901562465252719
19 0.10805130837719445
20 0.10719895182757931
21 0.10644407014880768
22 0.10577427377564984
23 0.10517894023797986
24 0.10464893800551764
25 0.10417639501825597
26 0.10375450510715932
27 0.10337736625686705
28 0.1030398454613605
29 0.10273746569648827
30 0.1024663112397874
31 0.10222294819093895
32 0.10200435758299677
33 0.10180787892875405
34 0.10163116242663228
35 0.10147212836602457
36 0.10132893253164867
37 0.10119993662007994
38 0.10108368285610368
39 0.10097887213942291
40 0.10088434516861694
41 0.10079906608465736
42 0.10072210825391456
43 0.10065264187430206
44 0.10058992314046486
45 0.10053328474657769
46 0.1004821275408406
47 0.10043591317461309
48 0.10039415761344372
49 0.10035642539719229
50 0.10032232455294793
51 0.10029150207864355
52 0.10026363992675508
53 0.10023845142719458
54 0.10021567809713243
55 0.10019508679210593
56 0.10017646715892035
57 0.10015962935605667
58 0.10014440201128805
59 0.10013063039032273
60 0.10011817475326021
61 0.10010690887845691
62 0.10009671873593459
63 -7.03305031941579
0 0.18658664468889483
1 0.1763982940381965
2 0.1671900327995948
3 0.1589578183913065
4 0.15166361908448267
5 0.14524594813704894
6 0.13962939931797774
7 0.1347324174854741
8 0.13047307827554816
9 0.12677300748333004
10 0.12355975387754742
11 0.12076798454083351
12 0.11833984997438628
13 0.11622480780595905
14 0.11437912578895099
15 0.11276522159902859
16 0.11135094500026012
17 0.11010886852554991
18 0.10901562465252758
19 0.10805130837719445
20 0.1071989518275795
21 0.10644407014880967
22 0.10577427377564724
23 0.10517894023797986
24 0.10464893800551964
25 0.10417639501825338
26 0.10375450510716092
27 0.10337736625686726
28 0.10303984546136069
29 0.10273746569648907
30 0.10246631123978639
31 0.10222294819093815
32 0.10200435758300057
33 0.10180787892875225
34 0.10163116242662847
35 0.10147212836602516
36 0.10132893253164907
37 0.10119993662007994
38 0.10108368285610489
39 0.10097887213942111
40 0.10088434516861654
41 0.10079906608466058
42 0.10072210825391295
43 0.10065264187430105
44 0.10058992314046467
45 0.1005332847465799
46 0.1004821275408414
47 0.10043591317461008
48 0.10039415761344433
49 0.1003564253971935
50 0.10032232455294572
51 0.10029150207864898
52 0.10026363992675326
53 0.10023845142719176
54 0.10021567809713364
55 0.10019508679210493
56 0.10017646715892155
57 0.10015962935605748
58 0.10014440201128724
59 0.10013063039032574
60 0.10011817475325781
61 0.1001069088784553
62 0.10009671873593459
63 -7.033050319415789
0 0.18658664468889483
1 0.1763982940381984
2 0.16719003279959405
3 0.15895781839130535
4 0.15166361908448345
5 0.1452459481370493
6 0.13962939931797427
7 0.13473241748547507
8 0.13047307827554933
9 0.1267730074833316
10 0.12355975387754684
11 0.12076798454083548
12 0.1183398499743839
13 0.11622480780595885
14 0.11437912578895197
15 0.1127652215990276
16 0.11135094500025952
17 0.11010886852555249
18 0.10901562465252917
19 0.10805130837718988
20 0.10719895182757991
21 0.10644407014881008
22 0.10577427377564645
23 0.10517894023798245
24 0.10464893800551724
25 0.10417639501825578
26 0.10375450510716112
27 0.10337736625686786
28 0.10303984546135629
29 0.10273746569648967
30 0.1024663112397882
31 0.10222294819093836
32 0.10200435758299917
33 0.10180787892875265
34 0.10163116242663008
35 0.10147212836602658
36 0.10132893253164726
37 0.10119993662008053
38 0.1010836828561055
39 0.1009788721394219
40 0.10088434516861734
41 0.10079906608465837
42 0.10072210825391235
43 0.10065264187430446
44 0.10058992314046206
45 0.10053328474657929
46 0.100482127540841
47 0.10043591317461108
48 0.10039415761344292
49 0.1003564253971953
50 0.10032232455294612
51 0.10029150207864597
52 0.10026363992675347
53 0.10023845142719358
54 0.10021567809713565
55 0.10019508679210311
56 0.10017646715892035
57 0.10015962935605909
58 0.10014440201128764
59 0.10013063039032273
60 0.10011817475326001
61 0.10010690887845429
62 0.10009671873593479
63 -7.033050319415789
0 0.18658664468889594
1 0.17639829403819615
2 0.16719003279959516
3 0.15895781839130613
4 0.15166361908448248
5 0.14524594813704855
6 0.13962939931797388
7 0.13473241748547857
8 0.13047307827554797
9 0.12677300748332904
10 0.12355975387754742
11 0.1207679845408351
12 0.11833984997438687
13 0.1162248078059551
14 0.11437912578895455
15 0.11276522159902741
16 0.11135094500026091
17 0.1101088685255501
18 0.10901562465252758
19 0.10805130837719126
20 0.1071989518275817
21 0.10644407014881008
22 0.10577427377564705
23 0.10517894023798185
24 0.10464893800551783
25 0.10417639501825438
26 0.10375450510715913
27 0.10337736625686945
28 0.1030398454613591
29 0.10273746569648748
30 0.1024663112397888
31 0.10222294819093876
32 0.10200435758299736
33 0.10180787892875325
34 0.10163116242663148
35 0.10147212836602357
36 0.10132893253164907
37 0.10119993662007994
38 0.10108368285610268
39 0.10097887213942311
40 0.10088434516861614
41 0.10079906608465956
42 0.10072210825391276
43 0.10065264187430306
44 0.10058992314046346
45 0.1005332847465795
46 0.1004821275408406
47 0.10043591317461069
48 0.10039415761344574
49 0.1003564253971931
50 0.10032232455294733
51 0.10029150207864536
52 0.10026363992675347
53 0.10023845142719257
54 0.10021567809713565
55 0.10019508679210251
56 0.10017646715892396
57 0.10015962935605748
58 0.10014440201128623
59 0.10013063039032374
60 0.10011817475325921
61 0.1001069088784541
62 0.1000967187359368
63 -7.03305031941579
0 0.1865866446888926
1 0.176398294038198
2 0.167190032799595
3 0.1589578183913042
4 0.15166361908448572
5 0.1452459481370472
6 0.13962939931797677
7 0.1347324174854745
8 0.13047307827554913
9 0.1267730074833312
10 0.12355975387754879
11 0.12076798454083057
12 0.1183398499743843
13 0.11622480780595945
14 0.11437912578895376
15 0.11276522159902602
16 0.1113509450002611
17 0.1101088685255523
18 0.10901562465252879
19 0.10805130837719226
20 0.10719895182757791
21 0.10644407014880987
22 0.10577427377564884
23 0.10517894023797965
24 0.10464893800551824
25 0.10417639501825578
26 0.10375450510715832
27 0.10337736625686766
28 0.1030398454613615
29 0.10273746569648787
30 0.1024663112397878
31 0.10222294819093855
32 0.10200435758299836
33 0.10180787892875225
34 0.10163116242662988
35 0.10147212836602597
36 0.10132893253165087
37 0.10119993662007873
38 0.10108368285610389
39 0.10097887213942151
40 0.10088434516861755
41 0.10079906608465977
42 0.10072210825391135
43 0.10065264187430467
44 0.10058992314046165
45 0.10053328474657788
46 0.1004821275408426
47 0.10043591317461188
48 0.10039415761344754
49 0.10035642539719009
50 0.10032232455294672
51 0.10029150207864737
52 0.10026363992675366
53 0.10023845142719176
54 0.10021567809713264
55 0.10019508679210391
56 0.10017646715892396
57 0.10015962935605587
58 0.10014440201128945
59 0.10013063039031952
60 0.10011817475326162
61 0.1001069088784557
62 0.100096718735935
63 -7.033050319415787
0 0.18658664468889594
1 0.17639829403819596
2 0.16719003279959385
3 0.15895781839130688
4 0.15166361908448345
5 0.1452459481370491
6 0.13962939931797638
7 0.13473241748547332
8 0.13047307827555088
9 0.12677300748333004
10 0.12355975387754664
11 0.1207679845408345
12 0.11833984997438568
13 0.11622480780595747
14 0.11437912578895376
15 0.1127652215990272
16 0.11135094500025852
17 0.1101088685255513
18 0.10901562465252998
19 0.10805130837719087
20 0.10719895182757991
21 0.10644407014881048
22 0.10577427377564845
23 0.10517894023798065
24 0.10464893800551744
25 0.10417639501825277
26 0.10375450510716293
27 0.10337736625686726
28 0.1030398454613577
29 0.10273746569648867
30 0.1024663112397876
31 0.10222294819093976
32 0.10200435758299897
33 0.10180787892875084
34 0.10163116242663188
35 0.10147212836602577
36 0.10132893253164947
37 0.10119993662007873
38 0.10108368285610349
39 0.10097887213942332
40 0.10088434516861534
41 0.10079906608466077
42 0.10072210825391335
43 0.10065264187430246
44 0.10058992314046426
45 0.10053328474657829
46 0.10048212754083939
47 0.10043591317461108
48 0.10039415761344654
49 0.10035642539719208
50 0.10032232455294793
51 0.10029150207864597
52 0.10026363992675406
53 0.10023845142719398
54 0.10021567809713344
55 0.1001950867921013
56 0.10017646715892296
57 0.10015962935605809
58 0.10014440201128784
59 0.10013063039032273
60 0.10011817475325921
61 0.10010690887845711
62 0.1000967187359358
63 -7.033050319415791
0 0.18658664468889558
1 0.1763982940381954
2 0.16719003279959366
3 0.15895781839130876
4 0.15166361908448228
5 0.14524594813704816
6 0.13962939931797658
7 0.13473241748547313
8 0.1304730782755505
9 0.12677300748332943
10 0.12355975387754879
11 0.12076798454083293
12 0.1183398499743847
13 0.11622480780595806
14 0.11437912578895376
15 0.1127652215990278
16 0.11135094500025713
17 0.11010886852555349
18 0.10901562465252758
19 0.10805130837719366
20 0.1071989518275795
21 0.10644407014880927
22 0.10577427377564845
23 0.10517894023798086
24 0.10464893800551624
25 0.10417639501825438
26 0.10375450510716172
27 0.10337736625686826
28 0.1030398454613591
29 0.10273746569648928
30 0.102466311239789
31 0.10222294819093715
32 0.10200435758299456
33 0.10180787892875486
34 0.10163116242663248
35 0.10147212836602336
36 0.10132893253165128
37 0.10119993662007792
38 0.1010836828561067
39 0.10097887213942071
40 0.10088434516861454
41 0.10079906608466278
42 0.10072210825390954
43 0.10065264187430367
44 0.10058992314046386
45 0.10053328474658049
46 0.1004821275408418
47 0.10043591317460988
48 0.10039415761344372
49 0.10035642539719289
50 0.10032232455294854
51 0.10029150207864718
52 0.10026363992675467
53 0.10023845142719116
54 0.10021567809713243
55 0.10019508679210533
56 0.10017646715892135
57 0.10015962935605849
58 0.10014440201128684
59 0.10013063039032434
60 0.10011817475325861
61 0.10010690887845389
62 0.100096718735938
63 -7.033050319415791
0 0.18658664468889463
1 0.1763982940381969
2 0.16719003279959366
3 0.15895781839130516
4 0.15166361908448517
5 0.14524594813704664
6 0.13962939931797774
7 0.1347324174854737
8 0.13047307827554971
9 0.12677300748333042
10 0.12355975387754703
11 0.1207679845408347
12 0.11833984997438214
13 0.11622480780596123
14 0.11437912578895137
15 0.1127652215990284
16 0.11135094500025992
17 0.1101088685255505
18 0.10901562465252858
19 0.10805130837719286
20 0.1071989518275801
21 0.10644407014880808
22 0.10577427377564845
23 0.10517894023798025
24 0.10464893800551804
25 0.10417639501825637
26 0.10375450510715932
27 0.10337736625686966
28 0.10303984546135649
29 0.10273746569648948
30 0.1024663112397852
31 0.10222294819094135
32 0.10200435758299897
33 0.10180787892875104
34 0.10163116242663188
35 0.10147212836602597
36 0.10132893253164967
37 0.10119993662007813
38 0.1010836828561033
39 0.10097887213942171
40 0.10088434516861815
41 0.10079906608465918
42 0.10072210825391155
43 0.10065264187430406
44 0.10058992314046346
45 0.1005332847465803
46 0.1004821275408406
47 0.10043591317460948
48 0.10039415761344413
49 0.1003564253971945
50 0.10032232455294712
51 0.10029150207864597
52 0.10026363992675347
53 0.10023845142719358
54 0.10021567809713423
55 0.10019508679210372
56 0.10017646715892276
57 0.10015962935605688
58 0.10014440201128784
59 0.10013063039032152
60 0.10011817475326001
61 0.1001069088784551
62 0.1000967187359354
63 -7.0330503194157865
0 0.1865866446888963
1 0.17639829403819615
2 0.167190032799595
3 0.1589578183913063
4 0.15166361908448345
5 0.1452459481370468
6 0.1396293993179795
7 0.13473241748547177
8 0.13047307827554797
9 0.12677300748333023
10 0.12355975387754879
11 0.12076798454083351
12 0.11833984997438647
13 0.11622480780595727
14 0.11437912578895237
15 0.1127652215990284
16 0.1113509450002605
17 0.11010886852554991
18 0.10901562465252938
19 0.10805130837719247
20 0.10719895182758031
21 0.10644407014880748
22 0.10577427377564964
23 0.10517894023798265
24 0.10464893800551464
25 0.10417639501825697
26 0.10375450510715892
27 0.10337736625686726
28 0.10303984546135889
29 0.10273746569648888
30 0.1024663112397902
31 0.10222294819093475
32 0.10200435758300017
33 0.10180787892875144
34 0.10163116242663169
35 0.10147212836602618
36 0.10132893253164867
37 0.10119993662007873
38 0.1010836828561061
39 0.1009788721394223
40 0.10088434516861494
41 0.10079906608465897
42 0.10072210825391155
43 0.10065264187430668
44 0.10058992314046085
45 0.10053328474657929
46 0.10048212754084039
47 0.10043591317461108
48 0.10039415761344493
49 0.1003564253971949
50 0.10032232455294472
51 0.10029150207864858
52 0.10026363992675247
53 0.10023845142719216
54 0.10021567809713786
55 0.1001950867920999
56 0.10017646715892316
57 0.10015962935605928
58 0.10014440201128563
59 0.10013063039032515
60 0.1001181747532558
61 0.1001069088784557
62 0.100096718735938
63 -7.03305031941579
0 0.18658664468889483
1 0.17639829403819596
2 0.16719003279959366
3 0.15895781839130727
4 0.15166361908448364
5 0.1452459481370495
6 0.1396293993179729
7 0.13473241748547604
8 0.13047307827554816
9 0.1267730074833316
10 0.1235597538775486
11 0.1207679845408343
12 0.11833984997438253
13 0.11622480780595905
14 0.11437912578895316
15 0.1127652215990276
16 0.1113509450002621
17 0.11010886852554752
18 0.10901562465252998
19 0.10805130837719247
20 0.10719895182757991
21 0.10644407014881067
22 0.10577427377564705
23 0.10517894023797805
24 0.10464893800551844
25 0.10417639501825697
26 0.10375450510715892
27 0.10337736625687086
28 0.10303984546135789
29 0.10273746569648547
30 0.1024663112397892
31 0.10222294819093955
32 0.10200435758299836
33 0.10180787892875023
34 0.10163116242663228
35 0.10147212836602697
36 0.10132893253164686
37 0.10119993662007934
38 0.10108368285610349
39 0.10097887213942451
40 0.10088434516861594
41 0.10079906608465937
42 0.10072210825391255
43 0.10065264187430367
44 0.10058992314046246
45 0.10053328474658009
46 0.1004821275408406
47 0.10043591317461008
48 0.10039415761344614
49 0.10035642539719168
50 0.10032232455294733
51 0.10029150207864536
52 0.10026363992675628
53 0.10023845142719297
54 0.10021567809713122
55 0.10019508679210652
56 0.10017646715891894
57 0.1001596293560615
58 0.10014440201128523
59 0.10013063039032495
60 0.1001181747532568
61 0.10010690887845831
62 0.10009671873593338
63 -7.033050319415787
0 0.18658664468889685
1 0.17639829403819504
2 0.16719003279959516
3 0.15895781839130763
4 0.15166361908448345
5 0.145245948137047
6 0.13962939931797677
7 0.1347324174854745
8 0.13047307827554933
9 0.12677300748333042
10 0.12355975387754624
11 0.12076798454083372
12 0.11833984997438589
13 0.11622480780595569
14 0.11437912578895573
15 0.11276522159902741
16 0.11135094500025992
17 0.1101088685255511
18 0.10901562465252819
19 0.10805130837719207
20 0.1071989518275791
21 0.10644407014881108
22 0.10577427377564784
23 0.10517894023798005
24 0.10464893800551724
25 0.10417639501825618
26 0.10375450510716032
27 0.10337736625686786
28 0.10303984546135748
29 0.10273746569648988
30 0.102466311239788
31 0.10222294819094035
32 0.10200435758299575
33 0.10180787892875184
34 0.10163116242663048
35 0.10147212836602758
36 0.10132893253164947
37 0.10119993662007873
38 0.1010836828561033
39 0.10097887213942391
40 0.10088434516861454
41 0.10079906608465918
42 0.10072210825391517
43 0.10065264187430126
44 0.10058992314046285
45 0.1005332847465813
46 0.1004821275408412
47 0.10043591317460887
48 0.10039415761344633
49 0.10035642539719289
50 0.10032232455294532
51 0.10029150207864616
52 0.10026363992675628
53 0.10023845142719136
54 0.10021567809713203
55 0.10019508679210573
56 0.10017646715892055
57 0.10015962935605968
58 0.10014440201128584
59 0.10013063039032474
60 0.1001181747532588
61 0.1001069088784567
62 0.1000967187359366
63 -7.033050319415792
0 0.18658664468889685
1 0.1763982940381954
2 0.16719003279959366
3 0.15895781839130613
4 0.15166361908448345
5 0.1452459481370491
6 0.1396293993179762
7 0.13473241748547216
8 0.13047307827554913
9 0.12677300748333314
10 0.1235597538775478
11 0.12076798454083351
12 0.11833984997438608
13 0.11622480780595629
14 0.11437912578895276
15 0.11276522159902919
16 0.11135094500025754
17 0.11010886852555289
18 0.10901562465252679
19 0.10805130837719307
20 0.1071989518275815
21 0.10644407014881027
22 0.10577427377564645
23 0.10517894023797965
24 0.10464893800552004
25 0.10417639501825257
26 0.10375450510716032
27 0.10337736625687106
28 0.10303984546135568
29 0.10273746569648907
30 0.1024663112397876
31 0.10222294819093855
32 0.10200435758300137
33 0.10180787892874983
34 0.10163116242663148
35 0.10147212836602597
36 0.10132893253164826
37 0.10119993662008034
38 0.10108368285610268
39 0.1009788721394205
40 0.10088434516861795
41 0.10079906608466098
42 0.10072210825391216
43 0.10065264187430367
44 0.10058992314046365
45 0.10053328474657929
46 0.1004821275408412
47 0.10043591317461069
48 0.10039415761344474
49 0.1003564253971935
50 0.10032232455294672
51 0.10029150207864576
52 0.10026363992675628
53 0.10023845142718996
54 0.10021567809713584
55 0.10019508679210311
56 0.10017646715892195
57 0.10015962935605849
58 0.10014440201128784
59 0.10013063039032012
60 0.10011817475326182
61 0.10010690887845308
62 0.1000967187359372
63 -7.033050319415789
0 0.18658664468889594
1 0.17639829403819746
2 0.16719003279959405
3 0.158957818391305
4 0.1516636190844861
5 0.14524594813704797
6 0.1396293993179758
7 0.13473241748547293
8 0.13047307827555088
9 0.1267730074833308
10 0.12355975387754566
11 0.1207679845408347
12 0.11833984997438332
13 0.11622480780596024
14 0.11437912578895355
15 0.11276522159902602
16 0.11135094500025972
17 0.1101088685255513
18 0.10901562465252858
19 0.10805130837719366
20 0.10719895182757931
21 0.10644407014881027
22 0.10577427377564724
23 0.10517894023797965
24 0.10464893800551864
25 0.10417639501825517
26 0.10375450510715953
27 0.10337736625687007
28 0.10303984546135589
29 0.10273746569648988
30 0.1024663112397892
31 0.10222294819093734
32 0.10200435758299876
33 0.10180787892874964
34 0.10163116242663209
35 0.10147212836602597
36 0.10132893253165148
37 0.10119993662007712
38 0.10108368285610429
39 0.10097887213942171
40 0.10088434516861915
41 0.10079906608465736
42 0.10072210825391477
43 0.10065264187430266
44 0.10058992314046306
45 0.10053328474657969
46 0.10048212754084039
47 0.10043591317461048
48 0.10039415761344514
49 0.10035642539719129
50 0.10032232455294712
51 0.10029150207864677
52 0.10026363992675366
53 0.10023845142719458
54 0.10021567809713344
55 0.10019508679210452
56 0.10017646715892135
57 0.10015962935605728
58 0.10014440201128724
59 0.10013063039032495
60 0.10011817475325821
61 0.1001069088784537
62 0.10009671873593741
63 -7.033050319415791
0 0.18658664468889594
1 0.17639829403819485
2 0.16719003279959516
3 0.15895781839130574
4 0.15166361908448364
5 0.14524594813704778
6 0.13962939931797638
7 0.1347324174854737
8 0.13047307827554894
9 0.12677300748333217
10 0.12355975387754703
11 0.1207679845408349
12 0.11833984997438193
13 0.11622480780596202
14 0.11437912578895415
15 0.11276522159902622
16 0.11135094500025852
17 0.1101088685255501
18 0.10901562465253077
19 0.10805130837719087
20 0.1071989518275817
21 0.10644407014880748
22 0.10577427377565084
23 0.10517894023797665
24 0.10464893800552044
25 0.10417639501825457
26 0.10375450510715813
27 0.10337736625687126
28 0.10303984546135568
29 0.10273746569648928
30 0.102466311239788
31 0.10222294819093795
32 0.10200435758300137
33 0.10180787892875084
34 0.10163116242662948
35 0.10147212836602557
36 0.10132893253165168
37 0.10119993662007792
38 0.1010836828561033
39 0.1009788721394223
40 0.10088434516861573
41 0.10079906608466017
42 0.10072210825391356
43 0.10065264187430306
44 0.10058992314046486
45 0.10053328474657708
46 0.1004821275408414
47 0.10043591317461169
48 0.10039415761344393
49 0.10035642539719329
50 0.10032232455294592
51 0.10029150207864737
52 0.10026363992675406
53 0.10023845142719297
54 0.10021567809713423
55 0.10019508679210412
56 0.10017646715892235
57 0.10015962935605567
58 0.10014440201128724
59 0.10013063039032313
60 0.10011817475326182
61 0.1001069088784541
62 0.10009671873593258
63 -7.0330503194157865
0 0.1865866446888976
1 0.1763982940381945
2 0.1671900327995933
3 0.15895781839130838
4 0.15166361908448114
5 0.1452459481370491
6 0.13962939931797852
7 0.13473241748547118
8 0.13047307827555088
9 0.12677300748333042
10 0.12355975387754467
11 0.12076798454083666
12 0.11833984997438411
13 0.11622480780595885
14 0.11437912578895415
15 0.11276522159902562
16 0.1113509450002621
17 0.1101088685255507
18 0.10901562465252639
19 0.10805130837719167
20 0.1071989518275801
21 0.10644407014881208
22 0.10577427377564665
23 0.10517894023797925
24 0.10464893800551983
25 0.10417639501825578
26 0.10375450510715913
27 0.10337736625686786
28 0.10303984546135889
29 0.10273746569648708
30 0.10246631123979061
31 0.10222294819093675
32 0.10200435758299857
33 0.10180787892875225
34 0.10163116242663248
35 0.10147212836602316
36 0.10132893253165128
37 0.10119993662007813
38 0.1010836828561065
39 0.1009788721394201
40 0.10088434516861654
41 0.10079906608466158
42 0.10072210825391155
43 0.10065264187430367
44 0.10058992314046265
45 0.1005332847465795
46 0.1004821275408406
47 0.10043591317460968
48 0.10039415761344493
49 0.1003564253971943
50 0.10032232455294612
51 0.10029150207864516
52 0.10026363992675669
53 0.10023845142719116
54 0.10021567809713383
55 0.10019508679210372
56 0.10017646715892256
57 0.10015962935605928
58 0.10014440201128623
59 0.10013063039032474
60 0.10011817475325599
61 0.1001069088784563
62 0.10009671873593559
63 -7.033050319415789
0 0.1865866446888941
1 0.17639829403819765
2 0.16719003279959574
3 0.15895781839130535
4 0.15166361908448192
5 0.1452459481370491
6 0.13962939931797774
7 0.1347324174854741
8 0.13047307827554971
9 0.12677300748332884
10 0.12355975387754879
11 0.1207679845408343
12 0.11833984997438272
13 0.11622480780595924
14 0.11437912578895376
15 0.1127652215990282
16 0.11135094500025813
17 0.1101088685255513
18 0.10901562465252819
19 0.10805130837719307
20 0.1071989518275795
21 0.10644407014881146
22 0.10577427377564684
23 0.10517894023798065
24 0.10464893800551744
25 0.10417639501825417
26 0.10375450510715972
27 0.10337736625687187
28 0.1030398454613567
29 0.10273746569648988
30 0.1024663112397886
31 0.10222294819093554
32 0.10200435758299957
33 0.10180787892875384
34 0.10163116242662908
35 0.10147212836602577
36 0.10132893253164726
37 0.10119993662008074
38 0.10108368285610449
39 0.1009788721394203
40 0.10088434516861895
41 0.10079906608465676
42 0.10072210825391396
43 0.10065264187430446
44 0.10058992314046125
45 0.1005332847465827
46 0.1004821275408398
47 0.10043591317461088
48 0.10039415761344474
49 0.10035642539719089
50 0.10032232455294793
51 0.10029150207864697
52 0.10026363992675366
53 0.10023845142719116
54 0.10021567809713423
55 0.10019508679210593
56 0.10017646715892055
57 0.10015962935605889
58 0.10014440201128644
59 0.10013063039032515
60 0.100118174753257
61 0.1001069088784577
62 0.10009671873593398
63 -7.033050319415789
0 0.18658664468889372
1 0.17639829403819782
2 0.16719003279959235
3 0.15895781839130613
4 0.15166361908448517
5 0.14524594813704547
6 0.13962939931797988
7 0.13473241748547352
8 0.13047307827554952
9 0.12677300748333004
10 0.12355975387754664
11 0.12076798454083666
12 0.11833984997438174
13 0.11622480780595965
14 0.11437912578895237
15 0.11276522159902741
16 0.11135094500025952
17 0.1101088685255511
18 0.10901562465253196
19 0.10805130837719107
20 0.10719895182757691
21 0.10644407014881027
22 0.10577427377565064
23 0.10517894023797845
24 0.10464893800551904
25 0.10417639501825578
26 0.10375450510715913
27 0.10337736625687007
28 0.10303984546135629
29 0.10273746569648907
30 0.1024663112397878
31 0.10222294819093815
32 0.10200435758299817
33 0.10180787892875424
34 0.10163116242662927
35 0.10147212836602537
36 0.10132893253165028
37 0.10119993662007913
38 0.1010836828561047
39 0.10097887213942111
40 0.10088434516861614
41 0.10079906608465937
42 0.10072210825391376
43 0.10065264187430387
44 0.10058992314046246
45 0.10053328474657729
46 0.10048212754084321
47 0.10043591317461069
48 0.10039415761344533
49 0.1003564253971927
50 0.10032232455294592
51 0.10029150207864777
52 0.10026363992675266
53 0.10023845142719257
54 0.10021567809713484
55 0.1001950867921027
56 0.10017646715892176
57 0.10015962935605809
58 0.10014440201128845
59 0.10013063039032313
60 0.10011817475325821
61 0.10010690887845711
62 0.1000967187359358
63 -7.033050319415789
0 0.18658664468889427
1 0.1763982940381995
2 0.16719003279959027
3 0.15895781839130707
4 0.151663619084484
5 0.14524594813705008
6 0.13962939931797638
7 0.13473241748547332
8 0.13047307827554894
9 0.126773007483331
10 0.12355975387754684
11 0.12076798454083627
12 0.11833984997438292
13 0.11622480780595965
14 0.11437912578895237
15 0.11276522159902701
16 0.11135094500025952
17 0.11010886852555091
18 0.10901562465252838
19 0.10805130837719226
20 0.1071989518275817
21 0.10644407014880967
22 0.10577427377564724
23 0.10517894023798145
24 0.10464893800551944
25 0.10417639501825197
26 0.10375450510716053
27 0.10337736625687106
28 0.1030398454613581
29 0.10273746569648647
30 0.1024663112397892
31 0.10222294819093715
32 0.10200435758299857
33 0.10180787892875304
34 0.10163116242663048
35 0.10147212836602597
36 0.10132893253164887
37 0.10119993662007813
38 0.10108368285610489
39 0.1009788721394219
40 0.10088434516861654
41 0.10079906608465956
42 0.10072210825391335
43 0.10065264187430406
44 0.10058992314046145
45 0.10053328474657969
46 0.1004821275408418
47 0.10043591317461309
48 0.10039415761344313
49 0.10035642539719129
50 0.10032232455294854
51 0.10029150207864396
52 0.10026363992675728
53 0.10023845142719176
54 0.10021567809713423
55 0.10019508679210372
56 0.10017646715892015
57 0.10015962935605809
58 0.10014440201128623
59 0.10013063039032515
60 0.10011817475325861
61 0.1001069088784551
62 0.1000967187359362
63 -7.033050319415789
0 0.18658664468889483
1 0.17639829403819726
2 0.16719003279959405
3 0.15895781839130613
4 0.15166361908448306
5 0.1452459481370491
6 0.13962939931797677
7 0.1347324174854739
8 0.13047307827554913
9 0.1267730074833314
10 0.12355975387754703
11 0.12076798454083214
12 0.1183398499743845
13 0.11622480780595845
14 0.11437912578895434
15 0.11276522159902662
16 0.11135094500025952
17 0.11010886852555389
18 0.10901562465252698
19 0.10805130837719107
20 0.10719895182757931
21 0.10644407014880927
22 0.10577427377564984
23 0.10517894023798124
24 0.10464893800551624
25 0.10417639501825697
26 0.10375450510716053
27 0.10337736625686945
28 0.10303984546135649
29 0.10273746569648867
30 0.1024663112397872
31 0.10222294819093815
32 0.10200435758299817
33 0.10180787892875325
34 0.10163116242663188
35 0.10147212836602416
36 0.10132893253165248
37 0.10119993662007733
38 0.10108368285610429
39 0.1009788721394203
40 0.10088434516861895
41 0.10079906608465757
42 0.10072210825391416
43 0.10065264187430406
44 0.10058992314046165
45 0.1005332847465813
46 0.1004821275408388
47 0.10043591317461169
48 0.10039415761344514
49 0.10035642539719229
50 0.10032232455294753
51 0.10029150207864677
52 0.10026363992675166
53 0.10023845142719358
54 0.10021567809713323
55 0.10019508679210493
56 0.10017646715892076
57 0.10015962935606049
58 0.10014440201128623
59 0.10013063039032394
60 0.10011817475325781
61 0.1001069088784563
62 0.1000967187359366
63 -7.033050319415791
0 0.18658664468889538
1 0.1763982940381982
2 0.1671900327995946
3 0.15895781839130385
4 0.15166361908448459
5 0.14524594813704816
6 0.13962939931797638
7 0.13473241748547604
8 0.130473078275547
9 0.12677300748332984
10 0.12355975387754879
11 0.12076798454083391
12 0.11833984997438529
13 0.11622480780595648
14 0.11437912578895355
15 0.11276522159902859
16 0.11135094500025733
17 0.11010886852555408
18 0.10901562465252958
19 0.10805130837718749
20 0.1071989518275831
21 0.10644407014880967
22 0.10577427377564405
23 0.10517894023798324
24 0.10464893800551683
25 0.10417639501825537
26 0.10375450510716193
27 0.10337736625686826
28 0.1030398454613595
29 0.10273746569648647
30 0.1024663112397884
31 0.10222294819093734
32 0.10200435758300037
33 0.10180787892875265
34 0.10163116242662806
35 0.10147212836602637
36 0.10132893253164967
37 0.10119993662007813
38 0.10108368285610629
39 0.1009788721394213
40 0.10088434516861715
41 0.10079906608465918
42 0.10072210825391316
43 0.10065264187430206
44 0.10058992314046386
45 0.10053328474657929
46 0.10048212754084221
47 0.10043591317460908
48 0.10039415761344372
49 0.1003564253971955
50 0.10032232455294632
51 0.10029150207864758
52 0.10026363992675266
53 0.10023845142719277
54 0.10021567809713364
55 0.10019508679210452
56 0.10017646715892235
57 0.10015962935605868
58 0.10014440201128544
59 0.10013063039032374
60 0.10011817475326021
61 0.10010690887845611
62 0.10009671873593479
63 -7.03305031941579
0 0.18658664468889538
1 0.17639829403819465
2 0.16719003279959385
3 0.15895781839130763
4 0.15166361908448459
5 0.1452459481370468
6 0.13962939931797524
7 0.13473241748547526
8 0.13047307827554894
9 0.126773007483331
10 0.1235597538775486
11 0.12076798454083155
12 0.1183398499743849
13 0.11622480780596182
14 0.11437912578895316
15 0.11276522159902443
16 0.11135094500025992
17 0.11010886852555309
18 0.1090156246525266
19 0.10805130837719226
20 0.10719895182758031
21 0.10644407014880927
22 0.10577427377564924
23 0.10517894023798086
24 0.10464893800551643
25 0.10417639501825537
26 0.10375450510716032
27 0.10337736625686826
28 0.10303984546135729
29 0.10273746569648888
30 0.1024663112397904
31 0.10222294819093695
32 0.10200435758299937
33 0.10180787892875023
34 0.10163116242663268
35 0.10147212836602476
36 0.10132893253164967
37 0.10119993662007853
38 0.1010836828561051
39 0.1009788721394209
40 0.10088434516861775
41 0.10079906608465956
42 0.10072210825391255
43 0.10065264187430446
44 0.10058992314045964
45 0.10053328474658049
46 0.10048212754084321
47 0.10043591317460787
48 0.10039415761344614
49 0.1003564253971937
50 0.10032232455294432
51 0.10029150207864737
52 0.10026363992675406
53 0.10023845142719216
54 0.10021567809713726
55 0.1001950867921013
56 0.10017646715892276
57 0.10015962935605788
58 0.10014440201128845
59 0.10013063039032073
60 0.10011817475326021
61 0.1001069088784559
62 0.1000967187359358
63 -7.033050319415788
0 0.18658664468889685
1 0.1763982940381965
2 0.16719003279959385
3 0.1589578183913048
4 0.15166361908448667
5 0.14524594813704414
6 0.1396293993179789
7 0.13473241748547293
8 0.1304730782755503
9 0.12677300748333004
10 0.12355975387754684
11 0.12076798454083372
12 0.1183398499743849
13 0.11622480780596003
14 0.11437912578895158
15 0.11276522159902899
16 0.11135094500025833
17 0.1101088685255521
18 0.10901562465252898
19 0.10805130837719266
20 0.10719895182757731
21 0.10644407014881127
22 0.10577427377564845
23 0.10517894023797886
24 0.10464893800551724
25 0.10417639501825637
26 0.10375450510716012
27 0.10337736625687226
28 0.10303984546135549
29 0.10273746569648848
30 0.1024663112397876
31 0.10222294819093915
32 0.10200435758299777
33 0.10180787892875344
34 0.10163116242663088
35 0.10147212836602476
36 0.10132893253164987
37 0.10119993662008013
38 0.10108368285610148
39 0.1009788721394209
40 0.10088434516861935
41 0.10079906608465877
42 0.10072210825391115
43 0.10065264187430548
44 0.10058992314046185
45 0.10053328474657909
46 0.100482127540842
47 0.10043591317461048
48 0.10039415761344533
49 0.1003564253971937
50 0.10032232455294572
51 0.10029150207864576
52 0.10026363992675548
53 0.10023845142718976
54 0.10021567809713705
55 0.10019508679210351
56 0.10017646715892256
57 0.10015962935605688
58 0.10014440201128805
59 0.10013063039032313
60 0.1001181747532576
61 0.10010690887845791
62 0.1000967187359364
63 -7.033050319415792
0 0.18658664468889463
1 0.1763982940381969
2 0.167190032799595
3 0.15895781839130574
4 0.15166361908448459
5 0.14524594813704758
6 0.13962939931797813
7 0.1347324174854704
8 0.13047307827555107
9 0.12677300748332884
10 0.12355975387754997
11 0.12076798454083529
12 0.11833984997438313
13 0.11622480780595905
14 0.11437912578895316
15 0.112765221599028
16 0.11135094500025892
17 0.11010886852555091
18 0.10901562465252719
19 0.10805130837719405
20 0.10719895182757812
21 0.10644407014880967
22 0.10577427377564765
23 0.10517894023798185
24 0.10464893800551664
25 0.10417639501825597
26 0.10375450510716053
27 0.10337736625686986
28 0.1030398454613567
29 0.10273746569648907
30 0.1024663112397888
31 0.10222294819093534
32 0.10200435758299997
33 0.10180787892875225
34 0.10163116242663067
35 0.10147212836602577
36 0.10132893253165028
37 0.10119993662008114
38 0.10108368285610128
39 0.10097887213942291
40 0.10088434516861614
41 0.10079906608465816
42 0.10072210825391416
43 0.10065264187430406
44 0.10058992314046145
45 0.10053328474657888
46 0.1004821275408426
47 0.10043591317461069
48 0.10039415761344353
49 0.1003564253971941
50 0.10032232455294793
51 0.10029150207864516
52 0.10026363992675326
53 0.10023845142719237
54 0.10021567809713525
55 0.10019508679210573
56 0.10017646715891934
57 0.10015962935605909
58 0.10014440201128684
59 0.10013063039032434
60 0.1001181747532584
61 0.1001069088784553
62 0.10009671873593559
63 -7.03305031941579
0 0.18658664468889558
1 0.1763982940381969
2 0.1671900327995931
3 0.1589578183913063
4 0.1516636190844865
5 0.14524594813704625
6 0.139629399317976
7 0.1347324174854741
8 0.13047307827554952
9 0.12677300748333042
10 0.12355975387754761
11 0.12076798454083214
12 0.11833984997438726
13 0.11622480780595727
14 0.11437912578895355
15 0.1127652215990284
16 0.11135094500025833
17 0.1101088685255517
18 0.10901562465252917
19 0.10805130837719167
20 0.1071989518275791
21 0.10644407014880987
22 0.10577427377564684
23 0.10517894023798365
24 0.10464893800551704
25 0.10417639501825737
26 0.10375450510715532
27 0.10337736625687086
28 0.10303984546135829
29 0.10273746569648928
30 0.10246631123978679
31 0.10222294819093815
32 0.10200435758299836
33 0.10180787892875284
34 0.10163116242663048
35 0.10147212836602618
36 0.10132893253164867
37 0.10119993662007894
38 0.10108368285610429
39 0.10097887213942351
40 0.10088434516861675
41 0.10079906608465977
42 0.10072210825391115
43 0.10065264187430446
44 0.10058992314046246
45 0.1005332847465807
46 0.1004821275408398
47 0.10043591317461029
48 0.10039415761344633
49 0.10035642539719108
50 0.10032232455294753
51 0.10029150207864516
52 0.10026363992675628
53 0.10023845142719055
54 0.10021567809713765
55 0.1001950867921013
56 0.10017646715892176
57 0.10015962935605868
58 0.10014440201128764
59 0.10013063039032233
60 0.10011817475325921
61 0.10010690887845389
62 0.10009671873593741
63 -7.03305031941579
0 0.18658664468889463
1 0.17639829403819765
2 0.1671900327995929
3 0.15895781839130743
4 0.15166361908448286
5 0.1452459481370493
6 0.13962939931797466
7 0.1347324174854745
8 0.1304730782755499
9 0.12677300748332923
10 0.12355975387754801
11 0.1207679845408347
12 0.1183398499743849
13 0.11622480780595845
14 0.11437912578895079
15 0.11276522159903138
16 0.11135094500025733
17 0.1101088685255507
18 0.10901562465252958
19 0.10805130837719326
20 0.10719895182757772
21 0.10644407014881008
22 0.10577427377564705
23 0.10517894023798145
24 0.10464893800551983
25 0.10417639501825277
26 0.10375450510716153
27 0.10337736625686665
28 0.1030398454613595
29 0.10273746569648708
30 0.10246631123979061
31 0.10222294819093755
32 0.10200435758299817
33 0.10180787892875344
34 0.10163116242662887
35 0.10147212836602476
36 0.10132893253165288
37 0.10119993662007572
38 0.1010836828561059
39 0.10097887213942071
40 0.10088434516861594
41 0.10079906608466178
42 0.10072210825391055
43 0.10065264187430527
44 0.10058992314046306
45 0.10053328474657869
46 0.100482127540843
47 0.10043591317460807
48 0.10039415761344554
49 0.1003564253971939
50 0.10032232455294532
51 0.10029150207864657
52 0.10026363992675467
53 0.10023845142719538
54 0.10021567809713243
55 0.10019508679210291
56 0.10017646715892256
57 0.10015962935605688
58 0.10014440201128744
59 0.10013063039032334
60 0.10011817475325921
61 0.1001069088784559
62 0.1000967187359358
63 -7.033050319415789
0 0.18658664468889502
1 0.1763982940381943
2 0.16719003279959554
3 0.15895781839130727
4 0.15166361908448153
5 0.1452459481370491
6 0.1396293993179762
7 0.13473241748547293
8 0.13047307827555107
9 0.12677300748333062
10 0.1235597538775484
11 0.12076798454083312
12 0.1183398499743847
13 0.11622480780595787
14 0.11437912578895652
15 0.1127652215990272
16 0.11135094500025713
17 0.1101088685255513
18 0.10901562465252958
19 0.10805130837718907
20 0.1071989518275807
21 0.10644407014881167
22 0.10577427377564565
23 0.10517894023798025
24 0.10464893800552064
25 0.10417639501825357
26 0.10375450510716132
27 0.10337736625686886
28 0.1030398454613585
29 0.10273746569648727
30 0.10246631123978961
31 0.10222294819093715
32 0.10200435758299917
33 0.10180787892875144
34 0.10163116242663107
35 0.10147212836602476
36 0.10132893253165087
37 0.10119993662008013
38 0.10108368285610529
39 0.1009788721394191
40 0.10088434516861775
41 0.10079906608465877
42 0.10072210825391396
43 0.10065264187430306
44 0.10058992314046165
45 0.10053328474657909
46 0.1004821275408414
47 0.10043591317461088
48 0.10039415761344574
49 0.1003564253971927
50 0.10032232455294733
51 0.10029150207864476
52 0.10026363992675648
53 0.10023845142719157
54 0.10021567809713364
55 0.1001950867921027
56 0.10017646715892235
57 0.10015962935605728
58 0.10014440201128885
59 0.10013063039032394
60 0.10011817475325921
61 0.1001069088784559
62 0.10009671873593359
63 -7.033050319415787
0 0.1865866446888952
1 0.17639829403819615
2 0.16719003279959255
3 0.15895781839130782
4 0.151663619084484
5 0.14524594813704758
6 0.1396293993179758
7 0.13473241748547488
8 0.13047307827554758
9 0.12677300748333334
10 0.12355975387754643
11 0.12076798454083411
12 0.11833984997438549
13 0.11622480780595845
14 0.11437912578895316
15 0.1127652215990276
16 0.11135094500025673
17 0.11010886852555547
18 0.10901562465252719
19 0.10805130837719126
20 0.1071989518275795
21 0.10644407014881227
22 0.10577427377564624
23 0.10517894023798145
24 0.10464893800551683
25 0.10417639501825657
26 0.10375450510715892
27 0.10337736625686805
28 0.10303984546135969
29 0.10273746569648727
30 0.1024663112397876
31 0.10222294819093795
32 0.10200435758299997
33 0.10180787892875284
34 0.10163116242663107
35 0.10147212836602437
36 0.10132893253164967
37 0.10119993662007773
38 0.1010836828561051
39 0.10097887213942432
40 0.10088434516861414
41 0.10079906608466178
42 0.10072210825391235
43 0.10065264187430346
44 0.10058992314046325
45 0.10053328474657869
46 0.1004821275408408
47 0.10043591317461069
48 0.10039415761344433
49 0.1003564253971941
50 0.10032232455294653
51 0.10029150207864536
52 0.10026363992675427
53 0.10023845142719377
54 0.10021567809713323
55 0.10019508679210391
56 0.10017646715892115
57 0.10015962935605788
58 0.10014440201128703
59 0.10013063039032455
60 0.1001181747532568
61 0.10010690887845691
62 0.10009671873593841
63 -7.033050319415791
0 0.18658664468889705
1 0.1763982940381965
2 0.16719003279959346
3 0.15895781839130535
4 0.15166361908448725
5 0.1452459481370468
6 0.13962939931797447
7 0.13473241748547585
8 0.1304730782755468
9 0.1267730074833316
10 0.1235597538775478
11 0.12076798454083529
12 0.11833984997438292
13 0.11622480780595965
14 0.11437912578895217
15 0.11276522159902919
16 0.11135094500025793
17 0.1101088685255527
18 0.10901562465252838
19 0.10805130837719226
20 0.1071989518275791
21 0.10644407014880948
22 0.10577427377564505
23 0.10517894023798165
24 0.10464893800552004
25 0.10417639501825417
26 0.10375450510716053
27 0.10337736625686886
28 0.10303984546135789
29 0.10273746569649007
30 0.1024663112397874
31 0.10222294819093634
32 0.10200435758299876
33 0.10180787892875325
34 0.10163116242663209
35 0.10147212836602416
36 0.10132893253164826
37 0.10119993662007953
38 0.10108368285610489
39 0.10097887213942311
40 0.10088434516861473
41 0.10079906608465997
42 0.10072210825391517
43 0.10065264187430105
44 0.10058992314046426
45 0.10053328474657788
46 0.1004821275408414
47 0.10043591317461188
48 0.10039415761344372
49 0.10035642539719249
50 0.10032232455294793
51 0.10029150207864697
52 0.10026363992675306
53 0.10023845142719197
54 0.10021567809713423
55 0.10019508679210533
56 0.10017646715892115
57 0.10015962935605728
58 0.10014440201128724
59 0.10013063039032474
60 0.10011817475325781
61 0.10010690887845691
62 0.10009671873593279
63 -7.033050319415788
0 0.18658664468889224
1 0.1763982940381969
2 0.16719003279959366
3 0.15895781839130613
4 0.1516636190844863
5 0.14524594813704836
6 0.1396293993179737
7 0.1347324174854772
8 0.1304730782755472
9 0.12677300748333178
10 0.12355975387754506
11 0.12076798454083627
12 0.1183398499743851
13 0.11622480780595668
14 0.11437912578895455
15 0.11276522159902701
16 0.11135094500026012
17 0.11010886852554991
18 0.10901562465252738
19 0.10805130837719405
20 0.1071989518275813
21 0.10644407014880848
22 0.10577427377564684
23 0.10517894023798205
24 0.10464893800551564
25 0.10417639501825718
26 0.10375450510715892
27 0.10337736625686986
28 0.1030398454613571
29 0.10273746569648888
30 0.1024663112397886
31 0.10222294819093936
32 0.10200435758299757
33 0.10180787892875023
34 0.10163116242663349
35 0.10147212836602397
36 0.10132893253165007
37 0.10119993662007712
38 0.1010836828561077
39 0.1009788721394199
40 0.10088434516861834
41 0.10079906608465736
42 0.10072210825391376
43 0.10065264187430327
44 0.10058992314046346
45 0.10053328474658009
46 0.1004821275408414
47 0.10043591317460887
48 0.10039415761344754
49 0.10035642539719049
50 0.10032232455294672
51 0.10029150207864616
52 0.10026363992675708
53 0.10023845142719116
54 0.10021567809713323
55 0.10019508679210432
56 0.10017646715892155
57 0.10015962935605607
58 0.10014440201128784
59 0.10013063039032716
60 0.10011817475325599
61 0.10010690887845469
62 0.1000967187359382
63 -7.033050319415788
0 0.18658664468889447
1 0.17639829403819524
2 0.16719003279959724
3 0.1589578183913027
4 0.15166361908448706
5 0.14524594813704875
6 0.13962939931797486
7 0.13473241748547293
8 0.13047307827554952
9 0.12677300748332962
10 0.12355975387754978
11 0.12076798454083411
12 0.1183398499743843
13 0.11622480780595866
14 0.11437912578895257
15 0.1127652215990278
16 0.11135094500026031
17 0.1101088685255515
18 0.10901562465252758
19 0.10805130837719067
20 0.10719895182758091
21 0.10644407014881048
22 0.10577427377564624
23 0.10517894023798145
24 0.10464893800551764
25 0.10417639501825578
26 0.10375450510715972
27 0.10337736625687187
28 0.10303984546135629
29 0.10273746569648767
30 0.1024663112397888
31 0.10222294819093715
32 0.10200435758299997
33 0.10180787892875104
34 0.10163116242663148
35 0.10147212836602497
36 0.10132893253165128
37 0.10119993662007593
38 0.1010836828561079
39 0.10097887213942071
40 0.10088434516861594
41 0.10079906608465977
42 0.10072210825391437
43 0.10065264187430387
44 0.10058992314046104
45 0.10053328474658049
46 0.10048212754084039
47 0.10043591317460927
48 0.10039415761344694
49 0.10035642539719189
50 0.10032232455294672
51 0.10029150207864637
52 0.10026363992675287
53 0.10023845142719337
54 0.10021567809713665
55 0.1001950867921023
56 0.10017646715892337
57 0.10015962935605587
58 0.10014440201128724
59 0.10013063039032313
60 0.10011817475325921
61 0.10010690887845751
62 0.1000967187359358
63 -7.033050319415791
0 0.1865866446888965
1 0.17639829403819765
2 0.16719003279959216
3 0.15895781839130668
4 0.15166361908448667
5 0.14524594813704395
6 0.13962939931797813
7 0.1347324174854739
8 0.13047307827554777
9 0.12677300748333295
10 0.12355975387754624
11 0.1207679845408347
12 0.1183398499743851
13 0.11622480780595826
14 0.11437912578895316
15 0.1127652215990282
16 0.11135094500025754
17 0.1101088685255523
18 0.10901562465252977
19 0.10805130837719087
20 0.1071989518275815
21 0.10644407014880708
22 0.10577427377564845
23 0.10517894023798005
24 0.10464893800551904
25 0.10417639501825557
26 0.10375450510715972
27 0.10337736625686886
28 0.1030398454613577
29 0.10273746569649028
30 0.102466311239788
31 0.10222294819093734
32 0.10200435758299736
33 0.10180787892875365
34 0.10163116242663169
35 0.10147212836602557
36 0.10132893253164667
37 0.10119993662008053
38 0.1010836828561047
39 0.10097887213942171
40 0.10088434516861594
41 0.10079906608465956
42 0.10072210825391195
43 0.10065264187430387
44 0.10058992314046346
45 0.10053328474657969
46 0.1004821275408418
47 0.10043591317460847
48 0.10039415761344574
49 0.10035642539719208
50 0.10032232455294814
51 0.10029150207864657
52 0.10026363992675266
53 0.10023845142719498
54 0.10021567809713423
55 0.10019508679210251
56 0.10017646715892235
57 0.10015962935605728
58 0.10014440201128864
59 0.10013063039032113
60 0.1001181747532588
61 0.1001069088784551
62 0.10009671873593781
63 -7.033050319415791
0 0.1865866446888941
1 0.17639829403819596
2 0.16719003279959424
3 0.1589578183913082
4 0.1516636190844842
5 0.14524594813704894
6 0.1396293993179758
7 0.1347324174854745
8 0.130473078275547
9 0.12677300748333295
10 0.12355975387754527
11 0.1207679845408349
12 0.11833984997438292
13 0.11622480780596162
14 0.11437912578895158
15 0.1127652215990282
16 0.11135094500025833
17 0.11010886852555249
18 0.10901562465252758
19 0.10805130837719286
20 0.1071989518275797
21 0.10644407014881027
22 0.10577427377564684
23 0.10517894023798065
24 0.10464893800551783
25 0.10417639501825597
26 0.10375450510715752
27 0.10337736625687126
28 0.10303984546135748
29 0.10273746569648647
30 0.1024663112397902
31 0.10222294819093936
32 0.10200435758299736
33 0.10180787892875445
34 0.10163116242662887
35 0.10147212836602437
36 0.10132893253165087
37 0.10119993662007853
38 0.1010836828561047
39 0.10097887213942171
40 0.10088434516861514
41 0.10079906608465918
42 0.10072210825391437
43 0.10065264187430507
44 0.10058992314046285
45 0.10053328474657829
46 0.10048212754083939
47 0.10043591317461148
48 0.10039415761344393
49 0.1003564253971949
50 0.10032232455294512
51 0.10029150207864898
52 0.10026363992675387
53 0.10023845142719157
54 0.10021567809713504
55 0.1001950867921023
56 0.10017646715892276
57 0.10015962935605849
58 0.10014440201128584
59 0.10013063039032294
60 0.1001181747532588
61 0.10010690887845751
62 0.1000967187359362
63 -7.033050319415791
0 0.18658664468889483
1 0.1763982940381965
2 0.16719003279959405
3 0.1589578183913082
4 0.15166361908448345
5 0.1452459481370474
6 0.13962939931797716
7 0.13473241748547332
8 0.13047307827554738
9 0.126773007483331
10 0.12355975387754899
11 0.12076798454083312
12 0.1183398499743847
13 0.11622480780595924
14 0.11437912578895396
15 0.112765221599028
16 0.11135094500025773
17 0.1101088685255505
18 0.10901562465253156
19 0.10805130837718988
20 0.1071989518275797
21 0.10644407014880987
22 0.10577427377564964
23 0.10517894023797845
24 0.10464893800551904
25 0.10417639501825578
26 0.10375450510716092
27 0.10337736625686705
28 0.10303984546135729
29 0.10273746569648967
30 0.102466311239789
31 0.10222294819093755
32 0.10200435758299736
33 0.10180787892875304
34 0.10163116242663209
35 0.10147212836602497
36 0.10132893253165007
37 0.10119993662007673
38 0.1010836828561051
39 0.10097887213942171
40 0.10088434516861554
41 0.10079906608466077
42 0.10072210825391556
43 0.10065264187430126
44 0.10058992314046185
45 0.10053328474657929
46 0.1004821275408424
47 0.10043591317460887
48 0.10039415761344815
49 0.10035642539719168
50 0.10032232455294753
51 0.10029150207864536
52 0.10026363992675366
53 0.10023845142719277
54 0.10021567809713544
55 0.10019508679210432
56 0.10017646715892055
57 0.10015962935605889
58 0.10014440201128523
59 0.10013063039032655
60 0.1001181747532572
61 0.10010690887845711
62 0.10009671873593379
63 -7.033050319415789
0 0.18658664468889463
1 0.1763982940381956
2 0.16719003279959516
3 0.1589578183913063
4 0.15166361908448228
5 0.1452459481370495
6 0.1396293993179758
7 0.1347324174854741
8 0.13047307827555069
9 0.12677300748332826
10 0.12355975387754801
11 0.12076798454083372
12 0.11833984997438707
13 0.11622480780595648
14 0.11437912578895137
15 0.11276522159903057
16 0.11135094500025793
17 0.1101088685255527
18 0.10901562465252898
19 0.10805130837719126
20 0.10719895182757772
21 0.10644407014881246
22 0.10577427377564665
23 0.10517894023798086
24 0.10464893800551724
25 0.10417639501825858
26 0.10375450510715552
27 0.10337736625686966
28 0.10303984546135889
29 0.10273746569648667
30 0.10246631123979061
31 0.10222294819093836
32 0.10200435758299717
33 0.10180787892875445
34 0.10163116242663048
35 0.10147212836602416
36 0.10132893253165007
37 0.10119993662007792
38 0.1010836828561055
39 0.1009788721394203
40 0.10088434516861775
41 0.10079906608466017
42 0.10072210825391216
43 0.10065264187430406
44 0.10058992314046185
45 0.1005332847465799
46 0.1004821275408414
47 0.10043591317461148
48 0.10039415761344413
49 0.10035642539719129
50 0.10032232455294954
51 0.10029150207864536
52 0.10026363992675508
53 0.10023845142719136
54 0.10021567809713544
55 0.10019508679210391
56 0.10017646715892076
57 0.10015962935605968
58 0.10014440201128383
59 0.10013063039032614
60 0.10011817475325821
61 0.1001069088784553
62 0.10009671873593881
63 -7.033050319415792
0 0.18658664468889574
1 0.1763982940381967
2 0.1671900327995946
3 0.15895781839130707
4 0.15166361908448212
5 0.1452459481370493
6 0.13962939931797505
7 0.13473241748547546
8 0.1304730782755503
9 0.12677300748332865
10 0.12355975387754703
11 0.1207679845408351
12 0.11833984997438174
13 0.11622480780596241
14 0.11437912578895158
15 0.112765221599028
16 0.11135094500025773
17 0.11010886852555488
18 0.109015624652526
19 0.10805130837719207
20 0.10719895182757931
21 0.10644407014880987
22 0.10577427377564984
23 0.10517894023797825
24 0.10464893800551964
25 0.10417639501825417
26 0.10375450510716053
27 0.10337736625687026
28 0.1030398454613577
29 0.10273746569648587
30 0.1024663112397918
31 0.10222294819093655
32 0.10200435758299897
33 0.10180787892875123
34 0.10163116242663128
35 0.10147212836602476
36 0.10132893253165128
37 0.10119993662007792
38 0.1010836828561047
39 0.10097887213942111
40 0.10088434516861734
41 0.10079906608465776
42 0.10072210825391437
43 0.10065264187430327
44 0.10058992314046064
45 0.1005332847465811
46 0.10048212754084039
47 0.10043591317461169
48 0.10039415761344433
49 0.1003564253971943
50 0.10032232455294612
51 0.10029150207864657
52 0.10026363992675306
53 0.10023845142719358
54 0.10021567809713383
55 0.10019508679210533
56 0.10017646715891974
57 0.10015962935605748
58 0.10014440201128784
59 0.10013063039032394
60 0.1001181747532588
61 0.1001069088784563
62 0.10009671873593338
63 -7.033050319415788
0 0.18658664468889558
1 0.1763982940381956
2 0.16719003279959424
3 0.15895781839130857
4 0.1516636190844844
5 0.1452459481370472
6 0.13962939931797658
7 0.13473241748547313
8 0.13047307827554933
9 0.12677300748332943
10 0.12355975387754997
11 0.12076798454083647
12 0.11833984997438193
13 0.11622480780595826
14 0.11437912578895336
15 0.11276522159902701
16 0.11135094500025873
17 0.1101088685255521
18 0.10901562465252938
19 0.10805130837719087
20 0.10719895182757831
21 0.10644407014881087
22 0.10577427377564824
23 0.10517894023798005
24 0.10464893800551764
25 0.10417639501825637
26 0.10375450510715972
27 0.10337736625686966
28 0.1030398454613567
29 0.10273746569648888
30 0.1024663112397892
31 0.10222294819093715
32 0.10200435758299917
33 0.10180787892875084
34 0.10163116242663248
35 0.10147212836602437
36 0.10132893253164826
37 0.10119993662008314
38 0.10108368285610148
39 0.1009788721394223
40 0.10088434516861694
41 0.10079906608465776
42 0.10072210825391537
43 0.10065264187430306
44 0.10058992314046265
45 0.10053328474657929
46 0.1004821275408408
47 0.10043591317461209
48 0.10039415761344514
49 0.10035642539719329
50 0.10032232455294472
51 0.10029150207864758
52 0.10026363992675207
53 0.10023845142719076
54 0.10021567809713625
55 0.10019508679210311
56 0.10017646715892235
57 0.10015962935605909
58 0.10014440201128703
59 0.10013063039032313
60 0.1001181747532594
61 0.10010690887845611
62 0.10009671873593519
63 -7.03305031941579
0 0.18658664468889463
1 0.17639829403819596
2 0.1671900327995931
3 0.15895781839130838
4 0.15166361908448153
5 0.1452459481370495
6 0.13962939931797638
7 0.13473241748547526
8 0.13047307827554894
9 0.1267730074833316
10 0.12355975387754742
11 0.12076798454083254
12 0.11833984997438589
13 0.11622480780595845
14 0.11437912578895217
15 0.112765221599028
16 0.11135094500026071
17 0.11010886852554891
18 0.10901562465253017
19 0.10805130837719186
20 0.10719895182757931
21 0.10644407014880908
22 0.10577427377564845
23 0.10517894023798185
24 0.10464893800551824
25 0.10417639501825338
26 0.10375450510716153
27 0.10337736625686945
28 0.10303984546135449
29 0.10273746569649209
30 0.10246631123978579
31 0.10222294819093755
32 0.10200435758300057
33 0.10180787892875104
34 0.10163116242663209
35 0.10147212836602416
36 0.10132893253165028
37 0.10119993662007833
38 0.1010836828561055
39 0.10097887213942111
40 0.10088434516861734
41 0.10079906608465816
42 0.10072210825391477
43 0.10065264187430287
44 0.10058992314046104
45 0.1005332847465823
46 0.1004821275408406
47 0.10043591317461169
48 0.10039415761344474
49 0.1003564253971927
50 0.10032232455294553
51 0.10029150207864576
52 0.10026363992675406
53 0.10023845142719157
54 0.10021567809713605
55 0.10019508679210111
56 0.10017646715892457
57 0.10015962935605868
58 0.10014440201128684
59 0.10013063039032213
60 0.10011817475326042
61 0.1001069088784553
62 0.1000967187359358
63 -7.033050319415789
0 0.18658664468889335
1 0.17639829403819746
2 0.16719003279959535
3 0.1589578183913048
4 0.15166361908448192
5 0.14524594813705086
6 0.13962939931797794
7 0.13473241748547313
8 0.1304730782755464
9 0.12677300748333276
10 0.1235597538775478
11 0.12076798454083391
12 0.1183398499743851
13 0.11622480780595826
14 0.11437912578895158
15 0.11276522159903057
16 0.11135094500025813
17 0.11010886852555091
18 0.10901562465252819
19 0.10805130837719445
20 0.10719895182757871
21 0.10644407014881027
22 0.10577427377564724
23 0.10517894023797925
24 0.10464893800551944
25 0.10417639501825517
26 0.10375450510716053
27 0.10337736625686726
28 0.10303984546135789
29 0.10273746569649068
30 0.1024663112397878
31 0.10222294819093836
32 0.10200435758299857
33 0.10180787892875104
34 0.10163116242663169
35 0.10147212836602557
36 0.10132893253164928
37 0.10119993662007773
38 0.10108368285610529
39 0.1009788721394197
40 0.10088434516861935
41 0.10079906608465897
42 0.10072210825391356
43 0.10065264187430406
44 0.10058992314046405
45 0.10053328474657648
46 0.1004821275408434
47 0.10043591317460827
48 0.10039415761344633
49 0.10035642539719129
50 0.10032232455294793
51 0.10029150207864536
52 0.10026363992675608
53 0.10023845142719157
54 0.10021567809713423
55 0.10019508679210372
56 0.10017646715891974
57 0.1001596293560611
58 0.10014440201128523
59 0.10013063039032374
60 0.10011817475325781
61 0.1001069088784567
62 0.100096718735936
63 -7.033050319415789
0 0.1865866446888965
1 0.1763982940381965
2 0.16719003279959196
3 0.15895781839130801
4 0.15166361908448248
5 0.14524594813705008
6 0.13962939931797427
7 0.13473241748547177
8 0.13047307827555088
9 0.12677300748332865
10 0.12355975387755096
11 0.12076798454083194
12 0.11833984997438549
13 0.11622480780596003
14 0.11437912578895099
15 0.11276522159902919
16 0.11135094500025793
17 0.1101088685255521
18 0.10901562465252798
19 0.10805130837719266
20 0.1071989518275801
21 0.10644407014880927
22 0.10577427377564624
23 0.10517894023798205
24 0.10464893800551683
25 0.10417639501825697
26 0.10375450510716172
27 0.10337736625686605
28 0.1030398454613577
29 0.10273746569649068
30 0.10246631123978639
31 0.10222294819093695
32 0.10200435758299897
33 0.10180787892875304
34 0.10163116242663409
35 0.10147212836602296
36 0.10132893253164967
37 0.10119993662007752
38 0.1010836828561059
39 0.1009788721394223
40 0.10088434516861715
41 0.10079906608465797
42 0.10072210825391335
43 0.10065264187430327
44 0.10058992314046225
45 0.10053328474657869
46 0.10048212754084361
47 0.10043591317460908
48 0.10039415761344514
49 0.10035642539719289
50 0.10032232455294733
51 0.10029150207864697
52 0.10026363992675366
53 0.10023845142719437
54 0.10021567809713224
55 0.10019508679210452
56 0.10017646715892076
57 0.10015962935605968
58 0.10014440201128703
59 0.10013063039032173
60 0.1001181747532588
61 0.10010690887845651
62 0.1000967187359366
63 -7.033050319415789
0 0.18658664468889669
1 0.17639829403819615
2 0.16719003279959346
3 0.15895781839130593
4 0.15166361908448686
5 0.1452459481370468
6 0.13962939931797677
7 0.13473241748547235
8 0.13047307827555069
9 0.12677300748333023
10 0.12355975387754664
11 0.12076798454083588
12 0.11833984997438154
13 0.11622480780596003
14 0.11437912578895197
15 0.1127652215990294
16 0.11135094500025992
17 0.1101088685255523
18 0.10901562465252879
19 0.10805130837719047
20 0.1071989518275795
21 0.10644407014880967
22 0.10577427377564824
23 0.10517894023797945
24 0.10464893800551764
25 0.10417639501825457
26 0.10375450510716153
27 0.10337736625686926
28 0.1030398454613571
29 0.10273746569648967
30 0.1024663112397876
31 0.10222294819093795
32 0.10200435758299897
33 0.10180787892875424
34 0.10163116242662867
35 0.10147212836602577
36 0.10132893253164767
37 0.10119993662008034
38 0.1010836828561059
39 0.1009788721394197
40 0.10088434516862035
41 0.10079906608465676
42 0.10072210825391295
43 0.10065264187430346
44 0.10058992314046285
45 0.1005332847465811
46 0.10048212754084039
47 0.10043591317460847
48 0.10039415761344714
49 0.1003564253971937
50 0.10032232455294693
51 0.10029150207864557
52 0.10026363992675366
53 0.10023845142719237
54 0.10021567809713404
55 0.10019508679210533
56 0.10017646715892135
57 0.10015962935605748
58 0.10014440201128744
59 0.10013063039032233
60 0.10011817475325921
61 0.1001069088784573
62 0.100096718735935
63 -7.033050319415792
0 0.18658664468889447
1 0.17639829403819932
2 0.16719003279959235
3 0.15895781839130707
4 0.151663619084484
5 0.1452459481370472
6 0.13962939931797969
7 0.13473241748547254
8 0.13047307827554777
9 0.12677300748333198
10 0.12355975387754722
11 0.12076798454083391
12 0.11833984997438568
13 0.11622480780595866
14 0.1143791257889502
15 0.11276522159903019
16 0.11135094500025713
17 0.11010886852555349
18 0.10901562465252858
19 0.10805130837719386
20 0.10719895182757751
21 0.10644407014881087
22 0.10577427377564565
23 0.10517894023798065
24 0.10464893800551883
25 0.10417639501825457
26 0.10375450510716072
27 0.10337736625686866
28 0.10303984546135789
29 0.10273746569648767
30 0.1024663112397884
31 0.10222294819093795
32 0.10200435758299876
33 0.10180787892875265
34 0.10163116242663188
35 0.10147212836602457
36 0.10132893253164786
37 0.10119993662008134
38 0.10108368285610389
39 0.1009788721394219
40 0.10088434516861694
41 0.10079906608465897
42 0.10072210825391376
43 0.10065264187430327
44 0.10058992314046365
45 0.10053328474657748
46 0.1004821275408406
47 0.10043591317461209
48 0.10039415761344433
49 0.1003564253971939
50 0.10032232455294693
51 0.10029150207864657
52 0.10026363992675427
53 0.10023845142719237
54 0.10021567809713404
55 0.10019508679210211
56 0.10017646715892296
57 0.10015962935605788
58 0.10014440201128805
59 0.10013063039032113
60 0.10011817475326042
61 0.10010690887845429
62 0.10009671873593741
63 -7.033050319415791
0 0.18658664468889483
1 0.17639829403819726
2 0.16719003279959385
3 0.15895781839130593
4 0.1516636190844861
5 0.14524594813704644
6 0.13962939931797813
7 0.13473241748547274
8 0.13047307827554855
9 0.12677300748333295
10 0.12355975387754585
11 0.1207679845408351
12 0.11833984997438589
13 0.1162248078059553
14 0.11437912578895455
15 0.11276522159902859
16 0.11135094500025733
17 0.11010886852555031
18 0.10901562465253156
19 0.10805130837718988
20 0.1071989518275797
21 0.10644407014881027
22 0.10577427377564845
23 0.10517894023798165
24 0.10464893800551543
25 0.10417639501825618
26 0.10375450510716012
27 0.10337736625686886
28 0.10303984546135689
29 0.10273746569648907
30 0.1024663112397882
31 0.10222294819093755
32 0.10200435758299997
33 0.10180787892875284
34 0.10163116242662948
35 0.10147212836602516
36 0.10132893253165068
37 0.10119993662007853
38 0.10108368285610249
39 0.10097887213942332
40 0.10088434516861995
41 0.10079906608465676
42 0.10072210825391396
43 0.10065264187430467
44 0.10058992314046125
45 0.10053328474657748
46 0.10048212754084501
47 0.10043591317460948
48 0.10039415761344353
49 0.10035642539719189
50 0.10032232455294733
51 0.10029150207864858
52 0.10026363992675207
53 0.10023845142719297
54 0.10021567809713444
55 0.10019508679210351
56 0.10017646715892216
57 0.10015962935605688
58 0.10014440201128824
59 0.10013063039032294
60 0.1001181747532598
61 0.10010690887845931
62 0.10009671873593137
63 -7.03305031941579
0 0.18658664468889502
1 0.17639829403819932
2 0.16719003279959196
3 0.15895781839130838
4 0.15166361908448306
5 0.145245948137047
6 0.1396293993179758
7 0.13473241748547488
8 0.13047307827554855
9 0.12677300748333217
10 0.12355975387754585
11 0.1207679845408343
12 0.11833984997438667
13 0.11622480780595747
14 0.11437912578895434
15 0.11276522159902662
16 0.11135094500025873
17 0.11010886852554931
18 0.10901562465253077
19 0.10805130837719147
20 0.10719895182758031
21 0.10644407014880848
22 0.10577427377565024
23 0.10517894023797865
24 0.10464893800551643
25 0.10417639501825837
26 0.10375450510715932
27 0.10337736625686866
28 0.1030398454613577
29 0.10273746569648967
30 0.1024663112397898
31 0.10222294819093354
32 0.10200435758300078
33 0.10180787892875225
34 0.10163116242663107
35 0.10147212836602557
36 0.10132893253164746
37 0.10119993662008094
38 0.10108368285610429
39 0.1009788721394219
40 0.10088434516861995
41 0.10079906608465576
42 0.10072210825391376
43 0.10065264187430166
44 0.10058992314046566
45 0.10053328474657587
46 0.10048212754084401
47 0.10043591317461069
48 0.10039415761344413
49 0.10035642539719329
50 0.10032232455294653
51 0.10029150207864777
52 0.10026363992675086
53 0.10023845142719477
54 0.10021567809713344
55 0.10019508679210332
56 0.10017646715892377
57 0.10015962935605688
58 0.10014440201128663
59 0.10013063039032495
60 0.10011817475325781
61 0.10010690887845691
62 0.1000967187359364
63 -7.033050319415792
0 0.18658664468889447
1 0.17639829403819746
2 0.1671900327995946
3 0.15895781839130574
4 0.15166361908448459
5 0.1452459481370468
6 0.13962939931797833
7 0.13473241748547216
8 0.13047307827554855
9 0.12677300748333256
10 0.12355975387754761
11 0.12076798454083351
12 0.11833984997438371
13 0.11622480780595885
14 0.11437912578895316
15 0.1127652215990282
16 0.11135094500025555
17 0.11010886852555528
18 0.10901562465252958
19 0.10805130837719186
20 0.10719895182757931
21 0.10644407014880727
22 0.10577427377564924
23 0.10517894023798165
24 0.10464893800551683
25 0.10417639501825578
26 0.10375450510715932
27 0.10337736625686766
28 0.1030398454613585
29 0.10273746569648907
30 0.10246631123978961
31 0.10222294819093715
32 0.10200435758299976
33 0.10180787892875204
34 0.10163116242663088
35 0.10147212836602677
36 0.10132893253164686
37 0.10119993662007934
38 0.10108368285610629
39 0.1009788721394197
40 0.10088434516861734
41 0.10079906608465877
42 0.10072210825391316
43 0.10065264187430467
44 0.10058992314046185
45 0.10053328474657869
46 0.100482127540841
47 0.10043591317461169
48 0.10039415761344654
49 0.1003564253971931
50 0.10032232455294472
51 0.10029150207864758
52 0.10026363992675306
53 0.10023845142719136
54 0.10021567809713504
55 0.10019508679210472
56 0.10017646715892176
57 0.10015962935605768
58 0.10014440201128784
59 0.10013063039032313
60 0.100118174753259
61 0.1001069088784537
62 0.1000967187359372
63 -7.033050319415789
0 0.18658664468889463
1 0.17639829403819876
2 0.16719003279959255
3 0.1589578183913065
4 0.15166361908448286
5 0.1452459481370491
6 0.13962939931797638
7 0.13473241748547313
8 0.13047307827554933
9 0.12677300748333062
10 0.12355975387754899
11 0.12076798454083194
12 0.1183398499743849
13 0.11622480780596024
14 0.11437912578895257
15 0.11276522159902641
16 0.1113509450002617
17 0.1101088685255495
18 0.10901562465253037
19 0.10805130837719107
20 0.10719895182757831
21 0.10644407014881146
22 0.10577427377564845
23 0.10517894023797825
24 0.10464893800552023
25 0.10417639501825438
26 0.10375450510715972
27 0.10337736625686826
28 0.10303984546135889
29 0.10273746569648748
30 0.1024663112397894
31 0.10222294819093836
32 0.10200435758299777
33 0.10180787892875204
34 0.10163116242663148
35 0.10147212836602316
36 0.10132893253165068
37 0.10119993662007973
38 0.1010836828561059
39 0.1009788721394191
40 0.10088434516861834
41 0.10079906608466098
42 0.10072210825391135
43 0.10065264187430327
44 0.10058992314046306
45 0.10053328474657929
46 0.1004821275408416
47 0.10043591317461048
48 0.10039415761344633
49 0.1003564253971935
50 0.10032232455294371
51 0.10029150207864838
52 0.10026363992675266
53 0.10023845142719318
54 0.10021567809713464
55 0.10019508679210432
56 0.10017646715892135
57 0.10015962935605648
58 0.10014440201128744
59 0.10013063039032495
60 0.1001181747532572
61 0.1001069088784553
62 0.1000967187359358
63 -7.033050319415788
0 0.18658664468889574
1 0.176398294038198
2 0.16719003279959216
3 0.15895781839130688
4 0.1516636190844844
5 0.14524594813704758
6 0.13962939931797638
7 0.13473241748547585
8 0.1304730782755466
9 0.12677300748333178
10 0.1235597538775484
11 0.12076798454083332
12 0.1183398499743851
13 0.11622480780595768
14 0.11437912578895475
15 0.11276522159902641
16 0.11135094500025912
17 0.1101088685255517
18 0.10901562465253177
19 0.10805130837718847
20 0.1071989518275807
21 0.10644407014880948
22 0.10577427377564684
23 0.10517894023798005
24 0.10464893800551983
25 0.10417639501825438
26 0.10375450510715992
27 0.10337736625687007
28 0.10303984546135969
29 0.10273746569648727
30 0.1024663112397882
31 0.10222294819093815
32 0.10200435758299736
33 0.10180787892875184
34 0.10163116242663268
35 0.10147212836602255
36 0.10132893253165028
37 0.10119993662007813
38 0.1010836828561067
39 0.10097887213942151
40 0.10088434516861874
41 0.10079906608465716
42 0.10072210825391376
43 0.10065264187430105
44 0.10058992314046486
45 0.10053328474657688
46 0.10048212754084442
47 0.10043591317460887
48 0.10039415761344574
49 0.1003564253971935
50 0.10032232455294532
51 0.10029150207864637
52 0.10026363992675809
53 0.10023845142718915
54 0.10021567809713444
55 0.10019508679210472
56 0.10017646715892095
57 0.10015962935605707
58 0.10014440201128905
59 0.10013063039032213
60 0.1001181747532594
61 0.1001069088784553
62 0.10009671873593438
63 -7.033050319415789
0 0.18658664468889483
1 0.17639829403819485
2 0.1671900327995963
3 0.158957818391305
4 0.15166361908448459
5 0.14524594813704508
6 0.13962939931797813
7 0.13473241748547332
8 0.13047307827555069
9 0.12677300748332768
10 0.12355975387754958
11 0.1207679845408343
12 0.1183398499743849
13 0.11622480780595885
14 0.11437912578895276
15 0.11276522159902741
16 0.11135094500025992
17 0.1101088685255521
18 0.10901562465252779
19 0.10805130837719226
20 0.10719895182757831
21 0.10644407014881146
22 0.10577427377564665
23 0.10517894023798285
24 0.10464893800551524
25 0.10417639501825757
26 0.10375450510716032
27 0.10337736625686746
28 0.10303984546135889
29 0.10273746569648848
30 0.1024663112397878
31 0.10222294819093634
32 0.10200435758299976
33 0.10180787892875304
34 0.10163116242662988
35 0.10147212836602618
36 0.10132893253164867
37 0.10119993662007973
38 0.10108368285610368
39 0.10097887213942251
40 0.10088434516861614
41 0.10079906608466017
42 0.10072210825391376
43 0.10065264187430045
44 0.10058992314046607
45 0.10053328474657587
46 0.1004821275408418
47 0.10043591317461249
48 0.10039415761344514
49 0.1003564253971931
50 0.10032232455294351
51 0.10029150207864958
52 0.10026363992675366
53 0.10023845142719418
54 0.10021567809713022
55 0.10019508679210652
56 0.10017646715892155
57 0.10015962935605828
58 0.10014440201128623
59 0.10013063039032313
60 0.10011817475325861
61 0.10010690887845751
62 0.10009671873593519
63 -7.033050319415788
0 0.1865866446888952
1 0.1763982940381956
2 0.16719003279959385
3 0.15895781839130593
4 0.1516636190844838
5 0.1452459481370491
6 0.13962939931797638
7 0.1347324174854745
8 0.13047307827554952
9 0.12677300748333217
10 0.12355975387754703
11 0.12076798454083391
12 0.11833984997438313
13 0.11622480780595945
14 0.11437912578895058
15 0.112765221599028
16 0.11135094500025992
17 0.11010886852555189
18 0.10901562465252838
19 0.10805130837719326
20 0.1071989518275795
21 0.10644407014881067
22 0.10577427377564705
23 0.10517894023797925
24 0.10464893800551883
25 0.10417639501825597
26 0.10375450510715992
27 0.10337736625686846
28 0.10303984546135689
29 0.10273746569649088
30 0.1024663112397876
31 0.10222294819093675
32 0.10200435758300097
33 0.10180787892874964
34 0.10163116242663349
35 0.10147212836602316
36 0.10132893253165047
37 0.10119993662007833
38 0.1010836828561065
39 0.1009788721394203
40 0.10088434516861734
41 0.10079906608465776
42 0.10072210825391496
43 0.10065264187430266
44 0.10058992314046306
45 0.10053328474657869
46 0.10048212754084039
47 0.10043591317461169
48 0.10039415761344493
49 0.1003564253971941
50 0.10032232455294553
51 0.10029150207864798
52 0.10026363992675347
53 0.10023845142719016
54 0.10021567809713605
55 0.10019508679210432
56 0.10017646715892076
57 0.10015962935605949
58 0.10014440201128402
59 0.10013063039032574
60 0.100118174753258
61 0.10010690887845651
62 0.1000967187359358
63 -7.033050319415789
0 0.18658664468889594
1 0.17639829403819524
2 0.16719003279959535
3 0.15895781839130593
4 0.15166361908448345
5 0.14524594813704836
6 0.1396293993179758
7 0.1347324174854739
8 0.1304730782755499
9 0.12677300748332984
10 0.12355975387754742
11 0.12076798454083529
12 0.1183398499743839
13 0.11622480780595787
14 0.11437912578895455
15 0.11276522159902681
16 0.11135094500025972
17 0.11010886852554991
18 0.10901562465252879
19 0.10805130837719346
20 0.1071989518275805
21 0.10644407014880887
22 0.10577427377564605
23 0.10517894023798365
24 0.10464893800551643
25 0.10417639501825818
26 0.10375450510715772
27 0.10337736625687026
28 0.1030398454613577
29 0.10273746569648708
30 0.102466311239789
31 0.10222294819093594
32 0.10200435758300037
33 0.10180787892875304
34 0.10163116242663209
35 0.10147212836602416
36 0.10132893253164947
37 0.10119993662007712
38 0.1010836828561051
39 0.10097887213942372
40 0.10088434516861514
41 0.10079906608465997
42 0.10072210825391255
43 0.10065264187430387
44 0.10058992314046285
45 0.1005332847465803
46 0.10048212754083959
47 0.10043591317461129
48 0.10039415761344353
49 0.10035642539719189
50 0.10032232455294934
51 0.10029150207864637
52 0.10026363992675186
53 0.10023845142719297
54 0.10021567809713726
55 0.1001950867921009
56 0.10017646715892216
57 0.10015962935605849
58 0.10014440201128724
59 0.10013063039032313
60 0.100118174753258
61 0.10010690887845872
62 0.10009671873593198
63 -7.033050319415787
0 0.18658664468889574
1 0.1763982940381965
2 0.1671900327995918
3 0.1589578183913065
4 0.1516636190844861
5 0.145245948137047
6 0.13962939931797544
7 0.13473241748547488
8 0.13047307827555146
9 0.12677300748332984
10 0.12355975387754722
11 0.12076798454083351
12 0.11833984997438371
13 0.11622480780595984
14 0.11437912578895178
15 0.1127652215990282
16 0.11135094500025873
17 0.1101088685255527
18 0.10901562465252738
19 0.10805130837719266
20 0.10719895182758091
21 0.10644407014880967
22 0.10577427377564765
23 0.10517894023797886
24 0.10464893800551783
25 0.10417639501825718
26 0.10375450510715932
27 0.10337736625686686
28 0.1030398454613599
29 0.10273746569648748
30 0.1024663112397898
31 0.10222294819093855
32 0.10200435758299857
33 0.10180787892875044
34 0.10163116242663228
35 0.10147212836602637
36 0.10132893253164887
37 0.10119993662008013
38 0.10108368285610289
39 0.10097887213941929
40 0.10088434516861955
41 0.10079906608465937
42 0.10072210825391176
43 0.10065264187430306
44 0.10058992314046285
45 0.10053328474657969
46 0.1004821275408414
47 0.10043591317460927
48 0.10039415761344855
49 0.10035642539719009
50 0.10032232455294672
51 0.10029150207864838
52 0.10026363992675427
53 0.10023845142719216
54 0.10021567809713423
55 0.10019508679210311
56 0.10017646715892035
57 0.10015962935605809
58 0.10014440201128764
59 0.10013063039032213
60 0.10011817475326001
61 0.10010690887845791
62 0.10009671873593519
63 -7.03305031941579
0 0.18658664468889832
1 0.17639829403819393
2 0.16719003279959366
3 0.15895781839130763
4 0.15166361908448345
5 0.145245948137047
6 0.13962939931797563
7 0.13473241748547546
8 0.13047307827554777
9 0.12677300748333414
10 0.12355975387754486
11 0.1207679845408349
12 0.11833984997438549
13 0.11622480780595924
14 0.11437912578894999
15 0.11276522159903177
16 0.11135094500025694
17 0.11010886852554991
18 0.10901562465253137
19 0.10805130837719047
20 0.1071989518275813
21 0.10644407014880868
22 0.10577427377564684
23 0.10517894023798285
24 0.10464893800551864
25 0.10417639501825217
26 0.10375450510716012
27 0.10337736625686986
28 0.1030398454613571
29 0.10273746569649007
30 0.10246631123978679
31 0.10222294819093655
32 0.10200435758300017
33 0.10180787892875405
34 0.10163116242662988
35 0.10147212836602697
36 0.10132893253164907
37 0.10119993662007833
38 0.10108368285610368
39 0.10097887213942332
40 0.10088434516861454
41 0.10079906608466058
42 0.10072210825391074
43 0.10065264187430668
44 0.10058992314046165
45 0.10053328474657869
46 0.1004821275408424
47 0.10043591317461088
48 0.10039415761344533
49 0.10035642539718988
50 0.10032232455294833
51 0.10029150207864718
52 0.10026363992675406
53 0.10023845142719377
54 0.10021567809713383
55 0.1001950867921001
56 0.10017646715892356
57 0.10015962935605849
58 0.10014440201128604
59 0.10013063039032535
60 0.10011817475325821
61 0.1001069088784573
62 0.10009671873593319
63 -7.033050319415789
0 0.18658664468889558
1 0.17639829403819746
2 0.1671900327995944
3 0.15895781839130554
4 0.15166361908448533
5 0.14524594813704644
6 0.13962939931797677
7 0.13473241748547468
8 0.13047307827554816
9 0.12677300748333178
10 0.12355975387754643
11 0.12076798454083372
12 0.1183398499743849
13 0.11622480780595787
14 0.11437912578895415
15 0.11276522159902998
16 0.11135094500025594
17 0.1101088685255511
18 0.10901562465252858
19 0.10805130837719286
20 0.10719895182757991
21 0.10644407014881048
22 0.10577427377564605
23 0.10517894023798105
24 0.10464893800551724
25 0.10417639501825737
26 0.10375450510715932
27 0.10337736625686945
28 0.10303984546135929
29 0.10273746569648708
30 0.102466311239788
31 0.10222294819093675
32 0.10200435758299897
33 0.10180787892875384
34 0.10163116242663128
35 0.10147212836602416
36 0.10132893253165108
37 0.10119993662008013
38 0.10108368285610228
39 0.1009788721394223
40 0.10088434516861915
41 0.10079906608465757
42 0.10072210825391255
43 0.10065264187430346
44 0.10058992314046145
45 0.10053328474658009
46 0.10048212754084401
47 0.10043591317460626
48 0.10039415761344694
49 0.1003564253971941
50 0.10032232455294472
51 0.10029150207864417
52 0.1002636399267589
53 0.10023845142718955
54 0.10021567809713404
55 0.10019508679210472
56 0.10017646715892216
57 0.10015962935605949
58 0.10014440201128423
59 0.10013063039032515
60 0.10011817475326021
61 0.1001069088784527
62 0.10009671873593741
63 -7.033050319415791
0 0.18658664468889613
1 0.17639829403819635
2 0.16719003279959574
3 0.15895781839130535
4 0.151663619084484
5 0.1452459481370474
6 0.13962939931797677
7 0.1347324174854743
8 0.13047307827554835
9 0.12677300748333042
10 0.1235597538775478
11 0.1207679845408349
12 0.11833984997438292
13 0.11622480780596142
14 0.11437912578895099
15 0.11276522159902919
16 0.11135094500025654
17 0.1101088685255517
18 0.10901562465253137
19 0.10805130837719087
20 0.1071989518275807
21 0.10644407014880848
22 0.10577427377564665
23 0.10517894023798185
24 0.10464893800551624
25 0.10417639501825517
26 0.10375450510716232
27 0.10337736625686826
28 0.10303984546135889
29 0.10273746569648727
30 0.102466311239788
31 0.10222294819093836
32 0.10200435758299817
33 0.10180787892875304
34 0.10163116242663328
35 0.10147212836602215
36 0.10132893253165108
37 0.10119993662007913
38 0.10108368285610529
39 0.1009788721394197
40 0.10088434516861755
41 0.10079906608465918
42 0.10072210825391055
43 0.10065264187430548
44 0.10058992314046325
45 0.10053328474657708
46 0.1004821275408426
47 0.10043591317461188
48 0.10039415761344614
49 0.10035642539719189
50 0.10032232455294632
51 0.10029150207864737
52 0.10026363992675306
53 0.10023845142719157
54 0.10021567809713565
55 0.10019508679210251
56 0.10017646715892276
57 0.10015962935605928
58 0.10014440201128644
59 0.10013063039032213
60 0.10011817475325961
61 0.10010690887845711
62 0.10009671873593479
63 -7.033050319415791
0 0.1865866446888963
1 0.17639829403819485
2 0.1671900327995944
3 0.15895781839130838
4 0.151663619084484
5 0.14524594813704758
6 0.13962939931797716
7 0.1347324174854708
8 0.13047307827555107
9 0.12677300748332904
10 0.12355975387754879
11 0.12076798454083293
12 0.11833984997438726
13 0.11622480780595787
14 0.11437912578895137
15 0.1127652215990294
16 0.11135094500025992
17 0.11010886852554971
18 0.10901562465253037
19 0.10805130837718967
20 0.1071989518275807
21 0.10644407014880748
22 0.10577427377565224
23 0.10517894023797925
24 0.10464893800551543
25 0.10417639501825737
26 0.10375450510716172
27 0.10337736625686665
28 0.1030398454613577
29 0.10273746569648928
30 0.1024663112397884
31 0.10222294819093836
32 0.10200435758299777
33 0.10180787892875304
34 0.10163116242662988
35 0.10147212836602476
36 0.10132893253164967
37 0.10119993662007792
38 0.1010836828561077
39 0.10097887213942071
40 0.10088434516861554
41 0.10079906608465997
42 0.10072210825391295
43 0.10065264187430346
44 0.10058992314046426
45 0.1005332847465803
46 0.10048212754083859
47 0.10043591317461129
48 0.10039415761344474
49 0.10035642539719249
50 0.10032232455294492
51 0.10029150207864758
52 0.10026363992675487
53 0.10023845142719257
54 0.10021567809713705
55 0.1001950867921019
56 0.10017646715891874
57 0.10015962935606129
58 0.10014440201128663
59 0.10013063039032595
60 0.1001181747532566
61 0.1001069088784549
62 0.10009671873593841
63 -7.033050319415793
0 0.18658664468889558
1 0.1763982940381956
2 0.16719003279959554
3 0.15895781839130613
4 0.15166361908448459
5 0.14524594813704758
6 0.13962939931797524
7 0.13473241748547468
8 0.1304730782755499
9 0.1267730074833312
10 0.12355975387754761
11 0.12076798454083293
12 0.11833984997438292
13 0.11622480780596044
14 0.11437912578895158
15 0.1127652215990288
16 0.11135094500025933
17 0.11010886852555091
18 0.10901562465252898
19 0.10805130837719147
20 0.1071989518275785
21 0.10644407014881087
22 0.10577427377564705
23 0.10517894023798385
24 0.10464893800551624
25 0.10417639501825517
26 0.10375450510716053
27 0.10337736625686846
28 0.10303984546135789
29 0.10273746569648848
30 0.1024663112397884
31 0.10222294819093915
32 0.10200435758299796
33 0.10180787892875144
34 0.10163116242663128
35 0.10147212836602497
36 0.10132893253165108
37 0.10119993662007733
38 0.1010836828561067
39 0.10097887213941889
40 0.10088434516861874
41 0.10079906608465837
42 0.10072210825391195
43 0.10065264187430346
44 0.10058992314046405
45 0.1005332847465799
46 0.1004821275408402
47 0.10043591317460988
48 0.10039415761344514
49 0.1003564253971945
50 0.10032232455294632
51 0.10029150207864355
52 0.10026363992675487
53 0.10023845142719437
54 0.10021567809713364
55 0.10019508679210311
56 0.10017646715892195
57 0.10015962935605989
58 0.10014440201128684
59 0.10013063039032354
60 0.10011817475326001
61 0.1001069088784545
62 0.1000967187359366
63 -7.033050319415791
0 0.18658664468889316
1 0.17639829403819857
2 0.1671900327995929
3 0.15895781839130668
4 0.15166361908448553
5 0.14524594813704586
6 0.13962939931797774
7 0.1347324174854739
8 0.13047307827554913
9 0.12677300748332923
10 0.12355975387754978
11 0.12076798454083233
12 0.11833984997438667
13 0.11622480780595826
14 0.1143791257889494
15 0.11276522159903057
16 0.11135094500025952
17 0.11010886852554971
18 0.10901562465252917
19 0.10805130837719147
20 0.10719895182758031
21 0.10644407014881027
22 0.10577427377564765
23 0.10517894023797925
24 0.10464893800551904
25 0.10417639501825637
26 0.10375450510716092
27 0.10337736625686705
28 0.10303984546135489
29 0.10273746569649168
30 0.1024663112397876
31 0.10222294819093795
32 0.10200435758299897
33 0.10180787892875265
34 0.10163116242662948
35 0.10147212836602637
36 0.10132893253164967
37 0.10119993662007873
38 0.1010836828561059
39 0.1009788721394199
40 0.10088434516861675
41 0.10079906608466158
42 0.10072210825391416
43 0.10065264187429965
44 0.10058992314046467
45 0.1005332847465799
46 0.1004821275408402
47 0.10043591317461008
48 0.10039415761344514
49 0.10035642539719229
50 0.10032232455294672
51 0.10029150207864858
52 0.10026363992675427
53 0.10023845142719055
54 0.10021567809713605
55 0.10019508679210412
56 0.10017646715892035
57 0.10015962935605989
58 0.10014440201128463
59 0.10013063039032515
60 0.10011817475325781
61 0.1001069088784573
62 0.10009671873593438
63 -7.033050319415788
0 0.18658664468889538
1 0.17639829403819746
2 0.1671900327995944
3 0.15895781839130668
4 0.1516636190844838
5 0.14524594813704797
6 0.13962939931797544
7 0.13473241748547313
8 0.13047307827555224
9 0.12677300748332845
10 0.12355975387754742
11 0.1207679845408351
12 0.1183398499743851
13 0.11622480780595866
14 0.11437912578895118
15 0.11276522159902859
16 0.11135094500025833
17 0.11010886852555607
18 0.1090156246525244
19 0.10805130837719307
20 0.10719895182757931
21 0.10644407014881108
22 0.10577427377564784
23 0.10517894023797986
24 0.10464893800551624
25 0.10417639501825618
26 0.10375450510716153
27 0.10337736625686846
28 0.1030398454613567
29 0.10273746569648848
30 0.1024663112397894
31 0.10222294819093755
32 0.10200435758299897
33 0.10180787892875265
34 0.10163116242662927
35 0.10147212836602577
36 0.10132893253165047
37 0.10119993662007894
38 0.10108368285610389
39 0.10097887213942311
40 0.10088434516861494
41 0.10079906608465877
42 0.10072210825391556
43 0.10065264187430226
44 0.10058992314046285
45 0.10053328474657748
46 0.10048212754084361
47 0.10043591317460948
48 0.10039415761344474
49 0.1003564253971957
50 0.10032232455294592
51 0.10029150207864597
52 0.10026363992675387
53 0.10023845142719197
54 0.10021567809713625
55 0.10019508679210432
56 0.10017646715892055
57 0.10015962935605607
58 0.10014440201128966
59 0.10013063039032113
60 0.10011817475325921
61 0.1001069088784553
62 0.1000967187359358
63 -7.033050319415789
0 0.18658664468889594
1 0.1763982940381943
2 0.16719003279959424
3 0.15895781839130554
4 0.1516636190844842
5 0.1452459481370491
6 0.1396293993179762
7 0.13473241748547157
8 0.13047307827555243
9 0.12677300748332962
10 0.1235597538775484
11 0.12076798454083135
12 0.11833984997438707
13 0.11622480780595688
14 0.11437912578895494
15 0.11276522159902899
16 0.11135094500025793
17 0.1101088685255505
18 0.10901562465253037
19 0.10805130837718947
20 0.10719895182757891
21 0.10644407014881008
22 0.10577427377565043
23 0.10517894023797945
24 0.10464893800551844
25 0.10417639501825497
26 0.10375450510716092
27 0.10337736625686786
28 0.1030398454613581
29 0.10273746569648848
30 0.1024663112397888
31 0.10222294819093815
32 0.10200435758299757
33 0.10180787892875304
34 0.10163116242663107
35 0.10147212836602618
36 0.10132893253164847
37 0.10119993662007953
38 0.10108368285610309
39 0.1009788721394227
40 0.10088434516861734
41 0.10079906608465937
42 0.10072210825391216
43 0.10065264187430246
44 0.10058992314046446
45 0.10053328474657809
46 0.1004821275408414
47 0.10043591317461169
48 0.10039415761344453
49 0.1003564253971947
50 0.10032232455294512
51 0.10029150207864637
52 0.10026363992675527
53 0.10023845142719096
54 0.10021567809713484
55 0.1001950867921027
56 0.10017646715892195
57 0.10015962935605809
58 0.10014440201128885
59 0.10013063039032012
60 0.10011817475326021
61 0.1001069088784573
62 0.1000967187359358
63 -7.033050319415789
0 0.18658664468889538
1 0.1763982940381956
2 0.16719003279959668
3 0.15895781839130613
4 0.15166361908448153
5 0.1452459481370497
6 0.13962939931797697
7 0.13473241748547313
8 0.13047307827554816
9 0.12677300748333334
10 0.12355975387754879
11 0.12076798454083194
12 0.11833984997438352
13 0.11622480780595924
14 0.11437912578895316
15 0.1127652215990284
16 0.11135094500025575
17 0.11010886852555289
18 0.10901562465252838
19 0.10805130837719247
20 0.10719895182757931
21 0.10644407014880987
22 0.10577427377564864
23 0.10517894023797965
24 0.10464893800551764
25 0.10417639501825517
26 0.10375450510716032
27 0.10337736625686886
28 0.1030398454613581
29 0.10273746569648808
30 0.10246631123979
31 0.10222294819093734
32 0.10200435758299876
33 0.10180787892875204
34 0.10163116242663228
35 0.10147212836602457
36 0.10132893253164826
37 0.10119993662008155
38 0.10108368285610368
39 0.1009788721394219
40 0.10088434516861634
41 0.10079906608465937
42 0.10072210825391356
43 0.10065264187430266
44 0.10058992314046365
45 0.10053328474657888
46 0.100482127540841
47 0.10043591317460927
48 0.10039415761344754
49 0.10035642539719168
50 0.10032232455294512
51 0.10029150207864758
52 0.10026363992675508
53 0.10023845142719297
54 0.10021567809713525
55 0.10019508679210211
56 0.10017646715892115
57 0.10015962935605968
58 0.10014440201128623
59 0.10013063039032273
60 0.10011817475326001
61 0.10010690887845751
62 0.1000967187359362
63 -7.033050319415793
0 0.1865866446888965
1 0.1763982940381958
2 0.16719003279959346
3 0.15895781839130593
4 0.15166361908448572
5 0.14524594813704816
6 0.13962939931797563
7 0.13473241748547488
8 0.13047307827554622
9 0.12677300748333414
10 0.12355975387754821
11 0.12076798454083115
12 0.11833984997438529
13 0.11622480780595945
14 0.11437912578895376
15 0.11276522159902701
16 0.11135094500025892
17 0.1101088685255505
18 0.10901562465252738
19 0.10805130837719386
20 0.10719895182757991
21 0.10644407014881008
22 0.10577427377564705
23 0.10517894023797986
24 0.10464893800551964
25 0.10417639501825397
26 0.10375450510716372
27 0.10337736625686586
28 0.1030398454613571
29 0.10273746569648627
30 0.1024663112397912
31 0.10222294819093734
32 0.10200435758300017
33 0.10180787892875064
34 0.10163116242663389
35 0.10147212836602196
36 0.10132893253165168
37 0.10119993662007752
38 0.1010836828561061
39 0.10097887213942111
40 0.10088434516861634
41 0.10079906608465757
42 0.10072210825391537
43 0.10065264187430346
44 0.10058992314046104
45 0.1005332847465803
46 0.1004821275408428
47 0.10043591317460827
48 0.10039415761344815
49 0.10035642539719149
50 0.10032232455294432
51 0.10029150207864737
52 0.10026363992675467
53 0.10023845142719157
54 0.10021567809713404
55 0.10019508679210432
56 0.10017646715892256
57 0.10015962935605707
58 0.10014440201128985
59 0.10013063039032273
60 0.100118174753257
61 0.10010690887845691
62 0.1000967187359364
63 -7.033050319415791
0 0.18658664468889463
1 0.17639829403819912
2 0.16719003279959085
3 0.15895781839130743
4 0.1516636190844842
5 0.14524594813704855
6 0.13962939931797447
7 0.13473241748547274
8 0.13047307827555185
9 0.12677300748333198
10 0.12355975387754742
11 0.12076798454083411
12 0.11833984997438253
13 0.11622480780595924
14 0.11437912578895079
15 0.11276522159902959
16 0.11135094500025972
17 0.1101088685255507
18 0.10901562465252938
19 0.10805130837719266
20 0.10719895182757812
21 0.10644407014881127
22 0.10577427377564784
23 0.10517894023797945
24 0.10464893800551864
25 0.10417639501825537
26 0.10375450510716092
27 0.10337736625686705
28 0.10303984546135649
29 0.10273746569649209
30 0.10246631123978639
31 0.10222294819093675
32 0.10200435758299937
33 0.10180787892875486
34 0.10163116242663067
35 0.10147212836602336
36 0.10132893253165068
37 0.10119993662007733
38 0.1010836828561077
39 0.1009788721394187
40 0.10088434516861775
41 0.10079906608465956
42 0.10072210825391155
43 0.10065264187430487
44 0.10058992314046225
45 0.1005332847465795
46 0.10048212754084221
47 0.10043591317460927
48 0.10039415761344554
49 0.10035642539719229
50 0.10032232455294733
51 0.10029150207864557
52 0.10026363992675608
53 0.10023845142719318
54 0.10021567809713323
55 0.1001950867921019
56 0.10017646715892356
57 0.10015962935605728
58 0.10014440201128764
59 0.10013063039032354
60 0.10011817475325861
61 0.1001069088784559
62 0.10009671873593479
63 -7.033050319415788
0 0.18658664468889558
1 0.1763982940381945
2 0.1671900327995963
3 0.1589578183913065
4 0.1516636190844806
5 0.145245948137052
6 0.13962939931797447
7 0.13473241748547526
8 0.13047307827554933
9 0.12677300748333023
10 0.12355975387754585
11 0.12076798454083627
12 0.11833984997438234
13 0.11622480780596162
14 0.11437912578895297
15 0.1127652215990278
16 0.11135094500025673
17 0.11010886852555289
18 0.10901562465252879
19 0.10805130837719186
20 0.10719895182758031
21 0.10644407014880808
22 0.10577427377564905
23 0.10517894023797886
24 0.10464893800551864
25 0.10417639501825517
26 0.10375450510716153
27 0.10337736625686746
28 0.10303984546135969
29 0.10273746569648627
30 0.1024663112397914
31 0.10222294819093594
32 0.10200435758299976
33 0.10180787892874983
34 0.10163116242663067
35 0.10147212836602618
36 0.10132893253165068
37 0.10119993662007873
38 0.10108368285610489
39 0.10097887213942432
40 0.10088434516861414
41 0.10079906608465918
42 0.10072210825391276
43 0.10065264187430446
44 0.10058992314046085
45 0.1005332847465803
46 0.100482127540841
47 0.10043591317461148
48 0.10039415761344493
49 0.10035642539719249
50 0.10032232455294432
51 0.10029150207864858
52 0.10026363992675427
53 0.10023845142719257
54 0.10021567809713484
55 0.10019508679210351
56 0.10017646715892135
57 0.10015962935605809
58 0.10014440201128584
59 0.10013063039032415
60 0.1001181747532584
61 0.1001069088784555
62 0.10009671873593881
63 -7.033050319415791
0 0.186586644688893
1 0.17639829403819782
2 0.16719003279959366
3 0.15895781839130593
4 0.151663619084484
5 0.14524594813704836
6 0.13962939931797563
7 0.1347324174854741
8 0.13047307827554952
9 0.12677300748333237
10 0.12355975387754801
11 0.12076798454083312
12 0.11833984997438352
13 0.11622480780595945
14 0.11437912578895257
15 0.1127652215990278
16 0.11135094500025952
17 0.11010886852555189
18 0.10901562465252819
19 0.10805130837719186
20 0.1071989518275805
21 0.10644407014880908
22 0.10577427377564805
23 0.10517894023797945
24 0.10464893800551844
25 0.10417639501825597
26 0.10375450510716072
27 0.10337736625686726
28 0.10303984546135689
29 0.10273746569649048
30 0.1024663112397884
31 0.10222294819093855
32 0.10200435758299717
33 0.10180787892875344
34 0.10163116242663107
35 0.10147212836602416
36 0.10132893253165028
37 0.10119993662007833
38 0.10108368285610489
39 0.1009788721394185
40 0.10088434516861955
41 0.10079906608465977
42 0.10072210825391195
43 0.10065264187430548
44 0.10058992314046085
45 0.10053328474658009
46 0.1004821275408424
47 0.10043591317460948
48 0.10039415761344554
49 0.1003564253971937
50 0.10032232455294532
51 0.10029150207864616
52 0.10026363992675588
53 0.10023845142719136
54 0.10021567809713344
55 0.10019508679210673
56 0.10017646715891974
57 0.10015962935605809
58 0.10014440201128784
59 0.10013063039032515
60 0.1001181747532562
61 0.10010690887845851
62 0.10009671873593338
63 -7.033050319415787
0 0.1865866446888963
1 0.17639829403819485
2 0.16719003279959685
3 0.15895781839130593
4 0.1516636190844842
5 0.14524594813704816
6 0.13962939931797638
7 0.13473241748547313
8 0.13047307827554874
9 0.1267730074833312
10 0.12355975387754761
11 0.12076798454083529
12 0.11833984997438272
13 0.11622480780595806
14 0.11437912578895613
15 0.11276522159902662
16 0.11135094500025754
17 0.11010886852555289
18 0.10901562465252738
19 0.10805130837719366
20 0.10719895182757712
21 0.10644407014881167
22 0.10577427377564684
23 0.10517894023798245
24 0.10464893800551604
25 0.10417639501825618
26 0.10375450510716132
27 0.10337736625686506
28 0.1030398454613601
29 0.10273746569648907
30 0.1024663112397888
31 0.10222294819093815
32 0.10200435758299857
33 0.10180787892875144
34 0.10163116242663209
35 0.10147212836602316
36 0.10132893253165047
37 0.10119993662007813
38 0.10108368285610529
39 0.10097887213942111
40 0.10088434516861694
41 0.10079906608466037
42 0.10072210825391376
43 0.10065264187429986
44 0.10058992314046426
45 0.1005332847465807
46 0.1004821275408406
47 0.10043591317461069
48 0.10039415761344533
49 0.1003564253971927
50 0.10032232455294793
51 0.10029150207864576
52 0.10026363992675326
53 0.10023845142719257
54 0.10021567809713484
55 0.10019508679210432
56 0.10017646715892076
57 0.10015962935605667
58 0.10014440201128925
59 0.10013063039032093
60 0.1001181747532594
61 0.1001069088784549
62 0.10009671873593781
63 -7.033050319415791
0 0.18658664468889613
1 0.176398294038198
2 0.16719003279959105
3 0.15895781839130688
4 0.15166361908448497
5 0.14524594813704758
6 0.13962939931797638
7 0.13473241748547468
8 0.13047307827554777
9 0.126773007483331
10 0.12355975387754821
11 0.1207679845408343
12 0.11833984997438332
13 0.11622480780595945
14 0.11437912578895137
15 0.1127652215990282
16 0.11135094500025873
17 0.1101088685255533
18 0.10901562465252758
19 0.10805130837719386
20 0.10719895182757691
21 0.10644407014881127
22 0.10577427377564605
23 0.10517894023798185
24 0.10464893800551904
25 0.10417639501825317
26 0.10375450510716072
27 0.10337736625687047
28 0.1030398454613577
29 0.10273746569648808
30 0.102466311239788
31 0.10222294819093915
32 0.10200435758299817
33 0.10180787892875204
34 0.10163116242663209
35 0.10147212836602416
36 0.10132893253164987
37 0.10119993662007934
38 0.10108368285610408
39 0.10097887213942311
40 0.10088434516861775
41 0.10079906608465616
42 0.10072210825391255
43 0.10065264187430446
44 0.10058992314046306
45 0.10053328474657869
46 0.1004821275408418
47 0.10043591317461008
48 0.10039415761344674
49 0.10035642539719229
50 0.10032232455294572
51 0.10029150207864758
52 0.10026363992675326
53 0.10023845142719257
54 0.10021567809713404
55 0.10019508679210291
56 0.10017646715892256
57 0.10015962935605648
58 0.10014440201129006
59 0.10013063039032313
60 0.1001181747532574
61 0.10010690887845691
62 0.1000967187359354
63 -7.03305031941579
0 0.1865866446888972
1 0.17639829403819485
2 0.16719003279959574
3 0.15895781839130593
4 0.15166361908448325
5 0.14524594813704875
6 0.13962939931797486
7 0.13473241748547682
8 0.1304730782755468
9 0.12677300748333023
10 0.12355975387754879
11 0.1207679845408347
12 0.1183398499743845
13 0.11622480780595768
14 0.11437912578895355
15 0.1127652215990272
16 0.11135094500026031
17 0.1101088685255517
18 0.10901562465252858
19 0.10805130837719167
20 0.10719895182757772
21 0.10644407014881127
22 0.10577427377564824
23 0.10517894023798025
24 0.10464893800551824
25 0.10417639501825397
26 0.10375450510715992
27 0.10337736625686907
28 0.1030398454613595
29 0.10273746569648787
30 0.1024663112397874
31 0.10222294819093915
32 0.10200435758299757
33 0.10180787892875123
34 0.10163116242663328
35 0.10147212836602658
36 0.10132893253164907
37 0.10119993662007692
38 0.1010836828561047
39 0.10097887213942171
40 0.10088434516861634
41 0.10079906608466117
42 0.10072210825391255
43 0.10065264187430346
44 0.10058992314046125
45 0.1005332847465813
46 0.1004821275408406
47 0.10043591317461129
48 0.10039415761344393
49 0.1003564253971935
50 0.10032232455294532
51 0.10029150207864798
52 0.10026363992675306
53 0.10023845142719237
54 0.10021567809713745
55 0.10019508679210111
56 0.10017646715892176
57 0.10015962935605728
58 0.10014440201128945
59 0.10013063039032173
60 0.100118174753259
61 0.1001069088784567
62 0.100096718735935
63 -7.033050319415791
0 0.18658664468889335
1 0.17639829403819615
2 0.1671900327995946
3 0.15895781839130574
4 0.15166361908448553
5 0.14524594813704797
6 0.1396293993179762
7 0.13473241748547293
8 0.1304730782755505
9 0.12677300748332865
10 0.12355975387754918
11 0.12076798454083529
12 0.1183398499743849
13 0.11622480780595569
14 0.11437912578895455
15 0.11276522159902681
16 0.11135094500026071
17 0.1101088685255495
18 0.10901562465252917
19 0.10805130837719307
20 0.10719895182757991
21 0.10644407014880788
22 0.10577427377564984
23 0.10517894023797986
24 0.10464893800551683
25 0.10417639501825637
26 0.10375450510715932
27 0.10337736625686726
28 0.1030398454613601
29 0.10273746569648647
30 0.1024663112397898
31 0.10222294819093695
32 0.10200435758299976
33 0.10180787892875225
34 0.10163116242663067
35 0.10147212836602457
36 0.10132893253164967
37 0.10119993662007953
38 0.10108368285610489
39 0.1009788721394205
40 0.10088434516861874
41 0.10079906608465636
42 0.10072210825391556
43 0.10065264187430105
44 0.10058992314046526
45 0.10053328474657788
46 0.1004821275408424
47 0.10043591317461048
48 0.10039415761344493
49 0.1003564253971951
50 0.10032232455294411
51 0.10029150207864616
52 0.10026363992675567
53 0.10023845142719076
54 0.10021567809713444
55 0.10019508679210332
56 0.10017646715892356
57 0.10015962935605728
58 0.10014440201128644
59 0.10013063039032394
60 0.10011817475325861
61 0.1001069088784563
62 0.1000967187359362
63 -7.033050319415788
0 0.186586644688893
1 0.1763982940381984
2 0.16719003279959516
3 0.1589578183913046
4 0.15166361908448478
5 0.145245948137047
6 0.13962939931797466
7 0.13473241748547643
8 0.1304730782755464
9 0.126773007483331
10 0.12355975387754939
11 0.12076798454083568
12 0.11833984997438075
13 0.11622480780596003
14 0.11437912578895355
15 0.1127652215990288
16 0.11135094500025852
17 0.11010886852555189
18 0.10901562465252858
19 0.10805130837719167
20 0.10719895182757731
21 0.10644407014881108
22 0.10577427377564964
23 0.10517894023798065
24 0.10464893800551683
25 0.10417639501825657
26 0.10375450510715852
27 0.10337736625686926
28 0.10303984546135748
29 0.10273746569648727
30 0.10246631123979101
31 0.10222294819093734
32 0.10200435758299876
33 0.10180787892875365
34 0.10163116242663027
35 0.10147212836602336
36 0.10132893253164867
37 0.10119993662008013
38 0.1010836828561065
39 0.1009788721394197
40 0.10088434516861935
41 0.10079906608465797
42 0.10072210825391255
43 0.10065264187430105
44 0.10058992314046467
45 0.10053328474658049
46 0.1004821275408402
47 0.10043591317461029
48 0.10039415761344493
49 0.10035642539719229
50 0.10032232455294873
51 0.10029150207864637
52 0.10026363992675266
53 0.10023845142719517
54 0.10021567809713264
55 0.10019508679210311
56 0.10017646715892316
57 0.10015962935605728
58 0.10014440201128824
59 0.10013063039032233
60 0.1001181747532598
61 0.1001069088784555
62 0.10009671873593398
63 -7.033050319415787
0 0.18658664468889705
1 0.17639829403819615
2 0.16719003279959516
3 0.15895781839130516
4 0.15166361908448267
5 0.14524594813704797
6 0.13962939931797524
7 0.13473241748547643
8 0.13047307827554602
9 0.12677300748333237
10 0.12355975387754978
11 0.12076798454083332
12 0.11833984997438214
13 0.11622480780596003
14 0.11437912578895455
15 0.11276522159902662
16 0.11135094500025733
17 0.11010886852555428
18 0.10901562465252619
19 0.10805130837719307
20 0.1071989518275801
21 0.10644407014881067
22 0.10577427377564624
23 0.10517894023797945
24 0.10464893800551824
25 0.10417639501825797
26 0.10375450510715872
27 0.10337736625686826
28 0.1030398454613599
29 0.10273746569648506
30 0.1024663112397914
31 0.10222294819093615
32 0.10200435758299997
33 0.10180787892875123
34 0.10163116242663309
35 0.10147212836602437
36 0.10132893253164847
37 0.10119993662007913
38 0.10108368285610449
39 0.10097887213942211
40 0.10088434516861494
41 0.10079906608466077
42 0.10072210825391276
43 0.10065264187430346
44 0.10058992314046386
45 0.1005332847465785
46 0.1004821275408402
47 0.10043591317461249
48 0.10039415761344514
49 0.10035642539719208
50 0.10032232455294653
51 0.10029150207864798
52 0.10026363992675207
53 0.10023845142719237
54 0.10021567809713605
55 0.10019508679210432
56 0.10017646715891995
57 0.10015962935605809
58 0.10014440201128784
59 0.10013063039032434
60 0.1001181747532588
61 0.10010690887845429
62 0.1000967187359362
63 -7.03305031941579
0 0.18658664468889852
1 0.1763982940381928
2 0.16719003279959574
3 0.15895781839130593
4 0.151663619084484
5 0.14524594813704778
6 0.1396293993179762
7 0.13473241748547468
8 0.13047307827554758
9 0.12677300748333395
10 0.12355975387754604
11 0.12076798454083293
12 0.11833984997438707
13 0.11622480780595806
14 0.11437912578895276
15 0.11276522159902622
16 0.11135094500025992
17 0.1101088685255517
18 0.10901562465252798
19 0.10805130837719186
20 0.10719895182757991
21 0.10644407014881048
22 0.10577427377564665
23 0.10517894023797986
24 0.10464893800551944
25 0.10417639501825657
26 0.10375450510715692
27 0.10337736625687026
28 0.10303984546135748
29 0.10273746569648928
30 0.1024663112397876
31 0.10222294819093936
32 0.10200435758299636
33 0.10180787892875384
34 0.10163116242663067
35 0.10147212836602597
36 0.10132893253164947
37 0.10119993662007953
38 0.10108368285610449
39 0.1009788721394195
40 0.10088434516861795
41 0.10079906608465797
42 0.10072210825391537
43 0.10065264187430266
44 0.10058992314046246
45 0.1005332847465803
46 0.1004821275408412
47 0.10043591317460988
48 0.10039415761344574
49 0.10035642539719129
50 0.10032232455294693
51 0.10029150207864777
52 0.10026363992675387
53 0.10023845142719297
54 0.10021567809713464
55 0.10019508679210291
56 0.10017646715891995
57 0.1001596293560621
58 0.10014440201128362
59 0.10013063039032495
60 0.1001181747532566
61 0.10010690887845831
62 0.1000967187359364
63 -7.033050319415791
0 0.18658664468889152
1 0.1763982940381995
2 0.1671900327995933
3 0.1589578183913082
4 0.15166361908448173
5 0.14524594813704758
6 0.13962939931797813
7 0.1347324174854741
8 0.130473078275547
9 0.12677300748333178
10 0.12355975387754801
11 0.12076798454083115
12 0.11833984997438687
13 0.11622480780595905
14 0.11437912578895099
15 0.1127652215990278
16 0.11135094500026031
17 0.1101088685255521
18 0.10901562465252938
19 0.10805130837719107
20 0.10719895182757871
21 0.10644407014881027
22 0.10577427377565005
23 0.10517894023797845
24 0.10464893800551804
25 0.10417639501825578
26 0.10375450510716132
27 0.10337736625686746
28 0.10303984546135889
29 0.10273746569648567
30 0.1024663112397894
31 0.10222294819093936
32 0.10200435758299897
33 0.10180787892875184
34 0.10163116242663309
35 0.10147212836602215
36 0.10132893253164907
37 0.10119993662007953
38 0.1010836828561057
39 0.1009788721394223
40 0.10088434516861433
41 0.10079906608465956
42 0.10072210825391216
43 0.10065264187430567
44 0.10058992314046285
45 0.10053328474657788
46 0.1004821275408408
47 0.10043591317461169
48 0.10039415761344633
49 0.1003564253971931
50 0.10032232455294512
51 0.10029150207864496
52 0.10026363992675567
53 0.10023845142719337
54 0.10021567809713304
55 0.10019508679210533
56 0.10017646715891974
57 0.10015962935605928
58 0.10014440201128663
59 0.10013063039032415
60 0.10011817475325821
61 0.1001069088784551
62 0.1000967187359358
63 -7.0330503194157865
0 0.18658664468889483
1 0.17639829403819746
2 0.1671900327995916
3 0.1589578183913063
4 0.15166361908448592
5 0.14524594813704758
6 0.13962939931797658
7 0.1347324174854737
8 0.1304730782755501
9 0.1267730074833312
10 0.12355975387754585
11 0.12076798454083372
12 0.1183398499743843
13 0.11622480780596123
14 0.11437912578895257
15 0.112765221599028
16 0.11135094500025813
17 0.11010886852554991
18 0.10901562465252958
19 0.10805130837719266
20 0.1071989518275795
21 0.10644407014881087
22 0.10577427377564705
23 0.10517894023798145
24 0.10464893800551764
25 0.10417639501825578
26 0.10375450510715852
27 0.10337736625686846
28 0.10303984546135729
29 0.10273746569649007
30 0.1024663112397888
31 0.10222294819093695
32 0.10200435758299957
33 0.10180787892874983
34 0.10163116242663188
35 0.10147212836602658
36 0.10132893253164867
37 0.10119993662007792
38 0.1010836828561055
39 0.10097887213942071
40 0.10088434516861755
41 0.10079906608465877
42 0.10072210825391235
43 0.10065264187430387
44 0.10058992314046486
45 0.10053328474657888
46 0.1004821275408408
47 0.10043591317461129
48 0.10039415761344554
49 0.10035642539719189
50 0.10032232455294793
51 0.10029150207864576
52 0.10026363992675387
53 0.10023845142719216
54 0.10021567809713423
55 0.10019508679210351
56 0.10017646715892216
57 0.10015962935605768
58 0.10014440201128985
59 0.10013063039032152
60 0.1001181747532574
61 0.1001069088784557
62 0.100096718735938
63 -7.03305031941579
0 0.18658664468889463
1 0.1763982940381969
2 0.16719003279959574
3 0.15895781839130307
4 0.151663619084484
5 0.1452459481370491
6 0.13962939931797447
7 0.13473241748547546
8 0.13047307827554971
9 0.12677300748333023
10 0.12355975387754703
11 0.1207679845408343
12 0.1183398499743849
13 0.11622480780595885
14 0.11437912578895178
15 0.1127652215990272
16 0.1113509450002615
17 0.11010886852554991
18 0.10901562465252879
19 0.10805130837719386
20 0.10719895182757731
21 0.10644407014881067
22 0.10577427377564765
23 0.10517894023798205
24 0.10464893800551824
25 0.10417639501825457
26 0.10375450510716053
27 0.10337736625686705
28 0.1030398454613571
29 0.10273746569648867
30 0.1024663112397912
31 0.10222294819093734
32 0.10200435758299796
33 0.10180787892875144
34 0.10163116242663309
35 0.10147212836602457
36 0.10132893253164786
37 0.10119993662007853
38 0.1010836828561069
39 0.1009788721394205
40 0.10088434516861715
41 0.10079906608465977
42 0.10072210825391356
43 0.10065264187430287
44 0.10058992314046145
45 0.1005332847465803
46 0.10048212754084039
47 0.10043591317461129
48 0.10039415761344533
49 0.10035642539719229
50 0.10032232455294572
51 0.10029150207864798
52 0.10026363992675207
53 0.10023845142719517
54 0.10021567809713404
55 0.10019508679210332
56 0.10017646715891995
57 0.10015962935606008
58 0.10014440201128744
59 0.10013063039032173
60 0.10011817475325861
61 0.1001069088784577
62 0.1000967187359354
63 -7.033050319415789
0 0.18658664468889538
1 0.17639829403819746
2 0.167190032799595
3 0.15895781839130405
4 0.15166361908448533
5 0.145245948137047
6 0.13962939931797544
7 0.1347324174854737
8 0.1304730782755499
9 0.12677300748333492
10 0.12355975387754448
11 0.12076798454083273
12 0.11833984997438766
13 0.11622480780595668
14 0.11437912578895355
15 0.11276522159902741
16 0.1113509450002605
17 0.11010886852555249
18 0.10901562465252639
19 0.10805130837719405
20 0.10719895182757812
21 0.10644407014880848
22 0.10577427377564984
23 0.10517894023797845
24 0.10464893800552004
25 0.10417639501825257
26 0.10375450510716272
27 0.10337736625686746
28 0.1030398454613571
29 0.10273746569649107
30 0.1024663112397874
31 0.10222294819093755
32 0.10200435758299817
33 0.10180787892875184
34 0.10163116242663228
35 0.10147212836602457
36 0.10132893253164907
37 0.10119993662007894
38 0.1010836828561047
39 0.10097887213942451
40 0.10088434516861473
41 0.10079906608465695
42 0.10072210825391496
43 0.10065264187430387
44 0.10058992314046246
45 0.1005332847465803
46 0.100482127540842
47 0.10043591317460827
48 0.10039415761344554
49 0.10035642539719229
50 0.10032232455294712
51 0.10029150207864616
52 0.10026363992675347
53 0.10023845142719377
54 0.10021567809713404
55 0.10019508679210311
56 0.10017646715892055
57 0.10015962935605849
58 0.10014440201128805
59 0.10013063039032455
60 0.100118174753258
61 0.1001069088784549
62 0.10009671873593741
63 -7.033050319415791
0 0.18658664468889594
1 0.17639829403819726
2 0.16719003279959366
3 0.15895781839130743
4 0.1516636190844842
5 0.1452459481370474
6 0.1396293993179762
7 0.13473241748547332
8 0.1304730782755503
9 0.12677300748333023
10 0.12355975387754566
11 0.12076798454083666
12 0.11833984997438371
13 0.11622480780595885
14 0.11437912578895355
15 0.112765221599028
16 0.11135094500025892
17 0.1101088685255501
18 0.10901562465253058
19 0.10805130837719028
20 0.1071989518275823
21 0.10644407014880848
22 0.10577427377564705
23 0.10517894023798185
24 0.10464893800551923
25 0.10417639501825197
26 0.10375450510715953
27 0.10337736625687007
28 0.1030398454613591
29 0.10273746569648727
30 0.1024663112397898
31 0.10222294819093695
32 0.10200435758299677
33 0.10180787892875465
34 0.10163116242663188
35 0.10147212836602476
36 0.10132893253164867
37 0.10119993662007934
38 0.10108368285610429
39 0.1009788721394203
40 0.10088434516861834
41 0.10079906608465776
42 0.10072210825391477
43 0.10065264187430327
44 0.10058992314046145
45 0.1005332847465803
46 0.1004821275408418
47 0.10043591317460908
48 0.10039415761344593
49 0.10035642539719189
50 0.10032232455294693
51 0.10029150207864818
52 0.10026363992675406
53 0.10023845142718955
54 0.10021567809713665
55 0.10019508679210351
56 0.10017646715892015
57 0.10015962935605868
58 0.10014440201128845
59 0.10013063039032233
60 0.1001181747532576
61 0.10010690887845952
62 0.10009671873593459
63 -7.033050319415792
0 0.18658664468889685
1 0.17639829403819596
2 0.16719003279959516
3 0.1589578183913063
4 0.15166361908448267
5 0.1452459481370491
6 0.13962939931797408
7 0.134732417485477
8 0.13047307827554913
9 0.12677300748332962
10 0.12355975387754506
11 0.12076798454083529
12 0.11833984997438589
13 0.11622480780595885
14 0.11437912578895197
15 0.11276522159902859
16 0.11135094500025852
17 0.1101088685255521
18 0.10901562465252838
19 0.10805130837719307
20 0.10719895182757831
21 0.10644407014880967
22 0.10577427377565084
23 0.10517894023797886
24 0.10464893800551804
25 0.10417639501825357
26 0.10375450510716053
27 0.10337736625686766
28 0.1030398454613627
29 0.10273746569648506
30 0.1024663112397894
31 0.10222294819093936
32 0.10200435758299677
33 0.10180787892875465
34 0.10163116242662747
35 0.10147212836602597
36 0.10132893253164887
37 0.10119993662008074
38 0.1010836828561047
39 0.1009788721394201
40 0.10088434516861874
41 0.10079906608465977
42 0.10072210825391195
43 0.10065264187430306
44 0.10058992314046526
45 0.10053328474657809
46 0.10048212754083839
47 0.1004359131746141
48 0.10039415761344393
49 0.10035642539719168
50 0.10032232455294712
51 0.10029150207864718
52 0.10026363992675366
53 0.10023845142719477
54 0.10021567809713383
55 0.1001950867921023
56 0.10017646715892176
57 0.10015962935605909
58 0.10014440201128523
59 0.10013063039032415
60 0.1001181747532572
61 0.10010690887845851
62 0.100096718735935
63 -7.033050319415792
0 0.18658664468889502
1 0.176398294038198
2 0.16719003279959235
3 0.15895781839130535
4 0.15166361908448478
5 0.14524594813704836
6 0.13962939931797697
7 0.13473241748546924
8 0.13047307827555363
9 0.126773007483331
10 0.12355975387754624
11 0.12076798454083529
12 0.11833984997438332
13 0.11622480780595826
14 0.11437912578895316
15 0.1127652215990294
16 0.11135094500025793
17 0.1101088685255517
18 0.10901562465252998
19 0.10805130837718947
20 0.1071989518275823
21 0.10644407014880927
22 0.10577427377564745
23 0.10517894023798145
24 0.10464893800551604
25 0.10417639501825657
26 0.10375450510715872
27 0.10337736625686826
28 0.1030398454613595
29 0.10273746569648848
30 0.1024663112397886
31 0.10222294819093775
32 0.10200435758299836
33 0.10180787892875384
34 0.10163116242663107
35 0.10147212836602437
36 0.10132893253164867
37 0.10119993662007913
38 0.10108368285610529
39 0.1009788721394191
40 0.10088434516861915
41 0.10079906608466037
42 0.10072210825391255
43 0.10065264187430327
44 0.10058992314046265
45 0.10053328474657869
46 0.1004821275408406
47 0.10043591317461209
48 0.10039415761344554
49 0.10035642539719229
50 0.10032232455294753
51 0.10029150207864457
52 0.10026363992675567
53 0.10023845142719237
54 0.10021567809713383
55 0.10019508679210291
56 0.10017646715892195
57 0.10015962935605728
58 0.10014440201128985
59 0.10013063039032152
60 0.10011817475326042
61 0.10010690887845469
62 0.1000967187359372
63 -7.033050319415791
0 0.1865866446888952
1 0.1763982940381943
2 0.1671900327995963
3 0.1589578183913048
4 0.1516636190844861
5 0.145245948137047
6 0.13962939931797813
7 0.1347324174854704
8 0.13047307827555224
9 0.12677300748332845
10 0.12355975387755096
11 0.12076798454083175
12 0.11833984997438608
13 0.11622480780595668
14 0.11437912578895217
15 0.11276522159903078
16 0.11135094500025793
17 0.1101088685255515
18 0.10901562465252917
19 0.10805130837719307
20 0.10719895182757931
21 0.10644407014880808
22 0.10577427377564765
23 0.10517894023798165
24 0.10464893800551883
25 0.10417639501825578
26 0.10375450510715932
27 0.10337736625686805
28 0.1030398454613577
29 0.10273746569648928
30 0.1024663112397878
31 0.10222294819093855
32 0.10200435758299857
33 0.10180787892875284
34 0.10163116242662847
35 0.10147212836602858
36 0.10132893253164887
37 0.10119993662007853
38 0.10108368285610489
39 0.1009788721394203
40 0.10088434516861775
41 0.10079906608466017
42 0.10072210825391316
43 0.10065264187430126
44 0.10058992314046346
45 0.1005332847465803
46 0.10048212754084221
47 0.10043591317460887
48 0.10039415761344714
49 0.10035642539719189
50 0.10032232455294592
51 0.10029150207864657
52 0.10026363992675207
53 0.10023845142719517
54 0.10021567809713504
55 0.10019508679210412
56 0.10017646715891955
57 0.10015962935605768
58 0.10014440201128925
59 0.10013063039032334
60 0.100118174753259
61 0.1001069088784551
62 0.1000967187359362
63 -7.03305031941579
0 0.18658664468889502
1 0.17639829403819524
2 0.16719003279959346
3 0.15895781839130535
4 0.1516636190844861
5 0.14524594813704778
6 0.13962939931797658
7 0.13473241748547352
8 0.1304730782755501
9 0.12677300748333023
10 0.1235597538775478
11 0.1207679845408343
12 0.11833984997438253
13 0.11622480780595965
14 0.11437912578895376
15 0.1127652215990276
16 0.11135094500025873
17 0.1101088685255511
18 0.10901562465252898
19 0.10805130837719266
20 0.10719895182757931
21 0.10644407014881048
22 0.10577427377564684
23 0.10517894023798124
24 0.10464893800551583
25 0.10417639501825797
26 0.10375450510716072
27 0.10337736625686866
28 0.10303984546135549
29 0.10273746569648888
30 0.1024663112397892
31 0.10222294819093775
32 0.10200435758299976
33 0.10180787892875084
34 0.10163116242663248
35 0.10147212836602437
36 0.10132893253165028
37 0.10119993662007833
38 0.10108368285610529
39 0.1009788721394199
40 0.10088434516861734
41 0.10079906608466138
42 0.10072210825391135
43 0.10065264187430346
44 0.10058992314046325
45 0.10053328474657909
46 0.1004821275408416
47 0.10043591317461008
48 0.10039415761344674
49 0.1003564253971935
50 0.10032232455294532
51 0.10029150207864737
52 0.10026363992675145
53 0.10023845142719358
54 0.10021567809713323
55 0.10019508679210673
56 0.10017646715892155
57 0.10015962935605587
58 0.10014440201128744
59 0.10013063039032515
60 0.10011817475325861
61 0.1001069088784549
62 0.1000967187359362
63 -7.033050319415789
0 0.18658664468889963
1 0.1763982940381956
2 0.16719003279959235
3 0.1589578183913065
4 0.15166361908448497
5 0.14524594813704644
6 0.1396293993179789
7 0.13473241748547332
8 0.1304730782755466
9 0.12677300748333414
10 0.12355975387754585
11 0.1207679845408351
12 0.11833984997438332
13 0.11622480780595845
14 0.11437912578895197
15 0.1127652215990294
16 0.11135094500025912
17 0.11010886852555091
18 0.10901562465252998
19 0.10805130837719167
20 0.10719895182757791
21 0.10644407014881167
22 0.10577427377564724
23 0.10517894023798145
24 0.10464893800551744
25 0.10417639501825517
26 0.10375450510715872
27 0.10337736625686926
28 0.1030398454613581
29 0.10273746569649048
30 0.1024663112397872
31 0.10222294819093795
32 0.10200435758299917
33 0.10180787892875184
34 0.10163116242662887
35 0.10147212836602777
36 0.10132893253164786
37 0.10119993662007994
38 0.10108368285610449
39 0.10097887213942251
40 0.10088434516861734
41 0.10079906608465816
42 0.10072210825391255
43 0.10065264187430527
44 0.10058992314046185
45 0.1005332847465785
46 0.10048212754084039
47 0.10043591317461048
48 0.10039415761344554
49 0.1003564253971939
50 0.10032232455294733
51 0.10029150207864536
52 0.10026363992675387
53 0.10023845142719418
54 0.10021567809713323
55 0.10019508679210472
56 0.10017646715892235
57 0.10015962935605648
58 0.10014440201128644
59 0.10013063039032574
60 0.10011817475325781
61 0.10010690887845691
62 0.10009671873593319
63 -7.033050319415791
0 0.1865866446888972
1 0.17639829403819615
2 0.16719003279959255
3 0.1589578183913095
4 0.1516636190844865
5 0.14524594813704278
6 0.13962939931797794
7 0.13473241748547293
8 0.13047307827554894
9 0.126773007483331
10 0.12355975387754624
11 0.12076798454083647
12 0.11833984997438352
13 0.11622480780595787
14 0.11437912578895336
15 0.1127652215990294
16 0.11135094500025713
17 0.11010886852555449
18 0.10901562465252819
19 0.10805130837718947
20 0.1071989518275807
21 0.10644407014881087
22 0.10577427377564565
23 0.10517894023798165
24 0.10464893800551804
25 0.10417639501825578
26 0.10375450510716112
27 0.10337736625686686
28 0.1030398454613571
29 0.10273746569648988
30 0.102466311239789
31 0.10222294819093655
32 0.10200435758299876
33 0.10180787892875265
34 0.10163116242663288
35 0.10147212836602437
36 0.10132893253164786
37 0.10119993662008155
38 0.10108368285610168
39 0.10097887213942512
40 0.10088434516861393
41 0.10079906608466058
42 0.10072210825391176
43 0.10065264187430548
44 0.10058992314046206
45 0.1005332847465799
46 0.10048212754083999
47 0.10043591317460927
48 0.10039415761344875
49 0.10035642539719049
50 0.10032232455294632
51 0.10029150207864616
52 0.10026363992675508
53 0.10023845142719096
54 0.10021567809713344
55 0.10019508679210652
56 0.10017646715892055
57 0.10015962935605748
58 0.10014440201128563
59 0.10013063039032635
60 0.10011817475325861
61 0.1001069088784559
62 0.10009671873593419
63 -7.03305031941579
0 0.1865866446888941
1 0.1763982940381967
2 0.1671900327995948
3 0.15895781839130535
4 0.1516636190844842
5 0.14524594813704816
6 0.13962939931797563
7 0.13473241748547468
8 0.13047307827554894
9 0.12677300748333023
10 0.12355975387754703
11 0.12076798454083647
12 0.11833984997438332
13 0.11622480780595905
14 0.11437912578895137
15 0.1127652215990278
16 0.11135094500025873
17 0.11010886852555309
18 0.10901562465252738
19 0.10805130837719426
20 0.10719895182757991
21 0.10644407014880727
22 0.10577427377564964
23 0.10517894023798045
24 0.10464893800551764
25 0.10417639501825438
26 0.10375450510716132
27 0.10337736625687106
28 0.1030398454613567
29 0.10273746569648587
30 0.102466311239789
31 0.10222294819093836
32 0.10200435758299957
33 0.10180787892875225
34 0.10163116242663088
35 0.10147212836602597
36 0.10132893253164907
37 0.10119993662007692
38 0.1010836828561057
39 0.1009788721394227
40 0.10088434516861554
41 0.10079906608466058
42 0.10072210825391376
43 0.10065264187430327
44 0.10058992314046045
45 0.1005332847465811
46 0.1004821275408402
47 0.10043591317461169
48 0.10039415761344453
49 0.1003564253971941
50 0.10032232455294472
51 0.10029150207864697
52 0.10026363992675467
53 0.10023845142719216
54 0.10021567809713605
55 0.10019508679210332
56 0.10017646715892035
57 0.10015962935605648
58 0.10014440201128824
59 0.10013063039032455
60 0.10011817475325599
61 0.10010690887845831
62 0.10009671873593701
63 -7.033050319415789
0 0.1865866446888963
1 0.1763982940381971
2 0.1671900327995933
3 0.15895781839130896
4 0.15166361908448114
5 0.14524594813704816
6 0.13962939931797735
7 0.1347324174854739
8 0.13047307827554894
9 0.12677300748333004
10 0.12355975387754643
11 0.12076798454083588
12 0.1183398499743849
13 0.11622480780595768
14 0.11437912578895415
15 0.11276522159902662
16 0.11135094500026012
17 0.11010886852555189
18 0.10901562465252779
19 0.10805130837719147
20 0.1071989518275807
21 0.10644407014880908
22 0.10577427377564724
23 0.10517894023798005
24 0.10464893800552104
25 0.10417639501825357
26 0.10375450510715872
27 0.10337736625686886
28 0.10303984546135969
29 0.10273746569648748
30 0.1024663112397888
31 0.10222294819093734
32 0.10200435758299897
33 0.10180787892875344
34 0.10163116242662908
35 0.10147212836602557
36 0.10132893253165068
37 0.10119993662007853
38 0.10108368285610489
39 0.10097887213942151
40 0.10088434516861594
41 0.10079906608466017
42 0.10072210825391235
43 0.10065264187430387
44 0.10058992314046346
45 0.10053328474657708
46 0.1004821275408418
47 0.10043591317461249
48 0.10039415761344533
49 0.10035642539719149
50 0.10032232455294592
51 0.10029150207864657
52 0.10026363992675406
53 0.10023845142719458
54 0.10021567809713323
55 0.10019508679210552
56 0.10017646715892055
57 0.10015962935605868
58 0.10014440201128805
59 0.10013063039032334
60 0.1001181747532568
61 0.1001069088784545
62 0.1000967187359372
63 -7.03305031941579
0 0.18658664468889816
1 0.1763982940381943
2 0.167190032799595
3 0.15895781839130593
4 0.15166361908448459
5 0.1452459481370497
6 0.13962939931797638
7 0.13473241748547332
8 0.13047307827554933
9 0.12677300748332984
10 0.1235597538775484
11 0.1207679845408351
12 0.11833984997438154
13 0.11622480780595924
14 0.11437912578895475
15 0.11276522159902641
16 0.11135094500025933
17 0.11010886852555249
18 0.10901562465252679
19 0.10805130837719366
20 0.10719895182757712
21 0.10644407014881267
22 0.10577427377564745
23 0.10517894023798086
24 0.10464893800551844
25 0.10417639501825597
26 0.10375450510715652
27 0.10337736625687026
28 0.1030398454613577
29 0.10273746569648948
30 0.1024663112397886
31 0.10222294819093755
32 0.10200435758299836
33 0.10180787892875325
34 0.10163116242663067
35 0.10147212836602416
36 0.10132893253164928
37 0.10119993662007973
38 0.1010836828561033
39 0.10097887213942251
40 0.10088434516861834
41 0.10079906608465877
42 0.10072210825391437
43 0.10065264187430327
44 0.10058992314046125
45 0.1005332847465799
46 0.1004821275408408
47 0.10043591317461029
48 0.10039415761344353
49 0.1003564253971943
50 0.10032232455294693
51 0.10029150207864798
52 0.10026363992675326
53 0.10023845142719297
54 0.10021567809713243
55 0.10019508679210593
56 0.10017646715891995
57 0.10015962935605728
58 0.10014440201128845
59 0.10013063039032535
60 0.1001181747532572
61 0.1001069088784537
62 0.100096718735938
63 -7.033050319415793
0 0.186586644688893
1 0.17639829403819765
2 0.16719003279959385
3 0.15895781839130668
4 0.15166361908448248
5 0.1452459481370495
6 0.1396293993179762
7 0.1347324174854743
8 0.13047307827554816
9 0.12677300748333178
10 0.12355975387754684
11 0.1207679845408349
12 0.11833984997438608
13 0.11622480780595826
14 0.11437912578895118
15 0.1127652215990288
16 0.11135094500025972
17 0.1101088685255523
18 0.10901562465252719
19 0.10805130837719067
20 0.1071989518275815
21 0.10644407014880987
22 0.10577427377564765
23 0.10517894023797945
24 0.10464893800551783
25 0.10417639501825537
26 0.10375450510716153
27 0.10337736625686846
28 0.1030398454613581
29 0.10273746569648787
30 0.1024663112397874
31 0.10222294819093815
32 0.10200435758299696
33 0.10180787892875486
34 0.10163116242663107
35 0.10147212836602437
36 0.10132893253164928
37 0.10119993662007994
38 0.10108368285610389
39 0.10097887213942151
40 0.10088434516861654
41 0.10079906608465977
42 0.10072210825391276
43 0.10065264187430467
44 0.10058992314046064
45 0.10053328474658009
46 0.100482127540842
47 0.10043591317461069
48 0.10039415761344453
49 0.10035642539719049
50 0.10032232455294773
51 0.10029150207864557
52 0.10026363992675728
53 0.10023845142718996
54 0.10021567809713584
55 0.10019508679210512
56 0.10017646715891995
57 0.10015962935605868
58 0.10014440201128724
59 0.10013063039032354
60 0.10011817475325821
61 0.1001069088784563
62 0.10009671873593559
63 -7.033050319415788
0 0.18658664468889335
1 0.17639829403819746
2 0.16719003279959235
3 0.15895781839130743
4 0.15166361908448459
5 0.14524594813704797
6 0.1396293993179762
7 0.13473241748547468
8 0.13047307827554894
9 0.12677300748333023
10 0.12355975387754761
11 0.1207679845408347
12 0.1183398499743851
13 0.11622480780595787
14 0.11437912578895276
15 0.1127652215990284
16 0.11135094500025793
17 0.11010886852555249
18 0.10901562465252779
19 0.10805130837719266
20 0.10719895182757891
21 0.10644407014880967
22 0.10577427377564584
23 0.10517894023798385
24 0.10464893800551704
25 0.10417639501825637
26 0.10375450510715832
27 0.10337736625687126
28 0.10303984546135649
29 0.10273746569648827
30 0.1024663112397888
31 0.10222294819093695
32 0.10200435758299796
33 0.10180787892875325
34 0.10163116242663349
35 0.10147212836602236
36 0.10132893253165068
37 0.10119993662007934
38 0.1010836828561033
39 0.1009788721394227
40 0.10088434516861634
41 0.10079906608465977
42 0.10072210825391356
43 0.10065264187430327
44 0.10058992314046206
45 0.10053328474657888
46 0.100482127540841
47 0.10043591317461188
48 0.10039415761344574
49 0.10035642539719289
50 0.10032232455294693
51 0.10029150207864417
52 0.10026363992675608
53 0.10023845142719076
54 0.10021567809713584
55 0.10019508679210351
56 0.10017646715892095
57 0.10015962935605868
58 0.10014440201128584
59 0.10013063039032775
60 0.10011817475325559
61 0.10010690887845651
62 0.1000967187359372
63 -7.03305031941579
0 0.1865866446888939
1 0.17639829403819635
2 0.16719003279959516
3 0.15895781839130727
4 0.15166361908448345
5 0.14524594813704797
6 0.13962939931797638
7 0.13473241748547332
8 0.13047307827554952
9 0.12677300748333276
10 0.12355975387754585
11 0.12076798454083411
12 0.11833984997438589
13 0.11622480780595885
14 0.1143791257889492
15 0.11276522159903157
16 0.11135094500025873
17 0.1101088685255501
18 0.10901562465252917
19 0.10805130837719346
20 0.10719895182757731
21 0.10644407014881267
22 0.10577427377564584
23 0.10517894023798205
24 0.10464893800551664
25 0.10417639501825438
26 0.10375450510716012
27 0.10337736625687086
28 0.1030398454613577
29 0.10273746569648587
30 0.1024663112397912
31 0.10222294819093615
32 0.10200435758299997
33 0.10180787892875164
34 0.10163116242663248
35 0.10147212836602276
36 0.10132893253165208
37 0.10119993662007712
38 0.10108368285610349
39 0.10097887213942332
40 0.10088434516861393
41 0.10079906608466399
42 0.10072210825390934
43 0.10065264187430346
44 0.10058992314046405
45 0.10053328474658049
46 0.1004821275408406
47 0.10043591317461048
48 0.10039415761344393
49 0.1003564253971947
50 0.10032232455294512
51 0.10029150207864597
52 0.10026363992675548
53 0.10023845142719216
54 0.10021567809713504
55 0.10019508679210332
56 0.10017646715892076
57 0.10015962935605909
58 0.10014440201128905
59 0.10013063039032152
60 0.1001181747532598
61 0.10010690887845289
62 0.10009671873593701
63 -7.033050319415789
0 0.18658664468889613
1 0.17639829403819524
2 0.1671900327995933
3 0.15895781839130763
4 0.15166361908448286
5 0.14524594813704855
6 0.13962939931797466
7 0.13473241748547526
8 0.13047307827554971
9 0.12677300748333295
10 0.12355975387754506
11 0.1207679845408349
12 0.11833984997438253
13 0.11622480780596241
14 0.11437912578895118
15 0.11276522159902959
16 0.11135094500025615
17 0.1101088685255517
18 0.10901562465252819
19 0.10805130837719405
20 0.10719895182757991
21 0.10644407014880868
22 0.10577427377564824
23 0.10517894023798124
24 0.10464893800551744
25 0.10417639501825557
26 0.10375450510716053
27 0.10337736625686665
28 0.10303984546135929
29 0.10273746569648767
30 0.10246631123979061
31 0.10222294819093615
32 0.10200435758299897
33 0.10180787892875244
34 0.10163116242662988
35 0.10147212836602838
36 0.10132893253164606
37 0.10119993662007994
38 0.10108368285610529
39 0.1009788721394209
40 0.10088434516861895
41 0.10079906608465655
42 0.10072210825391416
43 0.10065264187430527
44 0.10058992314046246
45 0.10053328474657829
46 0.1004821275408406
47 0.10043591317461148
48 0.10039415761344353
49 0.10035642539719249
50 0.10032232455294693
51 0.10029150207864777
52 0.10026363992675347
53 0.10023845142719277
54 0.10021567809713383
55 0.10019508679210412
56 0.10017646715892235
57 0.10015962935605748
58 0.10014440201128663
59 0.10013063039032374
60 0.10011817475325821
61 0.1001069088784567
62 0.1000967187359364
63 -7.03305031941579
0 0.18658664468889538
1 0.1763982940381967
2 0.16719003279959554
3 0.158957818391305
4 0.15166361908448325
5 0.14524594813704894
6 0.13962939931797563
7 0.13473241748547216
8 0.13047307827555282
9 0.12677300748332943
10 0.12355975387754939
11 0.12076798454083233
12 0.1183398499743849
13 0.11622480780595588
14 0.11437912578895475
15 0.11276522159902701
16 0.11135094500026012
17 0.11010886852555189
18 0.10901562465252958
19 0.10805130837719107
20 0.1071989518275805
21 0.10644407014880748
22 0.10577427377564884
23 0.10517894023798205
24 0.10464893800551564
25 0.10417639501825737
26 0.10375450510716053
27 0.10337736625686886
28 0.10303984546135629
29 0.10273746569648928
30 0.1024663112397884
31 0.10222294819093655
32 0.10200435758300118
33 0.10180787892875204
34 0.10163116242663107
35 0.10147212836602497
36 0.10132893253164786
37 0.10119993662008034
38 0.10108368285610309
39 0.10097887213942291
40 0.10088434516861494
41 0.10079906608465918
42 0.10072210825391517
43 0.10065264187430005
44 0.10058992314046587
45 0.10053328474657969
46 0.1004821275408402
47 0.10043591317461069
48 0.10039415761344574
49 0.10035642539718988
50 0.10032232455294814
51 0.10029150207864898
52 0.10026363992675166
53 0.10023845142719377
54 0.10021567809713304
55 0.10019508679210391
56 0.10017646715892176
57 0.10015962935606029
58 0.10014440201128584
59 0.10013063039032354
60 0.1001181747532574
61 0.1001069088784553
62 0.1000967187359382
63 -7.033050319415791
0 0.1865866446888963
1 0.1763982940381967
2 0.1671900327995946
3 0.15895781839130743
4 0.1516636190844844
5 0.14524594813704508
6 0.13962939931798024
7 0.13473241748547002
8 0.1304730782755503
9 0.1267730074833316
10 0.12355975387754761
11 0.12076798454083273
12 0.11833984997438549
13 0.11622480780595806
14 0.11437912578895415
15 0.11276522159902522
16 0.1113509450002625
17 0.1101088685255505
18 0.10901562465252758
19 0.10805130837719147
20 0.1071989518275795
21 0.10644407014880887
22 0.10577427377565105
23 0.10517894023798045
24 0.10464893800551643
25 0.10417639501825657
26 0.10375450510715932
27 0.10337736625686886
28 0.10303984546135729
29 0.10273746569648907
30 0.1024663112397874
31 0.10222294819094035
32 0.10200435758299817
33 0.10180787892875144
34 0.10163116242663027
35 0.10147212836602597
36 0.10132893253164987
37 0.10119993662007853
38 0.1010836828561033
39 0.1009788721394223
40 0.10088434516861955
41 0.10079906608465536
42 0.10072210825391456
43 0.10065264187430367
44 0.10058992314046185
45 0.10053328474657909
46 0.1004821275408426
47 0.10043591317461088
48 0.10039415761344574
49 0.10035642539719129
50 0.10032232455294773
51 0.10029150207864396
52 0.10026363992675648
53 0.10023845142719157
54 0.10021567809713504
55 0.10019508679210351
56 0.10017646715892155
57 0.10015962935605587
58 0.10014440201129045
59 0.10013063039032193
60 0.10011817475326001
61 0.1001069088784545
62 0.10009671873593559
63 -7.033050319415791
0 0.1865866446888952
1 0.1763982940381956
2 0.1671900327995959
3 0.15895781839130688
4 0.15166361908448286
5 0.14524594813704664
6 0.13962939931797697
7 0.13473241748547468
8 0.13047307827555069
9 0.1267730074833314
10 0.12355975387754585
11 0.12076798454083548
12 0.1183398499743845
13 0.11622480780595569
14 0.11437912578895434
15 0.1127652215990278
16 0.11135094500025813
17 0.11010886852555289
18 0.10901562465252779
19 0.10805130837719186
20 0.1071989518275791
21 0.10644407014881208
22 0.10577427377564684
23 0.10517894023797945
24 0.10464893800551883
25 0.10417639501825537
26 0.10375450510716012
27 0.10337736625687106
28 0.10303984546135649
29 0.10273746569648808
30 0.1024663112397878
31 0.10222294819093876
32 0.10200435758299937
33 0.10180787892875284
34 0.10163116242662806
35 0.10147212836602577
36 0.10132893253164947
37 0.10119993662007953
38 0.1010836828561051
39 0.1009788721394203
40 0.10088434516861895
41 0.10079906608465716
42 0.10072210825391477
43 0.10065264187430367
44 0.10058992314046346
45 0.10053328474657748
46 0.1004821275408414
47 0.10043591317461129
48 0.10039415761344614
49 0.10035642539719208
50 0.10032232455294572
51 0.10029150207864737
52 0.10026363992675266
53 0.10023845142719538
54 0.10021567809713304
55 0.10019508679210251
56 0.10017646715892337
57 0.10015962935605868
58 0.10014440201128504
59 0.10013063039032334
60 0.10011817475326001
61 0.1001069088784557
62 0.100096718735935
63 -7.033050319415789
