0 1.0
1 0.8297866622293268
2 0.6955969099950949
3 0.5885019895777513
4 0.5020112295505511
5 0.4313668421553514
6 0.3730501726942443
7 0.3244344532013648
8 0.2835394040986931
9 0.2488568985807032
10 0.21922640734458534
11 0.19374546575460494
12 0.17170489574476502
13 0.15254161298958593
14 0.13580399365927764
15 0.12112626298685229
16 0.10820940399286655
17 0.09680680880401456
18 0.08671340298153486
19 0.07775733111755266
20 0.06979354515048493
21 0.062698816841572
0 1.0
1 0.8297866622293262
2 0.695596909995094
3 0.5885019895777495
4 0.5020112295505508
5 0.4313668421553509
6 0.3730501726942447
7 0.32443445320136466
8 0.2835394040986932
9 0.24885689858070306
10 0.21922640734458568
11 0.19374546575460425
12 0.17170489574476488
13 0.15254161298958588
14 0.13580399365927776
15 0.12112626298685211
16 0.10820940399286638
17 0.09680680880401452
18 0.08671340298153486
19 0.0777573311175528
20 0.06979354515048504
21 0.06269881684157204
0 1.0
1 0.8297866622293282
2 0.6955969099950945
3 0.5885019895777523
4 0.5020112295505504
5 0.4313668421553525
6 0.37305017269424495
7 0.3244344532013652
8 0.28353940409869344
9 0.2488568985807034
10 0.21922640734458587
11 0.1937454657546055
12 0.1717048957447653
13 0.15254161298958607
14 0.13580399365927792
15 0.12112626298685243
16 0.10820940399286662
17 0.0968068088040149
18 0.08671340298153497
19 0.0777573311175529
20 0.06979354515048519
21 0.06269881684157208
0 1.0
1 0.8297866622293268
2 0.6955969099950944
3 0.5885019895777489
4 0.5020112295505501
5 0.4313668421553517
6 0.3730501726942439
7 0.32443445320136466
8 0.2835394040986931
9 0.24885689858070292
10 0.219226407344585
11 0.19374546575460483
12 0.17170489574476505
13 0.15254161298958618
14 0.13580399365927756
15 0.12112626298685215
16 0.10820940399286633
17 0.09680680880401443
18 0.08671340298153492
19 0.07775733111755265
20 0.06979354515048503
21 0.06269881684157194
0 1.0
1 0.8297866622293283
2 0.6955969099950949
3 0.5885019895777515
4 0.5020112295505508
5 0.4313668421553519
6 0.37305017269424434
7 0.32443445320136566
8 0.28353940409869366
9 0.24885689858070323
10 0.21922640734458582
11 0.19374546575460494
12 0.1717048957447653
13 0.1525416129895862
14 0.13580399365927764
15 0.1211262629868525
16 0.1082094039928665
17 0.0968068088040149
18 0.08671340298153504
19 0.07775733111755286
20 0.06979354515048515
21 0.06269881684157207
0 1.0
1 0.8297866622293272
2 0.6955969099950969
3 0.5885019895777506
4 0.5020112295505508
5 0.43136684215535304
6 0.37305017269424406
7 0.3244344532013651
8 0.2835394040986935
9 0.24885689858070328
10 0.21922640734458532
11 0.19374546575460483
12 0.17170489574476505
13 0.15254161298958618
14 0.1358039936592775
15 0.12112626298685228
16 0.10820940399286665
17 0.09680680880401486
18 0.0867134029815348
19 0.07775733111755287
20 0.06979354515048512
21 0.06269881684157198
0 1.0
1 0.8297866622293287
2 0.6955969099950959
3 0.5885019895777508
4 0.50201122955055
5 0.4313668421553531
6 0.3730501726942451
7 0.32443445320136505
8 0.28353940409869416
9 0.24885689858070345
10 0.21922640734458634
11 0.19374546575460516
12 0.1717048957447652
13 0.15254161298958643
14 0.13580399365927787
15 0.12112626298685249
16 0.1082094039928666
17 0.09680680880401477
18 0.08671340298153508
19 0.07775733111755295
20 0.06979354515048528
21 0.06269881684157219
0 1.0
1 0.8297866622293262
2 0.6955969099950944
3 0.5885019895777504
4 0.5020112295505498
5 0.43136684215535187
6 0.37305017269424395
7 0.32443445320136427
8 0.28353940409869344
9 0.24885689858070323
10 0.21922640734458518
11 0.1937454657546046
12 0.171704895744765
13 0.15254161298958585
14 0.13580399365927756
15 0.12112626298685206
16 0.10820940399286642
17 0.0968068088040146
18 0.08671340298153486
19 0.0777573311175526
20 0.06979354515048522
21 0.06269881684157197
0 1.0
1 0.8297866622293287
2 0.6955969099950942
3 0.5885019895777504
4 0.5020112295505499
5 0.43136684215535365
6 0.37305017269424523
7 0.32443445320136616
8 0.2835394040986939
9 0.2488568985807037
10 0.21922640734458543
11 0.19374546575460536
12 0.17170489574476502
13 0.15254161298958605
14 0.13580399365927776
15 0.12112626298685235
16 0.10820940399286667
17 0.09680680880401472
18 0.08671340298153499
19 0.07775733111755284
20 0.06979354515048532
21 0.06269881684157204
0 1.0
1 0.8297866622293276
2 0.6955969099950948
3 0.588501989577751
4 0.5020112295505509
5 0.4313668421553524
6 0.37305017269424395
7 0.3244344532013653
8 0.28353940409869355
9 0.2488568985807033
10 0.21922640734458582
11 0.19374546575460533
12 0.17170489574476525
13 0.15254161298958627
14 0.13580399365927803
15 0.1211262629868525
16 0.10820940399286674
17 0.09680680880401467
18 0.08671340298153499
19 0.07775733111755297
20 0.06979354515048528
21 0.06269881684157207
0 1.0
1 0.8297866622293273
2 0.6955969099950935
3 0.5885019895777502
4 0.5020112295505508
5 0.43136684215535176
6 0.3730501726942442
7 0.324434453201365
8 0.2835394040986932
9 0.24885689858070312
10 0.21922640734458546
11 0.1937454657546049
12 0.1717048957447648
13 0.15254161298958613
14 0.13580399365927764
15 0.12112626298685233
16 0.1082094039928663
17 0.09680680880401464
18 0.08671340298153501
19 0.07775733111755267
20 0.069793545150485
21 0.06269881684157187
0 1.0
1 0.8297866622293262
2 0.695596909995094
3 0.5885019895777486
4 0.5020112295505502
5 0.4313668421553517
6 0.37305017269424373
7 0.324434453201365
8 0.28353940409869327
9 0.2488568985807028
10 0.2192264073445851
11 0.19374546575460455
12 0.17170489574476502
13 0.15254161298958602
14 0.1358039936592774
15 0.1211262629868521
16 0.10820940399286645
17 0.09680680880401474
18 0.08671340298153485
19 0.07775733111755267
20 0.06979354515048518
21 0.06269881684157194
0 1.0
1 0.829786662229327
2 0.6955969099950954
3 0.5885019895777498
4 0.5020112295505511
5 0.4313668421553517
6 0.3730501726942444
7 0.3244344532013652
8 0.28353940409869327
9 0.2488568985807041
10 0.21922640734458543
11 0.19374546575460497
12 0.1717048957447653
13 0.1525416129895859
14 0.1358039936592779
15 0.12112626298685235
16 0.10820940399286665
17 0.09680680880401461
18 0.08671340298153486
19 0.07775733111755291
20 0.06979354515048522
21 0.06269881684157204
0 1.0
1 0.829786662229329
2 0.695596909995096
3 0.5885019895777517
4 0.5020112295505521
5 0.43136684215535304
6 0.37305017269424534
7 0.32443445320136594
8 0.2835394040986942
9 0.2488568985807034
10 0.21922640734458565
11 0.19374546575460486
12 0.17170489574476544
13 0.15254161298958624
14 0.13580399365927803
15 0.12112626298685253
16 0.10820940399286666
17 0.09680680880401503
18 0.08671340298153511
19 0.07775733111755291
20 0.0697935451504852
21 0.06269881684157218
0 1.0
1 0.8297866622293266
2 0.6955969099950947
3 0.5885019895777501
4 0.5020112295505492
5 0.43136684215535204
6 0.3730501726942434
7 0.32443445320136505
8 0.283539404098693
9 0.24885689858070337
10 0.2192264073445853
11 0.1937454657546047
12 0.17170489574476475
13 0.15254161298958605
14 0.13580399365927756
15 0.12112626298685233
16 0.1082094039928665
17 0.09680680880401468
18 0.08671340298153483
19 0.07775733111755259
20 0.06979354515048504
21 0.06269881684157202
0 1.0
1 0.8297866622293285
2 0.6955969099950957
3 0.5885019895777509
4 0.5020112295505513
5 0.431366842155352
6 0.3730501726942443
7 0.3244344532013652
8 0.2835394040986936
9 0.24885689858070345
10 0.2192264073445857
11 0.19374546575460513
12 0.17170489574476538
13 0.15254161298958627
14 0.13580399365927776
15 0.12112626298685256
16 0.10820940399286659
17 0.09680680880401493
18 0.08671340298153508
19 0.07775733111755288
20 0.06979354515048523
21 0.06269881684157202
0 1.0
1 0.8297866622293264
2 0.695596909995095
3 0.588501989577751
4 0.5020112295505503
5 0.43136684215535226
6 0.3730501726942442
7 0.3244344532013655
8 0.2835394040986933
9 0.24885689858070348
10 0.21922640734458548
11 0.19374546575460502
12 0.17170489574476502
13 0.152541612989586
14 0.13580399365927773
15 0.12112626298685263
16 0.10820940399286653
17 0.09680680880401459
18 0.08671340298153489
19 0.07775733111755305
20 0.0697935451504852
21 0.06269881684157204
0 1.0
1 0.8297866622293263
2 0.6955969099950958
3 0.5885019895777517
4 0.5020112295505516
5 0.4313668421553533
6 0.37305017269424445
7 0.32443445320136527
8 0.2835394040986936
9 0.2488568985807033
10 0.21922640734458612
11 0.19374546575460516
12 0.17170489574476488
13 0.15254161298958613
14 0.13580399365927784
15 0.1211262629868522
16 0.1082094039928667
17 0.0968068088040147
18 0.08671340298153489
19 0.07775733111755283
20 0.06979354515048514
21 0.06269881684157212
0 1.0
1 0.8297866622293298
2 0.6955969099950955
3 0.5885019895777512
4 0.5020112295505513
5 0.43136684215535287
6 0.373050172694245
7 0.32443445320136555
8 0.28353940409869355
9 0.2488568985807033
10 0.2192264073445859
11 0.19374546575460505
12 0.1717048957447653
13 0.152541612989586
14 0.13580399365927767
15 0.1211262629868526
16 0.10820940399286663
17 0.0968068088040148
18 0.08671340298153517
19 0.07775733111755284
20 0.06979354515048528
21 0.06269881684157204
0 1.0
1 0.8297866622293274
2 0.695596909995095
3 0.5885019895777507
4 0.5020112295505508
5 0.4313668421553524
6 0.37305017269424495
7 0.3244344532013656
8 0.2835394040986936
9 0.2488568985807031
10 0.2192264073445853
11 0.193745465754605
12 0.17170489574476516
13 0.152541612989586
14 0.1358039936592778
15 0.12112626298685227
16 0.10820940399286672
17 0.09680680880401464
18 0.08671340298153503
19 0.07775733111755284
20 0.06979354515048525
21 0.06269881684157214
0 1.0
1 0.8297866622293274
2 0.6955969099950953
3 0.5885019895777492
4 0.50201122955055
5 0.4313668421553525
6 0.3730501726942446
7 0.3244344532013648
8 0.2835394040986935
9 0.2488568985807034
10 0.21922640734458554
11 0.19374546575460472
12 0.17170489574476494
13 0.1525416129895859
14 0.1358039936592775
15 0.12112626298685235
16 0.10820940399286648
17 0.09680680880401482
18 0.08671340298153501
19 0.07775733111755283
20 0.06979354515048515
21 0.0626988168415718
0 1.0
1 0.8297866622293277
2 0.6955969099950964
3 0.5885019895777504
4 0.5020112295505514
5 0.4313668421553519
6 0.3730501726942445
7 0.3244344532013653
8 0.28353940409869394
9 0.24885689858070348
10 0.21922640734458554
11 0.19374546575460525
12 0.1717048957447655
13 0.15254161298958605
14 0.1358039936592779
15 0.12112626298685236
16 0.10820940399286659
17 0.09680680880401477
18 0.08671340298153489
19 0.07775733111755286
20 0.06979354515048515
21 0.062698816841572
0 1.0
1 0.8297866622293268
2 0.6955969099950965
3 0.588501989577751
4 0.5020112295505509
5 0.43136684215535226
6 0.37305017269424495
7 0.32443445320136516
8 0.2835394040986938
9 0.2488568985807034
10 0.2192264073445857
11 0.19374546575460497
12 0.17170489574476533
13 0.1525416129895863
14 0.13580399365927767
15 0.12112626298685258
16 0.10820940399286665
17 0.09680680880401488
18 0.08671340298153515
19 0.07775733111755276
20 0.06979354515048537
21 0.06269881684157198
0 1.0
1 0.8297866622293274
2 0.6955969099950946
3 0.5885019895777511
4 0.5020112295505511
5 0.43136684215535187
6 0.3730501726942442
7 0.3244344532013649
8 0.28353940409869305
9 0.24885689858070376
10 0.21922640734458546
11 0.19374546575460497
12 0.17170489574476513
13 0.15254161298958607
14 0.1358039936592776
15 0.12112626298685222
16 0.10820940399286653
17 0.0968068088040148
18 0.08671340298153478
19 0.07775733111755274
20 0.06979354515048516
21 0.0626988168415721
0 1.0
1 0.8297866622293261
2 0.6955969099950944
3 0.5885019895777497
4 0.5020112295505498
5 0.4313668421553514
6 0.37305017269424434
7 0.3244344532013651
8 0.28353940409869277
9 0.2488568985807032
10 0.2192264073445855
11 0.1937454657546051
12 0.1717048957447651
13 0.15254161298958596
14 0.13580399365927756
15 0.12112626298685238
16 0.10820940399286659
17 0.09680680880401472
18 0.0867134029815349
19 0.07775733111755279
20 0.06979354515048504
21 0.06269881684157202
0 1.0
1 0.8297866622293286
2 0.6955969099950948
3 0.5885019895777506
4 0.5020112295505504
5 0.4313668421553524
6 0.37305017269424423
7 0.324434453201366
8 0.283539404098693
9 0.24885689858070364
10 0.21922640734458543
11 0.1937454657546049
12 0.17170489574476555
13 0.15254161298958593
14 0.13580399365927778
15 0.12112626298685227
16 0.10820940399286667
17 0.09680680880401463
18 0.08671340298153507
19 0.07775733111755281
20 0.06979354515048537
21 0.0626988168415719
0 1.0
1 0.8297866622293263
2 0.6955969099950958
3 0.5885019895777513
4 0.5020112295505509
5 0.4313668421553526
6 0.3730501726942445
7 0.32443445320136477
8 0.2835394040986933
9 0.24885689858070362
10 0.21922640734458568
11 0.1937454657546047
12 0.17170489574476533
13 0.15254161298958602
14 0.13580399365927764
15 0.12112626298685228
16 0.10820940399286648
17 0.09680680880401499
18 0.08671340298153503
19 0.07775733111755301
20 0.06979354515048522
21 0.06269881684157207
0 1.0
1 0.8297866622293264
2 0.695596909995095
3 0.5885019895777506
4 0.5020112295505504
5 0.431366842155352
6 0.37305017269424395
7 0.3244344532013651
8 0.2835394040986935
9 0.2488568985807034
10 0.2192264073445855
11 0.1937454657546048
12 0.17170489574476488
13 0.1525416129895858
14 0.13580399365927778
15 0.1211262629868522
16 0.1082094039928664
17 0.09680680880401457
18 0.08671340298153486
19 0.07775733111755272
20 0.0697935451504851
21 0.06269881684157201
0 1.0
1 0.8297866622293291
2 0.695596909995095
3 0.5885019895777501
4 0.5020112295505508
5 0.43136684215535304
6 0.37305017269424456
7 0.32443445320136516
8 0.2835394040986932
9 0.24885689858070323
10 0.21922640734458562
11 0.1937454657546044
12 0.17170489574476502
13 0.15254161298958582
14 0.13580399365927776
15 0.12112626298685254
16 0.10820940399286645
17 0.09680680880401468
18 0.0867134029815349
19 0.07775733111755286
20 0.06979354515048518
21 0.06269881684157198
0 1.0
1 0.8297866622293288
2 0.6955969099950973
3 0.5885019895777501
4 0.5020112295505517
5 0.431366842155353
6 0.373050172694245
7 0.3244344532013659
8 0.283539404098694
9 0.24885689858070337
10 0.21922640734458576
11 0.19374546575460494
12 0.17170489574476505
13 0.15254161298958635
14 0.135803993659278
15 0.12112626298685236
16 0.10820940399286666
17 0.09680680880401484
18 0.08671340298153521
19 0.07775733111755288
20 0.06979354515048525
21 0.0626988168415722
0 1.0
1 0.8297866622293303
2 0.6955969099950957
3 0.588501989577752
4 0.5020112295505516
5 0.4313668421553532
6 0.37305017269424434
7 0.3244344532013663
8 0.283539404098694
9 0.24885689858070353
10 0.2192264073445863
11 0.19374546575460522
12 0.17170489574476527
13 0.1525416129895862
14 0.13580399365927814
15 0.12112626298685267
16 0.10820940399286666
17 0.0968068088040149
18 0.08671340298153492
19 0.07775733111755302
20 0.0697935451504853
21 0.06269881684157211
0 1.0
1 0.829786662229328
2 0.6955969099950959
3 0.5885019895777509
4 0.5020112295505512
5 0.4313668421553525
6 0.37305017269424445
7 0.3244344532013662
8 0.2835394040986936
9 0.24885689858070356
10 0.21922640734458584
11 0.19374546575460502
12 0.17170489574476513
13 0.15254161298958613
14 0.13580399365927803
15 0.12112626298685245
16 0.10820940399286644
17 0.0968068088040148
18 0.08671340298153499
19 0.07775733111755284
20 0.06979354515048519
21 0.06269881684157219
0 1.0
1 0.8297866622293288
2 0.6955969099950963
3 0.5885019895777512
4 0.5020112295505517
5 0.431366842155353
6 0.3730501726942453
7 0.32443445320136605
8 0.28353940409869366
9 0.2488568985807034
10 0.21922640734458562
11 0.1937454657546054
12 0.17170489574476555
13 0.15254161298958627
14 0.13580399365927776
15 0.12112626298685249
16 0.10820940399286677
17 0.09680680880401482
18 0.08671340298153501
19 0.07775733111755295
20 0.06979354515048528
21 0.06269881684157204
0 1.0
1 0.8297866622293268
2 0.6955969099950947
3 0.5885019895777509
4 0.5020112295505511
5 0.4313668421553528
6 0.3730501726942447
7 0.32443445320136616
8 0.28353940409869366
9 0.2488568985807037
10 0.2192264073445857
11 0.1937454657546049
12 0.17170489574476527
13 0.15254161298958638
14 0.1358039936592777
15 0.1211262629868522
16 0.10820940399286649
17 0.09680680880401486
18 0.08671340298153495
19 0.07775733111755292
20 0.06979354515048536
21 0.06269881684157212
0 1.0
1 0.8297866622293271
2 0.6955969099950944
3 0.5885019895777507
4 0.5020112295505508
5 0.4313668421553519
6 0.3730501726942446
7 0.32443445320136566
8 0.2835394040986937
9 0.24885689858070356
10 0.21922640734458576
11 0.1937454657546048
12 0.17170489574476508
13 0.15254161298958607
14 0.13580399365927776
15 0.12112626298685263
16 0.10820940399286631
17 0.09680680880401484
18 0.08671340298153485
19 0.07775733111755283
20 0.06979354515048522
21 0.06269881684157197
0 1.0
1 0.8297866622293292
2 0.6955969099950964
3 0.5885019895777517
4 0.5020112295505513
5 0.43136684215535376
6 0.3730501726942457
7 0.3244344532013664
8 0.28353940409869394
9 0.24885689858070412
10 0.2192264073445861
11 0.19374546575460508
12 0.1717048957447654
13 0.15254161298958643
14 0.13580399365927812
15 0.12112626298685272
16 0.10820940399286666
17 0.09680680880401493
18 0.08671340298153515
19 0.07775733111755312
20 0.06979354515048543
21 0.06269881684157216
0 1.0
1 0.8297866622293287
2 0.6955969099950947
3 0.5885019895777513
4 0.5020112295505504
5 0.431366842155352
6 0.3730501726942442
7 0.3244344532013652
8 0.28353940409869305
9 0.24885689858070337
10 0.2192264073445854
11 0.19374546575460458
12 0.1717048957447648
13 0.15254161298958602
14 0.1358039936592775
15 0.12112626298685232
16 0.10820940399286644
17 0.09680680880401488
18 0.08671340298153479
19 0.07775733111755287
20 0.06979354515048514
21 0.06269881684157198
0 1.0
1 0.8297866622293284
2 0.6955969099950959
3 0.5885019895777504
4 0.5020112295505519
5 0.4313668421553529
6 0.3730501726942447
7 0.3244344532013653
8 0.2835394040986939
9 0.24885689858070328
10 0.21922640734458576
11 0.19374546575460525
12 0.1717048957447653
13 0.15254161298958616
14 0.1358039936592778
15 0.12112626298685243
16 0.10820940399286674
17 0.09680680880401495
18 0.08671340298153504
19 0.07775733111755288
20 0.0697935451504852
21 0.06269881684157201
0 1.0
1 0.8297866622293266
2 0.6955969099950949
3 0.5885019895777506
4 0.5020112295505511
5 0.43136684215535276
6 0.37305017269424395
7 0.32443445320136466
8 0.2835394040986932
9 0.24885689858070315
10 0.21922640734458534
11 0.1937454657546044
12 0.1717048957447652
13 0.152541612989586
14 0.13580399365927798
15 0.12112626298685242
16 0.10820940399286665
17 0.09680680880401459
18 0.08671340298153501
19 0.07775733111755277
20 0.06979354515048518
21 0.06269881684157187
0 1.0
1 0.829786662229327
2 0.6955969099950945
3 0.5885019895777505
4 0.5020112295505508
5 0.43136684215535304
6 0.37305017269424334
7 0.32443445320136416
8 0.2835394040986934
9 0.2488568985807032
10 0.21922640734458534
11 0.19374546575460483
12 0.17170489574476475
13 0.15254161298958607
14 0.13580399365927776
15 0.12112626298685229
16 0.10820940399286631
17 0.09680680880401472
18 0.08671340298153497
19 0.07775733111755276
20 0.06979354515048505
21 0.06269881684157198
0 1.0
1 0.8297866622293282
2 0.6955969099950955
3 0.5885019895777519
4 0.5020112295505503
5 0.43136684215535265
6 0.37305017269424556
7 0.3244344532013657
8 0.28353940409869394
9 0.24885689858070387
10 0.2192264073445858
11 0.1937454657546051
12 0.1717048957447654
13 0.15254161298958638
14 0.13580399365927776
15 0.12112626298685247
16 0.10820940399286658
17 0.09680680880401484
18 0.08671340298153501
19 0.0777573311175528
20 0.06979354515048528
21 0.0626988168415721
0 1.0
1 0.8297866622293281
2 0.6955969099950958
3 0.5885019895777507
4 0.5020112295505514
5 0.43136684215535226
6 0.3730501726942446
7 0.32443445320136577
8 0.2835394040986933
9 0.24885689858070328
10 0.2192264073445856
11 0.1937454657546048
12 0.1717048957447651
13 0.15254161298958618
14 0.1358039936592777
15 0.12112626298685258
16 0.10820940399286652
17 0.09680680880401492
18 0.08671340298153515
19 0.07775733111755292
20 0.06979354515048511
21 0.06269881684157198
0 1.0
1 0.8297866622293273
2 0.6955969099950956
3 0.5885019895777517
4 0.5020112295505508
5 0.4313668421553523
6 0.37305017269424495
7 0.3244344532013655
8 0.2835394040986933
9 0.24885689858070348
10 0.21922640734458548
11 0.1937454657546048
12 0.17170489574476516
13 0.1525416129895858
14 0.1358039936592775
15 0.1211262629868523
16 0.10820940399286641
17 0.09680680880401472
18 0.08671340298153488
19 0.0777573311175527
20 0.0697935451504853
21 0.06269881684157202
0 1.0
1 0.8297866622293271
2 0.6955969099950952
3 0.5885019895777506
4 0.5020112295505514
5 0.43136684215535237
6 0.3730501726942447
7 0.324434453201366
8 0.28353940409869394
9 0.2488568985807033
10 0.21922640734458557
11 0.19374546575460502
12 0.1717048957447649
13 0.15254161298958602
14 0.13580399365927784
15 0.12112626298685239
16 0.10820940399286676
17 0.09680680880401467
18 0.08671340298153489
19 0.07775733111755279
20 0.06979354515048522
21 0.06269881684157204
0 1.0
1 0.8297866622293296
2 0.695596909995097
3 0.5885019895777507
4 0.5020112295505508
5 0.43136684215535226
6 0.37305017269424556
7 0.3244344532013657
8 0.2835394040986938
9 0.24885689858070387
10 0.21922640734458565
11 0.1937454657546051
12 0.17170489574476513
13 0.1525416129895864
14 0.13580399365927778
15 0.1211262629868526
16 0.10820940399286678
17 0.09680680880401481
18 0.08671340298153514
19 0.07775733111755283
20 0.0697935451504852
21 0.06269881684157212
0 1.0
1 0.8297866622293281
2 0.6955969099950953
3 0.5885019895777509
4 0.5020112295505504
5 0.4313668421553515
6 0.3730501726942447
7 0.32443445320136516
8 0.2835394040986937
9 0.2488568985807037
10 0.21922640734458568
11 0.19374546575460502
12 0.17170489574476494
13 0.1525416129895863
14 0.13580399365927756
15 0.12112626298685236
16 0.10820940399286647
17 0.09680680880401475
18 0.08671340298153499
19 0.07775733111755274
20 0.06979354515048518
21 0.06269881684157198
0 1.0
1 0.8297866622293284
2 0.6955969099950957
3 0.5885019895777502
4 0.502011229550551
5 0.4313668421553522
6 0.3730501726942443
7 0.32443445320136505
8 0.2835394040986934
9 0.24885689858070353
10 0.21922640734458532
11 0.19374546575460486
12 0.17170489574476536
13 0.152541612989586
14 0.13580399365927764
15 0.12112626298685246
16 0.10820940399286649
17 0.09680680880401465
18 0.08671340298153507
19 0.0777573311175527
20 0.06979354515048516
21 0.06269881684157198
0 1.0
1 0.8297866622293296
2 0.6955969099950967
3 0.588501989577752
4 0.5020112295505509
5 0.43136684215535376
6 0.3730501726942445
7 0.324434453201366
8 0.28353940409869377
9 0.24885689858070356
10 0.21922640734458557
11 0.19374546575460536
12 0.1717048957447652
13 0.15254161298958616
14 0.13580399365927798
15 0.12112626298685264
16 0.10820940399286673
17 0.09680680880401484
18 0.08671340298153495
19 0.07775733111755292
20 0.06979354515048516
21 0.06269881684157212
0 1.0
1 0.829786662229328
2 0.6955969099950958
3 0.5885019895777523
4 0.5020112295505514
5 0.43136684215535354
6 0.3730501726942442
7 0.324434453201366
8 0.28353940409869444
9 0.24885689858070362
10 0.21922640734458637
11 0.19374546575460497
12 0.1717048957447653
13 0.15254161298958602
14 0.1358039936592779
15 0.1211262629868524
16 0.1082094039928669
17 0.09680680880401492
18 0.08671340298153522
19 0.07775733111755308
20 0.06979354515048522
21 0.06269881684157204
0 1.0
1 0.8297866622293281
2 0.6955969099950967
3 0.5885019895777527
4 0.5020112295505509
5 0.43136684215535315
6 0.3730501726942451
7 0.3244344532013658
8 0.2835394040986939
9 0.24885689858070417
10 0.2192264073445862
11 0.19374546575460513
12 0.1717048957447653
13 0.15254161298958643
14 0.1358039936592778
15 0.12112626298685243
16 0.10820940399286681
17 0.09680680880401496
18 0.08671340298153511
19 0.077757331117553
20 0.06979354515048522
21 0.06269881684157201
0 1.0
1 0.8297866622293292
2 0.6955969099950962
3 0.5885019895777511
4 0.5020112295505526
5 0.4313668421553531
6 0.37305017269424484
7 0.32443445320136627
8 0.28353940409869366
9 0.24885689858070353
10 0.21922640734458607
11 0.19374546575460544
12 0.17170489574476558
13 0.15254161298958635
14 0.1358039936592779
15 0.1211262629868528
16 0.1082094039928671
17 0.09680680880401499
18 0.08671340298153515
19 0.07775733111755304
20 0.0697935451504853
21 0.06269881684157218
0 1.0
1 0.8297866622293284
2 0.6955969099950967
3 0.5885019895777505
4 0.5020112295505512
5 0.43136684215535276
6 0.37305017269424456
7 0.3244344532013652
8 0.2835394040986936
9 0.24885689858070426
10 0.21922640734458562
11 0.1937454657546049
12 0.17170489574476505
13 0.15254161298958632
14 0.13580399365927776
15 0.12112626298685245
16 0.10820940399286648
17 0.09680680880401467
18 0.08671340298153497
19 0.07775733111755287
20 0.06979354515048532
21 0.06269881684157214
0 1.0
1 0.8297866622293265
2 0.6955969099950954
3 0.5885019895777504
4 0.5020112295505508
5 0.43136684215535254
6 0.3730501726942449
7 0.3244344532013655
8 0.2835394040986933
9 0.24885689858070376
10 0.21922640734458548
11 0.19374546575460516
12 0.17170489574476516
13 0.15254161298958616
14 0.13580399365927787
15 0.12112626298685232
16 0.10820940399286642
17 0.09680680880401468
18 0.08671340298153488
19 0.07775733111755267
20 0.06979354515048525
21 0.06269881684157212
0 1.0
1 0.8297866622293286
2 0.695596909995094
3 0.5885019895777506
4 0.5020112295505514
5 0.43136684215535354
6 0.3730501726942443
7 0.3244344532013656
8 0.283539404098693
9 0.24885689858070337
10 0.21922640734458557
11 0.1937454657546048
12 0.17170489574476516
13 0.15254161298958605
14 0.1358039936592779
15 0.12112626298685215
16 0.10820940399286674
17 0.09680680880401463
18 0.08671340298153513
19 0.07775733111755298
20 0.06979354515048539
21 0.06269881684157208
0 1.0
1 0.8297866622293286
2 0.6955969099950968
3 0.5885019895777513
4 0.5020112295505523
5 0.43136684215535365
6 0.37305017269424473
7 0.3244344532013655
8 0.2835394040986943
9 0.24885689858070378
10 0.2192264073445862
11 0.19374546575460538
12 0.17170489574476533
13 0.15254161298958632
14 0.13580399365927792
15 0.1211262629868526
16 0.10820940399286673
17 0.09680680880401489
18 0.0867134029815351
19 0.0777573311175532
20 0.06979354515048525
21 0.06269881684157218
0 1.0
1 0.8297866622293292
2 0.6955969099950956
3 0.5885019895777522
4 0.502011229550552
5 0.43136684215535315
6 0.37305017269424523
7 0.3244344532013661
8 0.2835394040986943
9 0.24885689858070384
10 0.2192264073445864
11 0.19374546575460505
12 0.1717048957447658
13 0.15254161298958613
14 0.13580399365927798
15 0.1211262629868528
16 0.10820940399286677
17 0.09680680880401497
18 0.08671340298153522
19 0.07775733111755305
20 0.06979354515048525
21 0.06269881684157211
0 1.0
1 0.8297866622293293
2 0.695596909995097
3 0.5885019895777513
4 0.5020112295505514
5 0.43136684215535237
6 0.37305017269424484
7 0.32443445320136605
8 0.2835394040986937
9 0.2488568985807037
10 0.21922640734458604
11 0.19374546575460555
12 0.1717048957447653
13 0.15254161298958643
14 0.1358039936592781
15 0.12112626298685253
16 0.10820940399286678
17 0.09680680880401496
18 0.08671340298153514
19 0.07775733111755279
20 0.06979354515048536
21 0.06269881684157218
0 1.0
1 0.8297866622293278
2 0.6955969099950945
3 0.5885019895777508
4 0.5020112295505519
5 0.4313668421553536
6 0.3730501726942437
7 0.3244344532013657
8 0.28353940409869416
9 0.2488568985807031
10 0.21922640734458568
11 0.19374546575460472
12 0.17170489574476508
13 0.15254161298958616
14 0.13580399365927773
15 0.12112626298685243
16 0.10820940399286656
17 0.09680680880401472
18 0.08671340298153497
19 0.07775733111755287
20 0.06979354515048537
21 0.06269881684157204
0 1.0
1 0.829786662229327
2 0.6955969099950956
3 0.5885019895777516
4 0.5020112295505507
5 0.4313668421553532
6 0.3730501726942445
7 0.3244344532013652
8 0.28353940409869366
9 0.24885689858070403
10 0.2192264073445859
11 0.19374546575460488
12 0.17170489574476525
13 0.15254161298958643
14 0.13580399365927776
15 0.12112626298685264
16 0.10820940399286662
17 0.09680680880401475
18 0.08671340298153521
19 0.07775733111755309
20 0.06979354515048525
21 0.06269881684157215
0 1.0
1 0.8297866622293298
2 0.695596909995097
3 0.5885019895777511
4 0.5020112295505522
5 0.4313668421553528
6 0.37305017269424473
7 0.3244344532013666
8 0.28353940409869377
9 0.24885689858070337
10 0.21922640734458593
11 0.19374546575460522
12 0.17170489574476547
13 0.15254161298958627
14 0.13580399365927798
15 0.12112626298685256
16 0.10820940399286672
17 0.096806808804015
18 0.08671340298153517
19 0.07775733111755298
20 0.0697935451504853
21 0.06269881684157225
0 1.0
1 0.8297866622293281
2 0.6955969099950969
3 0.5885019895777509
4 0.5020112295505504
5 0.43136684215535354
6 0.3730501726942451
7 0.3244344532013658
8 0.2835394040986938
9 0.24885689858070345
10 0.21922640734458565
11 0.19374546575460502
12 0.17170489574476575
13 0.1525416129895863
14 0.13580399365927784
15 0.12112626298685256
16 0.10820940399286678
17 0.09680680880401485
18 0.08671340298153513
19 0.07775733111755292
20 0.0697935451504853
21 0.06269881684157198
0 1.0
1 0.8297866622293287
2 0.6955969099950959
3 0.588501989577752
4 0.5020112295505514
5 0.4313668421553531
6 0.3730501726942444
7 0.32443445320136516
8 0.28353940409869377
9 0.24885689858070337
10 0.21922640734458576
11 0.1937454657546053
12 0.1717048957447655
13 0.1525416129895862
14 0.13580399365927778
15 0.12112626298685251
16 0.1082094039928664
17 0.09680680880401474
18 0.08671340298153518
19 0.07775733111755295
20 0.06979354515048528
21 0.06269881684157201
0 1.0
1 0.8297866622293274
2 0.6955969099950953
3 0.5885019895777518
4 0.5020112295505503
5 0.4313668421553529
6 0.37305017269424395
7 0.3244344532013655
8 0.28353940409869344
9 0.24885689858070387
10 0.21922640734458568
11 0.19374546575460505
12 0.17170489574476522
13 0.1525416129895862
14 0.1358039936592778
15 0.1211262629868523
16 0.1082094039928664
17 0.09680680880401467
18 0.086713402981535
19 0.07775733111755284
20 0.06979354515048515
21 0.06269881684157205
0 1.0
1 0.8297866622293305
2 0.695596909995097
3 0.5885019895777518
4 0.5020112295505521
5 0.431366842155353
6 0.3730501726942454
7 0.32443445320136555
8 0.28353940409869377
9 0.24885689858070403
10 0.2192264073445861
11 0.1937454657546052
12 0.17170489574476566
13 0.15254161298958666
14 0.13580399365927806
15 0.1211262629868528
16 0.10820940399286677
17 0.09680680880401495
18 0.0867134029815352
19 0.0777573311175531
20 0.06979354515048541
21 0.0626988168415722
0 1.0
1 0.8297866622293252
2 0.6955969099950939
3 0.5885019895777517
4 0.5020112295505496
5 0.4313668421553519
6 0.3730501726942437
7 0.3244344532013647
8 0.2835394040986926
9 0.24885689858070337
10 0.2192264073445855
11 0.19374546575460508
12 0.17170489574476477
13 0.15254161298958602
14 0.13580399365927764
15 0.12112626298685227
16 0.10820940399286638
17 0.0968068088040145
18 0.08671340298153488
19 0.07775733111755274
20 0.06979354515048511
21 0.0626988168415719
0 1.0
1 0.8297866622293281
2 0.6955969099950956
3 0.5885019895777512
4 0.5020112295505521
5 0.4313668421553532
6 0.3730501726942443
7 0.3244344532013657
8 0.2835394040986938
9 0.2488568985807033
10 0.2192264073445859
11 0.19374546575460494
12 0.1717048957447657
13 0.15254161298958624
14 0.13580399365927784
15 0.1211262629868526
16 0.10820940399286665
17 0.09680680880401481
18 0.08671340298153504
19 0.07775733111755295
20 0.0697935451504852
21 0.06269881684157211
0 1.0
1 0.829786662229326
2 0.6955969099950942
3 0.5885019895777498
4 0.5020112295505507
5 0.4313668421553527
6 0.37305017269424295
7 0.32443445320136544
8 0.2835394040986934
9 0.2488568985807032
10 0.219226407344586
11 0.1937454657546049
12 0.17170489574476516
13 0.15254161298958616
14 0.1358039936592776
15 0.12112626298685225
16 0.1082094039928664
17 0.09680680880401456
18 0.08671340298153488
19 0.0777573311175527
20 0.06979354515048511
21 0.06269881684157197
0 1.0
1 0.8297866622293271
2 0.6955969099950939
3 0.5885019895777511
4 0.5020112295505503
5 0.4313668421553518
6 0.3730501726942443
7 0.3244344532013654
8 0.28353940409869305
9 0.24885689858070292
10 0.2192264073445853
11 0.19374546575460452
12 0.17170489574476472
13 0.15254161298958574
14 0.13580399365927773
15 0.12112626298685199
16 0.10820940399286635
17 0.09680680880401453
18 0.08671340298153504
19 0.0777573311175528
20 0.06979354515048515
21 0.06269881684157202
0 1.0
1 0.829786662229329
2 0.6955969099950952
3 0.5885019895777521
4 0.5020112295505519
5 0.43136684215535315
6 0.3730501726942451
7 0.3244344532013659
8 0.2835394040986939
9 0.24885689858070387
10 0.21922640734458604
11 0.19374546575460516
12 0.17170489574476547
13 0.15254161298958654
14 0.13580399365927787
15 0.12112626298685249
16 0.1082094039928669
17 0.09680680880401486
18 0.08671340298153503
19 0.07775733111755292
20 0.0697935451504852
21 0.06269881684157214
0 1.0
1 0.8297866622293267
2 0.6955969099950957
3 0.5885019895777502
4 0.5020112295505499
5 0.4313668421553524
6 0.3730501726942447
7 0.3244344532013655
8 0.2835394040986936
9 0.24885689858070345
10 0.21922640734458546
11 0.1937454657546047
12 0.1717048957447649
13 0.1525416129895862
14 0.1358039936592775
15 0.1211262629868523
16 0.10820940399286644
17 0.09680680880401447
18 0.08671340298153477
19 0.07775733111755281
20 0.06979354515048523
21 0.06269881684157194
0 1.0
1 0.8297866622293274
2 0.6955969099950944
3 0.5885019895777504
4 0.5020112295505506
5 0.43136684215535276
6 0.3730501726942431
7 0.32443445320136505
8 0.283539404098693
9 0.24885689858070306
10 0.2192264073445851
11 0.19374546575460497
12 0.17170489574476497
13 0.15254161298958596
14 0.1358039936592776
15 0.12112626298685239
16 0.10820940399286652
17 0.09680680880401464
18 0.08671340298153497
19 0.07775733111755288
20 0.06979354515048507
21 0.06269881684157194
0 1.0
1 0.8297866622293273
2 0.6955969099950956
3 0.5885019895777516
4 0.5020112295505511
5 0.4313668421553531
6 0.3730501726942452
7 0.32443445320136527
8 0.2835394040986938
9 0.2488568985807034
10 0.2192264073445857
11 0.19374546575460533
12 0.1717048957447652
13 0.15254161298958602
14 0.13580399365927764
15 0.12112626298685258
16 0.1082094039928666
17 0.09680680880401478
18 0.08671340298153514
19 0.07775733111755279
20 0.06979354515048525
21 0.06269881684157211
0 1.0
1 0.8297866622293273
2 0.6955969099950939
3 0.5885019895777513
4 0.5020112295505519
5 0.4313668421553518
6 0.37305017269424423
7 0.3244344532013655
8 0.28353940409869355
9 0.24885689858070323
10 0.21922640734458576
11 0.1937454657546049
12 0.1717048957447649
13 0.15254161298958605
14 0.135803993659278
15 0.12112626298685227
16 0.1082094039928667
17 0.09680680880401478
18 0.08671340298153513
19 0.07775733111755295
20 0.06979354515048514
21 0.06269881684157202
0 1.0
1 0.8297866622293293
2 0.6955969099950968
3 0.5885019895777508
4 0.50201122955055
5 0.4313668421553523
6 0.3730501726942445
7 0.3244344532013647
8 0.2835394040986932
9 0.24885689858070356
10 0.21922640734458587
11 0.19374546575460455
12 0.17170489574476513
13 0.15254161298958602
14 0.13580399365927773
15 0.12112626298685222
16 0.10820940399286656
17 0.09680680880401464
18 0.08671340298153493
19 0.07775733111755276
20 0.06979354515048518
21 0.06269881684157202
0 1.0
1 0.8297866622293268
2 0.6955969099950947
3 0.5885019895777511
4 0.5020112295505511
5 0.43136684215535204
6 0.3730501726942447
7 0.32443445320136566
8 0.28353940409869327
9 0.24885689858070345
10 0.21922640734458548
11 0.19374546575460505
12 0.17170489574476502
13 0.1525416129895861
14 0.13580399365927787
15 0.1211262629868523
16 0.10820940399286649
17 0.09680680880401464
18 0.08671340298153499
19 0.07775733111755284
20 0.06979354515048511
21 0.06269881684157191
0 1.0
1 0.8297866622293286
2 0.6955969099950964
3 0.5885019895777527
4 0.5020112295505517
5 0.43136684215535237
6 0.37305017269424506
7 0.32443445320136555
8 0.2835394040986942
9 0.24885689858070392
10 0.21922640734458587
11 0.1937454657546052
12 0.1717048957447652
13 0.15254161298958613
14 0.13580399365927798
15 0.12112626298685243
16 0.10820940399286656
17 0.09680680880401472
18 0.08671340298153511
19 0.077757331117553
20 0.06979354515048532
21 0.06269881684157204
0 1.0
1 0.8297866622293267
2 0.6955969099950942
3 0.5885019895777502
4 0.5020112295505507
5 0.43136684215535215
6 0.3730501726942442
7 0.32443445320136527
8 0.28353940409869305
9 0.24885689858070364
10 0.21922640734458554
11 0.19374546575460472
12 0.1717048957447651
13 0.15254161298958605
14 0.13580399365927776
15 0.12112626298685251
16 0.10820940399286648
17 0.09680680880401482
18 0.08671340298153495
19 0.07775733111755284
20 0.06979354515048518
21 0.06269881684157202
0 1.0
1 0.8297866622293283
2 0.695596909995095
3 0.5885019895777512
4 0.5020112295505512
5 0.43136684215535165
6 0.3730501726942446
7 0.3244344532013649
8 0.283539404098694
9 0.24885689858070323
10 0.21922640734458568
11 0.19374546575460516
12 0.171704895744765
13 0.152541612989586
14 0.1358039936592777
15 0.12112626298685263
16 0.1082094039928664
17 0.09680680880401471
18 0.08671340298153497
19 0.07775733111755284
20 0.0697935451504852
21 0.06269881684157201
0 1.0
1 0.8297866622293274
2 0.6955969099950958
3 0.5885019895777513
4 0.5020112295505509
5 0.4313668421553527
6 0.3730501726942443
7 0.3244344532013656
8 0.28353940409869355
9 0.24885689858070328
10 0.21922640734458576
11 0.193745465754605
12 0.17170489574476502
13 0.15254161298958627
14 0.13580399365927806
15 0.12112626298685243
16 0.10820940399286662
17 0.0968068088040147
18 0.086713402981535
19 0.07775733111755291
20 0.06979354515048514
21 0.06269881684157204
0 1.0
1 0.8297866622293307
2 0.695596909995097
3 0.5885019895777531
4 0.5020112295505526
5 0.4313668421553544
6 0.3730501726942461
7 0.32443445320136666
8 0.2835394040986948
9 0.2488568985807045
10 0.21922640734458643
11 0.19374546575460594
12 0.17170489574476588
13 0.15254161298958713
14 0.13580399365927814
15 0.12112626298685278
16 0.10820940399286681
17 0.09680680880401499
18 0.08671340298153525
19 0.07775733111755302
20 0.06979354515048546
21 0.06269881684157227
0 1.0
1 0.8297866622293264
2 0.6955969099950947
3 0.5885019895777491
4 0.5020112295505501
5 0.431366842155352
6 0.37305017269424356
7 0.32443445320136444
8 0.2835394040986929
9 0.2488568985807029
10 0.21922640734458526
11 0.19374546575460425
12 0.17170489574476477
13 0.1525416129895859
14 0.13580399365927745
15 0.1211262629868523
16 0.10820940399286622
17 0.09680680880401464
18 0.08671340298153475
19 0.07775733111755256
20 0.06979354515048512
21 0.06269881684157194
0 1.0
1 0.8297866622293281
2 0.6955969099950965
3 0.5885019895777509
4 0.5020112295505518
5 0.4313668421553532
6 0.3730501726942446
7 0.3244344532013652
8 0.2835394040986941
9 0.2488568985807042
10 0.219226407344586
11 0.19374546575460494
12 0.1717048957447654
13 0.1525416129895862
14 0.13580399365927823
15 0.12112626298685256
16 0.10820940399286674
17 0.09680680880401492
18 0.08671340298153518
19 0.07775733111755294
20 0.06979354515048536
21 0.06269881684157216
0 1.0
1 0.8297866622293262
2 0.6955969099950959
3 0.588501989577751
4 0.502011229550551
5 0.4313668421553522
6 0.3730501726942441
7 0.32443445320136505
8 0.28353940409869377
9 0.2488568985807037
10 0.21922640734458576
11 0.1937454657546047
12 0.17170489574476513
13 0.15254161298958632
14 0.1358039936592777
15 0.12112626298685246
16 0.10820940399286645
17 0.0968068088040146
18 0.08671340298153486
19 0.07775733111755279
20 0.06979354515048515
21 0.06269881684157201
0 1.0
1 0.8297866622293264
2 0.6955969099950957
3 0.588501989577751
4 0.5020112295505503
5 0.43136684215535276
6 0.3730501726942448
7 0.32443445320136494
8 0.28353940409869305
9 0.248856898580703
10 0.21922640734458537
11 0.1937454657546048
12 0.17170489574476525
13 0.152541612989586
14 0.13580399365927753
15 0.12112626298685233
16 0.10820940399286663
17 0.09680680880401463
18 0.08671340298153497
19 0.07775733111755277
20 0.06979354515048523
21 0.06269881684157196
0 1.0
1 0.8297866622293277
2 0.6955969099950962
3 0.5885019895777504
4 0.5020112295505509
5 0.4313668421553523
6 0.37305017269424423
7 0.3244344532013654
8 0.28353940409869366
9 0.24885689858070306
10 0.2192264073445858
11 0.19374546575460538
12 0.17170489574476502
13 0.15254161298958627
14 0.13580399365927798
15 0.12112626298685239
16 0.10820940399286647
17 0.09680680880401484
18 0.08671340298153486
19 0.07775733111755291
20 0.06979354515048516
21 0.062698816841572
0 1.0
1 0.8297866622293298
2 0.695596909995096
3 0.5885019895777502
4 0.5020112295505511
5 0.43136684215535176
6 0.37305017269424395
7 0.32443445320136494
8 0.2835394040986938
9 0.24885689858070378
10 0.21922640734458584
11 0.1937454657546049
12 0.17170489574476508
13 0.15254161298958605
14 0.13580399365927773
15 0.1211262629868522
16 0.10820940399286672
17 0.09680680880401464
18 0.08671340298153493
19 0.07775733111755291
20 0.06979354515048522
21 0.06269881684157216
0 1.0
1 0.8297866622293278
2 0.6955969099950963
3 0.5885019895777509
4 0.5020112295505517
5 0.4313668421553523
6 0.3730501726942442
7 0.3244344532013662
8 0.28353940409869377
9 0.24885689858070387
10 0.21922640734458593
11 0.193745465754605
12 0.1717048957447654
13 0.15254161298958635
14 0.13580399365927776
15 0.12112626298685243
16 0.10820940399286673
17 0.09680680880401478
18 0.08671340298153511
19 0.0777573311175528
20 0.06979354515048523
21 0.06269881684157214
0 1.0
1 0.8297866622293276
2 0.6955969099950956
3 0.5885019895777506
4 0.5020112295505517
5 0.43136684215535254
6 0.37305017269424445
7 0.3244344532013655
8 0.2835394040986931
9 0.2488568985807037
10 0.21922640734458548
11 0.19374546575460466
12 0.17170489574476536
13 0.152541612989586
14 0.13580399365927762
15 0.12112626298685227
16 0.10820940399286633
17 0.0968068088040146
18 0.08671340298153485
19 0.07775733111755273
20 0.06979354515048514
21 0.06269881684157208
0 1.0
1 0.8297866622293298
2 0.6955969099950962
3 0.588501989577751
4 0.5020112295505517
5 0.4313668421553529
6 0.37305017269424423
7 0.32443445320136566
8 0.28353940409869355
9 0.24885689858070315
10 0.21922640734458593
11 0.19374546575460497
12 0.17170489574476505
13 0.15254161298958593
14 0.13580399365927767
15 0.12112626298685246
16 0.10820940399286648
17 0.09680680880401485
18 0.08671340298153497
19 0.07775733111755286
20 0.06979354515048522
21 0.06269881684157198
0 1.0
1 0.8297866622293293
2 0.6955969099950964
3 0.5885019895777519
4 0.5020112295505518
5 0.4313668421553533
6 0.3730501726942452
7 0.3244344532013656
8 0.28353940409869405
9 0.2488568985807037
10 0.219226407344586
11 0.19374546575460544
12 0.17170489574476558
13 0.15254161298958632
14 0.135803993659278
15 0.12112626298685253
16 0.10820940399286665
17 0.09680680880401496
18 0.08671340298153508
19 0.07775733111755301
20 0.06979354515048541
21 0.06269881684157218
0 1.0
1 0.8297866622293278
2 0.6955969099950953
3 0.5885019895777508
4 0.5020112295505518
5 0.4313668421553521
6 0.3730501726942449
7 0.32443445320136505
8 0.28353940409869416
9 0.24885689858070387
10 0.21922640734458543
11 0.19374546575460483
12 0.17170489574476527
13 0.152541612989586
14 0.1358039936592778
15 0.12112626298685263
16 0.10820940399286672
17 0.09680680880401485
18 0.0867134029815349
19 0.077757331117553
20 0.06979354515048528
21 0.06269881684157208
0 1.0
1 0.8297866622293275
2 0.6955969099950955
3 0.5885019895777512
4 0.502011229550552
5 0.4313668421553525
6 0.3730501726942448
7 0.3244344532013663
8 0.2835394040986938
9 0.24885689858070373
10 0.21922640734458548
11 0.19374546575460486
12 0.17170489574476538
13 0.1525416129895863
14 0.13580399365927812
15 0.1211262629868526
16 0.10820940399286662
17 0.09680680880401478
18 0.08671340298153499
19 0.07775733111755288
20 0.06979354515048522
21 0.06269881684157214
0 1.0
1 0.829786662229328
2 0.6955969099950949
3 0.5885019895777495
4 0.5020112295505509
5 0.4313668421553516
6 0.3730501726942448
7 0.3244344532013653
8 0.2835394040986938
9 0.24885689858070356
10 0.21922640734458584
11 0.1937454657546048
12 0.17170489574476488
13 0.15254161298958607
14 0.13580399365927795
15 0.12112626298685235
16 0.10820940399286659
17 0.0968068088040148
18 0.08671340298153503
19 0.07775733111755287
20 0.0697935451504852
21 0.06269881684157198
0 1.0
1 0.8297866622293275
2 0.6955969099950958
3 0.5885019895777505
4 0.5020112295505511
5 0.43136684215535204
6 0.37305017269424384
7 0.3244344532013645
8 0.2835394040986931
9 0.24885689858070337
10 0.21922640734458576
11 0.19374546575460463
12 0.1717048957447652
13 0.15254161298958616
14 0.1358039936592773
15 0.12112626298685242
16 0.10820940399286647
17 0.09680680880401467
18 0.08671340298153483
19 0.07775733111755276
20 0.06979354515048511
21 0.06269881684157186
0 1.0
1 0.8297866622293287
2 0.6955969099950947
3 0.5885019895777517
4 0.5020112295505497
5 0.43136684215535187
6 0.37305017269424395
7 0.3244344532013652
8 0.28353940409869344
9 0.24885689858070345
10 0.21922640734458548
11 0.19374546575460488
12 0.17170489574476497
13 0.15254161298958624
14 0.13580399365927787
15 0.12112626298685227
16 0.10820940399286649
17 0.09680680880401468
18 0.08671340298153493
19 0.07775733111755277
20 0.06979354515048511
21 0.0626988168415721
0 1.0
1 0.829786662229328
2 0.6955969099950964
3 0.5885019895777519
4 0.502011229550552
5 0.43136684215535287
6 0.3730501726942448
7 0.32443445320136627
8 0.283539404098694
9 0.24885689858070364
10 0.2192264073445866
11 0.19374546575460488
12 0.17170489574476536
13 0.15254161298958624
14 0.1358039936592778
15 0.12112626298685235
16 0.1082094039928666
17 0.09680680880401492
18 0.08671340298153507
19 0.0777573311175528
20 0.06979354515048525
21 0.0626988168415721
0 1.0
1 0.829786662229328
2 0.6955969099950952
3 0.5885019895777513
4 0.5020112295505511
5 0.43136684215535226
6 0.37305017269424434
7 0.32443445320136544
8 0.28353940409869327
9 0.24885689858070323
10 0.21922640734458526
11 0.19374546575460497
12 0.17170489574476508
13 0.1525416129895861
14 0.13580399365927778
15 0.12112626298685236
16 0.10820940399286663
17 0.0968068088040148
18 0.08671340298153501
19 0.07775733111755286
20 0.06979354515048532
21 0.06269881684157211
0 1.0
1 0.829786662229329
2 0.6955969099950963
3 0.5885019895777528
4 0.5020112295505517
5 0.4313668421553528
6 0.37305017269424495
7 0.32443445320136566
8 0.28353940409869427
9 0.24885689858070387
10 0.21922640734458596
11 0.19374546575460522
12 0.17170489574476522
13 0.15254161298958632
14 0.1358039936592781
15 0.12112626298685257
16 0.10820940399286692
17 0.09680680880401504
18 0.08671340298153524
19 0.07775733111755305
20 0.06979354515048526
21 0.06269881684157215
0 1.0
1 0.8297866622293288
2 0.6955969099950958
3 0.5885019895777504
4 0.5020112295505503
5 0.43136684215535237
6 0.37305017269424384
7 0.32443445320136477
8 0.28353940409869327
9 0.2488568985807033
10 0.21922640734458532
11 0.19374546575460452
12 0.17170489574476508
13 0.15254161298958616
14 0.13580399365927798
15 0.12112626298685228
16 0.10820940399286649
17 0.09680680880401474
18 0.08671340298153485
19 0.07775733111755291
20 0.06979354515048522
21 0.06269881684157201
0 1.0
1 0.8297866622293297
2 0.6955969099950958
3 0.5885019895777519
4 0.5020112295505511
5 0.4313668421553526
6 0.3730501726942449
7 0.32443445320136577
8 0.2835394040986936
9 0.24885689858070292
10 0.21922640734458568
11 0.19374546575460513
12 0.17170489574476525
13 0.15254161298958627
14 0.13580399365927784
15 0.12112626298685228
16 0.10820940399286669
17 0.0968068088040147
18 0.08671340298153496
19 0.07775733111755292
20 0.06979354515048518
21 0.06269881684157208
0 1.0
1 0.8297866622293297
2 0.6955969099950975
3 0.5885019895777519
4 0.5020112295505523
5 0.4313668421553535
6 0.3730501726942453
7 0.32443445320136566
8 0.28353940409869405
9 0.24885689858070395
10 0.21922640734458596
11 0.19374546575460538
12 0.1717048957447654
13 0.15254161298958654
14 0.13580399365927812
15 0.12112626298685261
16 0.10820940399286669
17 0.09680680880401502
18 0.0867134029815351
19 0.07775733111755291
20 0.06979354515048546
21 0.06269881684157226
0 1.0
1 0.8297866622293262
2 0.6955969099950943
3 0.5885019895777497
4 0.50201122955055
5 0.43136684215535126
6 0.37305017269424323
7 0.32443445320136477
8 0.28353940409869227
9 0.24885689858070298
10 0.21922640734458518
11 0.19374546575460433
12 0.17170489574476477
13 0.15254161298958563
14 0.1358039936592773
15 0.12112626298685221
16 0.1082094039928663
17 0.09680680880401468
18 0.08671340298153499
19 0.0777573311175527
20 0.06979354515048505
21 0.062698816841572
0 1.0
1 0.8297866622293272
2 0.6955969099950952
3 0.5885019895777496
4 0.5020112295505509
5 0.4313668421553519
6 0.37305017269424373
7 0.3244344532013646
8 0.2835394040986931
9 0.2488568985807025
10 0.2192264073445855
11 0.19374546575460463
12 0.17170489574476483
13 0.15254161298958574
14 0.13580399365927748
15 0.12112626298685235
16 0.10820940399286622
17 0.0968068088040146
18 0.0867134029815348
19 0.07775733111755273
20 0.06979354515048522
21 0.062698816841572
0 1.0
1 0.8297866622293287
2 0.6955969099950967
3 0.5885019895777516
4 0.5020112295505511
5 0.43136684215535404
6 0.3730501726942452
7 0.32443445320136594
8 0.28353940409869366
9 0.24885689858070362
10 0.21922640734458607
11 0.19374546575460516
12 0.17170489574476555
13 0.15254161298958657
14 0.13580399365927778
15 0.1211262629868524
16 0.10820940399286683
17 0.09680680880401486
18 0.08671340298153515
19 0.07775733111755306
20 0.0697935451504854
21 0.06269881684157204
0 1.0
1 0.8297866622293278
2 0.6955969099950955
3 0.5885019895777519
4 0.5020112295505517
5 0.43136684215535254
6 0.37305017269424556
7 0.3244344532013655
8 0.28353940409869366
9 0.24885689858070362
10 0.219226407344586
11 0.19374546575460494
12 0.17170489574476502
13 0.1525416129895862
14 0.13580399365927795
15 0.12112626298685247
16 0.10820940399286666
17 0.09680680880401474
18 0.08671340298153508
19 0.07775733111755284
20 0.06979354515048533
21 0.06269881684157218
0 1.0
1 0.8297866622293275
2 0.6955969099950952
3 0.5885019895777511
4 0.5020112295505518
5 0.4313668421553526
6 0.37305017269424406
7 0.3244344532013656
8 0.2835394040986935
9 0.24885689858070348
10 0.2192264073445861
11 0.19374546575460552
12 0.17170489574476533
13 0.15254161298958632
14 0.13580399365927764
15 0.12112626298685263
16 0.10820940399286644
17 0.09680680880401478
18 0.08671340298153507
19 0.07775733111755286
20 0.06979354515048514
21 0.06269881684157208
0 1.0
1 0.8297866622293252
2 0.6955969099950944
3 0.5885019895777502
4 0.5020112295505493
5 0.43136684215535137
6 0.37305017269424384
7 0.3244344532013648
8 0.2835394040986934
9 0.24885689858070292
10 0.2192264073445849
11 0.1937454657546045
12 0.1717048957447651
13 0.15254161298958552
14 0.13580399365927753
15 0.12112626298685186
16 0.10820940399286645
17 0.09680680880401457
18 0.08671340298153475
19 0.07775733111755262
20 0.06979354515048493
21 0.06269881684157187
0 1.0
1 0.829786662229327
2 0.6955969099950942
3 0.588501989577751
4 0.5020112295505503
5 0.4313668421553522
6 0.37305017269424423
7 0.3244344532013652
8 0.28353940409869366
9 0.248856898580703
10 0.21922640734458534
11 0.193745465754605
12 0.17170489574476486
13 0.15254161298958607
14 0.1358039936592778
15 0.12112626298685243
16 0.1082094039928665
17 0.09680680880401461
18 0.08671340298153495
19 0.07775733111755276
20 0.06979354515048518
21 0.06269881684157189
0 1.0
1 0.829786662229329
2 0.695596909995097
3 0.5885019895777523
4 0.5020112295505513
5 0.43136684215535315
6 0.3730501726942448
7 0.3244344532013651
8 0.2835394040986939
9 0.24885689858070395
10 0.2192264073445862
11 0.1937454657546053
12 0.1717048957447653
13 0.15254161298958627
14 0.1358039936592778
15 0.12112626298685263
16 0.10820940399286655
17 0.09680680880401489
18 0.08671340298153522
19 0.07775733111755305
20 0.0697935451504853
21 0.06269881684157223
0 1.0
1 0.8297866622293301
2 0.695596909995095
3 0.5885019895777516
4 0.5020112295505514
5 0.43136684215535304
6 0.37305017269424473
7 0.32443445320136544
8 0.2835394040986936
9 0.2488568985807033
10 0.21922640734458568
11 0.1937454657546049
12 0.17170489574476538
13 0.15254161298958616
14 0.1358039936592779
15 0.12112626298685224
16 0.10820940399286655
17 0.09680680880401477
18 0.086713402981535
19 0.0777573311175529
20 0.06979354515048537
21 0.06269881684157216
0 1.0
1 0.8297866622293271
2 0.6955969099950964
3 0.58850198957775
4 0.5020112295505516
5 0.43136684215535304
6 0.3730501726942446
7 0.3244344532013655
8 0.2835394040986933
9 0.24885689858070345
10 0.2192264073445853
11 0.19374546575460477
12 0.17170489574476513
13 0.15254161298958574
14 0.13580399365927778
15 0.12112626298685236
16 0.10820940399286653
17 0.09680680880401464
18 0.08671340298153507
19 0.07775733111755279
20 0.06979354515048512
21 0.06269881684157216
0 1.0
1 0.8297866622293293
2 0.6955969099950975
3 0.5885019895777516
4 0.5020112295505512
5 0.4313668421553529
6 0.37305017269424495
7 0.3244344532013657
8 0.2835394040986937
9 0.24885689858070348
10 0.21922640734458598
11 0.19374546575460508
12 0.17170489574476516
13 0.15254161298958646
14 0.13580399365927784
15 0.12112626298685256
16 0.10820940399286674
17 0.0968068088040149
18 0.08671340298153522
19 0.07775733111755298
20 0.06979354515048528
21 0.06269881684157212
0 1.0
1 0.8297866622293256
2 0.6955969099950949
3 0.5885019895777505
4 0.5020112295505506
5 0.4313668421553522
6 0.37305017269424373
7 0.3244344532013648
8 0.283539404098693
9 0.24885689858070337
10 0.21922640734458565
11 0.19374546575460455
12 0.17170489574476494
13 0.1525416129895858
14 0.1358039936592775
15 0.12112626298685215
16 0.10820940399286638
17 0.09680680880401456
18 0.08671340298153492
19 0.07775733111755277
20 0.06979354515048505
21 0.06269881684157201
0 1.0
1 0.8297866622293287
2 0.6955969099950958
3 0.5885019895777506
4 0.5020112295505511
5 0.4313668421553532
6 0.37305017269424506
7 0.3244344532013658
8 0.28353940409869394
9 0.2488568985807037
10 0.2192264073445858
11 0.19374546575460505
12 0.17170489574476527
13 0.15254161298958616
14 0.13580399365927773
15 0.12112626298685254
16 0.1082094039928666
17 0.09680680880401489
18 0.08671340298153493
19 0.07775733111755287
20 0.06979354515048525
21 0.06269881684157212
0 1.0
1 0.8297866622293286
2 0.6955969099950952
3 0.5885019895777518
4 0.5020112295505511
5 0.4313668421553521
6 0.37305017269424423
7 0.32443445320136566
8 0.2835394040986932
9 0.2488568985807032
10 0.21922640734458554
11 0.19374546575460502
12 0.17170489574476525
13 0.15254161298958607
14 0.13580399365927764
15 0.12112626298685239
16 0.10820940399286655
17 0.09680680880401477
18 0.086713402981535
19 0.07775733111755286
20 0.06979354515048522
21 0.06269881684157215
0 1.0
1 0.8297866622293266
2 0.6955969099950962
3 0.5885019895777497
4 0.5020112295505503
5 0.43136684215535254
6 0.37305017269424506
7 0.32443445320136566
8 0.2835394040986938
9 0.24885689858070337
10 0.21922640734458507
11 0.19374546575460505
12 0.17170489574476513
13 0.152541612989586
14 0.13580399365927764
15 0.12112626298685228
16 0.10820940399286652
17 0.09680680880401471
18 0.08671340298153493
19 0.07775733111755265
20 0.06979354515048522
21 0.06269881684157204
0 1.0
1 0.8297866622293281
2 0.6955969099950965
3 0.5885019895777516
4 0.5020112295505518
5 0.4313668421553532
6 0.3730501726942457
7 0.32443445320136577
8 0.28353940409869394
9 0.24885689858070373
10 0.21922640734458593
11 0.19374546575460516
12 0.17170489574476552
13 0.15254161298958654
14 0.1358039936592779
15 0.12112626298685265
16 0.10820940399286663
17 0.0968068088040148
18 0.08671340298153506
19 0.07775733111755292
20 0.06979354515048519
21 0.06269881684157218
0 1.0
1 0.829786662229329
2 0.695596909995097
3 0.5885019895777519
4 0.5020112295505519
5 0.4313668421553533
6 0.37305017269424556
7 0.32443445320136627
8 0.2835394040986942
9 0.24885689858070373
10 0.21922640734458618
11 0.19374546575460497
12 0.1717048957447655
13 0.15254161298958635
14 0.13580399365927812
15 0.12112626298685275
16 0.10820940399286676
17 0.09680680880401496
18 0.08671340298153517
19 0.07775733111755305
20 0.06979354515048546
21 0.06269881684157218
0 1.0
1 0.8297866622293283
2 0.6955969099950958
3 0.5885019895777511
4 0.5020112295505511
5 0.4313668421553521
6 0.37305017269424534
7 0.3244344532013655
8 0.2835394040986937
9 0.2488568985807037
10 0.21922640734458576
11 0.193745465754605
12 0.17170489574476513
13 0.15254161298958627
14 0.13580399365927795
15 0.12112626298685254
16 0.10820940399286627
17 0.0968068088040147
18 0.0867134029815349
19 0.07775733111755292
20 0.0697935451504852
21 0.06269881684157212
0 1.0
1 0.8297866622293287
2 0.695596909995096
3 0.5885019895777507
4 0.5020112295505508
5 0.4313668421553527
6 0.3730501726942445
7 0.32443445320136527
8 0.2835394040986936
9 0.24885689858070323
10 0.2192264073445856
11 0.19374546575460525
12 0.17170489574476513
13 0.15254161298958616
14 0.13580399365927787
15 0.1211262629868522
16 0.10820940399286676
17 0.0968068088040148
18 0.08671340298153517
19 0.07775733111755297
20 0.06979354515048526
21 0.0626988168415721
0 1.0
1 0.8297866622293295
2 0.6955969099950952
3 0.5885019895777522
4 0.5020112295505513
5 0.43136684215535254
6 0.373050172694244
7 0.3244344532013655
8 0.2835394040986935
9 0.2488568985807034
10 0.21922640734458593
11 0.1937454657546051
12 0.17170489574476527
13 0.15254161298958613
14 0.13580399365927767
15 0.1211262629868524
16 0.1082094039928665
17 0.0968068088040147
18 0.08671340298153525
19 0.07775733111755288
20 0.06979354515048511
21 0.06269881684157207
0 1.0
1 0.8297866622293277
2 0.6955969099950953
3 0.5885019895777509
4 0.502011229550551
5 0.4313668421553532
6 0.37305017269424523
7 0.3244344532013656
8 0.28353940409869366
9 0.2488568985807037
10 0.2192264073445861
11 0.19374546575460475
12 0.17170489574476533
13 0.15254161298958616
14 0.135803993659278
15 0.12112626298685222
16 0.1082094039928665
17 0.09680680880401468
18 0.08671340298153501
19 0.07775733111755283
20 0.06979354515048528
21 0.06269881684157212
0 1.0
1 0.8297866622293268
2 0.6955969099950949
3 0.5885019895777498
4 0.5020112295505517
5 0.43136684215535176
6 0.3730501726942439
7 0.3244344532013654
8 0.28353940409869366
9 0.24885689858070315
10 0.21922640734458523
11 0.19374546575460433
12 0.17170489574476508
13 0.15254161298958596
14 0.13580399365927753
15 0.12112626298685239
16 0.10820940399286665
17 0.09680680880401472
18 0.08671340298153493
19 0.07775733111755291
20 0.06979354515048523
21 0.06269881684157204
0 1.0
1 0.8297866622293296
2 0.6955969099950966
3 0.5885019895777508
4 0.5020112295505514
5 0.4313668421553538
6 0.3730501726942441
7 0.3244344532013657
8 0.2835394040986943
9 0.24885689858070356
10 0.21922640734458582
11 0.19374546575460516
12 0.1717048957447657
13 0.15254161298958624
14 0.1358039936592779
15 0.12112626298685251
16 0.10820940399286694
17 0.09680680880401507
18 0.0867134029815352
19 0.07775733111755298
20 0.06979354515048536
21 0.06269881684157223
0 1.0
1 0.8297866622293274
2 0.6955969099950945
3 0.5885019895777522
4 0.5020112295505503
5 0.4313668421553522
6 0.3730501726942441
7 0.3244344532013659
8 0.2835394040986938
9 0.24885689858070328
10 0.21922640734458543
11 0.193745465754605
12 0.17170489574476522
13 0.15254161298958613
14 0.13580399365927762
15 0.12112626298685239
16 0.10820940399286666
17 0.09680680880401475
18 0.08671340298153485
19 0.0777573311175529
20 0.06979354515048507
21 0.06269881684157214
0 1.0
1 0.8297866622293285
2 0.6955969099950954
3 0.5885019895777517
4 0.5020112295505514
5 0.4313668421553527
6 0.37305017269424384
7 0.3244344532013657
8 0.28353940409869366
9 0.24885689858070434
10 0.21922640734458562
11 0.19374546575460502
12 0.17170489574476533
13 0.15254161298958643
14 0.13580399365927803
15 0.12112626298685253
16 0.1082094039928666
17 0.09680680880401472
18 0.08671340298153503
19 0.07775733111755294
20 0.06979354515048511
21 0.06269881684157208
0 1.0
1 0.8297866622293295
2 0.6955969099950956
3 0.5885019895777515
4 0.5020112295505514
5 0.4313668421553517
6 0.373050172694245
7 0.32443445320136577
8 0.2835394040986938
9 0.24885689858070362
10 0.21922640734458618
11 0.19374546575460472
12 0.1717048957447656
13 0.15254161298958627
14 0.13580399365927778
15 0.12112626298685271
16 0.10820940399286677
17 0.0968068088040149
18 0.08671340298153496
19 0.07775733111755294
20 0.06979354515048537
21 0.06269881684157215
0 1.0
1 0.8297866622293284
2 0.6955969099950964
3 0.5885019895777509
4 0.5020112295505509
5 0.4313668421553528
6 0.37305017269424545
7 0.3244344532013655
8 0.28353940409869366
9 0.24885689858070412
10 0.21922640734458565
11 0.1937454657546051
12 0.17170489574476544
13 0.1525416129895862
14 0.1358039936592779
15 0.1211262629868524
16 0.10820940399286666
17 0.09680680880401478
18 0.08671340298153495
19 0.07775733111755295
20 0.06979354515048515
21 0.06269881684157208
0 1.0
1 0.8297866622293288
2 0.6955969099950964
3 0.5885019895777507
4 0.5020112295505516
5 0.4313668421553534
6 0.37305017269424445
7 0.3244344532013655
8 0.2835394040986936
9 0.24885689858070353
10 0.21922640734458548
11 0.1937454657546052
12 0.17170489574476533
13 0.15254161298958593
14 0.13580399365927792
15 0.12112626298685251
16 0.10820940399286665
17 0.09680680880401474
18 0.08671340298153504
19 0.07775733111755292
20 0.06979354515048537
21 0.06269881684157214
0 1.0
1 0.8297866622293297
2 0.6955969099950963
3 0.5885019895777522
4 0.5020112295505519
5 0.4313668421553535
6 0.3730501726942451
7 0.3244344532013656
8 0.28353940409869394
9 0.24885689858070378
10 0.21922640734458596
11 0.19374546575460547
12 0.17170489574476547
13 0.15254161298958663
14 0.13580399365927825
15 0.12112626298685249
16 0.10820940399286663
17 0.09680680880401489
18 0.08671340298153528
19 0.077757331117553
20 0.06979354515048533
21 0.06269881684157214
0 1.0
1 0.8297866622293276
2 0.6955969099950953
3 0.5885019895777516
4 0.5020112295505518
5 0.4313668421553528
6 0.3730501726942444
7 0.3244344532013655
8 0.2835394040986932
9 0.24885689858070384
10 0.21922640734458593
11 0.1937454657546049
12 0.1717048957447653
13 0.1525416129895863
14 0.13580399365927784
15 0.12112626298685258
16 0.1082094039928668
17 0.0968068088040149
18 0.08671340298153514
19 0.0777573311175529
20 0.0697935451504853
21 0.06269881684157215
0 1.0
1 0.8297866622293276
2 0.6955969099950963
3 0.5885019895777501
4 0.5020112295505503
5 0.43136684215535254
6 0.37305017269424406
7 0.324434453201365
8 0.28353940409869377
9 0.2488568985807033
10 0.21922640734458543
11 0.19374546575460513
12 0.17170489574476486
13 0.15254161298958605
14 0.13580399365927762
15 0.12112626298685239
16 0.10820940399286656
17 0.09680680880401454
18 0.08671340298153495
19 0.077757331117553
20 0.06979354515048514
21 0.06269881684157201
0 1.0
1 0.8297866622293294
2 0.6955969099950963
3 0.5885019895777518
4 0.5020112295505511
5 0.4313668421553533
6 0.37305017269424473
7 0.3244344532013657
8 0.28353940409869355
9 0.24885689858070362
10 0.21922640734458576
11 0.19374546575460516
12 0.17170489574476522
13 0.15254161298958593
14 0.13580399365927784
15 0.1211262629868526
16 0.10820940399286656
17 0.09680680880401474
18 0.08671340298153497
19 0.07775733111755284
20 0.0697935451504852
21 0.06269881684157202
0 1.0
1 0.8297866622293286
2 0.6955969099950974
3 0.5885019895777515
4 0.5020112295505512
5 0.4313668421553526
6 0.3730501726942453
7 0.3244344532013658
8 0.28353940409869405
9 0.2488568985807037
10 0.21922640734458615
11 0.193745465754605
12 0.17170489574476547
13 0.15254161298958635
14 0.13580399365927792
15 0.12112626298685243
16 0.10820940399286645
17 0.09680680880401464
18 0.08671340298153538
19 0.07775733111755292
20 0.06979354515048522
21 0.0626988168415721
0 1.0
1 0.8297866622293291
2 0.6955969099950963
3 0.5885019895777513
4 0.5020112295505516
5 0.4313668421553528
6 0.37305017269424495
7 0.32443445320136594
8 0.2835394040986935
9 0.2488568985807033
10 0.21922640734458593
11 0.19374546575460488
12 0.17170489574476516
13 0.15254161298958596
14 0.1358039936592779
15 0.12112626298685251
16 0.10820940399286648
17 0.09680680880401489
18 0.08671340298153496
19 0.07775733111755277
20 0.06979354515048523
21 0.06269881684157216
0 1.0
1 0.8297866622293297
2 0.6955969099950967
3 0.5885019895777516
4 0.5020112295505514
5 0.43136684215535326
6 0.3730501726942452
7 0.3244344532013658
8 0.2835394040986937
9 0.2488568985807037
10 0.21922640734458568
11 0.19374546575460513
12 0.1717048957447654
13 0.1525416129895863
14 0.13580399365927787
15 0.12112626298685251
16 0.10820940399286674
17 0.09680680880401485
18 0.08671340298153525
19 0.07775733111755306
20 0.06979354515048536
21 0.06269881684157214
0 1.0
1 0.8297866622293278
2 0.6955969099950954
3 0.5885019895777509
4 0.5020112295505508
5 0.43136684215535215
6 0.3730501726942445
7 0.32443445320136477
8 0.2835394040986935
9 0.24885689858070364
10 0.21922640734458568
11 0.19374546575460483
12 0.17170489574476538
13 0.15254161298958607
14 0.1358039936592777
15 0.12112626298685245
16 0.10820940399286655
17 0.09680680880401478
18 0.08671340298153493
19 0.07775733111755291
20 0.06979354515048514
21 0.06269881684157208
0 1.0
1 0.8297866622293277
2 0.6955969099950978
3 0.5885019895777499
4 0.5020112295505502
5 0.4313668421553524
6 0.37305017269424445
7 0.3244344532013654
8 0.28353940409869327
9 0.24885689858070345
10 0.21922640734458546
11 0.19374546575460458
12 0.17170489574476505
13 0.15254161298958616
14 0.1358039936592778
15 0.12112626298685227
16 0.10820940399286627
17 0.09680680880401465
18 0.08671340298153493
19 0.07775733111755292
20 0.06979354515048523
21 0.06269881684157191
0 1.0
1 0.8297866622293281
2 0.6955969099950952
3 0.5885019895777505
4 0.50201122955055
5 0.43136684215535204
6 0.37305017269424423
7 0.32443445320136544
8 0.2835394040986932
9 0.24885689858070323
10 0.21922640734458532
11 0.19374546575460463
12 0.17170489574476513
13 0.15254161298958607
14 0.13580399365927764
15 0.12112626298685227
16 0.10820940399286644
17 0.0968068088040146
18 0.08671340298153497
19 0.07775733111755283
20 0.06979354515048518
21 0.06269881684157196
0 1.0
1 0.8297866622293265
2 0.6955969099950943
3 0.58850198957775
4 0.5020112295505498
5 0.4313668421553516
6 0.3730501726942439
7 0.3244344532013648
8 0.28353940409869316
9 0.2488568985807029
10 0.21922640734458504
11 0.19374546575460472
12 0.17170489574476466
13 0.1525416129895862
14 0.1358039936592776
15 0.12112626298685225
16 0.10820940399286608
17 0.09680680880401464
18 0.08671340298153497
19 0.07775733111755274
20 0.06979354515048507
21 0.06269881684157196
0 1.0
1 0.8297866622293285
2 0.695596909995096
3 0.5885019895777509
4 0.5020112295505513
5 0.4313668421553533
6 0.37305017269424456
7 0.3244344532013655
8 0.2835394040986936
9 0.24885689858070395
10 0.21922640734458618
11 0.19374546575460508
12 0.17170489574476525
13 0.1525416129895863
14 0.135803993659278
15 0.12112626298685249
16 0.10820940399286656
17 0.09680680880401474
18 0.08671340298153489
19 0.07775733111755284
20 0.06979354515048522
21 0.06269881684157212
0 1.0
1 0.8297866622293286
2 0.6955969099950955
3 0.5885019895777507
4 0.5020112295505507
5 0.43136684215535276
6 0.37305017269424456
7 0.3244344532013653
8 0.28353940409869355
9 0.24885689858070348
10 0.21922640734458568
11 0.19374546575460488
12 0.1717048957447651
13 0.15254161298958627
14 0.1358039936592775
15 0.12112626298685239
16 0.10820940399286655
17 0.09680680880401496
18 0.08671340298153489
19 0.07775733111755292
20 0.06979354515048523
21 0.06269881684157204
0 1.0
1 0.8297866622293285
2 0.6955969099950963
3 0.5885019895777512
4 0.5020112295505508
5 0.4313668421553524
6 0.3730501726942444
7 0.3244344532013659
8 0.28353940409869394
9 0.2488568985807033
10 0.2192264073445855
11 0.19374546575460502
12 0.1717048957447651
13 0.15254161298958602
14 0.1358039936592779
15 0.12112626298685243
16 0.10820940399286642
17 0.09680680880401492
18 0.08671340298153503
19 0.07775733111755287
20 0.06979354515048525
21 0.06269881684157216
0 1.0
1 0.8297866622293296
2 0.6955969099950945
3 0.588501989577751
4 0.5020112295505519
5 0.43136684215535304
6 0.37305017269424473
7 0.3244344532013656
8 0.2835394040986938
9 0.24885689858070356
10 0.21922640734458573
11 0.1937454657546052
12 0.17170489574476502
13 0.15254161298958643
14 0.13580399365927787
15 0.12112626298685251
16 0.10820940399286659
17 0.09680680880401485
18 0.08671340298153511
19 0.07775733111755284
20 0.06979354515048532
21 0.06269881684157211
0 1.0
1 0.8297866622293288
2 0.6955969099950965
3 0.5885019895777529
4 0.5020112295505524
5 0.4313668421553531
6 0.3730501726942446
7 0.3244344532013662
8 0.2835394040986937
9 0.24885689858070387
10 0.21922640734458584
11 0.1937454657546054
12 0.17170489574476516
13 0.1525416129895865
14 0.13580399365927814
15 0.12112626298685232
16 0.10820940399286672
17 0.0968068088040149
18 0.08671340298153515
19 0.07775733111755298
20 0.06979354515048536
21 0.06269881684157222
0 1.0
1 0.8297866622293286
2 0.6955969099950969
3 0.588501989577752
4 0.5020112295505507
5 0.4313668421553533
6 0.3730501726942449
7 0.3244344532013663
8 0.2835394040986938
9 0.24885689858070387
10 0.21922640734458565
11 0.1937454657546055
12 0.17170489574476563
13 0.15254161298958593
14 0.13580399365927806
15 0.12112626298685251
16 0.10820940399286669
17 0.09680680880401477
18 0.08671340298153501
19 0.07775733111755291
20 0.06979354515048525
21 0.06269881684157207
0 1.0
1 0.829786662229326
2 0.6955969099950933
3 0.5885019895777491
4 0.5020112295505502
5 0.43136684215535137
6 0.37305017269424307
7 0.3244344532013649
8 0.28353940409869294
9 0.24885689858070292
10 0.21922640734458496
11 0.1937454657546047
12 0.17170489574476464
13 0.15254161298958585
14 0.13580399365927734
15 0.1211262629868523
16 0.10820940399286641
17 0.09680680880401464
18 0.08671340298153478
19 0.07775733111755292
20 0.06979354515048505
21 0.06269881684157201
0 1.0
1 0.8297866622293256
2 0.6955969099950942
3 0.5885019895777501
4 0.5020112295505518
5 0.43136684215535176
6 0.3730501726942447
7 0.32443445320136527
8 0.2835394040986932
9 0.24885689858070312
10 0.21922640734458546
11 0.19374546575460458
12 0.17170489574476483
13 0.15254161298958588
14 0.13580399365927753
15 0.12112626298685214
16 0.10820940399286647
17 0.09680680880401461
18 0.08671340298153486
19 0.07775733111755279
20 0.06979354515048511
21 0.0626988168415719
0 1.0
1 0.8297866622293291
2 0.6955969099950977
3 0.5885019895777526
4 0.5020112295505518
5 0.43136684215535304
6 0.3730501726942452
7 0.32443445320136644
8 0.28353940409869355
9 0.24885689858070395
10 0.21922640734458582
11 0.1937454657546049
12 0.17170489574476533
13 0.15254161298958618
14 0.1358039936592777
15 0.1211262629868528
16 0.1082094039928669
17 0.09680680880401482
18 0.0867134029815351
19 0.07775733111755323
20 0.06979354515048525
21 0.06269881684157204
0 1.0
1 0.829786662229328
2 0.6955969099950938
3 0.5885019895777504
4 0.5020112295505508
5 0.4313668421553527
6 0.3730501726942449
7 0.3244344532013653
8 0.2835394040986935
9 0.24885689858070337
10 0.21922640734458576
11 0.19374546575460502
12 0.17170489574476538
13 0.1525416129895862
14 0.13580399365927803
15 0.12112626298685263
16 0.1082094039928665
17 0.09680680880401467
18 0.08671340298153501
19 0.07775733111755288
20 0.06979354515048515
21 0.06269881684157214
0 1.0
1 0.8297866622293284
2 0.695596909995096
3 0.5885019895777516
4 0.5020112295505512
5 0.43136684215535354
6 0.37305017269424473
7 0.3244344532013652
8 0.2835394040986936
9 0.24885689858070348
10 0.21922640734458543
11 0.19374546575460488
12 0.17170489574476516
13 0.15254161298958646
14 0.1358039936592782
15 0.12112626298685228
16 0.1082094039928668
17 0.09680680880401461
18 0.086713402981535
19 0.07775733111755272
20 0.06979354515048528
21 0.062698816841572
0 1.0
1 0.8297866622293288
2 0.6955969099950966
3 0.588501989577751
4 0.5020112295505522
5 0.43136684215535304
6 0.37305017269424534
7 0.3244344532013648
8 0.2835394040986942
9 0.2488568985807041
10 0.2192264073445858
11 0.19374546575460525
12 0.17170489574476536
13 0.1525416129895864
14 0.13580399365927803
15 0.12112626298685249
16 0.10820940399286658
17 0.09680680880401484
18 0.08671340298153493
19 0.07775733111755294
20 0.06979354515048529
21 0.06269881684157215
0 1.0
1 0.8297866622293278
2 0.695596909995095
3 0.5885019895777502
4 0.5020112295505511
5 0.4313668421553524
6 0.3730501726942444
7 0.3244344532013656
8 0.2835394040986932
9 0.24885689858070356
10 0.21922640734458615
11 0.19374546575460483
12 0.17170489574476538
13 0.15254161298958616
14 0.135803993659278
15 0.12112626298685256
16 0.10820940399286633
17 0.09680680880401488
18 0.08671340298153499
19 0.07775733111755281
20 0.06979354515048523
21 0.06269881684157211
0 1.0
1 0.8297866622293268
2 0.6955969099950952
3 0.588501989577751
4 0.5020112295505518
5 0.4313668421553526
6 0.37305017269424456
7 0.32443445320136494
8 0.2835394040986931
9 0.24885689858070353
10 0.21922640734458582
11 0.19374546575460525
12 0.1717048957447651
13 0.15254161298958638
14 0.1358039936592779
15 0.12112626298685267
16 0.10820940399286652
17 0.09680680880401471
18 0.08671340298153489
19 0.07775733111755288
20 0.06979354515048533
21 0.0626988168415721
0 1.0
1 0.8297866622293263
2 0.6955969099950942
3 0.5885019895777499
4 0.5020112295505503
5 0.4313668421553523
6 0.37305017269424384
7 0.32443445320136505
8 0.28353940409869305
9 0.2488568985807029
10 0.2192264073445854
11 0.19374546575460408
12 0.17170489574476494
13 0.15254161298958588
14 0.13580399365927742
15 0.12112626298685227
16 0.10820940399286644
17 0.09680680880401464
18 0.08671340298153474
19 0.07775733111755272
20 0.06979354515048501
21 0.06269881684157194
0 1.0
1 0.8297866622293275
2 0.6955969099950954
3 0.58850198957775
4 0.5020112295505507
5 0.4313668421553516
6 0.37305017269424456
7 0.3244344532013644
8 0.28353940409869366
9 0.24885689858070348
10 0.21922640734458587
11 0.1937454657546048
12 0.17170489574476536
13 0.15254161298958596
14 0.13580399365927795
15 0.12112626298685227
16 0.10820940399286648
17 0.09680680880401465
18 0.08671340298153483
19 0.07775733111755284
20 0.06979354515048511
21 0.06269881684157191
0 1.0
1 0.8297866622293258
2 0.6955969099950946
3 0.5885019895777504
4 0.5020112295505514
5 0.4313668421553522
6 0.3730501726942445
7 0.32443445320136544
8 0.2835394040986932
9 0.24885689858070298
10 0.21922640734458546
11 0.19374546575460463
12 0.17170489574476464
13 0.15254161298958607
14 0.1358039936592777
15 0.12112626298685228
16 0.10820940399286637
17 0.09680680880401472
18 0.08671340298153485
19 0.07775733111755287
20 0.06979354515048511
21 0.06269881684157194
0 1.0
1 0.8297866622293285
2 0.6955969099950946
3 0.5885019895777502
4 0.5020112295505512
5 0.431366842155353
6 0.37305017269424423
7 0.3244344532013647
8 0.2835394040986931
9 0.2488568985807033
10 0.21922640734458543
11 0.19374546575460513
12 0.17170489574476483
13 0.15254161298958605
14 0.13580399365927773
15 0.12112626298685228
16 0.10820940399286656
17 0.09680680880401477
18 0.08671340298153504
19 0.07775733111755281
20 0.06979354515048525
21 0.06269881684157194
0 1.0
1 0.8297866622293286
2 0.695596909995095
3 0.5885019895777507
4 0.5020112295505511
5 0.43136684215535237
6 0.37305017269424384
7 0.3244344532013652
8 0.2835394040986933
9 0.24885689858070312
10 0.2192264073445856
11 0.19374546575460458
12 0.1717048957447649
13 0.15254161298958602
14 0.13580399365927764
15 0.12112626298685225
16 0.10820940399286638
17 0.09680680880401456
18 0.0867134029815349
19 0.07775733111755279
20 0.06979354515048523
21 0.06269881684157201
0 1.0
1 0.8297866622293288
2 0.6955969099950958
3 0.5885019895777507
4 0.5020112295505518
5 0.4313668421553523
6 0.37305017269424495
7 0.3244344532013657
8 0.2835394040986938
9 0.24885689858070373
10 0.21922640734458557
11 0.1937454657546049
12 0.17170489574476508
13 0.15254161298958602
14 0.13580399365927792
15 0.1211262629868528
16 0.10820940399286653
17 0.09680680880401471
18 0.08671340298153486
19 0.07775733111755283
20 0.06979354515048525
21 0.06269881684157214
0 1.0
1 0.8297866622293291
2 0.6955969099950948
3 0.5885019895777509
4 0.5020112295505522
5 0.4313668421553531
6 0.3730501726942446
7 0.3244344532013652
8 0.28353940409869405
9 0.2488568985807034
10 0.21922640734458565
11 0.19374546575460502
12 0.17170489574476494
13 0.15254161298958657
14 0.13580399365927784
15 0.1211262629868523
16 0.10820940399286662
17 0.09680680880401484
18 0.08671340298153506
19 0.07775733111755301
20 0.06979354515048516
21 0.06269881684157219
0 1.0
1 0.8297866622293284
2 0.6955969099950952
3 0.588501989577751
4 0.5020112295505514
5 0.4313668421553521
6 0.3730501726942443
7 0.3244344532013657
8 0.2835394040986932
9 0.24885689858070356
10 0.21922640734458584
11 0.19374546575460527
12 0.17170489574476538
13 0.15254161298958627
14 0.13580399365927803
15 0.1211262629868524
16 0.10820940399286644
17 0.09680680880401478
18 0.08671340298153492
19 0.0777573311175529
20 0.06979354515048534
21 0.06269881684157202
0 1.0
1 0.8297866622293263
2 0.695596909995095
3 0.5885019895777508
4 0.5020112295505504
5 0.4313668421553521
6 0.3730501726942438
7 0.3244344532013654
8 0.28353940409869355
9 0.24885689858070292
10 0.21922640734458568
11 0.1937454657546045
12 0.171704895744765
13 0.15254161298958588
14 0.13580399365927776
15 0.12112626298685224
16 0.10820940399286656
17 0.09680680880401485
18 0.08671340298153489
19 0.07775733111755283
20 0.06979354515048518
21 0.0626988168415719
0 1.0
1 0.8297866622293297
2 0.6955969099950945
3 0.5885019895777509
4 0.5020112295505514
5 0.43136684215535326
6 0.37305017269424456
7 0.3244344532013651
8 0.2835394040986933
9 0.24885689858070337
10 0.2192264073445858
11 0.1937454657546051
12 0.17170489574476533
13 0.15254161298958624
14 0.13580399365927778
15 0.12112626298685247
16 0.10820940399286659
17 0.09680680880401465
18 0.08671340298153488
19 0.0777573311175529
20 0.06979354515048518
21 0.06269881684157207
0 1.0
1 0.8297866622293282
2 0.6955969099950972
3 0.5885019895777516
4 0.5020112295505526
5 0.4313668421553531
6 0.3730501726942446
7 0.32443445320136594
8 0.28353940409869355
9 0.24885689858070403
10 0.21922640734458593
11 0.19374546575460536
12 0.1717048957447655
13 0.1525416129895865
14 0.13580399365927812
15 0.12112626298685243
16 0.10820940399286684
17 0.09680680880401495
18 0.08671340298153514
19 0.077757331117553
20 0.06979354515048532
21 0.06269881684157222
0 1.0
1 0.8297866622293284
2 0.695596909995095
3 0.588501989577751
4 0.5020112295505504
5 0.43136684215535265
6 0.37305017269424456
7 0.32443445320136555
8 0.28353940409869327
9 0.24885689858070348
10 0.21922640734458532
11 0.19374546575460497
12 0.17170489574476527
13 0.1525416129895862
14 0.13580399365927756
15 0.12112626298685256
16 0.10820940399286641
17 0.09680680880401468
18 0.0867134029815349
19 0.07775733111755272
20 0.06979354515048515
21 0.06269881684157204
0 1.0
1 0.8297866622293267
2 0.6955969099950953
3 0.5885019895777513
4 0.5020112295505514
5 0.4313668421553526
6 0.3730501726942436
7 0.3244344532013651
8 0.2835394040986933
9 0.24885689858070306
10 0.21922640734458562
11 0.1937454657546047
12 0.17170489574476525
13 0.15254161298958596
14 0.1358039936592776
15 0.12112626298685222
16 0.10820940399286652
17 0.09680680880401472
18 0.08671340298153478
19 0.07775733111755276
20 0.06979354515048511
21 0.062698816841572
0 1.0
1 0.8297866622293284
2 0.6955969099950975
3 0.5885019895777519
4 0.502011229550552
5 0.43136684215535354
6 0.37305017269424534
7 0.324434453201366
8 0.2835394040986934
9 0.24885689858070328
10 0.2192264073445859
11 0.19374546575460544
12 0.17170489574476566
13 0.15254161298958624
14 0.13580399365927792
15 0.12112626298685261
16 0.10820940399286703
17 0.09680680880401478
18 0.08671340298153496
19 0.07775733111755295
20 0.06979354515048536
21 0.06269881684157208
0 1.0
1 0.8297866622293295
2 0.6955969099950947
3 0.5885019895777501
4 0.5020112295505511
5 0.4313668421553527
6 0.3730501726942444
7 0.3244344532013659
8 0.2835394040986939
9 0.24885689858070323
10 0.21922640734458523
11 0.19374546575460536
12 0.17170489574476508
13 0.1525416129895863
14 0.13580399365927764
15 0.12112626298685222
16 0.10820940399286638
17 0.09680680880401468
18 0.08671340298153495
19 0.07775733111755284
20 0.06979354515048516
21 0.06269881684157204
0 1.0
1 0.8297866622293275
2 0.6955969099950947
3 0.5885019895777508
4 0.5020112295505511
5 0.4313668421553523
6 0.3730501726942449
7 0.32443445320136494
8 0.2835394040986931
9 0.24885689858070267
10 0.21922640734458562
11 0.19374546575460458
12 0.17170489574476497
13 0.15254161298958593
14 0.13580399365927753
15 0.12112626298685232
16 0.10820940399286653
17 0.09680680880401464
18 0.08671340298153492
19 0.07775733111755286
20 0.06979354515048514
21 0.06269881684157207
0 1.0
1 0.8297866622293264
2 0.695596909995096
3 0.5885019895777526
4 0.5020112295505511
5 0.43136684215535287
6 0.3730501726942441
7 0.3244344532013659
8 0.2835394040986939
9 0.2488568985807034
10 0.21922640734458576
11 0.19374546575460533
12 0.1717048957447653
13 0.1525416129895862
14 0.13580399365927764
15 0.12112626298685246
16 0.10820940399286662
17 0.09680680880401468
18 0.08671340298153507
19 0.07775733111755277
20 0.06979354515048526
21 0.06269881684157215
0 1.0
1 0.8297866622293274
2 0.6955969099950959
3 0.5885019895777508
4 0.5020112295505503
5 0.43136684215535204
6 0.37305017269424484
7 0.3244344532013655
8 0.28353940409869377
9 0.24885689858070348
10 0.2192264073445854
11 0.19374546575460472
12 0.17170489574476486
13 0.1525416129895859
14 0.13580399365927776
15 0.12112626298685207
16 0.10820940399286644
17 0.09680680880401471
18 0.08671340298153496
19 0.0777573311175527
20 0.06979354515048515
21 0.06269881684157189
0 1.0
1 0.829786662229326
2 0.6955969099950954
3 0.5885019895777506
4 0.5020112295505499
5 0.4313668421553516
6 0.373050172694244
7 0.3244344532013645
8 0.28353940409869355
9 0.2488568985807034
10 0.2192264073445855
11 0.19374546575460458
12 0.17170489574476508
13 0.1525416129895859
14 0.13580399365927776
15 0.12112626298685229
16 0.10820940399286644
17 0.0968068088040149
18 0.08671340298153493
19 0.07775733111755274
20 0.06979354515048514
21 0.06269881684157194
0 1.0
1 0.8297866622293273
2 0.6955969099950974
3 0.5885019895777513
4 0.5020112295505517
5 0.4313668421553527
6 0.3730501726942452
7 0.3244344532013651
8 0.28353940409869355
9 0.24885689858070323
10 0.21922640734458537
11 0.1937454657546049
12 0.1717048957447654
13 0.1525416129895861
14 0.13580399365927792
15 0.12112626298685254
16 0.10820940399286666
17 0.09680680880401475
18 0.08671340298153486
19 0.07775733111755295
20 0.06979354515048522
21 0.06269881684157216
0 1.0
1 0.8297866622293271
2 0.6955969099950946
3 0.5885019895777502
4 0.5020112295505502
5 0.4313668421553522
6 0.3730501726942445
7 0.3244344532013654
8 0.28353940409869377
9 0.24885689858070292
10 0.21922640734458548
11 0.19374546575460455
12 0.17170489574476516
13 0.15254161298958607
14 0.13580399365927764
15 0.1211262629868522
16 0.10820940399286649
17 0.09680680880401471
18 0.08671340298153482
19 0.07775733111755283
20 0.06979354515048515
21 0.06269881684157197
0 1.0
1 0.8297866622293292
2 0.6955969099950974
3 0.588501989577752
4 0.5020112295505504
5 0.4313668421553528
6 0.37305017269424434
7 0.32443445320136555
8 0.2835394040986935
9 0.24885689858070392
10 0.21922640734458582
11 0.1937454657546051
12 0.17170489574476544
13 0.15254161298958652
14 0.13580399365927812
15 0.12112626298685251
16 0.10820940399286665
17 0.0968068088040148
18 0.08671340298153503
19 0.07775733111755294
20 0.06979354515048518
21 0.06269881684157201
0 1.0
1 0.8297866622293284
2 0.6955969099950972
3 0.5885019895777513
4 0.5020112295505526
5 0.43136684215535254
6 0.3730501726942446
7 0.32443445320136566
8 0.28353940409869355
9 0.24885689858070353
10 0.21922640734458573
11 0.19374546575460513
12 0.17170489574476527
13 0.1525416129895861
14 0.13580399365927798
15 0.12112626298685243
16 0.10820940399286683
17 0.0968068088040148
18 0.0867134029815351
19 0.07775733111755292
20 0.0697935451504853
21 0.06269881684157215
0 1.0
1 0.8297866622293266
2 0.6955969099950936
3 0.58850198957775
4 0.5020112295505508
5 0.4313668421553513
6 0.37305017269424334
7 0.32443445320136505
8 0.28353940409869294
9 0.24885689858070348
10 0.21922640734458537
11 0.19374546575460497
12 0.17170489574476508
13 0.1525416129895861
14 0.13580399365927756
15 0.12112626298685211
16 0.10820940399286662
17 0.09680680880401475
18 0.0867134029815349
19 0.07775733111755267
20 0.06979354515048518
21 0.06269881684157198
0 1.0
1 0.8297866622293284
2 0.6955969099950965
3 0.5885019895777519
4 0.5020112295505519
5 0.4313668421553529
6 0.37305017269424423
7 0.32443445320136527
8 0.2835394040986936
9 0.24885689858070387
10 0.2192264073445857
11 0.19374546575460516
12 0.17170489574476522
13 0.1525416129895864
14 0.13580399365927776
15 0.12112626298685263
16 0.10820940399286658
17 0.09680680880401475
18 0.08671340298153508
19 0.07775733111755284
20 0.06979354515048529
21 0.06269881684157226
0 1.0
1 0.8297866622293283
2 0.6955969099950958
3 0.5885019895777515
4 0.5020112295505504
5 0.431366842155352
6 0.3730501726942448
7 0.3244344532013658
8 0.28353940409869377
9 0.2488568985807037
10 0.219226407344586
11 0.19374546575460522
12 0.17170489574476538
13 0.15254161298958643
14 0.13580399365927798
15 0.12112626298685247
16 0.10820940399286659
17 0.09680680880401485
18 0.08671340298153503
19 0.07775733111755286
20 0.06979354515048522
21 0.06269881684157212
0 1.0
1 0.8297866622293288
2 0.6955969099950954
3 0.5885019895777521
4 0.5020112295505514
5 0.4313668421553532
6 0.3730501726942447
7 0.32443445320136566
8 0.28353940409869405
9 0.24885689858070403
10 0.21922640734458607
11 0.19374546575460505
12 0.1717048957447655
13 0.15254161298958616
14 0.135803993659278
15 0.1211262629868524
16 0.1082094039928665
17 0.09680680880401477
18 0.08671340298153518
19 0.07775733111755291
20 0.06979354515048519
21 0.06269881684157212
0 1.0
1 0.8297866622293287
2 0.695596909995095
3 0.5885019895777525
4 0.5020112295505514
5 0.43136684215535287
6 0.3730501726942445
7 0.3244344532013654
8 0.2835394040986942
9 0.248856898580704
10 0.21922640734458615
11 0.19374546575460508
12 0.17170489574476538
13 0.1525416129895865
14 0.13580399365927792
15 0.12112626298685263
16 0.10820940399286658
17 0.09680680880401472
18 0.08671340298153503
19 0.07775733111755297
20 0.0697935451504853
21 0.06269881684157212
0 1.0
1 0.8297866622293274
2 0.6955969099950954
3 0.5885019895777517
4 0.5020112295505517
5 0.43136684215535276
6 0.3730501726942442
7 0.32443445320136544
8 0.2835394040986936
9 0.2488568985807033
10 0.2192264073445859
11 0.19374546575460477
12 0.17170489574476516
13 0.152541612989586
14 0.13580399365927792
15 0.12112626298685247
16 0.1082094039928665
17 0.09680680880401467
18 0.086713402981535
19 0.0777573311175528
20 0.06979354515048522
21 0.06269881684157196
0 1.0
1 0.8297866622293287
2 0.6955969099950958
3 0.5885019895777505
4 0.5020112295505514
5 0.43136684215535215
6 0.3730501726942449
7 0.3244344532013652
8 0.2835394040986936
9 0.2488568985807033
10 0.21922640734458546
11 0.19374546575460483
12 0.17170489574476522
13 0.15254161298958627
14 0.13580399365927795
15 0.1211262629868524
16 0.1082094039928666
17 0.09680680880401488
18 0.08671340298153483
19 0.077757331117553
20 0.06979354515048518
21 0.06269881684157212
0 1.0
1 0.8297866622293273
2 0.6955969099950952
3 0.588501989577751
4 0.5020112295505521
5 0.43136684215535337
6 0.37305017269424434
7 0.32443445320136577
8 0.28353940409869305
9 0.2488568985807034
10 0.21922640734458582
11 0.19374546575460486
12 0.1717048957447653
13 0.1525416129895863
14 0.13580399365927776
15 0.12112626298685228
16 0.10820940399286656
17 0.09680680880401477
18 0.08671340298153501
19 0.07775733111755288
20 0.06979354515048518
21 0.06269881684157223
0 1.0
1 0.8297866622293271
2 0.6955969099950967
3 0.5885019895777504
4 0.5020112295505507
5 0.4313668421553523
6 0.37305017269424484
7 0.3244344532013655
8 0.28353940409869377
9 0.24885689858070376
10 0.2192264073445856
11 0.19374546575460477
12 0.1717048957447653
13 0.15254161298958627
14 0.13580399365927795
15 0.12112626298685236
16 0.10820940399286642
17 0.09680680880401464
18 0.08671340298153488
19 0.07775733111755276
20 0.06979354515048522
21 0.06269881684157198
0 1.0
1 0.8297866622293265
2 0.6955969099950949
3 0.5885019895777499
4 0.5020112295505507
5 0.4313668421553523
6 0.3730501726942436
7 0.3244344532013645
8 0.28353940409869305
9 0.24885689858070298
10 0.21922640734458526
11 0.19374546575460466
12 0.17170489574476488
13 0.15254161298958582
14 0.13580399365927737
15 0.1211262629868523
16 0.10820940399286624
17 0.0968068088040144
18 0.08671340298153489
19 0.07775733111755265
20 0.06979354515048508
21 0.06269881684157204
0 1.0
1 0.829786662229325
2 0.6955969099950948
3 0.58850198957775
4 0.5020112295505508
5 0.43136684215535226
6 0.3730501726942438
7 0.32443445320136494
8 0.28353940409869377
9 0.24885689858070306
10 0.21922640734458562
11 0.1937454657546049
12 0.17170489574476472
13 0.15254161298958602
14 0.13580399365927762
15 0.12112626298685197
16 0.10820940399286616
17 0.09680680880401452
18 0.08671340298153478
19 0.07775733111755287
20 0.06979354515048511
21 0.06269881684157198
0 1.0
1 0.8297866622293266
2 0.6955969099950933
3 0.5885019895777505
4 0.50201122955055
5 0.4313668421553524
6 0.3730501726942437
7 0.3244344532013645
8 0.28353940409869355
9 0.2488568985807033
10 0.21922640734458543
11 0.19374546575460463
12 0.17170489574476475
13 0.15254161298958616
14 0.13580399365927748
15 0.12112626298685225
16 0.10820940399286647
17 0.09680680880401464
18 0.0867134029815348
19 0.07775733111755277
20 0.06979354515048503
21 0.062698816841572
0 1.0
1 0.8297866622293285
2 0.6955969099950968
3 0.5885019895777529
4 0.5020112295505529
5 0.4313668421553536
6 0.3730501726942456
7 0.32443445320136594
8 0.2835394040986935
9 0.24885689858070362
10 0.219226407344586
11 0.19374546575460525
12 0.17170489574476577
13 0.15254161298958643
14 0.13580399365927817
15 0.12112626298685261
16 0.10820940399286688
17 0.09680680880401497
18 0.0867134029815351
19 0.07775733111755302
20 0.06979354515048523
21 0.06269881684157222
0 1.0
1 0.8297866622293284
2 0.695596909995096
3 0.5885019895777511
4 0.5020112295505508
5 0.4313668421553525
6 0.3730501726942447
7 0.3244344532013652
8 0.2835394040986936
9 0.2488568985807033
10 0.2192264073445851
11 0.19374546575460472
12 0.17170489574476527
13 0.15254161298958627
14 0.13580399365927787
15 0.12112626298685246
16 0.10820940399286628
17 0.09680680880401488
18 0.08671340298153489
19 0.07775733111755277
20 0.06979354515048511
21 0.0626988168415719
0 1.0
1 0.8297866622293295
2 0.6955969099950965
3 0.5885019895777518
4 0.5020112295505523
5 0.4313668421553531
6 0.37305017269424545
7 0.32443445320136566
8 0.2835394040986939
9 0.24885689858070384
10 0.21922640734458618
11 0.19374546575460536
12 0.17170489574476547
13 0.15254161298958654
14 0.13580399365927784
15 0.12112626298685272
16 0.10820940399286667
17 0.09680680880401497
18 0.086713402981535
19 0.07775733111755294
20 0.06979354515048529
21 0.0626988168415723
0 1.0
1 0.8297866622293295
2 0.6955969099950965
3 0.5885019895777513
4 0.5020112295505513
5 0.43136684215535265
6 0.3730501726942445
7 0.3244344532013655
8 0.2835394040986936
9 0.24885689858070378
10 0.21922640734458573
11 0.19374546575460488
12 0.17170489574476516
13 0.15254161298958638
14 0.13580399365927778
15 0.12112626298685264
16 0.10820940399286652
17 0.09680680880401482
18 0.08671340298153511
19 0.07775733111755286
20 0.06979354515048515
21 0.06269881684157219
0 1.0
1 0.8297866622293256
2 0.6955969099950938
3 0.5885019895777499
4 0.5020112295505502
5 0.43136684215535237
6 0.3730501726942434
7 0.3244344532013651
8 0.2835394040986928
9 0.2488568985807028
10 0.2192264073445854
11 0.1937454657546047
12 0.17170489574476522
13 0.1525416129895859
14 0.13580399365927748
15 0.12112626298685233
16 0.10820940399286645
17 0.09680680880401454
18 0.08671340298153489
19 0.07775733111755272
20 0.06979354515048525
21 0.06269881684157184
0 1.0
1 0.8297866622293285
2 0.6955969099950953
3 0.5885019895777507
4 0.5020112295505503
5 0.4313668421553514
6 0.37305017269424445
7 0.3244344532013654
8 0.28353940409869305
9 0.24885689858070315
10 0.21922640734458487
11 0.19374546575460463
12 0.1717048957447649
13 0.15254161298958605
14 0.13580399365927773
15 0.12112626298685222
16 0.10820940399286626
17 0.09680680880401452
18 0.08671340298153496
19 0.0777573311175528
20 0.06979354515048508
21 0.06269881684157196
0 1.0
1 0.8297866622293257
2 0.695596909995094
3 0.588501989577751
4 0.5020112295505509
5 0.43136684215535215
6 0.3730501726942446
7 0.32443445320136477
8 0.28353940409869377
9 0.2488568985807031
10 0.2192264073445854
11 0.19374546575460463
12 0.17170489574476486
13 0.15254161298958596
14 0.13580399365927784
15 0.12112626298685256
16 0.10820940399286658
17 0.09680680880401459
18 0.08671340298153486
19 0.07775733111755294
20 0.06979354515048518
21 0.06269881684157196
0 1.0
1 0.8297866622293288
2 0.6955969099950933
3 0.5885019895777508
4 0.5020112295505508
5 0.431366842155353
6 0.373050172694244
7 0.3244344532013651
8 0.28353940409869344
9 0.24885689858070353
10 0.21922640734458523
11 0.19374546575460497
12 0.17170489574476544
13 0.15254161298958585
14 0.13580399365927798
15 0.12112626298685224
16 0.10820940399286649
17 0.09680680880401453
18 0.08671340298153489
19 0.07775733111755284
20 0.06979354515048525
21 0.06269881684157194
0 1.0
1 0.8297866622293282
2 0.6955969099950948
3 0.5885019895777515
4 0.5020112295505514
5 0.43136684215535304
6 0.3730501726942448
7 0.3244344532013648
8 0.28353940409869394
9 0.2488568985807033
10 0.21922640734458568
11 0.1937454657546047
12 0.17170489574476527
13 0.152541612989586
14 0.13580399365927806
15 0.12112626298685274
16 0.10820940399286676
17 0.09680680880401478
18 0.08671340298153497
19 0.07775733111755291
20 0.06979354515048522
21 0.06269881684157202
0 1.0
1 0.8297866622293276
2 0.6955969099950949
3 0.5885019895777507
4 0.5020112295505508
5 0.4313668421553511
6 0.37305017269424495
7 0.32443445320136477
8 0.28353940409869327
9 0.24885689858070353
10 0.21922640734458526
11 0.1937454657546049
12 0.17170489574476483
13 0.15254161298958596
14 0.1358039936592777
15 0.12112626298685235
16 0.10820940399286645
17 0.09680680880401468
18 0.08671340298153482
19 0.0777573311175528
20 0.06979354515048523
21 0.06269881684157207
0 1.0
1 0.8297866622293266
2 0.6955969099950963
3 0.5885019895777492
4 0.5020112295505497
5 0.4313668421553526
6 0.37305017269424456
7 0.32443445320136494
8 0.283539404098693
9 0.24885689858070323
10 0.21922640734458576
11 0.19374546575460427
12 0.1717048957447652
13 0.15254161298958635
14 0.13580399365927762
15 0.1211262629868522
16 0.10820940399286655
17 0.09680680880401459
18 0.08671340298153489
19 0.07775733111755287
20 0.06979354515048514
21 0.06269881684157208
0 1.0
1 0.8297866622293307
2 0.6955969099950969
3 0.5885019895777517
4 0.502011229550552
5 0.4313668421553532
6 0.373050172694245
7 0.324434453201366
8 0.2835394040986938
9 0.24885689858070403
10 0.21922640734458598
11 0.1937454657546055
12 0.1717048957447655
13 0.15254161298958654
14 0.13580399365927825
15 0.12112626298685253
16 0.10820940399286691
17 0.09680680880401478
18 0.08671340298153504
19 0.07775733111755298
20 0.06979354515048525
21 0.06269881684157222
0 1.0
1 0.8297866622293274
2 0.6955969099950963
3 0.5885019895777512
4 0.5020112295505506
5 0.4313668421553527
6 0.37305017269424423
7 0.32443445320136527
8 0.2835394040986933
9 0.24885689858070323
10 0.21922640734458548
11 0.19374546575460502
12 0.17170489574476547
13 0.15254161298958607
14 0.1358039936592779
15 0.12112626298685232
16 0.10820940399286655
17 0.09680680880401492
18 0.08671340298153495
19 0.07775733111755292
20 0.06979354515048518
21 0.06269881684157198
0 1.0
1 0.829786662229328
2 0.6955969099950956
3 0.5885019895777518
4 0.5020112295505512
5 0.4313668421553532
6 0.3730501726942449
7 0.32443445320136577
8 0.2835394040986936
9 0.24885689858070364
10 0.21922640734458612
11 0.1937454657546051
12 0.17170489574476563
13 0.1525416129895862
14 0.13580399365927798
15 0.12112626298685249
16 0.1082094039928665
17 0.09680680880401485
18 0.08671340298153521
19 0.0777573311175529
20 0.06979354515048516
21 0.0626988168415721
0 1.0
1 0.8297866622293285
2 0.6955969099950974
3 0.5885019895777508
4 0.5020112295505517
5 0.4313668421553528
6 0.37305017269424506
7 0.32443445320136527
8 0.283539404098694
9 0.24885689858070373
10 0.21922640734458568
11 0.19374546575460522
12 0.1717048957447653
13 0.15254161298958663
14 0.13580399365927806
15 0.1211262629868526
16 0.1082094039928666
17 0.09680680880401474
18 0.08671340298153507
19 0.07775733111755291
20 0.06979354515048514
21 0.06269881684157208
0 1.0
1 0.8297866622293286
2 0.6955969099950958
3 0.5885019895777515
4 0.5020112295505519
5 0.431366842155352
6 0.3730501726942446
7 0.3244344532013649
8 0.2835394040986934
9 0.2488568985807033
10 0.21922640734458576
11 0.1937454657546052
12 0.17170489574476516
13 0.15254161298958616
14 0.13580399365927764
15 0.12112626298685254
16 0.10820940399286659
17 0.09680680880401481
18 0.08671340298153503
19 0.07775733111755295
20 0.06979354515048518
21 0.06269881684157197
0 1.0
1 0.8297866622293283
2 0.6955969099950955
3 0.5885019895777515
4 0.5020112295505514
5 0.431366842155352
6 0.37305017269424445
7 0.32443445320136566
8 0.2835394040986941
9 0.24885689858070323
10 0.21922640734458568
11 0.19374546575460494
12 0.1717048957447651
13 0.15254161298958613
14 0.1358039936592778
15 0.12112626298685235
16 0.10820940399286656
17 0.09680680880401488
18 0.08671340298153504
19 0.07775733111755288
20 0.06979354515048519
21 0.06269881684157212
0 1.0
1 0.8297866622293262
2 0.6955969099950959
3 0.588501989577751
4 0.5020112295505514
5 0.43136684215535315
6 0.37305017269424495
7 0.32443445320136527
8 0.28353940409869327
9 0.24885689858070353
10 0.21922640734458576
11 0.1937454657546052
12 0.1717048957447651
13 0.15254161298958613
14 0.13580399365927776
15 0.12112626298685263
16 0.10820940399286669
17 0.09680680880401497
18 0.08671340298153503
19 0.07775733111755277
20 0.06979354515048522
21 0.06269881684157222
0 1.0
1 0.82978666222933
2 0.6955969099950958
3 0.588501989577752
4 0.5020112295505526
5 0.4313668421553546
6 0.3730501726942453
7 0.3244344532013662
8 0.28353940409869416
9 0.2488568985807041
10 0.21922640734458596
11 0.19374546575460552
12 0.1717048957447654
13 0.1525416129895866
14 0.13580399365927825
15 0.12112626298685245
16 0.10820940399286687
17 0.09680680880401489
18 0.08671340298153522
19 0.0777573311175531
20 0.0697935451504854
21 0.06269881684157222
0 1.0
1 0.8297866622293277
2 0.6955969099950956
3 0.588501989577751
4 0.5020112295505509
5 0.4313668421553524
6 0.37305017269424473
7 0.324434453201365
8 0.28353940409869344
9 0.24885689858070376
10 0.21922640734458537
11 0.19374546575460502
12 0.1717048957447653
13 0.152541612989586
14 0.13580399365927767
15 0.1211262629868522
16 0.10820940399286662
17 0.09680680880401472
18 0.08671340298153504
19 0.0777573311175528
20 0.0697935451504853
21 0.06269881684157197
0 1.0
1 0.8297866622293291
2 0.6955969099950963
3 0.588501989577752
4 0.502011229550552
5 0.43136684215535237
6 0.37305017269424456
7 0.3244344532013655
8 0.2835394040986936
9 0.24885689858070387
10 0.21922640734458593
11 0.19374546575460502
12 0.17170489574476533
13 0.15254161298958613
14 0.13580399365927803
15 0.1211262629868524
16 0.10820940399286673
17 0.09680680880401474
18 0.08671340298153497
19 0.07775733111755297
20 0.06979354515048528
21 0.06269881684157208
0 1.0
1 0.8297866622293277
2 0.6955969099950958
3 0.5885019895777522
4 0.502011229550552
5 0.4313668421553525
6 0.3730501726942451
7 0.3244344532013656
8 0.2835394040986935
9 0.2488568985807034
10 0.21922640734458584
11 0.19374546575460513
12 0.17170489574476516
13 0.15254161298958618
14 0.13580399365927798
15 0.12112626298685249
16 0.10820940399286676
17 0.0968068088040147
18 0.08671340298153507
19 0.07775733111755269
20 0.06979354515048523
21 0.0626988168415721
0 1.0
1 0.8297866622293282
2 0.695596909995095
3 0.5885019895777517
4 0.5020112295505504
5 0.43136684215535265
6 0.37305017269424456
7 0.324434453201365
8 0.28353940409869355
9 0.24885689858070298
10 0.21922640734458507
11 0.19374546575460488
12 0.17170489574476497
13 0.15254161298958624
14 0.13580399365927795
15 0.12112626298685222
16 0.10820940399286652
17 0.09680680880401475
18 0.08671340298153486
19 0.07775733111755291
20 0.06979354515048507
21 0.06269881684157207
0 1.0
1 0.8297866622293276
2 0.6955969099950947
3 0.5885019895777502
4 0.5020112295505508
5 0.4313668421553521
6 0.3730501726942442
7 0.32443445320136516
8 0.2835394040986937
9 0.24885689858070348
10 0.21922640734458557
11 0.19374546575460502
12 0.17170489574476508
13 0.1525416129895862
14 0.1358039936592778
15 0.1211262629868525
16 0.10820940399286666
17 0.09680680880401488
18 0.08671340298153477
19 0.07775733111755287
20 0.06979354515048522
21 0.06269881684157212
0 1.0
1 0.8297866622293283
2 0.695596909995096
3 0.5885019895777515
4 0.5020112295505504
5 0.43136684215535237
6 0.3730501726942443
7 0.32443445320136527
8 0.28353940409869344
9 0.24885689858070364
10 0.2192264073445856
11 0.1937454657546048
12 0.17170489574476533
13 0.15254161298958638
14 0.135803993659278
15 0.12112626298685232
16 0.10820940399286659
17 0.0968068088040148
18 0.08671340298153503
19 0.07775733111755283
20 0.06979354515048512
21 0.06269881684157208
0 1.0
1 0.8297866622293277
2 0.6955969099950955
3 0.5885019895777517
4 0.5020112295505509
5 0.4313668421553525
6 0.37305017269424456
7 0.3244344532013655
8 0.28353940409869394
9 0.24885689858070353
10 0.2192264073445857
11 0.19374546575460475
12 0.17170489574476544
13 0.1525416129895861
14 0.13580399365927795
15 0.12112626298685258
16 0.10820940399286656
17 0.09680680880401472
18 0.08671340298153495
19 0.07775733111755279
20 0.06979354515048523
21 0.06269881684157208
0 1.0
1 0.8297866622293268
2 0.6955969099950952
3 0.5885019895777507
4 0.5020112295505511
5 0.4313668421553526
6 0.3730501726942447
7 0.32443445320136566
8 0.28353940409869394
9 0.24885689858070328
10 0.2192264073445856
11 0.19374546575460525
12 0.171704895744765
13 0.15254161298958613
14 0.13580399365927773
15 0.1211262629868526
16 0.10820940399286644
17 0.09680680880401457
18 0.0867134029815349
19 0.0777573311175528
20 0.0697935451504854
21 0.06269881684157198
0 1.0
1 0.8297866622293293
2 0.6955969099950974
3 0.5885019895777513
4 0.5020112295505514
5 0.43136684215535254
6 0.3730501726942454
7 0.3244344532013657
8 0.2835394040986933
9 0.24885689858070378
10 0.21922640734458612
11 0.19374546575460505
12 0.17170489574476527
13 0.15254161298958635
14 0.13580399365927814
15 0.12112626298685253
16 0.10820940399286674
17 0.09680680880401502
18 0.08671340298153515
19 0.07775733111755305
20 0.0697935451504853
21 0.06269881684157216
0 1.0
1 0.8297866622293276
2 0.6955969099950958
3 0.5885019895777501
4 0.5020112295505521
5 0.4313668421553527
6 0.3730501726942454
7 0.3244344532013652
8 0.2835394040986933
9 0.2488568985807031
10 0.21922640734458607
11 0.1937454657546049
12 0.17170489574476527
13 0.15254161298958635
14 0.13580399365927795
15 0.12112626298685235
16 0.10820940399286648
17 0.0968068088040147
18 0.08671340298153489
19 0.0777573311175529
20 0.06979354515048518
21 0.06269881684157208
0 1.0
1 0.8297866622293283
2 0.6955969099950969
3 0.588501989577752
4 0.5020112295505513
5 0.4313668421553532
6 0.37305017269424423
7 0.3244344532013662
8 0.2835394040986939
9 0.24885689858070387
10 0.2192264073445863
11 0.1937454657546052
12 0.17170489574476525
13 0.1525416129895862
14 0.13580399365927814
15 0.1211262629868526
16 0.10820940399286642
17 0.09680680880401496
18 0.08671340298153504
19 0.07775733111755305
20 0.06979354515048528
21 0.06269881684157212
0 1.0
1 0.8297866622293276
2 0.695596909995096
3 0.5885019895777516
4 0.5020112295505519
5 0.43136684215535276
6 0.37305017269424534
7 0.32443445320136566
8 0.2835394040986936
9 0.24885689858070378
10 0.21922640734458576
11 0.1937454657546049
12 0.17170489574476533
13 0.1525416129895861
14 0.1358039936592779
15 0.12112626298685243
16 0.10820940399286676
17 0.0968068088040148
18 0.08671340298153504
19 0.07775733111755301
20 0.06979354515048522
21 0.062698816841572
0 1.0
1 0.8297866622293278
2 0.6955969099950957
3 0.5885019895777523
4 0.5020112295505524
5 0.43136684215535265
6 0.37305017269424523
7 0.32443445320136577
8 0.2835394040986935
9 0.24885689858070426
10 0.2192264073445859
11 0.1937454657546055
12 0.1717048957447655
13 0.15254161298958638
14 0.13580399365927814
15 0.12112626298685265
16 0.10820940399286659
17 0.09680680880401486
18 0.08671340298153524
19 0.07775733111755277
20 0.06979354515048536
21 0.06269881684157208
0 1.0
1 0.8297866622293275
2 0.6955969099950952
3 0.5885019895777504
4 0.5020112295505514
5 0.4313668421553527
6 0.37305017269424406
7 0.3244344532013653
8 0.28353940409869316
9 0.24885689858070292
10 0.21922640734458532
11 0.1937454657546049
12 0.17170489574476502
13 0.15254161298958605
14 0.13580399365927787
15 0.12112626298685247
16 0.10820940399286634
17 0.09680680880401478
18 0.08671340298153495
19 0.0777573311175528
20 0.06979354515048525
21 0.06269881684157204
0 1.0
1 0.8297866622293264
2 0.6955969099950945
3 0.5885019895777506
4 0.5020112295505497
5 0.431366842155352
6 0.37305017269424345
7 0.3244344532013651
8 0.2835394040986929
9 0.248856898580703
10 0.21922640734458526
11 0.19374546575460452
12 0.171704895744765
13 0.15254161298958585
14 0.13580399365927734
15 0.12112626298685213
16 0.10820940399286652
17 0.0968068088040145
18 0.08671340298153479
19 0.07775733111755258
20 0.06979354515048504
21 0.06269881684157189
0 1.0
1 0.829786662229328
2 0.6955969099950956
3 0.5885019895777512
4 0.5020112295505511
5 0.4313668421553525
6 0.3730501726942439
7 0.3244344532013651
8 0.2835394040986935
9 0.24885689858070315
10 0.21922640734458565
11 0.1937454657546049
12 0.1717048957447652
13 0.15254161298958605
14 0.135803993659278
15 0.12112626298685246
16 0.10820940399286633
17 0.09680680880401477
18 0.08671340298153493
19 0.07775733111755281
20 0.0697935451504851
21 0.06269881684157193
0 1.0
1 0.8297866622293295
2 0.6955969099950975
3 0.5885019895777526
4 0.5020112295505519
5 0.43136684215535426
6 0.37305017269424523
7 0.32443445320136666
8 0.28353940409869377
9 0.24885689858070428
10 0.21922640734458607
11 0.19374546575460538
12 0.1717048957447656
13 0.15254161298958666
14 0.13580399365927817
15 0.12112626298685282
16 0.1082094039928668
17 0.09680680880401511
18 0.08671340298153528
19 0.07775733111755304
20 0.0697935451504854
21 0.06269881684157226
0 1.0
1 0.8297866622293263
2 0.695596909995095
3 0.5885019895777502
4 0.5020112295505514
5 0.4313668421553526
6 0.37305017269424395
7 0.324434453201366
8 0.2835394040986937
9 0.24885689858070337
10 0.2192264073445856
11 0.19374546575460502
12 0.17170489574476563
13 0.15254161298958627
14 0.13580399365927792
15 0.12112626298685222
16 0.10820940399286666
17 0.09680680880401467
18 0.08671340298153496
19 0.07775733111755287
20 0.06979354515048525
21 0.06269881684157198
0 1.0
1 0.8297866622293287
2 0.6955969099950966
3 0.5885019895777518
4 0.5020112295505514
5 0.43136684215535265
6 0.3730501726942438
7 0.3244344532013653
8 0.2835394040986934
9 0.24885689858070345
10 0.2192264073445861
11 0.19374546575460513
12 0.17170489574476516
13 0.1525416129895862
14 0.13580399365927792
15 0.1211262629868526
16 0.10820940399286663
17 0.0968068088040147
18 0.08671340298153493
19 0.07775733111755283
20 0.06979354515048528
21 0.06269881684157208
0 1.0
1 0.829786662229327
2 0.695596909995095
3 0.5885019895777521
4 0.5020112295505517
5 0.43136684215535287
6 0.3730501726942448
7 0.32443445320136527
8 0.28353940409869344
9 0.24885689858070356
10 0.2192264073445855
11 0.19374546575460533
12 0.1717048957447649
13 0.1525416129895862
14 0.1358039936592779
15 0.12112626298685236
16 0.1082094039928665
17 0.09680680880401482
18 0.08671340298153496
19 0.07775733111755281
20 0.06979354515048516
21 0.06269881684157211
0 1.0
1 0.829786662229325
2 0.6955969099950938
3 0.588501989577751
4 0.5020112295505514
5 0.4313668421553514
6 0.3730501726942438
7 0.3244344532013651
8 0.28353940409869305
9 0.24885689858070312
10 0.2192264073445856
11 0.1937454657546044
12 0.17170489574476508
13 0.152541612989586
14 0.1358039936592775
15 0.1211262629868522
16 0.10820940399286659
17 0.09680680880401457
18 0.08671340298153479
19 0.07775733111755267
20 0.06979354515048516
21 0.06269881684157193
0 1.0
1 0.8297866622293274
2 0.6955969099950947
3 0.5885019895777515
4 0.5020112295505509
5 0.4313668421553532
6 0.3730501726942451
7 0.32443445320136505
8 0.2835394040986936
9 0.2488568985807034
10 0.21922640734458598
11 0.19374546575460527
12 0.1717048957447651
13 0.15254161298958624
14 0.13580399365927787
15 0.12112626298685228
16 0.10820940399286662
17 0.0968068088040146
18 0.08671340298153503
19 0.07775733111755292
20 0.0697935451504852
21 0.06269881684157207
0 1.0
1 0.8297866622293274
2 0.6955969099950944
3 0.5885019895777499
4 0.5020112295505508
5 0.4313668421553522
6 0.37305017269424506
7 0.32443445320136516
8 0.2835394040986936
9 0.24885689858070362
10 0.219226407344585
11 0.1937454657546051
12 0.17170489574476513
13 0.15254161298958616
14 0.1358039936592777
15 0.12112626298685242
16 0.10820940399286645
17 0.09680680880401463
18 0.0867134029815347
19 0.07775733111755273
20 0.06979354515048496
21 0.0626988168415721
0 1.0
1 0.8297866622293285
2 0.695596909995094
3 0.5885019895777504
4 0.5020112295505508
5 0.43136684215535204
6 0.37305017269424434
7 0.3244344532013659
8 0.28353940409869305
9 0.24885689858070328
10 0.21922640734458548
11 0.1937454657546049
12 0.17170489574476497
13 0.1525416129895862
14 0.1358039936592779
15 0.12112626298685243
16 0.10820940399286649
17 0.09680680880401478
18 0.08671340298153497
19 0.07775733111755288
20 0.06979354515048519
21 0.06269881684157204
0 1.0
1 0.8297866622293278
2 0.6955969099950967
3 0.5885019895777512
4 0.5020112295505511
5 0.4313668421553527
6 0.3730501726942451
7 0.32443445320136616
8 0.283539404098694
9 0.24885689858070356
10 0.21922640734458573
11 0.19374546575460533
12 0.17170489574476555
13 0.15254161298958668
14 0.13580399365927778
15 0.12112626298685253
16 0.1082094039928667
17 0.09680680880401489
18 0.0867134029815351
19 0.07775733111755302
20 0.06979354515048537
21 0.06269881684157205
0 1.0
1 0.8297866622293274
2 0.6955969099950943
3 0.5885019895777504
4 0.5020112295505506
5 0.4313668421553518
6 0.3730501726942438
7 0.32443445320136466
8 0.2835394040986935
9 0.24885689858070364
10 0.21922640734458515
11 0.19374546575460472
12 0.17170489574476494
13 0.15254161298958605
14 0.13580399365927787
15 0.12112626298685233
16 0.10820940399286645
17 0.09680680880401484
18 0.08671340298153514
19 0.07775733111755297
20 0.06979354515048507
21 0.06269881684157204
0 1.0
1 0.8297866622293264
2 0.6955969099950953
3 0.5885019895777511
4 0.5020112295505506
5 0.43136684215535087
6 0.3730501726942439
7 0.32443445320136544
8 0.2835394040986934
9 0.24885689858070362
10 0.21922640734458537
11 0.19374546575460497
12 0.17170489574476483
13 0.1525416129895862
14 0.13580399365927742
15 0.12112626298685239
16 0.10820940399286663
17 0.09680680880401464
18 0.0867134029815349
19 0.07775733111755273
20 0.06979354515048515
21 0.06269881684157207
0 1.0
1 0.8297866622293284
2 0.6955969099950965
3 0.5885019895777502
4 0.502011229550551
5 0.4313668421553524
6 0.37305017269424384
7 0.32443445320136544
8 0.28353940409869366
9 0.24885689858070362
10 0.21922640734458573
11 0.1937454657546048
12 0.17170489574476502
13 0.1525416129895859
14 0.13580399365927764
15 0.12112626298685236
16 0.10820940399286642
17 0.09680680880401485
18 0.08671340298153486
19 0.07775733111755272
20 0.06979354515048522
21 0.062698816841572
0 1.0
1 0.8297866622293268
2 0.6955969099950956
3 0.5885019895777511
4 0.502011229550551
5 0.4313668421553523
6 0.3730501726942446
7 0.324434453201365
8 0.2835394040986933
9 0.24885689858070323
10 0.2192264073445853
11 0.19374546575460502
12 0.17170489574476513
13 0.15254161298958607
14 0.13580399365927767
15 0.12112626298685215
16 0.10820940399286633
17 0.09680680880401475
18 0.08671340298153478
19 0.07775733111755266
20 0.06979354515048516
21 0.06269881684157187
0 1.0
1 0.8297866622293293
2 0.6955969099950964
3 0.5885019895777499
4 0.5020112295505503
5 0.43136684215535187
6 0.3730501726942444
7 0.3244344532013656
8 0.2835394040986932
9 0.24885689858070315
10 0.21922640734458546
11 0.19374546575460497
12 0.17170489574476505
13 0.15254161298958616
14 0.1358039936592777
15 0.1211262629868522
16 0.10820940399286635
17 0.09680680880401459
18 0.08671340298153482
19 0.07775733111755283
20 0.06979354515048523
21 0.06269881684157204
0 1.0
1 0.8297866622293278
2 0.6955969099950958
3 0.5885019895777511
4 0.5020112295505516
5 0.4313668421553529
6 0.37305017269424473
7 0.3244344532013654
8 0.2835394040986938
9 0.24885689858070364
10 0.21922640734458576
11 0.19374546575460513
12 0.1717048957447651
13 0.15254161298958613
14 0.13580399365927776
15 0.12112626298685228
16 0.10820940399286663
17 0.09680680880401478
18 0.08671340298153497
19 0.07775733111755287
20 0.06979354515048518
21 0.06269881684157208
0 1.0
1 0.8297866622293283
2 0.6955969099950969
3 0.5885019895777511
4 0.5020112295505519
5 0.431366842155354
6 0.37305017269424456
7 0.3244344532013667
8 0.2835394040986939
9 0.24885689858070345
10 0.21922640734458582
11 0.19374546575460527
12 0.17170489574476558
13 0.1525416129895863
14 0.13580399365927798
15 0.12112626298685253
16 0.1082094039928667
17 0.09680680880401485
18 0.0867134029815349
19 0.07775733111755295
20 0.0697935451504853
21 0.06269881684157218
0 1.0
1 0.8297866622293268
2 0.6955969099950955
3 0.5885019895777518
4 0.5020112295505519
5 0.43136684215535254
6 0.3730501726942447
7 0.32443445320136594
8 0.2835394040986938
9 0.24885689858070364
10 0.21922640734458593
11 0.19374546575460516
12 0.17170489574476558
13 0.15254161298958638
14 0.13580399365927776
15 0.12112626298685251
16 0.10820940399286658
17 0.09680680880401454
18 0.0867134029815351
19 0.07775733111755288
20 0.06979354515048528
21 0.06269881684157201
0 1.0
1 0.8297866622293283
2 0.695596909995095
3 0.5885019895777506
4 0.50201122955055
5 0.43136684215535165
6 0.3730501726942445
7 0.32443445320136527
8 0.2835394040986933
9 0.24885689858070348
10 0.21922640734458526
11 0.19374546575460463
12 0.17170489574476505
13 0.152541612989586
14 0.13580399365927764
15 0.12112626298685214
16 0.10820940399286642
17 0.0968068088040147
18 0.08671340298153472
19 0.07775733111755281
20 0.06979354515048507
21 0.06269881684157193
0 1.0
1 0.8297866622293284
2 0.6955969099950964
3 0.5885019895777522
4 0.5020112295505508
5 0.4313668421553526
6 0.3730501726942451
7 0.32443445320136566
8 0.2835394040986935
9 0.24885689858070345
10 0.2192264073445856
11 0.19374546575460505
12 0.1717048957447655
13 0.15254161298958657
14 0.13580399365927778
15 0.12112626298685247
16 0.10820940399286648
17 0.09680680880401485
18 0.08671340298153504
19 0.07775733111755301
20 0.06979354515048528
21 0.06269881684157205
0 1.0
1 0.8297866622293268
2 0.6955969099950939
3 0.5885019895777513
4 0.5020112295505501
5 0.43136684215535137
6 0.37305017269424395
7 0.32443445320136555
8 0.28353940409869344
9 0.24885689858070323
10 0.21922640734458526
11 0.19374546575460438
12 0.17170489574476527
13 0.15254161298958613
14 0.13580399365927784
15 0.12112626298685214
16 0.10820940399286665
17 0.09680680880401477
18 0.08671340298153477
19 0.07775733111755263
20 0.06979354515048508
21 0.06269881684157212
0 1.0
1 0.829786662229328
2 0.6955969099950955
3 0.5885019895777505
4 0.5020112295505514
5 0.43136684215535376
6 0.3730501726942447
7 0.32443445320136566
8 0.28353940409869355
9 0.24885689858070356
10 0.21922640734458593
11 0.19374546575460494
12 0.17170489574476533
13 0.15254161298958613
14 0.13580399365927792
15 0.12112626298685243
16 0.10820940399286681
17 0.0968068088040149
18 0.08671340298153504
19 0.0777573311175529
20 0.06979354515048519
21 0.0626988168415722
0 1.0
1 0.8297866622293287
2 0.695596909995095
3 0.5885019895777511
4 0.5020112295505519
5 0.4313668421553523
6 0.3730501726942449
7 0.32443445320136555
8 0.28353940409869366
9 0.2488568985807034
10 0.219226407344586
11 0.19374546575460458
12 0.17170489574476516
13 0.15254161298958624
14 0.1358039936592778
15 0.12112626298685258
16 0.10820940399286647
17 0.09680680880401468
18 0.086713402981535
19 0.07775733111755284
20 0.06979354515048518
21 0.06269881684157202
0 1.0
1 0.8297866622293272
2 0.6955969099950956
3 0.5885019895777516
4 0.50201122955055
5 0.43136684215535326
6 0.3730501726942442
7 0.32443445320136505
8 0.2835394040986935
9 0.24885689858070328
10 0.2192264073445858
11 0.19374546575460463
12 0.17170489574476533
13 0.15254161298958632
14 0.13580399365927767
15 0.12112626298685243
16 0.10820940399286667
17 0.09680680880401477
18 0.0867134029815349
19 0.0777573311175527
20 0.06979354515048518
21 0.06269881684157202
0 1.0
1 0.8297866622293272
2 0.695596909995094
3 0.5885019895777516
4 0.5020112295505508
5 0.4313668421553528
6 0.37305017269424406
7 0.32443445320136566
8 0.2835394040986931
9 0.24885689858070315
10 0.2192264073445854
11 0.1937454657546044
12 0.17170489574476502
13 0.15254161298958618
14 0.13580399365927773
15 0.12112626298685235
16 0.10820940399286648
17 0.0968068088040146
18 0.08671340298153497
19 0.07775733111755273
20 0.06979354515048518
21 0.06269881684157194
0 1.0
1 0.8297866622293297
2 0.6955969099950957
3 0.5885019895777509
4 0.5020112295505511
5 0.4313668421553521
6 0.37305017269424534
7 0.32443445320136505
8 0.28353940409869366
9 0.2488568985807037
10 0.2192264073445861
11 0.193745465754605
12 0.17170489574476533
13 0.1525416129895864
14 0.13580399365927764
15 0.12112626298685264
16 0.10820940399286672
17 0.09680680880401484
18 0.08671340298153503
19 0.07775733111755273
20 0.06979354515048532
21 0.06269881684157215
0 1.0
1 0.8297866622293268
2 0.6955969099950948
3 0.5885019895777507
4 0.5020112295505501
5 0.43136684215535276
6 0.37305017269424395
7 0.3244344532013652
8 0.2835394040986923
9 0.248856898580703
10 0.21922640734458534
11 0.1937454657546044
12 0.1717048957447651
13 0.1525416129895859
14 0.1358039936592775
15 0.12112626298685225
16 0.10820940399286626
17 0.09680680880401468
18 0.0867134029815348
19 0.07775733111755269
20 0.06979354515048512
21 0.06269881684157191
0 1.0
1 0.8297866622293278
2 0.6955969099950969
3 0.5885019895777506
4 0.5020112295505521
5 0.43136684215535326
6 0.3730501726942441
7 0.32443445320136594
8 0.283539404098694
9 0.248856898580704
10 0.21922640734458562
11 0.1937454657546051
12 0.17170489574476547
13 0.1525416129895861
14 0.13580399365927798
15 0.12112626298685251
16 0.10820940399286669
17 0.09680680880401472
18 0.08671340298153506
19 0.0777573311175529
20 0.06979354515048537
21 0.06269881684157214
0 1.0
1 0.8297866622293288
2 0.6955969099950959
3 0.5885019895777513
4 0.5020112295505519
5 0.4313668421553528
6 0.37305017269424406
7 0.32443445320136594
8 0.2835394040986938
9 0.24885689858070337
10 0.21922640734458532
11 0.1937454657546052
12 0.1717048957447653
13 0.15254161298958635
14 0.135803993659278
15 0.12112626298685247
16 0.10820940399286666
17 0.09680680880401492
18 0.08671340298153503
19 0.07775733111755312
20 0.06979354515048536
21 0.06269881684157207
0 1.0
1 0.8297866622293277
2 0.6955969099950956
3 0.5885019895777501
4 0.5020112295505507
5 0.4313668421553532
6 0.37305017269424473
7 0.3244344532013653
8 0.2835394040986937
9 0.24885689858070353
10 0.21922640734458543
11 0.19374546575460494
12 0.17170489574476502
13 0.15254161298958588
14 0.13580399365927795
15 0.12112626298685224
16 0.1082094039928665
17 0.09680680880401471
18 0.08671340298153485
19 0.0777573311175528
20 0.06979354515048536
21 0.06269881684157214
0 1.0
1 0.8297866622293264
2 0.6955969099950959
3 0.5885019895777526
4 0.5020112295505508
5 0.43136684215535204
6 0.3730501726942441
7 0.324434453201365
8 0.2835394040986932
9 0.24885689858070292
10 0.21922640734458537
11 0.19374546575460508
12 0.17170489574476522
13 0.15254161298958605
14 0.13580399365927778
15 0.12112626298685224
16 0.1082094039928664
17 0.09680680880401482
18 0.08671340298153511
19 0.07775733111755283
20 0.06979354515048519
21 0.062698816841572
0 1.0
1 0.8297866622293263
2 0.6955969099950939
3 0.5885019895777491
4 0.5020112295505508
5 0.4313668421553513
6 0.37305017269424345
7 0.32443445320136494
8 0.28353940409869316
9 0.2488568985807028
10 0.21922640734458507
11 0.19374546575460472
12 0.17170489574476486
13 0.1525416129895856
14 0.13580399365927767
15 0.12112626298685229
16 0.10820940399286644
17 0.09680680880401452
18 0.08671340298153507
19 0.07775733111755267
20 0.06979354515048514
21 0.06269881684157186
0 1.0
1 0.8297866622293291
2 0.6955969099950962
3 0.5885019895777525
4 0.5020112295505512
5 0.4313668421553531
6 0.3730501726942446
7 0.32443445320136594
8 0.2835394040986941
9 0.24885689858070364
10 0.2192264073445859
11 0.1937454657546052
12 0.1717048957447658
13 0.1525416129895864
14 0.13580399365927825
15 0.12112626298685268
16 0.1082094039928668
17 0.09680680880401489
18 0.08671340298153493
19 0.07775733111755306
20 0.06979354515048547
21 0.06269881684157207
0 1.0
1 0.8297866622293274
2 0.6955969099950955
3 0.5885019895777509
4 0.5020112295505508
5 0.43136684215535254
6 0.3730501726942444
7 0.32443445320136577
8 0.283539404098694
9 0.2488568985807033
10 0.21922640734458598
11 0.1937454657546055
12 0.1717048957447652
13 0.15254161298958624
14 0.13580399365927756
15 0.12112626298685224
16 0.10820940399286659
17 0.0968068088040146
18 0.086713402981535
19 0.07775733111755286
20 0.06979354515048532
21 0.06269881684157215
0 1.0
1 0.8297866622293273
2 0.6955969099950942
3 0.5885019895777506
4 0.5020112295505498
5 0.43136684215535165
6 0.3730501726942429
7 0.3244344532013656
8 0.28353940409869316
9 0.248856898580703
10 0.21922640734458537
11 0.19374546575460483
12 0.17170489574476516
13 0.15254161298958596
14 0.13580399365927767
15 0.12112626298685235
16 0.10820940399286606
17 0.09680680880401461
18 0.08671340298153507
19 0.07775733111755266
20 0.06979354515048516
21 0.0626988168415719
0 1.0
1 0.8297866622293273
2 0.6955969099950966
3 0.5885019895777506
4 0.5020112295505509
5 0.43136684215535287
6 0.3730501726942454
7 0.32443445320136527
8 0.28353940409869327
9 0.24885689858070378
10 0.21922640734458593
11 0.19374546575460472
12 0.17170489574476505
13 0.15254161298958596
14 0.13580399365927787
15 0.12112626298685247
16 0.1082094039928665
17 0.0968068088040146
18 0.086713402981535
19 0.0777573311175527
20 0.06979354515048532
21 0.06269881684157205
0 1.0
1 0.8297866622293286
2 0.6955969099950965
3 0.5885019895777513
4 0.5020112295505518
5 0.43136684215535304
6 0.373050172694245
7 0.3244344532013661
8 0.2835394040986937
9 0.24885689858070384
10 0.21922640734458562
11 0.19374546575460533
12 0.17170489574476552
13 0.15254161298958624
14 0.13580399365927773
15 0.12112626298685243
16 0.10820940399286649
17 0.09680680880401488
18 0.08671340298153525
19 0.0777573311175529
20 0.06979354515048523
21 0.06269881684157214
0 1.0
1 0.8297866622293278
2 0.6955969099950963
3 0.5885019895777508
4 0.5020112295505506
5 0.4313668421553528
6 0.37305017269424506
7 0.3244344532013654
8 0.2835394040986945
9 0.24885689858070315
10 0.2192264073445855
11 0.19374546575460483
12 0.17170489574476533
13 0.15254161298958632
14 0.13580399365927773
15 0.12112626298685243
16 0.10820940399286665
17 0.09680680880401488
18 0.08671340298153493
19 0.07775733111755283
20 0.06979354515048523
21 0.06269881684157208
0 1.0
1 0.8297866622293291
2 0.695596909995096
3 0.5885019895777518
4 0.5020112295505512
5 0.4313668421553525
6 0.37305017269424534
7 0.324434453201365
8 0.2835394040986935
9 0.24885689858070348
10 0.2192264073445857
11 0.19374546575460472
12 0.17170489574476505
13 0.15254161298958635
14 0.1358039936592779
15 0.12112626298685258
16 0.10820940399286648
17 0.09680680880401472
18 0.08671340298153511
19 0.07775733111755304
20 0.06979354515048512
21 0.06269881684157218
0 1.0
1 0.829786662229326
2 0.6955969099950956
3 0.5885019895777505
4 0.50201122955055
5 0.4313668421553521
6 0.37305017269424334
7 0.3244344532013643
8 0.28353940409869266
9 0.24885689858070284
10 0.2192264073445853
11 0.19374546575460477
12 0.17170489574476502
13 0.15254161298958616
14 0.13580399365927762
15 0.12112626298685218
16 0.10820940399286663
17 0.09680680880401452
18 0.08671340298153485
19 0.07775733111755273
20 0.06979354515048515
21 0.06269881684157198
0 1.0
1 0.829786662229327
2 0.695596909995095
3 0.5885019895777517
4 0.5020112295505509
5 0.43136684215535204
6 0.37305017269424406
7 0.32443445320136505
8 0.28353940409869355
9 0.24885689858070337
10 0.21922640734458537
11 0.1937454657546047
12 0.17170489574476494
13 0.15254161298958605
14 0.13580399365927764
15 0.12112626298685233
16 0.10820940399286635
17 0.09680680880401449
18 0.0867134029815347
19 0.07775733111755262
20 0.06979354515048519
21 0.06269881684157189
0 1.0
1 0.8297866622293293
2 0.6955969099950956
3 0.5885019895777515
4 0.502011229550551
5 0.431366842155353
6 0.3730501726942447
7 0.3244344532013666
8 0.28353940409869405
9 0.24885689858070392
10 0.21922640734458573
11 0.1937454657546054
12 0.17170489574476527
13 0.15254161298958638
14 0.1358039936592779
15 0.12112626298685264
16 0.10820940399286666
17 0.09680680880401482
18 0.08671340298153503
19 0.0777573311175529
20 0.0697935451504854
21 0.06269881684157212
0 1.0
1 0.8297866622293264
2 0.6955969099950943
3 0.5885019895777507
4 0.5020112295505503
5 0.43136684215535137
6 0.3730501726942435
7 0.32443445320136477
8 0.28353940409869327
9 0.248856898580703
10 0.21922640734458526
11 0.1937454657546044
12 0.17170489574476486
13 0.15254161298958585
14 0.13580399365927742
15 0.12112626298685225
16 0.10820940399286658
17 0.09680680880401454
18 0.08671340298153477
19 0.0777573311175527
20 0.0697935451504851
21 0.06269881684157197
0 1.0
1 0.829786662229327
2 0.6955969099950963
3 0.5885019895777516
4 0.5020112295505519
5 0.4313668421553528
6 0.37305017269424456
7 0.32443445320136555
8 0.2835394040986932
9 0.24885689858070356
10 0.21922640734458587
11 0.1937454657546052
12 0.17170489574476516
13 0.1525416129895863
14 0.13580399365927814
15 0.12112626298685251
16 0.10820940399286656
17 0.09680680880401486
18 0.08671340298153506
19 0.07775733111755298
20 0.06979354515048533
21 0.06269881684157197
0 1.0
1 0.8297866622293266
2 0.6955969099950956
3 0.5885019895777509
4 0.5020112295505511
5 0.4313668421553523
6 0.3730501726942448
7 0.3244344532013653
8 0.28353940409869327
9 0.24885689858070315
10 0.21922640734458587
11 0.19374546575460497
12 0.17170489574476502
13 0.1525416129895863
14 0.135803993659278
15 0.1211262629868525
16 0.10820940399286641
17 0.09680680880401486
18 0.0867134029815349
19 0.07775733111755288
20 0.06979354515048516
21 0.06269881684157202
0 1.0
1 0.8297866622293268
2 0.6955969099950962
3 0.5885019895777515
4 0.5020112295505503
5 0.4313668421553527
6 0.3730501726942448
7 0.3244344532013646
8 0.28353940409869344
9 0.248856898580703
10 0.2192264073445855
11 0.1937454657546048
12 0.1717048957447649
13 0.15254161298958607
14 0.13580399365927787
15 0.12112626298685243
16 0.10820940399286638
17 0.09680680880401472
18 0.08671340298153495
19 0.07775733111755269
20 0.06979354515048516
21 0.0626988168415719
0 1.0
1 0.829786662229328
2 0.6955969099950968
3 0.5885019895777512
4 0.5020112295505512
5 0.43136684215535254
6 0.37305017269424484
7 0.32443445320136566
8 0.28353940409869405
9 0.24885689858070364
10 0.2192264073445854
11 0.1937454657546052
12 0.17170489574476494
13 0.15254161298958618
14 0.13580399365927787
15 0.12112626298685256
16 0.10820940399286662
17 0.0968068088040148
18 0.08671340298153492
19 0.07775733111755286
20 0.06979354515048533
21 0.06269881684157211
0 1.0
1 0.8297866622293277
2 0.6955969099950949
3 0.5885019895777505
4 0.5020112295505503
5 0.4313668421553518
6 0.37305017269424373
7 0.32443445320136494
8 0.28353940409869305
9 0.24885689858070284
10 0.21922640734458548
11 0.19374546575460444
12 0.17170489574476513
13 0.1525416129895861
14 0.1358039936592776
15 0.12112626298685227
16 0.10820940399286658
17 0.09680680880401467
18 0.08671340298153486
19 0.0777573311175529
20 0.06979354515048515
21 0.06269881684157204
0 1.0
1 0.82978666222933
2 0.6955969099950967
3 0.5885019895777515
4 0.5020112295505528
5 0.4313668421553529
6 0.37305017269424523
7 0.32443445320136527
8 0.283539404098694
9 0.24885689858070353
10 0.21922640734458598
11 0.19374546575460502
12 0.17170489574476563
13 0.15254161298958627
14 0.13580399365927806
15 0.12112626298685265
16 0.1082094039928667
17 0.09680680880401474
18 0.08671340298153528
19 0.07775733111755308
20 0.06979354515048539
21 0.0626988168415722
0 1.0
1 0.8297866622293272
2 0.695596909995095
3 0.588501989577751
4 0.5020112295505501
5 0.4313668421553523
6 0.37305017269424406
7 0.324434453201365
8 0.2835394040986931
9 0.24885689858070348
10 0.21922640734458548
11 0.19374546575460508
12 0.17170489574476505
13 0.15254161298958638
14 0.13580399365927773
15 0.12112626298685224
16 0.10820940399286647
17 0.09680680880401477
18 0.086713402981535
19 0.07775733111755292
20 0.06979354515048518
21 0.06269881684157218
0 1.0
1 0.8297866622293272
2 0.6955969099950954
3 0.5885019895777512
4 0.5020112295505506
5 0.4313668421553525
6 0.37305017269424423
7 0.32443445320136505
8 0.2835394040986933
9 0.248856898580703
10 0.21922640734458515
11 0.19374546575460477
12 0.17170489574476497
13 0.15254161298958616
14 0.1358039936592779
15 0.1211262629868522
16 0.10820940399286649
17 0.0968068088040146
18 0.08671340298153495
19 0.07775733111755274
20 0.06979354515048519
21 0.06269881684157219
0 1.0
1 0.829786662229326
2 0.6955969099950947
3 0.5885019895777507
4 0.5020112295505507
5 0.431366842155352
6 0.3730501726942437
7 0.324434453201365
8 0.28353940409869344
9 0.24885689858070323
10 0.21922640734458554
11 0.19374546575460475
12 0.171704895744765
13 0.15254161298958593
14 0.13580399365927767
15 0.12112626298685242
16 0.10820940399286637
17 0.09680680880401461
18 0.08671340298153493
19 0.07775733111755279
20 0.06979354515048514
21 0.06269881684157191
0 1.0
1 0.8297866622293263
2 0.6955969099950944
3 0.58850198957775
4 0.5020112295505511
5 0.4313668421553516
6 0.3730501726942438
7 0.3244344532013652
8 0.28353940409869316
9 0.24885689858070323
10 0.21922640734458526
11 0.19374546575460488
12 0.17170489574476513
13 0.1525416129895857
14 0.13580399365927753
15 0.12112626298685215
16 0.10820940399286658
17 0.09680680880401481
18 0.08671340298153489
19 0.07775733111755276
20 0.069793545150485
21 0.0626988168415721
0 1.0
1 0.8297866622293284
2 0.6955969099950956
3 0.5885019895777505
4 0.5020112295505517
5 0.43136684215535287
6 0.3730501726942445
7 0.32443445320136566
8 0.28353940409869316
9 0.24885689858070353
10 0.21922640734458568
11 0.19374546575460536
12 0.17170489574476536
13 0.15254161298958596
14 0.13580399365927787
15 0.12112626298685239
16 0.10820940399286655
17 0.09680680880401492
18 0.08671340298153496
19 0.07775733111755276
20 0.0697935451504852
21 0.06269881684157204
0 1.0
1 0.8297866622293294
2 0.6955969099950972
3 0.588501989577752
4 0.5020112295505524
5 0.43136684215535315
6 0.3730501726942456
7 0.32443445320136644
8 0.28353940409869416
9 0.24885689858070456
10 0.21922640734458573
11 0.1937454657546053
12 0.17170489574476544
13 0.15254161298958638
14 0.13580399365927798
15 0.12112626298685246
16 0.10820940399286674
17 0.0968068088040152
18 0.08671340298153517
19 0.07775733111755294
20 0.0697935451504854
21 0.0626988168415722
0 1.0
1 0.8297866622293266
2 0.6955969099950934
3 0.5885019895777505
4 0.5020112295505503
5 0.4313668421553525
6 0.3730501726942436
7 0.3244344532013645
8 0.2835394040986928
9 0.24885689858070323
10 0.21922640734458523
11 0.1937454657546049
12 0.17170489574476477
13 0.15254161298958605
14 0.1358039936592776
15 0.12112626298685225
16 0.10820940399286637
17 0.09680680880401464
18 0.08671340298153482
19 0.07775733111755279
20 0.06979354515048516
21 0.06269881684157189
0 1.0
1 0.8297866622293303
2 0.695596909995096
3 0.5885019895777516
4 0.5020112295505512
5 0.4313668421553528
6 0.3730501726942448
7 0.3244344532013651
8 0.2835394040986938
9 0.24885689858070364
10 0.21922640734458562
11 0.19374546575460483
12 0.17170489574476552
13 0.15254161298958618
14 0.13580399365927778
15 0.12112626298685232
16 0.10820940399286665
17 0.09680680880401474
18 0.086713402981535
19 0.07775733111755294
20 0.0697935451504854
21 0.06269881684157202
0 1.0
1 0.8297866622293277
2 0.6955969099950945
3 0.5885019895777511
4 0.5020112295505511
5 0.43136684215535204
6 0.3730501726942443
7 0.32443445320136555
8 0.28353940409869377
9 0.24885689858070362
10 0.21922640734458584
11 0.19374546575460525
12 0.17170489574476527
13 0.15254161298958627
14 0.13580399365927792
15 0.12112626298685256
16 0.10820940399286677
17 0.09680680880401497
18 0.08671340298153497
19 0.07775733111755292
20 0.06979354515048526
21 0.06269881684157214
0 1.0
1 0.8297866622293285
2 0.6955969099950959
3 0.5885019895777511
4 0.5020112295505519
5 0.43136684215535376
6 0.3730501726942444
7 0.3244344532013654
8 0.28353940409869366
9 0.24885689858070387
10 0.21922640734458562
11 0.19374546575460458
12 0.17170489574476544
13 0.15254161298958624
14 0.13580399365927764
15 0.12112626298685267
16 0.10820940399286666
17 0.0968068088040148
18 0.08671340298153499
19 0.07775733111755292
20 0.06979354515048528
21 0.06269881684157211
0 1.0
1 0.8297866622293277
2 0.6955969099950963
3 0.5885019895777515
4 0.5020112295505511
5 0.43136684215535326
6 0.37305017269424534
7 0.3244344532013655
8 0.2835394040986944
9 0.24885689858070387
10 0.21922640734458645
11 0.19374546575460508
12 0.17170489574476536
13 0.1525416129895861
14 0.13580399365927795
15 0.1211262629868526
16 0.10820940399286691
17 0.0968068088040148
18 0.08671340298153504
19 0.07775733111755298
20 0.06979354515048529
21 0.06269881684157219
0 1.0
1 0.8297866622293301
2 0.6955969099950959
3 0.5885019895777523
4 0.5020112295505522
5 0.4313668421553529
6 0.3730501726942454
7 0.32443445320136644
8 0.2835394040986945
9 0.24885689858070337
10 0.21922640734458626
11 0.19374546575460563
12 0.17170489574476555
13 0.1525416129895866
14 0.13580399365927798
15 0.12112626298685272
16 0.10820940399286665
17 0.09680680880401489
18 0.086713402981535
19 0.07775733111755276
20 0.06979354515048539
21 0.06269881684157218
0 1.0
1 0.829786662229327
2 0.6955969099950955
3 0.5885019895777509
4 0.502011229550551
5 0.43136684215535226
6 0.37305017269424423
7 0.32443445320136516
8 0.2835394040986932
9 0.24885689858070384
10 0.21922640734458607
11 0.19374546575460463
12 0.17170489574476536
13 0.1525416129895861
14 0.13580399365927778
15 0.12112626298685239
16 0.10820940399286653
17 0.09680680880401467
18 0.08671340298153496
19 0.07775733111755301
20 0.06979354515048522
21 0.06269881684157211
0 1.0
1 0.8297866622293286
2 0.6955969099950939
3 0.5885019895777506
4 0.50201122955055
5 0.4313668421553526
6 0.3730501726942435
7 0.32443445320136505
8 0.2835394040986932
9 0.24885689858070306
10 0.2192264073445858
11 0.19374546575460488
12 0.17170489574476488
13 0.15254161298958582
14 0.13580399365927762
15 0.12112626298685239
16 0.10820940399286635
17 0.09680680880401457
18 0.08671340298153482
19 0.07775733111755263
20 0.0697935451504851
21 0.06269881684157186
0 1.0
1 0.8297866622293278
2 0.6955969099950947
3 0.5885019895777509
4 0.5020112295505511
5 0.4313668421553533
6 0.3730501726942453
7 0.32443445320136505
8 0.283539404098694
9 0.24885689858070373
10 0.21922640734458604
11 0.19374546575460455
12 0.17170489574476522
13 0.15254161298958638
14 0.13580399365927814
15 0.12112626298685245
16 0.10820940399286681
17 0.09680680880401484
18 0.08671340298153504
19 0.07775733111755292
20 0.06979354515048516
21 0.06269881684157204
0 1.0
1 0.8297866622293268
2 0.6955969099950954
3 0.588501989577751
4 0.5020112295505511
5 0.43136684215535254
6 0.37305017269424434
7 0.32443445320136494
8 0.2835394040986936
9 0.24885689858070315
10 0.21922640734458507
11 0.19374546575460463
12 0.17170489574476522
13 0.15254161298958618
14 0.1358039936592778
15 0.12112626298685228
16 0.10820940399286658
17 0.09680680880401449
18 0.08671340298153497
19 0.07775733111755287
20 0.06979354515048532
21 0.06269881684157212
0 1.0
1 0.8297866622293268
2 0.6955969099950947
3 0.5885019895777506
4 0.5020112295505504
5 0.43136684215535126
6 0.3730501726942438
7 0.3244344532013654
8 0.2835394040986928
9 0.2488568985807028
10 0.2192264073445855
11 0.19374546575460494
12 0.1717048957447652
13 0.15254161298958574
14 0.1358039936592778
15 0.12112626298685239
16 0.10820940399286638
17 0.09680680880401452
18 0.08671340298153478
19 0.07775733111755276
20 0.06979354515048515
21 0.06269881684157193
0 1.0
1 0.8297866622293293
2 0.6955969099950958
3 0.5885019895777505
4 0.5020112295505509
5 0.43136684215535287
6 0.37305017269424384
7 0.32443445320136477
8 0.2835394040986936
9 0.2488568985807032
10 0.2192264073445862
11 0.1937454657546049
12 0.17170489574476505
13 0.15254161298958618
14 0.1358039936592778
15 0.1211262629868525
16 0.10820940399286659
17 0.09680680880401475
18 0.08671340298153503
19 0.07775733111755283
20 0.06979354515048519
21 0.06269881684157201
0 1.0
1 0.829786662229328
2 0.6955969099950957
3 0.5885019895777513
4 0.5020112295505514
5 0.43136684215535315
6 0.37305017269424484
7 0.32443445320136544
8 0.28353940409869455
9 0.24885689858070395
10 0.2192264073445859
11 0.19374546575460513
12 0.17170489574476527
13 0.1525416129895862
14 0.13580399365927778
15 0.12112626298685264
16 0.10820940399286669
17 0.09680680880401488
18 0.086713402981535
19 0.07775733111755298
20 0.06979354515048525
21 0.06269881684157216
0 1.0
1 0.8297866622293273
2 0.6955969099950947
3 0.588501989577752
4 0.5020112295505507
5 0.43136684215535315
6 0.3730501726942445
7 0.32443445320136544
8 0.2835394040986937
9 0.2488568985807032
10 0.21922640734458593
11 0.19374546575460463
12 0.1717048957447651
13 0.1525416129895862
14 0.1358039936592775
15 0.12112626298685239
16 0.10820940399286642
17 0.09680680880401482
18 0.08671340298153499
19 0.07775733111755295
20 0.06979354515048518
21 0.06269881684157214
0 1.0
1 0.8297866622293275
2 0.6955969099950956
3 0.5885019895777529
4 0.502011229550552
5 0.43136684215535265
6 0.37305017269424434
7 0.32443445320136627
8 0.28353940409869377
9 0.24885689858070384
10 0.21922640734458587
11 0.19374546575460536
12 0.17170489574476513
13 0.15254161298958627
14 0.13580399365927806
15 0.12112626298685243
16 0.10820940399286652
17 0.09680680880401467
18 0.086713402981535
19 0.07775733111755294
20 0.06979354515048529
21 0.06269881684157196
0 1.0
1 0.8297866622293281
2 0.6955969099950944
3 0.5885019895777516
4 0.5020112295505511
5 0.4313668421553525
6 0.373050172694244
7 0.32443445320136494
8 0.28353940409869344
9 0.2488568985807031
10 0.21922640734458537
11 0.19374546575460488
12 0.17170489574476466
13 0.15254161298958605
14 0.13580399365927784
15 0.12112626298685246
16 0.10820940399286662
17 0.09680680880401471
18 0.08671340298153488
19 0.07775733111755283
20 0.06979354515048511
21 0.06269881684157205
0 1.0
1 0.829786662229329
2 0.6955969099950957
3 0.5885019895777518
4 0.5020112295505511
5 0.43136684215535376
6 0.37305017269424523
7 0.3244344532013656
8 0.28353940409869377
9 0.24885689858070362
10 0.21922640734458598
11 0.1937454657546053
12 0.17170489574476555
13 0.15254161298958624
14 0.13580399365927795
15 0.12112626298685256
16 0.10820940399286677
17 0.09680680880401472
18 0.08671340298153507
19 0.07775733111755274
20 0.0697935451504852
21 0.06269881684157205
0 1.0
1 0.8297866622293301
2 0.6955969099950965
3 0.588501989577753
4 0.5020112295505522
5 0.43136684215535387
6 0.37305017269424523
7 0.324434453201366
8 0.28353940409869327
9 0.24885689858070384
10 0.2192264073445858
11 0.19374546575460527
12 0.17170489574476547
13 0.15254161298958635
14 0.13580399365927803
15 0.12112626298685268
16 0.10820940399286691
17 0.09680680880401485
18 0.08671340298153517
19 0.07775733111755295
20 0.06979354515048526
21 0.06269881684157208
0 1.0
1 0.8297866622293261
2 0.6955969099950946
3 0.5885019895777504
4 0.5020112295505516
5 0.4313668421553527
6 0.37305017269424406
7 0.32443445320136566
8 0.28353940409869327
9 0.2488568985807037
10 0.21922640734458543
11 0.1937454657546047
12 0.17170489574476508
13 0.15254161298958593
14 0.13580399365927762
15 0.12112626298685242
16 0.10820940399286644
17 0.09680680880401438
18 0.08671340298153483
19 0.0777573311175528
20 0.06979354515048512
21 0.06269881684157204
0 1.0
1 0.8297866622293277
2 0.6955969099950952
3 0.5885019895777511
4 0.5020112295505508
5 0.4313668421553527
6 0.37305017269424423
7 0.32443445320136505
8 0.2835394040986932
9 0.2488568985807032
10 0.21922640734458584
11 0.19374546575460516
12 0.17170489574476527
13 0.15254161298958602
14 0.13580399365927776
15 0.1211262629868525
16 0.1082094039928667
17 0.0968068088040145
18 0.08671340298153485
19 0.07775733111755284
20 0.06979354515048532
21 0.06269881684157214
0 1.0
1 0.8297866622293288
2 0.6955969099950944
3 0.5885019895777511
4 0.5020112295505506
5 0.43136684215535215
6 0.37305017269424456
7 0.3244344532013651
8 0.28353940409869327
9 0.24885689858070328
10 0.21922640734458548
11 0.19374546575460505
12 0.1717048957447652
13 0.1525416129895858
14 0.13580399365927787
15 0.12112626298685243
16 0.10820940399286652
17 0.09680680880401457
18 0.08671340298153496
19 0.07775733111755286
20 0.06979354515048519
21 0.06269881684157201
0 1.0
1 0.8297866622293272
2 0.6955969099950964
3 0.5885019895777515
4 0.5020112295505508
5 0.43136684215535376
6 0.3730501726942447
7 0.32443445320136577
8 0.28353940409869344
9 0.24885689858070392
10 0.21922640734458573
11 0.19374546575460497
12 0.17170489574476516
13 0.15254161298958605
14 0.13580399365927798
15 0.12112626298685258
16 0.10820940399286666
17 0.09680680880401463
18 0.08671340298153521
19 0.0777573311175529
20 0.0697935451504852
21 0.06269881684157215
0 1.0
1 0.8297866622293288
2 0.6955969099950955
3 0.5885019895777513
4 0.5020112295505521
5 0.4313668421553529
6 0.3730501726942449
7 0.3244344532013663
8 0.283539404098694
9 0.24885689858070373
10 0.21922640734458632
11 0.1937454657546055
12 0.1717048957447655
13 0.15254161298958654
14 0.13580399365927798
15 0.1211262629868528
16 0.10820940399286665
17 0.09680680880401492
18 0.08671340298153517
19 0.0777573311175529
20 0.06979354515048525
21 0.06269881684157204
0 1.0
1 0.8297866622293258
2 0.6955969099950953
3 0.5885019895777518
4 0.5020112295505503
5 0.431366842155353
6 0.3730501726942446
7 0.32443445320136544
8 0.28353940409869377
9 0.24885689858070306
10 0.21922640734458523
11 0.19374546575460494
12 0.17170489574476466
13 0.15254161298958616
14 0.1358039936592778
15 0.12112626298685242
16 0.1082094039928666
17 0.09680680880401472
18 0.08671340298153497
19 0.07775733111755274
20 0.06979354515048515
21 0.06269881684157198
0 1.0
1 0.8297866622293273
2 0.6955969099950957
3 0.5885019895777499
4 0.5020112295505517
5 0.4313668421553513
6 0.3730501726942437
7 0.32443445320136516
8 0.28353940409869316
9 0.248856898580703
10 0.2192264073445853
11 0.1937454657546047
12 0.1717048957447651
13 0.15254161298958605
14 0.13580399365927767
15 0.12112626298685206
16 0.10820940399286635
17 0.09680680880401459
18 0.08671340298153465
19 0.07775733111755276
20 0.06979354515048518
21 0.06269881684157187
0 1.0
1 0.8297866622293293
2 0.695596909995097
3 0.5885019895777518
4 0.5020112295505509
5 0.4313668421553538
6 0.3730501726942447
7 0.3244344532013654
8 0.28353940409869405
9 0.24885689858070328
10 0.21922640734458565
11 0.19374546575460522
12 0.17170489574476538
13 0.15254161298958616
14 0.13580399365927776
15 0.12112626298685263
16 0.10820940399286669
17 0.09680680880401497
18 0.08671340298153508
19 0.07775733111755291
20 0.06979354515048529
21 0.06269881684157208
0 1.0
1 0.8297866622293266
2 0.6955969099950946
3 0.5885019895777508
4 0.50201122955055
5 0.4313668421553513
6 0.37305017269424445
7 0.32443445320136516
8 0.2835394040986932
9 0.24885689858070323
10 0.2192264073445858
11 0.1937454657546047
12 0.1717048957447649
13 0.15254161298958602
14 0.13580399365927776
15 0.12112626298685215
16 0.10820940399286623
17 0.09680680880401477
18 0.08671340298153495
19 0.07775733111755281
20 0.06979354515048519
21 0.06269881684157198
0 1.0
1 0.8297866622293276
2 0.6955969099950936
3 0.5885019895777513
4 0.5020112295505522
5 0.43136684215535237
6 0.3730501726942445
7 0.3244344532013655
8 0.28353940409869344
9 0.2488568985807037
10 0.21922640734458598
11 0.19374546575460527
12 0.17170489574476522
13 0.1525416129895861
14 0.13580399365927778
15 0.12112626298685232
16 0.10820940399286647
17 0.09680680880401475
18 0.08671340298153515
19 0.07775733111755287
20 0.06979354515048525
21 0.06269881684157202
0 1.0
1 0.8297866622293264
2 0.6955969099950958
3 0.5885019895777513
4 0.5020112295505511
5 0.43136684215535265
6 0.3730501726942446
7 0.3244344532013656
8 0.28353940409869377
9 0.24885689858070412
10 0.2192264073445856
11 0.1937454657546049
12 0.17170489574476558
13 0.15254161298958627
14 0.1358039936592778
15 0.12112626298685272
16 0.10820940399286656
17 0.09680680880401497
18 0.08671340298153497
19 0.07775733111755287
20 0.0697935451504853
21 0.06269881684157208
0 1.0
1 0.8297866622293271
2 0.6955969099950967
3 0.5885019895777513
4 0.5020112295505501
5 0.4313668421553528
6 0.37305017269424495
7 0.32443445320136594
8 0.28353940409869366
9 0.24885689858070403
10 0.21922640734458548
11 0.1937454657546053
12 0.17170489574476536
13 0.1525416129895864
14 0.13580399365927803
15 0.1211262629868526
16 0.10820940399286678
17 0.09680680880401464
18 0.08671340298153485
19 0.07775733111755291
20 0.0697935451504853
21 0.06269881684157208
0 1.0
1 0.8297866622293282
2 0.695596909995095
3 0.5885019895777505
4 0.50201122955055
5 0.43136684215535237
6 0.37305017269424434
7 0.32443445320136594
8 0.2835394040986934
9 0.2488568985807028
10 0.2192264073445854
11 0.19374546575460447
12 0.17170489574476497
13 0.15254161298958635
14 0.1358039936592776
15 0.12112626298685218
16 0.10820940399286666
17 0.09680680880401485
18 0.08671340298153496
19 0.07775733111755279
20 0.06979354515048514
21 0.06269881684157196
0 1.0
1 0.8297866622293277
2 0.695596909995095
3 0.5885019895777515
4 0.5020112295505513
5 0.4313668421553518
6 0.373050172694244
7 0.32443445320136505
8 0.28353940409869366
9 0.24885689858070356
10 0.21922640734458546
11 0.19374546575460458
12 0.17170489574476508
13 0.15254161298958596
14 0.13580399365927773
15 0.12112626298685238
16 0.10820940399286656
17 0.09680680880401485
18 0.08671340298153485
19 0.07775733111755284
20 0.06979354515048515
21 0.06269881684157201
0 1.0
1 0.8297866622293284
2 0.6955969099950952
3 0.5885019895777509
4 0.5020112295505504
5 0.43136684215535287
6 0.37305017269424445
7 0.32443445320136516
8 0.28353940409869327
9 0.24885689858070337
10 0.21922640734458518
11 0.193745465754605
12 0.17170489574476536
13 0.1525416129895862
14 0.13580399365927764
15 0.12112626298685243
16 0.10820940399286649
17 0.09680680880401474
18 0.086713402981535
19 0.07775733111755294
20 0.0697935451504852
21 0.062698816841572
0 1.0
1 0.8297866622293284
2 0.6955969099950969
3 0.5885019895777533
4 0.5020112295505524
5 0.43136684215535304
6 0.3730501726942452
7 0.32443445320136555
8 0.28353940409869405
9 0.24885689858070417
10 0.2192264073445866
11 0.19374546575460552
12 0.17170489574476552
13 0.15254161298958646
14 0.135803993659278
15 0.12112626298685264
16 0.10820940399286666
17 0.09680680880401495
18 0.08671340298153504
19 0.07775733111755306
20 0.06979354515048533
21 0.06269881684157218
0 1.0
1 0.8297866622293272
2 0.695596909995095
3 0.5885019895777512
4 0.5020112295505514
5 0.43136684215535315
6 0.37305017269424545
7 0.3244344532013654
8 0.2835394040986939
9 0.2488568985807034
10 0.219226407344586
11 0.19374546575460502
12 0.1717048957447654
13 0.152541612989586
14 0.13580399365927803
15 0.12112626298685258
16 0.10820940399286665
17 0.09680680880401474
18 0.0867134029815351
19 0.07775733111755283
20 0.0697935451504853
21 0.06269881684157198
0 1.0
1 0.8297866622293267
2 0.6955969099950956
3 0.5885019895777515
4 0.502011229550551
5 0.43136684215535276
6 0.37305017269424445
7 0.32443445320136544
8 0.28353940409869394
9 0.24885689858070276
10 0.21922640734458593
11 0.19374546575460486
12 0.1717048957447649
13 0.15254161298958624
14 0.1358039936592777
15 0.1211262629868524
16 0.10820940399286659
17 0.09680680880401488
18 0.08671340298153479
19 0.07775733111755279
20 0.06979354515048515
21 0.06269881684157202
0 1.0
1 0.8297866622293285
2 0.695596909995096
3 0.5885019895777506
4 0.5020112295505506
5 0.43136684215535287
6 0.3730501726942444
7 0.3244344532013655
8 0.2835394040986933
9 0.24885689858070364
10 0.21922640734458557
11 0.19374546575460477
12 0.17170489574476508
13 0.15254161298958624
14 0.1358039936592778
15 0.12112626298685232
16 0.10820940399286674
17 0.0968068088040149
18 0.08671340298153507
19 0.07775733111755292
20 0.06979354515048508
21 0.06269881684157201
0 1.0
1 0.8297866622293297
2 0.6955969099950963
3 0.5885019895777515
4 0.5020112295505526
5 0.4313668421553525
6 0.3730501726942452
7 0.32443445320136566
8 0.28353940409869405
9 0.24885689858070378
10 0.21922640734458593
11 0.19374546575460536
12 0.17170489574476572
13 0.15254161298958616
14 0.13580399365927792
15 0.12112626298685268
16 0.10820940399286678
17 0.09680680880401488
18 0.08671340298153499
19 0.0777573311175529
20 0.06979354515048536
21 0.06269881684157216
0 1.0
1 0.829786662229328
2 0.6955969099950948
3 0.5885019895777509
4 0.5020112295505511
5 0.43136684215535204
6 0.3730501726942439
7 0.3244344532013652
8 0.2835394040986935
9 0.24885689858070348
10 0.21922640734458565
11 0.19374546575460475
12 0.17170489574476536
13 0.15254161298958618
14 0.13580399365927745
15 0.1211262629868523
16 0.10820940399286641
17 0.09680680880401477
18 0.0867134029815349
19 0.07775733111755294
20 0.06979354515048522
21 0.06269881684157204
0 1.0
1 0.8297866622293263
2 0.6955969099950947
3 0.5885019895777506
4 0.5020112295505508
5 0.43136684215535176
6 0.3730501726942448
7 0.32443445320136527
8 0.2835394040986931
9 0.24885689858070292
10 0.21922640734458554
11 0.19374546575460475
12 0.17170489574476508
13 0.15254161298958593
14 0.1358039936592774
15 0.12112626298685227
16 0.1082094039928665
17 0.09680680880401459
18 0.08671340298153493
19 0.07775733111755277
20 0.06979354515048507
21 0.0626988168415719
0 1.0
1 0.8297866622293301
2 0.6955969099950963
3 0.5885019895777518
4 0.5020112295505512
5 0.43136684215535315
6 0.3730501726942442
7 0.3244344532013656
8 0.2835394040986946
9 0.24885689858070392
10 0.219226407344586
11 0.1937454657546051
12 0.17170489574476527
13 0.15254161298958663
14 0.13580399365927806
15 0.12112626298685256
16 0.10820940399286677
17 0.09680680880401496
18 0.08671340298153511
19 0.07775733111755305
20 0.06979354515048547
21 0.06269881684157214
0 1.0
1 0.8297866622293277
2 0.6955969099950968
3 0.5885019895777506
4 0.5020112295505509
5 0.43136684215535315
6 0.3730501726942447
7 0.3244344532013651
8 0.2835394040986933
9 0.2488568985807034
10 0.21922640734458537
11 0.19374546575460472
12 0.17170489574476508
13 0.152541612989586
14 0.1358039936592776
15 0.12112626298685218
16 0.10820940399286674
17 0.09680680880401478
18 0.08671340298153489
19 0.07775733111755272
20 0.06979354515048515
21 0.06269881684157211
0 1.0
1 0.8297866622293294
2 0.6955969099950968
3 0.5885019895777526
4 0.5020112295505513
5 0.43136684215535315
6 0.373050172694244
7 0.3244344532013658
8 0.2835394040986938
9 0.24885689858070426
10 0.21922640734458604
11 0.19374546575460522
12 0.17170489574476502
13 0.15254161298958646
14 0.13580399365927795
15 0.12112626298685272
16 0.10820940399286653
17 0.09680680880401481
18 0.08671340298153493
19 0.07775733111755287
20 0.06979354515048526
21 0.06269881684157212
0 1.0
1 0.8297866622293292
2 0.6955969099950955
3 0.5885019895777505
4 0.5020112295505503
5 0.43136684215535226
6 0.373050172694244
7 0.3244344532013651
8 0.2835394040986935
9 0.24885689858070384
10 0.21922640734458557
11 0.1937454657546048
12 0.17170489574476516
13 0.15254161298958638
14 0.13580399365927753
15 0.12112626298685236
16 0.10820940399286644
17 0.0968068088040147
18 0.08671340298153497
19 0.07775733111755281
20 0.06979354515048514
21 0.06269881684157197
0 1.0
1 0.8297866622293287
2 0.6955969099950959
3 0.5885019895777515
4 0.5020112295505517
5 0.4313668421553529
6 0.37305017269424495
7 0.32443445320136577
8 0.28353940409869377
9 0.24885689858070362
10 0.21922640734458607
11 0.19374546575460538
12 0.1717048957447656
13 0.15254161298958646
14 0.13580399365927795
15 0.12112626298685256
16 0.10820940399286663
17 0.09680680880401497
18 0.08671340298153514
19 0.07775733111755295
20 0.06979354515048522
21 0.06269881684157214
0 1.0
1 0.8297866622293283
2 0.6955969099950955
3 0.5885019895777512
4 0.502011229550551
5 0.43136684215535226
6 0.37305017269424484
7 0.32443445320136527
8 0.28353940409869344
9 0.24885689858070353
10 0.21922640734458565
11 0.19374546575460477
12 0.1717048957447651
13 0.15254161298958627
14 0.13580399365927778
15 0.12112626298685264
16 0.10820940399286652
17 0.09680680880401472
18 0.08671340298153511
19 0.07775733111755288
20 0.06979354515048522
21 0.06269881684157215
0 1.0
1 0.8297866622293274
2 0.6955969099950954
3 0.5885019895777508
4 0.5020112295505514
5 0.4313668421553526
6 0.37305017269424484
7 0.324434453201365
8 0.2835394040986939
9 0.24885689858070323
10 0.21922640734458607
11 0.19374546575460494
12 0.1717048957447651
13 0.15254161298958616
14 0.13580399365927753
15 0.12112626298685236
16 0.10820940399286662
17 0.09680680880401485
18 0.08671340298153511
19 0.07775733111755288
20 0.06979354515048514
21 0.06269881684157204
0 1.0
1 0.829786662229326
2 0.6955969099950952
3 0.5885019895777506
4 0.5020112295505506
5 0.4313668421553521
6 0.3730501726942439
7 0.3244344532013654
8 0.28353940409869344
9 0.2488568985807025
10 0.2192264073445851
11 0.19374546575460494
12 0.17170489574476497
13 0.15254161298958607
14 0.1358039936592777
15 0.12112626298685225
16 0.10820940399286649
17 0.09680680880401474
18 0.08671340298153492
19 0.07775733111755273
20 0.06979354515048516
21 0.06269881684157197
0 1.0
1 0.829786662229327
2 0.6955969099950943
3 0.5885019895777504
4 0.5020112295505506
5 0.4313668421553523
6 0.373050172694244
7 0.32443445320136455
8 0.2835394040986932
9 0.24885689858070276
10 0.2192264073445853
11 0.19374546575460466
12 0.17170489574476497
13 0.152541612989586
14 0.13580399365927742
15 0.12112626298685235
16 0.10820940399286648
17 0.09680680880401453
18 0.08671340298153493
19 0.07775733111755272
20 0.06979354515048518
21 0.06269881684157196
0 1.0
1 0.8297866622293262
2 0.6955969099950942
3 0.588501989577749
4 0.5020112295505507
5 0.43136684215535237
6 0.3730501726942439
7 0.32443445320136477
8 0.283539404098693
9 0.24885689858070362
10 0.21922640734458568
11 0.1937454657546047
12 0.17170489574476477
13 0.1525416129895857
14 0.13580399365927748
15 0.1211262629868523
16 0.10820940399286626
17 0.0968068088040147
18 0.0867134029815348
19 0.07775733111755269
20 0.06979354515048507
21 0.06269881684157189
0 1.0
1 0.829786662229328
2 0.6955969099950966
3 0.5885019895777518
4 0.5020112295505511
5 0.431366842155353
6 0.37305017269424484
7 0.32443445320136616
8 0.2835394040986938
9 0.24885689858070345
10 0.21922640734458598
11 0.1937454657546048
12 0.17170489574476547
13 0.15254161298958646
14 0.13580399365927778
15 0.12112626298685256
16 0.10820940399286662
17 0.09680680880401488
18 0.08671340298153507
19 0.07775733111755309
20 0.06979354515048536
21 0.06269881684157207
0 1.0
1 0.8297866622293305
2 0.6955969099950967
3 0.5885019895777531
4 0.502011229550551
5 0.4313668421553533
6 0.37305017269424484
7 0.32443445320136577
8 0.2835394040986944
9 0.248856898580704
10 0.2192264073445857
11 0.193745465754605
12 0.17170489574476536
13 0.15254161298958657
14 0.13580399365927795
15 0.12112626298685249
16 0.10820940399286673
17 0.09680680880401482
18 0.08671340298153525
19 0.07775733111755304
20 0.06979354515048539
21 0.06269881684157214
0 1.0
1 0.8297866622293291
2 0.6955969099950976
3 0.5885019895777526
4 0.5020112295505514
5 0.43136684215535304
6 0.3730501726942456
7 0.324434453201366
8 0.28353940409869405
9 0.24885689858070417
10 0.21922640734458607
11 0.19374546575460516
12 0.1717048957447654
13 0.1525416129895865
14 0.13580399365927787
15 0.12112626298685257
16 0.1082094039928666
17 0.096806808804015
18 0.08671340298153499
19 0.07775733111755294
20 0.06979354515048533
21 0.06269881684157211
0 1.0
1 0.8297866622293292
2 0.6955969099950964
3 0.5885019895777521
4 0.5020112295505523
5 0.43136684215535315
6 0.3730501726942446
7 0.3244344532013656
8 0.28353940409869377
9 0.24885689858070353
10 0.21922640734458626
11 0.1937454657546052
12 0.17170489574476538
13 0.15254161298958607
14 0.13580399365927795
15 0.1211262629868523
16 0.10820940399286685
17 0.09680680880401488
18 0.08671340298153508
19 0.07775733111755291
20 0.06979354515048525
21 0.06269881684157211
0 1.0
1 0.829786662229328
2 0.6955969099950958
3 0.5885019895777508
4 0.5020112295505513
5 0.43136684215535226
6 0.3730501726942444
7 0.32443445320136544
8 0.2835394040986935
9 0.24885689858070315
10 0.21922640734458568
11 0.19374546575460477
12 0.17170489574476516
13 0.1525416129895862
14 0.13580399365927787
15 0.12112626298685203
16 0.10820940399286653
17 0.09680680880401474
18 0.08671340298153496
19 0.07775733111755292
20 0.06979354515048526
21 0.06269881684157208
0 1.0
1 0.8297866622293266
2 0.695596909995094
3 0.58850198957775
4 0.5020112295505504
5 0.4313668421553517
6 0.3730501726942436
7 0.32443445320136466
8 0.28353940409869305
9 0.24885689858070276
10 0.21922640734458532
11 0.19374546575460477
12 0.17170489574476488
13 0.15254161298958618
14 0.1358039936592776
15 0.12112626298685221
16 0.10820940399286634
17 0.09680680880401454
18 0.08671340298153499
19 0.07775733111755279
20 0.06979354515048496
21 0.06269881684157194
0 1.0
1 0.829786662229328
2 0.6955969099950962
3 0.5885019895777507
4 0.502011229550551
5 0.4313668421553527
6 0.3730501726942447
7 0.32443445320136577
8 0.2835394040986937
9 0.24885689858070376
10 0.2192264073445855
11 0.19374546575460497
12 0.1717048957447655
13 0.1525416129895862
14 0.1358039936592779
15 0.12112626298685272
16 0.10820940399286655
17 0.09680680880401477
18 0.08671340298153496
19 0.07775733111755286
20 0.06979354515048518
21 0.06269881684157207
0 1.0
1 0.8297866622293284
2 0.6955969099950964
3 0.5885019895777506
4 0.5020112295505508
5 0.43136684215535304
6 0.37305017269424473
7 0.32443445320136555
8 0.2835394040986935
9 0.24885689858070353
10 0.2192264073445859
11 0.1937454657546049
12 0.1717048957447652
13 0.15254161298958607
14 0.13580399365927762
15 0.12112626298685243
16 0.10820940399286662
17 0.09680680880401464
18 0.0867134029815351
19 0.07775733111755294
20 0.06979354515048518
21 0.06269881684157202
0 1.0
1 0.8297866622293271
2 0.6955969099950938
3 0.5885019895777505
4 0.5020112295505506
5 0.4313668421553524
6 0.3730501726942447
7 0.32443445320136527
8 0.28353940409869305
9 0.2488568985807031
10 0.21922640734458554
11 0.19374546575460488
12 0.1717048957447651
13 0.15254161298958627
14 0.13580399365927776
15 0.1211262629868525
16 0.10820940399286635
17 0.09680680880401475
18 0.08671340298153506
19 0.07775733111755281
20 0.06979354515048515
21 0.06269881684157202
0 1.0
1 0.8297866622293287
2 0.6955969099950955
3 0.5885019895777513
4 0.5020112295505506
5 0.4313668421553529
6 0.37305017269424434
7 0.3244344532013651
8 0.2835394040986939
9 0.24885689858070345
10 0.2192264073445857
11 0.19374546575460516
12 0.17170489574476522
13 0.1525416129895861
14 0.135803993659278
15 0.12112626298685258
16 0.10820940399286677
17 0.09680680880401475
18 0.08671340298153501
19 0.07775733111755279
20 0.06979354515048533
21 0.06269881684157194
0 1.0
1 0.829786662229327
2 0.6955969099950934
3 0.5885019895777517
4 0.5020112295505506
5 0.4313668421553527
6 0.3730501726942445
7 0.3244344532013651
8 0.28353940409869355
9 0.24885689858070364
10 0.21922640734458598
11 0.1937454657546047
12 0.17170489574476502
13 0.15254161298958624
14 0.1358039936592778
15 0.12112626298685264
16 0.10820940399286644
17 0.0968068088040146
18 0.08671340298153499
19 0.07775733111755288
20 0.0697935451504852
21 0.062698816841572
0 1.0
1 0.8297866622293293
2 0.6955969099950966
3 0.5885019895777508
4 0.5020112295505518
5 0.4313668421553529
6 0.3730501726942448
7 0.32443445320136594
8 0.2835394040986939
9 0.24885689858070348
10 0.21922640734458593
11 0.19374546575460538
12 0.17170489574476544
13 0.1525416129895863
14 0.13580399365927795
15 0.12112626298685257
16 0.10820940399286683
17 0.09680680880401503
18 0.08671340298153504
19 0.07775733111755298
20 0.0697935451504853
21 0.06269881684157212
0 1.0
1 0.8297866622293302
2 0.6955969099950958
3 0.5885019895777522
4 0.5020112295505517
5 0.4313668421553533
6 0.3730501726942447
7 0.32443445320136505
8 0.2835394040986942
9 0.2488568985807037
10 0.21922640734458612
11 0.1937454657546052
12 0.17170489574476566
13 0.15254161298958627
14 0.1358039936592782
15 0.12112626298685249
16 0.10820940399286696
17 0.09680680880401511
18 0.0867134029815352
19 0.07775733111755308
20 0.06979354515048539
21 0.06269881684157207
0 1.0
1 0.8297866622293276
2 0.6955969099950956
3 0.588501989577751
4 0.5020112295505512
5 0.4313668421553527
6 0.3730501726942446
7 0.32443445320136527
8 0.2835394040986931
9 0.24885689858070284
10 0.21922640734458557
11 0.1937454657546047
12 0.17170489574476527
13 0.15254161298958635
14 0.13580399365927764
15 0.12112626298685263
16 0.10820940399286644
17 0.09680680880401488
18 0.086713402981535
19 0.07775733111755288
20 0.06979354515048516
21 0.06269881684157211
0 1.0
1 0.8297866622293274
2 0.6955969099950954
3 0.5885019895777513
4 0.50201122955055
5 0.4313668421553521
6 0.37305017269424395
7 0.3244344532013659
8 0.28353940409869327
9 0.2488568985807033
10 0.21922640734458576
11 0.1937454657546051
12 0.1717048957447653
13 0.1525416129895861
14 0.13580399365927773
15 0.12112626298685246
16 0.10820940399286642
17 0.09680680880401467
18 0.08671340298153497
19 0.07775733111755298
20 0.06979354515048529
21 0.06269881684157208
0 1.0
1 0.8297866622293273
2 0.6955969099950948
3 0.588501989577752
4 0.5020112295505511
5 0.4313668421553524
6 0.3730501726942444
7 0.32443445320136527
8 0.2835394040986935
9 0.24885689858070348
10 0.21922640734458593
11 0.19374546575460516
12 0.17170489574476522
13 0.1525416129895861
14 0.13580399365927773
15 0.1211262629868525
16 0.10820940399286635
17 0.09680680880401482
18 0.08671340298153489
19 0.07775733111755291
20 0.06979354515048519
21 0.06269881684157207
0 1.0
1 0.8297866622293263
2 0.6955969099950943
3 0.5885019895777497
4 0.5020112295505503
5 0.4313668421553532
6 0.373050172694244
7 0.32443445320136494
8 0.2835394040986932
9 0.24885689858070306
10 0.2192264073445853
11 0.1937454657546049
12 0.17170489574476508
13 0.1525416129895861
14 0.13580399365927787
15 0.12112626298685222
16 0.10820940399286642
17 0.09680680880401461
18 0.08671340298153501
19 0.07775733111755279
20 0.06979354515048518
21 0.062698816841572
0 1.0
1 0.8297866622293258
2 0.6955969099950962
3 0.5885019895777501
4 0.5020112295505503
5 0.43136684215535126
6 0.37305017269424384
7 0.32443445320136555
8 0.28353940409869316
9 0.24885689858070292
10 0.21922640734458512
11 0.19374546575460472
12 0.17170489574476505
13 0.15254161298958588
14 0.13580399365927756
15 0.1211262629868523
16 0.10820940399286645
17 0.09680680880401447
18 0.08671340298153472
19 0.07775733111755276
20 0.06979354515048514
21 0.06269881684157204
0 1.0
1 0.829786662229328
2 0.6955969099950954
3 0.5885019895777504
4 0.5020112295505511
5 0.43136684215535276
6 0.37305017269424456
7 0.32443445320136544
8 0.2835394040986934
9 0.248856898580703
10 0.2192264073445855
11 0.1937454657546048
12 0.17170489574476516
13 0.1525416129895862
14 0.1358039936592781
15 0.12112626298685254
16 0.10820940399286655
17 0.0968068088040146
18 0.086713402981535
19 0.07775733111755294
20 0.06979354515048536
21 0.06269881684157204
0 1.0
1 0.8297866622293277
2 0.6955969099950964
3 0.5885019895777518
4 0.5020112295505521
5 0.4313668421553532
6 0.3730501726942446
7 0.3244344532013657
8 0.2835394040986937
9 0.24885689858070384
10 0.21922640734458598
11 0.19374546575460497
12 0.17170489574476544
13 0.15254161298958635
14 0.13580399365927795
15 0.12112626298685232
16 0.10820940399286665
17 0.0968068088040148
18 0.08671340298153513
19 0.077757331117553
20 0.06979354515048528
21 0.06269881684157208
0 1.0
1 0.8297866622293274
2 0.6955969099950973
3 0.5885019895777513
4 0.5020112295505522
5 0.43136684215535304
6 0.3730501726942454
7 0.3244344532013657
8 0.2835394040986939
9 0.24885689858070356
10 0.21922640734458562
11 0.19374546575460502
12 0.17170489574476563
13 0.15254161298958616
14 0.13580399365927787
15 0.12112626298685247
16 0.10820940399286662
17 0.0968068088040147
18 0.08671340298153501
19 0.07775733111755298
20 0.06979354515048534
21 0.06269881684157201
0 1.0
1 0.8297866622293291
2 0.6955969099950965
3 0.5885019895777522
4 0.5020112295505511
5 0.4313668421553536
6 0.37305017269424473
7 0.32443445320136605
8 0.28353940409869416
9 0.24885689858070426
10 0.2192264073445861
11 0.19374546575460505
12 0.1717048957447657
13 0.15254161298958635
14 0.1358039936592781
15 0.12112626298685249
16 0.10820940399286663
17 0.09680680880401492
18 0.08671340298153517
19 0.07775733111755295
20 0.06979354515048543
21 0.06269881684157223
0 1.0
1 0.829786662229326
2 0.6955969099950942
3 0.5885019895777505
4 0.50201122955055
5 0.43136684215535187
6 0.3730501726942447
7 0.32443445320136477
8 0.2835394040986935
9 0.248856898580703
10 0.21922640734458565
11 0.19374546575460472
12 0.1717048957447651
13 0.15254161298958577
14 0.13580399365927734
15 0.12112626298685239
16 0.10820940399286627
17 0.09680680880401467
18 0.0867134029815347
19 0.07775733111755273
20 0.06979354515048501
21 0.06269881684157189
0 1.0
1 0.8297866622293286
2 0.6955969099950982
3 0.5885019895777513
4 0.5020112295505514
5 0.43136684215535326
6 0.3730501726942451
7 0.3244344532013652
8 0.28353940409869366
9 0.24885689858070384
10 0.21922640734458584
11 0.19374546575460533
12 0.17170489574476555
13 0.15254161298958652
14 0.13580399365927812
15 0.12112626298685239
16 0.10820940399286691
17 0.09680680880401482
18 0.08671340298153504
19 0.07775733111755312
20 0.06979354515048536
21 0.06269881684157208
0 1.0
1 0.8297866622293286
2 0.6955969099950952
3 0.5885019895777508
4 0.5020112295505509
5 0.4313668421553526
6 0.3730501726942446
7 0.3244344532013651
8 0.2835394040986935
9 0.2488568985807033
10 0.21922640734458568
11 0.19374546575460525
12 0.17170489574476508
13 0.15254161298958574
14 0.13580399365927792
15 0.12112626298685232
16 0.10820940399286662
17 0.0968068088040147
18 0.08671340298153506
19 0.07775733111755295
20 0.0697935451504852
21 0.06269881684157207
0 1.0
1 0.829786662229329
2 0.6955969099950972
3 0.5885019895777526
4 0.5020112295505514
5 0.43136684215535387
6 0.3730501726942453
7 0.3244344532013659
8 0.28353940409869394
9 0.2488568985807037
10 0.21922640734458576
11 0.19374546575460522
12 0.17170489574476527
13 0.15254161298958643
14 0.1358039936592781
15 0.12112626298685257
16 0.10820940399286677
17 0.09680680880401472
18 0.08671340298153518
19 0.07775733111755292
20 0.0697935451504852
21 0.06269881684157216
0 1.0
1 0.8297866622293293
2 0.695596909995096
3 0.5885019895777513
4 0.5020112295505512
5 0.43136684215535315
6 0.3730501726942445
7 0.3244344532013656
8 0.28353940409869305
9 0.24885689858070345
10 0.21922640734458537
11 0.1937454657546047
12 0.17170489574476536
13 0.15254161298958605
14 0.13580399365927787
15 0.1211262629868526
16 0.10820940399286638
17 0.09680680880401475
18 0.0867134029815351
19 0.07775733111755295
20 0.06979354515048518
21 0.06269881684157204
0 1.0
1 0.8297866622293267
2 0.6955969099950962
3 0.5885019895777515
4 0.5020112295505506
5 0.4313668421553528
6 0.3730501726942445
7 0.3244344532013651
8 0.2835394040986937
9 0.24885689858070315
10 0.21922640734458546
11 0.193745465754605
12 0.17170489574476538
13 0.15254161298958635
14 0.13580399365927784
15 0.12112626298685222
16 0.10820940399286669
17 0.09680680880401464
18 0.08671340298153511
19 0.07775733111755292
20 0.06979354515048534
21 0.06269881684157205
0 1.0
1 0.8297866622293291
2 0.6955969099950966
3 0.588501989577753
4 0.5020112295505508
5 0.43136684215535315
6 0.373050172694245
7 0.3244344532013658
8 0.28353940409869377
9 0.24885689858070373
10 0.2192264073445857
11 0.19374546575460552
12 0.17170489574476522
13 0.1525416129895861
14 0.1358039936592781
15 0.12112626298685256
16 0.10820940399286659
17 0.09680680880401485
18 0.08671340298153517
19 0.07775733111755298
20 0.06979354515048532
21 0.06269881684157226
0 1.0
1 0.8297866622293294
2 0.6955969099950967
3 0.5885019895777521
4 0.5020112295505512
5 0.431366842155354
6 0.37305017269424556
7 0.3244344532013661
8 0.2835394040986937
9 0.24885689858070362
10 0.2192264073445858
11 0.19374546575460536
12 0.17170489574476525
13 0.1525416129895863
14 0.13580399365927806
15 0.12112626298685264
16 0.10820940399286681
17 0.09680680880401461
18 0.08671340298153518
19 0.07775733111755291
20 0.06979354515048543
21 0.0626988168415722
0 1.0
1 0.8297866622293292
2 0.6955969099950974
3 0.5885019895777513
4 0.5020112295505516
5 0.4313668421553535
6 0.37305017269424523
7 0.3244344532013651
8 0.28353940409869366
9 0.24885689858070364
10 0.21922640734458587
11 0.19374546575460494
12 0.17170489574476497
13 0.15254161298958643
14 0.13580399365927806
15 0.12112626298685283
16 0.10820940399286673
17 0.096806808804015
18 0.08671340298153508
19 0.07775733111755281
20 0.06979354515048528
21 0.06269881684157218
0 1.0
1 0.829786662229328
2 0.6955969099950948
3 0.5885019895777498
4 0.5020112295505514
5 0.4313668421553522
6 0.3730501726942438
7 0.32443445320136555
8 0.2835394040986934
9 0.24885689858070328
10 0.2192264073445857
11 0.19374546575460463
12 0.17170489574476502
13 0.15254161298958654
14 0.135803993659278
15 0.12112626298685239
16 0.10820940399286649
17 0.09680680880401454
18 0.08671340298153503
19 0.07775733111755273
20 0.06979354515048525
21 0.06269881684157211
0 1.0
1 0.8297866622293274
2 0.6955969099950944
3 0.5885019895777496
4 0.5020112295505501
5 0.43136684215535254
6 0.3730501726942441
7 0.32443445320136527
8 0.28353940409869366
9 0.24885689858070337
10 0.21922640734458546
11 0.19374546575460466
12 0.17170489574476508
13 0.15254161298958596
14 0.1358039936592776
15 0.12112626298685232
16 0.10820940399286638
17 0.0968068088040148
18 0.0867134029815348
19 0.0777573311175528
20 0.06979354515048534
21 0.06269881684157201
0 1.0
1 0.8297866622293273
2 0.6955969099950953
3 0.5885019895777515
4 0.5020112295505517
5 0.4313668421553533
6 0.3730501726942446
7 0.32443445320136455
8 0.2835394040986933
9 0.24885689858070364
10 0.21922640734458568
11 0.19374546575460516
12 0.17170489574476522
13 0.15254161298958624
14 0.13580399365927762
15 0.12112626298685232
16 0.10820940399286658
17 0.09680680880401478
18 0.08671340298153513
19 0.07775733111755279
20 0.06979354515048518
21 0.06269881684157214
0 1.0
1 0.8297866622293276
2 0.6955969099950954
3 0.5885019895777512
4 0.5020112295505511
5 0.4313668421553524
6 0.37305017269424506
7 0.3244344532013655
8 0.283539404098693
9 0.24885689858070345
10 0.2192264073445855
11 0.19374546575460497
12 0.17170489574476525
13 0.15254161298958632
14 0.13580399365927776
15 0.12112626298685251
16 0.1082094039928667
17 0.09680680880401464
18 0.08671340298153507
19 0.07775733111755292
20 0.06979354515048529
21 0.06269881684157214
0 1.0
1 0.8297866622293273
2 0.6955969099950966
3 0.5885019895777512
4 0.5020112295505518
5 0.43136684215535237
6 0.37305017269424556
7 0.3244344532013651
8 0.2835394040986934
9 0.24885689858070384
10 0.2192264073445856
11 0.1937454657546049
12 0.17170489574476522
13 0.15254161298958596
14 0.13580399365927762
15 0.12112626298685228
16 0.10820940399286644
17 0.09680680880401495
18 0.08671340298153497
19 0.07775733111755281
20 0.06979354515048518
21 0.06269881684157207
0 1.0
1 0.8297866622293285
2 0.6955969099950965
3 0.5885019895777513
4 0.5020112295505522
5 0.4313668421553524
6 0.3730501726942446
7 0.32443445320136577
8 0.2835394040986946
9 0.24885689858070403
10 0.2192264073445857
11 0.19374546575460552
12 0.17170489574476527
13 0.1525416129895864
14 0.13580399365927795
15 0.12112626298685256
16 0.1082094039928667
17 0.09680680880401481
18 0.086713402981535
19 0.07775733111755291
20 0.06979354515048528
21 0.06269881684157215
0 1.0
1 0.8297866622293282
2 0.695596909995096
3 0.588501989577752
4 0.50201122955055
5 0.43136684215535276
6 0.37305017269424423
7 0.3244344532013657
8 0.28353940409869327
9 0.2488568985807034
10 0.21922640734458598
11 0.19374546575460486
12 0.17170489574476527
13 0.1525416129895861
14 0.13580399365927778
15 0.12112626298685243
16 0.10820940399286644
17 0.0968068088040147
18 0.086713402981535
19 0.07775733111755288
20 0.0697935451504852
21 0.06269881684157215
0 1.0
1 0.8297866622293274
2 0.6955969099950963
3 0.5885019895777515
4 0.5020112295505506
5 0.43136684215535276
6 0.3730501726942448
7 0.32443445320136505
8 0.28353940409869327
9 0.2488568985807034
10 0.21922640734458576
11 0.1937454657546049
12 0.17170489574476533
13 0.1525416129895864
14 0.13580399365927798
15 0.12112626298685243
16 0.10820940399286659
17 0.09680680880401485
18 0.08671340298153503
19 0.07775733111755286
20 0.06979354515048519
21 0.06269881684157207
0 1.0
1 0.8297866622293271
2 0.6955969099950946
3 0.5885019895777507
4 0.5020112295505504
5 0.4313668421553528
6 0.3730501726942445
7 0.3244344532013654
8 0.2835394040986937
9 0.24885689858070328
10 0.21922640734458568
11 0.19374546575460483
12 0.17170489574476544
13 0.15254161298958616
14 0.135803993659278
15 0.12112626298685235
16 0.10820940399286663
17 0.09680680880401474
18 0.086713402981535
19 0.07775733111755283
20 0.0697935451504852
21 0.06269881684157204
0 1.0
1 0.829786662229328
2 0.6955969099950958
3 0.5885019895777505
4 0.5020112295505509
5 0.43136684215535226
6 0.3730501726942447
7 0.3244344532013655
8 0.2835394040986937
9 0.2488568985807032
10 0.21922640734458543
11 0.19374546575460516
12 0.17170489574476536
13 0.15254161298958602
14 0.135803993659278
15 0.12112626298685254
16 0.1082094039928665
17 0.0968068088040148
18 0.08671340298153507
19 0.07775733111755291
20 0.06979354515048514
21 0.06269881684157205
0 1.0
1 0.8297866622293301
2 0.6955969099950955
3 0.5885019895777506
4 0.5020112295505517
5 0.43136684215535326
6 0.37305017269424523
7 0.32443445320136516
8 0.28353940409869394
9 0.24885689858070364
10 0.219226407344586
11 0.1937454657546052
12 0.17170489574476572
13 0.1525416129895865
14 0.1358039936592778
15 0.12112626298685265
16 0.10820940399286674
17 0.09680680880401496
18 0.08671340298153514
19 0.07775733111755302
20 0.06979354515048519
21 0.06269881684157215
0 1.0
1 0.8297866622293282
2 0.6955969099950963
3 0.5885019895777523
4 0.5020112295505514
5 0.4313668421553529
6 0.3730501726942455
7 0.32443445320136577
8 0.2835394040986936
9 0.248856898580704
10 0.219226407344586
11 0.19374546575460525
12 0.1717048957447655
13 0.15254161298958654
14 0.13580399365927787
15 0.12112626298685251
16 0.10820940399286663
17 0.09680680880401492
18 0.08671340298153507
19 0.07775733111755297
20 0.06979354515048536
21 0.0626988168415722
0 1.0
1 0.8297866622293287
2 0.6955969099950956
3 0.5885019895777502
4 0.5020112295505506
5 0.43136684215535276
6 0.37305017269424406
7 0.32443445320136577
8 0.2835394040986939
9 0.2488568985807033
10 0.21922640734458554
11 0.19374546575460494
12 0.17170489574476513
13 0.15254161298958582
14 0.1358039936592776
15 0.12112626298685239
16 0.10820940399286663
17 0.09680680880401486
18 0.08671340298153485
19 0.07775733111755266
20 0.06979354515048515
21 0.06269881684157198
0 1.0
1 0.829786662229328
2 0.6955969099950953
3 0.5885019895777516
4 0.5020112295505513
5 0.43136684215535265
6 0.37305017269424473
7 0.3244344532013651
8 0.283539404098694
9 0.24885689858070364
10 0.21922640734458587
11 0.1937454657546052
12 0.17170489574476522
13 0.15254161298958638
14 0.13580399365927784
15 0.1211262629868526
16 0.10820940399286665
17 0.09680680880401475
18 0.08671340298153496
19 0.07775733111755298
20 0.0697935451504852
21 0.0626988168415722
0 1.0
1 0.8297866622293288
2 0.6955969099950947
3 0.5885019895777509
4 0.5020112295505511
5 0.4313668421553529
6 0.3730501726942442
7 0.3244344532013657
8 0.283539404098693
9 0.2488568985807033
10 0.21922640734458557
11 0.1937454657546048
12 0.17170489574476516
13 0.1525416129895864
14 0.1358039936592776
15 0.12112626298685256
16 0.10820940399286638
17 0.09680680880401477
18 0.08671340298153501
19 0.07775733111755284
20 0.06979354515048515
21 0.06269881684157205
0 1.0
1 0.8297866622293272
2 0.695596909995096
3 0.5885019895777508
4 0.5020112295505516
5 0.43136684215535337
6 0.37305017269424456
7 0.3244344532013657
8 0.28353940409869394
9 0.24885689858070356
10 0.21922640734458593
11 0.19374546575460483
12 0.17170489574476516
13 0.15254161298958646
14 0.1358039936592778
15 0.12112626298685236
16 0.10820940399286669
17 0.0968068088040147
18 0.08671340298153508
19 0.07775733111755279
20 0.06979354515048523
21 0.06269881684157207
0 1.0
1 0.8297866622293274
2 0.6955969099950957
3 0.5885019895777502
4 0.502011229550551
5 0.4313668421553527
6 0.37305017269424456
7 0.3244344532013653
8 0.2835394040986934
9 0.2488568985807034
10 0.21922640734458568
11 0.19374546575460494
12 0.17170489574476525
13 0.15254161298958605
14 0.13580399365927795
15 0.12112626298685239
16 0.10820940399286662
17 0.09680680880401475
18 0.08671340298153514
19 0.07775733111755294
20 0.06979354515048518
21 0.06269881684157198
0 1.0
1 0.8297866622293264
2 0.6955969099950939
3 0.5885019895777509
4 0.5020112295505507
5 0.4313668421553527
6 0.3730501726942437
7 0.32443445320136544
8 0.28353940409869327
9 0.2488568985807033
10 0.21922640734458543
11 0.19374546575460472
12 0.17170489574476508
13 0.15254161298958585
14 0.13580399365927764
15 0.1211262629868521
16 0.10820940399286652
17 0.09680680880401461
18 0.08671340298153493
19 0.07775733111755276
20 0.06979354515048514
21 0.06269881684157212
0 1.0
1 0.8297866622293271
2 0.6955969099950965
3 0.588501989577751
4 0.5020112295505511
5 0.4313668421553524
6 0.37305017269424406
7 0.32443445320136544
8 0.28353940409869327
9 0.24885689858070345
10 0.21922640734458568
11 0.19374546575460494
12 0.1717048957447651
13 0.1525416129895861
14 0.13580399365927798
15 0.1211262629868524
16 0.10820940399286648
17 0.09680680880401481
18 0.086713402981535
19 0.07775733111755298
20 0.06979354515048514
21 0.06269881684157214
0 1.0
1 0.8297866622293285
2 0.6955969099950956
3 0.5885019895777512
4 0.5020112295505517
5 0.43136684215535315
6 0.37305017269424495
7 0.3244344532013655
8 0.28353940409869394
9 0.24885689858070387
10 0.21922640734458565
11 0.19374546575460525
12 0.17170489574476525
13 0.1525416129895866
14 0.13580399365927776
15 0.12112626298685247
16 0.10820940399286653
17 0.09680680880401471
18 0.0867134029815351
19 0.07775733111755302
20 0.06979354515048526
21 0.06269881684157204
0 1.0
1 0.8297866622293287
2 0.6955969099950968
3 0.5885019895777523
4 0.5020112295505523
5 0.4313668421553528
6 0.3730501726942453
7 0.32443445320136555
8 0.28353940409869394
9 0.24885689858070373
10 0.21922640734458593
11 0.19374546575460555
12 0.17170489574476513
13 0.1525416129895864
14 0.13580399365927795
15 0.12112626298685288
16 0.10820940399286665
17 0.09680680880401478
18 0.08671340298153499
19 0.07775733111755284
20 0.06979354515048519
21 0.06269881684157219
0 1.0
1 0.8297866622293268
2 0.6955969099950954
3 0.5885019895777511
4 0.5020112295505514
5 0.43136684215535154
6 0.37305017269424456
7 0.32443445320136505
8 0.28353940409869327
9 0.24885689858070273
10 0.2192264073445851
11 0.1937454657546048
12 0.1717048957447649
13 0.15254161298958605
14 0.13580399365927737
15 0.12112626298685251
16 0.10820940399286652
17 0.0968068088040148
18 0.08671340298153493
19 0.07775733111755279
20 0.0697935451504852
21 0.06269881684157207
0 1.0
1 0.8297866622293307
2 0.6955969099950967
3 0.5885019895777509
4 0.5020112295505511
5 0.4313668421553525
6 0.3730501726942447
7 0.32443445320136616
8 0.2835394040986945
9 0.248856898580704
10 0.21922640734458598
11 0.1937454657546051
12 0.1717048957447653
13 0.15254161298958616
14 0.13580399365927806
15 0.12112626298685232
16 0.10820940399286674
17 0.09680680880401492
18 0.08671340298153515
19 0.07775733111755298
20 0.06979354515048536
21 0.06269881684157208
0 1.0
1 0.8297866622293295
2 0.6955969099950959
3 0.5885019895777525
4 0.5020112295505521
5 0.43136684215535265
6 0.3730501726942455
7 0.3244344532013658
8 0.28353940409869377
9 0.2488568985807037
10 0.21922640734458587
11 0.19374546575460488
12 0.17170489574476516
13 0.15254161298958607
14 0.13580399365927778
15 0.12112626298685249
16 0.10820940399286662
17 0.09680680880401475
18 0.08671340298153492
19 0.07775733111755291
20 0.06979354515048541
21 0.06269881684157218
0 1.0
1 0.8297866622293287
2 0.6955969099950973
3 0.5885019895777512
4 0.502011229550551
5 0.43136684215535387
6 0.3730501726942452
7 0.3244344532013657
8 0.2835394040986944
9 0.24885689858070395
10 0.2192264073445861
11 0.19374546575460566
12 0.17170489574476552
13 0.15254161298958643
14 0.13580399365927787
15 0.12112626298685279
16 0.10820940399286665
17 0.09680680880401495
18 0.08671340298153511
19 0.07775733111755298
20 0.06979354515048526
21 0.06269881684157216
0 1.0
1 0.8297866622293292
2 0.6955969099950966
3 0.5885019895777519
4 0.5020112295505506
5 0.4313668421553527
6 0.37305017269424523
7 0.3244344532013656
8 0.2835394040986935
9 0.24885689858070348
10 0.21922640734458593
11 0.19374546575460544
12 0.17170489574476544
13 0.15254161298958605
14 0.1358039936592777
15 0.12112626298685263
16 0.1082094039928668
17 0.0968068088040148
18 0.0867134029815351
19 0.07775733111755298
20 0.0697935451504854
21 0.06269881684157211
0 1.0
1 0.8297866622293281
2 0.6955969099950958
3 0.5885019895777517
4 0.5020112295505514
5 0.4313668421553523
6 0.37305017269424473
7 0.3244344532013654
8 0.28353940409869355
9 0.24885689858070356
10 0.21922640734458576
11 0.19374546575460483
12 0.17170489574476533
13 0.15254161298958585
14 0.1358039936592779
15 0.12112626298685236
16 0.10820940399286656
17 0.09680680880401484
18 0.08671340298153501
19 0.07775733111755294
20 0.06979354515048528
21 0.06269881684157212
0 1.0
1 0.8297866622293297
2 0.695596909995096
3 0.5885019895777513
4 0.5020112295505509
5 0.43136684215535276
6 0.37305017269424473
7 0.3244344532013655
8 0.2835394040986935
9 0.24885689858070384
10 0.2192264073445862
11 0.19374546575460525
12 0.17170489574476527
13 0.15254161298958616
14 0.13580399365927776
15 0.12112626298685232
16 0.10820940399286649
17 0.09680680880401484
18 0.08671340298153504
19 0.07775733111755274
20 0.06979354515048533
21 0.06269881684157208
0 1.0
1 0.8297866622293294
2 0.6955969099950965
3 0.5885019895777515
4 0.5020112295505523
5 0.4313668421553531
6 0.3730501726942454
7 0.3244344532013652
8 0.28353940409869427
9 0.24885689858070387
10 0.21922640734458632
11 0.19374546575460525
12 0.17170489574476552
13 0.15254161298958638
14 0.13580399365927776
15 0.12112626298685276
16 0.10820940399286667
17 0.09680680880401468
18 0.08671340298153493
19 0.07775733111755295
20 0.06979354515048532
21 0.06269881684157234
0 1.0
1 0.8297866622293262
2 0.6955969099950946
3 0.5885019895777515
4 0.5020112295505508
5 0.43136684215535337
6 0.37305017269424423
7 0.32443445320136544
8 0.2835394040986932
9 0.24885689858070364
10 0.21922640734458568
11 0.1937454657546051
12 0.1717048957447653
13 0.15254161298958627
14 0.13580399365927787
15 0.12112626298685239
16 0.10820940399286674
17 0.09680680880401471
18 0.08671340298153521
19 0.07775733111755304
20 0.06979354515048526
21 0.06269881684157204
0 1.0
1 0.8297866622293276
2 0.6955969099950958
3 0.58850198957775
4 0.5020112295505517
5 0.4313668421553526
6 0.37305017269424434
7 0.3244344532013651
8 0.2835394040986938
9 0.24885689858070345
10 0.21922640734458543
11 0.19374546575460494
12 0.1717048957447656
13 0.1525416129895862
14 0.13580399365927764
15 0.12112626298685227
16 0.10820940399286667
17 0.09680680880401454
18 0.08671340298153482
19 0.0777573311175529
20 0.06979354515048512
21 0.06269881684157207
0 1.0
1 0.8297866622293285
2 0.6955969099950955
3 0.5885019895777512
4 0.5020112295505516
5 0.4313668421553526
6 0.3730501726942446
7 0.3244344532013653
8 0.2835394040986937
9 0.2488568985807033
10 0.21922640734458573
11 0.1937454657546052
12 0.1717048957447648
13 0.15254161298958618
14 0.1358039936592778
15 0.12112626298685239
16 0.10820940399286655
17 0.09680680880401471
18 0.086713402981535
19 0.07775733111755274
20 0.06979354515048522
21 0.06269881684157189
0 1.0
1 0.829786662229326
2 0.6955969099950936
3 0.5885019895777501
4 0.5020112295505514
5 0.43136684215535254
6 0.37305017269424406
7 0.32443445320136527
8 0.28353940409869294
9 0.2488568985807034
10 0.2192264073445855
11 0.19374546575460458
12 0.17170489574476505
13 0.15254161298958607
14 0.1358039936592777
15 0.12112626298685233
16 0.10820940399286647
17 0.09680680880401442
18 0.08671340298153517
19 0.07775733111755286
20 0.0697935451504851
21 0.06269881684157194
0 1.0
1 0.8297866622293272
2 0.695596909995096
3 0.5885019895777515
4 0.5020112295505503
5 0.4313668421553525
6 0.3730501726942438
7 0.3244344532013653
8 0.2835394040986932
9 0.24885689858070328
10 0.21922640734458526
11 0.19374546575460505
12 0.1717048957447649
13 0.15254161298958605
14 0.13580399365927773
15 0.12112626298685242
16 0.10820940399286644
17 0.09680680880401461
18 0.08671340298153488
19 0.0777573311175529
20 0.06979354515048515
21 0.062698816841572
0 1.0
1 0.8297866622293278
2 0.6955969099950963
3 0.5885019895777519
4 0.5020112295505512
5 0.4313668421553528
6 0.3730501726942449
7 0.32443445320136527
8 0.28353940409869305
9 0.2488568985807031
10 0.21922640734458554
11 0.19374546575460513
12 0.17170489574476516
13 0.152541612989586
14 0.13580399365927792
15 0.12112626298685236
16 0.1082094039928666
17 0.09680680880401477
18 0.08671340298153497
19 0.07775733111755297
20 0.06979354515048537
21 0.06269881684157204
0 1.0
1 0.8297866622293261
2 0.6955969099950936
3 0.5885019895777488
4 0.5020112295505496
5 0.4313668421553516
6 0.3730501726942434
7 0.32443445320136455
8 0.28353940409869305
9 0.24885689858070276
10 0.2192264073445851
11 0.19374546575460472
12 0.17170489574476452
13 0.15254161298958563
14 0.13580399365927734
15 0.12112626298685202
16 0.10820940399286628
17 0.09680680880401443
18 0.08671340298153471
19 0.07775733111755279
20 0.06979354515048503
21 0.06269881684157184
0 1.0
1 0.8297866622293288
2 0.6955969099950953
3 0.5885019895777526
4 0.5020112295505514
5 0.4313668421553525
6 0.3730501726942458
7 0.32443445320136616
8 0.28353940409869394
9 0.24885689858070378
10 0.21922640734458568
11 0.193745465754605
12 0.17170489574476558
13 0.1525416129895865
14 0.13580399365927776
15 0.12112626298685271
16 0.10820940399286655
17 0.09680680880401486
18 0.08671340298153514
19 0.07775733111755298
20 0.06979354515048528
21 0.0626988168415721
0 1.0
1 0.8297866622293273
2 0.6955969099950957
3 0.5885019895777521
4 0.5020112295505514
5 0.4313668421553528
6 0.37305017269424523
7 0.32443445320136605
8 0.2835394040986938
9 0.24885689858070337
10 0.21922640734458562
11 0.19374546575460522
12 0.1717048957447652
13 0.15254161298958652
14 0.13580399365927778
15 0.12112626298685267
16 0.10820940399286677
17 0.09680680880401488
18 0.08671340298153504
19 0.07775733111755281
20 0.06979354515048522
21 0.06269881684157212
0 1.0
1 0.8297866622293278
2 0.6955969099950964
3 0.5885019895777506
4 0.5020112295505516
5 0.43136684215535276
6 0.37305017269424523
7 0.3244344532013655
8 0.28353940409869377
9 0.24885689858070323
10 0.21922640734458554
11 0.193745465754605
12 0.171704895744765
13 0.15254161298958588
14 0.13580399365927787
15 0.12112626298685254
16 0.1082094039928664
17 0.09680680880401474
18 0.08671340298153495
19 0.07775733111755292
20 0.06979354515048529
21 0.062698816841572
0 1.0
1 0.8297866622293286
2 0.6955969099950964
3 0.5885019895777528
4 0.502011229550552
5 0.43136684215535437
6 0.3730501726942454
7 0.3244344532013655
8 0.2835394040986944
9 0.24885689858070362
10 0.21922640734458584
11 0.1937454657546053
12 0.17170489574476575
13 0.15254161298958654
14 0.13580399365927806
15 0.12112626298685272
16 0.1082094039928666
17 0.09680680880401502
18 0.08671340298153508
19 0.07775733111755308
20 0.06979354515048528
21 0.06269881684157204
0 1.0
1 0.8297866622293258
2 0.6955969099950944
3 0.5885019895777507
4 0.5020112295505506
5 0.43136684215535204
6 0.37305017269424434
7 0.3244344532013646
8 0.2835394040986933
9 0.24885689858070337
10 0.21922640734458548
11 0.19374546575460463
12 0.17170489574476502
13 0.15254161298958588
14 0.13580399365927764
15 0.12112626298685253
16 0.1082094039928665
17 0.09680680880401449
18 0.08671340298153497
19 0.07775733111755284
20 0.06979354515048508
21 0.06269881684157205
0 1.0
1 0.8297866622293294
2 0.695596909995096
3 0.5885019895777522
4 0.5020112295505514
5 0.4313668421553537
6 0.3730501726942451
7 0.32443445320136616
8 0.28353940409869327
9 0.24885689858070384
10 0.21922640734458584
11 0.19374546575460513
12 0.1717048957447655
13 0.15254161298958652
14 0.13580399365927803
15 0.12112626298685257
16 0.10820940399286684
17 0.09680680880401497
18 0.08671340298153504
19 0.07775733111755306
20 0.06979354515048534
21 0.06269881684157211
0 1.0
1 0.8297866622293296
2 0.6955969099950956
3 0.5885019895777516
4 0.5020112295505511
5 0.4313668421553532
6 0.37305017269424556
7 0.3244344532013656
8 0.2835394040986938
9 0.24885689858070348
10 0.21922640734458582
11 0.19374546575460552
12 0.17170489574476555
13 0.15254161298958652
14 0.13580399365927776
15 0.1211262629868526
16 0.10820940399286666
17 0.0968068088040148
18 0.08671340298153517
19 0.07775733111755284
20 0.06979354515048523
21 0.0626988168415721
0 1.0
1 0.8297866622293274
2 0.695596909995096
3 0.5885019895777509
4 0.5020112295505503
5 0.43136684215535087
6 0.37305017269424473
7 0.3244344532013653
8 0.2835394040986939
9 0.24885689858070328
10 0.21922640734458593
11 0.1937454657546048
12 0.17170489574476525
13 0.15254161298958638
14 0.1358039936592779
15 0.12112626298685256
16 0.10820940399286659
17 0.09680680880401464
18 0.0867134029815349
19 0.07775733111755294
20 0.06979354515048539
21 0.0626988168415721
0 1.0
1 0.8297866622293267
2 0.6955969099950943
3 0.5885019895777517
4 0.5020112295505512
5 0.43136684215535176
6 0.3730501726942443
7 0.324434453201366
8 0.2835394040986934
9 0.2488568985807034
10 0.21922640734458537
11 0.19374546575460477
12 0.17170489574476555
13 0.15254161298958602
14 0.1358039936592776
15 0.12112626298685228
16 0.10820940399286658
17 0.09680680880401459
18 0.086713402981535
19 0.0777573311175528
20 0.06979354515048532
21 0.06269881684157202
0 1.0
1 0.82978666222933
2 0.6955969099950962
3 0.5885019895777522
4 0.5020112295505516
5 0.4313668421553531
6 0.3730501726942455
7 0.3244344532013658
8 0.28353940409869377
9 0.24885689858070403
10 0.21922640734458623
11 0.19374546575460502
12 0.1717048957447656
13 0.15254161298958663
14 0.1358039936592781
15 0.12112626298685271
16 0.10820940399286674
17 0.09680680880401493
18 0.08671340298153499
19 0.07775733111755288
20 0.06979354515048529
21 0.06269881684157215
0 1.0
1 0.8297866622293296
2 0.6955969099950959
3 0.5885019895777513
4 0.5020112295505512
5 0.43136684215535337
6 0.37305017269424545
7 0.3244344532013663
8 0.2835394040986938
9 0.24885689858070378
10 0.2192264073445856
11 0.19374546575460508
12 0.17170489574476527
13 0.15254161298958627
14 0.1358039936592781
15 0.1211262629868526
16 0.1082094039928668
17 0.09680680880401478
18 0.08671340298153503
19 0.07775733111755298
20 0.06979354515048528
21 0.06269881684157218
0 1.0
1 0.8297866622293286
2 0.6955969099950964
3 0.5885019895777508
4 0.5020112295505513
5 0.4313668421553524
6 0.37305017269424484
7 0.32443445320136605
8 0.28353940409869366
9 0.24885689858070376
10 0.21922640734458576
11 0.19374546575460502
12 0.1717048957447652
13 0.1525416129895863
14 0.1358039936592778
15 0.1211262629868526
16 0.10820940399286667
17 0.09680680880401477
18 0.08671340298153504
19 0.0777573311175528
20 0.06979354515048514
21 0.06269881684157214
0 1.0
1 0.8297866622293287
2 0.6955969099950957
3 0.5885019895777502
4 0.502011229550551
5 0.4313668421553527
6 0.3730501726942445
7 0.3244344532013648
8 0.28353940409869355
9 0.24885689858070323
10 0.21922640734458546
11 0.19374546575460494
12 0.17170489574476544
13 0.15254161298958632
14 0.13580399365927773
15 0.12112626298685236
16 0.10820940399286674
17 0.09680680880401481
18 0.08671340298153504
19 0.0777573311175528
20 0.06979354515048529
21 0.06269881684157204
0 1.0
1 0.8297866622293268
2 0.6955969099950946
3 0.5885019895777505
4 0.5020112295505497
5 0.43136684215535176
6 0.37305017269424406
7 0.3244344532013649
8 0.283539404098693
9 0.24885689858070328
10 0.21922640734458518
11 0.19374546575460513
12 0.1717048957447651
13 0.1525416129895857
14 0.13580399365927756
15 0.12112626298685214
16 0.10820940399286659
17 0.09680680880401456
18 0.08671340298153475
19 0.07775733111755281
20 0.06979354515048511
21 0.06269881684157205
0 1.0
1 0.8297866622293276
2 0.695596909995095
3 0.5885019895777506
4 0.5020112295505509
5 0.4313668421553519
6 0.37305017269424406
7 0.3244344532013657
8 0.2835394040986936
9 0.24885689858070348
10 0.21922640734458557
11 0.1937454657546051
12 0.17170489574476527
13 0.1525416129895861
14 0.13580399365927784
15 0.12112626298685243
16 0.10820940399286655
17 0.09680680880401474
18 0.08671340298153493
19 0.07775733111755291
20 0.06979354515048511
21 0.06269881684157198
0 1.0
1 0.8297866622293285
2 0.695596909995096
3 0.588501989577751
4 0.502011229550551
5 0.43136684215535315
6 0.3730501726942446
7 0.3244344532013651
8 0.28353940409869316
9 0.2488568985807034
10 0.21922640734458573
11 0.19374546575460508
12 0.17170489574476536
13 0.15254161298958605
14 0.13580399365927764
15 0.12112626298685251
16 0.10820940399286658
17 0.09680680880401463
18 0.08671340298153506
19 0.07775733111755298
20 0.06979354515048518
21 0.06269881684157202
0 1.0
1 0.8297866622293284
2 0.6955969099950946
3 0.5885019895777502
4 0.5020112295505509
5 0.4313668421553527
6 0.3730501726942441
7 0.32443445320136577
8 0.2835394040986935
9 0.2488568985807034
10 0.2192264073445854
11 0.1937454657546049
12 0.17170489574476488
13 0.15254161298958596
14 0.13580399365927762
15 0.12112626298685238
16 0.10820940399286656
17 0.09680680880401468
18 0.08671340298153488
19 0.07775733111755272
20 0.06979354515048525
21 0.06269881684157207
0 1.0
1 0.8297866622293276
2 0.6955969099950956
3 0.5885019895777504
4 0.5020112295505506
5 0.43136684215535287
6 0.3730501726942445
7 0.32443445320136627
8 0.28353940409869294
9 0.24885689858070323
10 0.21922640734458582
11 0.19374546575460513
12 0.17170489574476516
13 0.15254161298958577
14 0.13580399365927795
15 0.12112626298685235
16 0.10820940399286655
17 0.09680680880401453
18 0.08671340298153496
19 0.07775733111755291
20 0.06979354515048533
21 0.06269881684157204
0 1.0
1 0.8297866622293303
2 0.6955969099950966
3 0.5885019895777513
4 0.5020112295505524
5 0.43136684215535304
6 0.3730501726942452
7 0.3244344532013659
8 0.2835394040986938
9 0.24885689858070373
10 0.21922640734458576
11 0.19374546575460486
12 0.17170489574476572
13 0.15254161298958663
14 0.13580399365927812
15 0.1211262629868526
16 0.10820940399286694
17 0.09680680880401485
18 0.08671340298153504
19 0.07775733111755288
20 0.06979354515048523
21 0.06269881684157218
0 1.0
1 0.8297866622293276
2 0.6955969099950957
3 0.5885019895777513
4 0.5020112295505511
5 0.43136684215535287
6 0.37305017269424434
7 0.32443445320136527
8 0.28353940409869355
9 0.2488568985807031
10 0.21922640734458546
11 0.19374546575460502
12 0.17170489574476516
13 0.15254161298958596
14 0.13580399365927778
15 0.1211262629868523
16 0.10820940399286655
17 0.09680680880401475
18 0.08671340298153504
19 0.0777573311175528
20 0.06979354515048526
21 0.06269881684157208
0 1.0
1 0.8297866622293278
2 0.6955969099950963
3 0.5885019895777519
4 0.5020112295505507
5 0.431366842155353
6 0.3730501726942448
7 0.3244344532013656
8 0.28353940409869394
9 0.24885689858070348
10 0.21922640734458593
11 0.193745465754605
12 0.1717048957447654
13 0.1525416129895863
14 0.13580399365927803
15 0.12112626298685251
16 0.10820940399286666
17 0.09680680880401499
18 0.08671340298153508
19 0.07775733111755302
20 0.06979354515048525
21 0.06269881684157208
0 1.0
1 0.8297866622293285
2 0.6955969099950959
3 0.5885019895777516
4 0.5020112295505521
5 0.43136684215535304
6 0.37305017269424534
7 0.3244344532013657
8 0.2835394040986938
9 0.24885689858070362
10 0.21922640734458582
11 0.19374546575460525
12 0.1717048957447653
13 0.1525416129895866
14 0.13580399365927787
15 0.12112626298685265
16 0.10820940399286674
17 0.0968068088040148
18 0.08671340298153515
19 0.077757331117553
20 0.0697935451504853
21 0.0626988168415721
0 1.0
1 0.8297866622293273
2 0.6955969099950953
3 0.5885019895777504
4 0.5020112295505504
5 0.4313668421553523
6 0.37305017269424473
7 0.3244344532013646
8 0.28353940409869344
9 0.2488568985807037
10 0.21922640734458593
11 0.19374546575460502
12 0.1717048957447653
13 0.15254161298958596
14 0.1358039936592778
15 0.1211262629868525
16 0.10820940399286659
17 0.0968068088040146
18 0.08671340298153504
19 0.07775733111755284
20 0.06979354515048518
21 0.06269881684157198
0 1.0
1 0.8297866622293284
2 0.6955969099950964
3 0.5885019895777519
4 0.5020112295505514
5 0.4313668421553531
6 0.3730501726942444
7 0.32443445320136644
8 0.2835394040986938
9 0.248856898580704
10 0.2192264073445859
11 0.193745465754605
12 0.17170489574476516
13 0.1525416129895864
14 0.13580399365927798
15 0.12112626298685256
16 0.10820940399286672
17 0.09680680880401457
18 0.08671340298153522
19 0.07775733111755295
20 0.06979354515048528
21 0.0626988168415721
0 1.0
1 0.8297866622293267
2 0.6955969099950956
3 0.5885019895777504
4 0.50201122955055
5 0.43136684215535187
6 0.37305017269424423
7 0.32443445320136505
8 0.28353940409869305
9 0.248856898580703
10 0.21922640734458532
11 0.19374546575460494
12 0.17170489574476522
13 0.15254161298958596
14 0.13580399365927803
15 0.12112626298685228
16 0.10820940399286649
17 0.09680680880401459
18 0.08671340298153492
19 0.07775733111755283
20 0.06979354515048519
21 0.06269881684157207
0 1.0
1 0.8297866622293268
2 0.6955969099950955
3 0.5885019895777512
4 0.5020112295505514
5 0.43136684215535315
6 0.37305017269424456
7 0.3244344532013655
8 0.28353940409869416
9 0.24885689858070403
10 0.21922640734458562
11 0.1937454657546049
12 0.17170489574476522
13 0.15254161298958593
14 0.13580399365927792
15 0.12112626298685256
16 0.10820940399286656
17 0.09680680880401486
18 0.086713402981535
19 0.07775733111755302
20 0.06979354515048529
21 0.06269881684157201
0 1.0
1 0.8297866622293274
2 0.6955969099950946
3 0.5885019895777502
4 0.5020112295505511
5 0.43136684215535176
6 0.37305017269424373
7 0.32443445320136494
8 0.28353940409869344
9 0.24885689858070298
10 0.21922640734458515
11 0.1937454657546049
12 0.17170489574476505
13 0.15254161298958618
14 0.13580399365927762
15 0.12112626298685218
16 0.10820940399286656
17 0.09680680880401465
18 0.08671340298153497
19 0.07775733111755283
20 0.0697935451504851
21 0.06269881684157196
0 1.0
1 0.8297866622293275
2 0.6955969099950964
3 0.588501989577751
4 0.5020112295505514
5 0.43136684215535304
6 0.373050172694245
7 0.3244344532013659
8 0.283539404098694
9 0.24885689858070392
10 0.2192264073445857
11 0.19374546575460516
12 0.17170489574476522
13 0.15254161298958654
14 0.1358039936592777
15 0.12112626298685217
16 0.10820940399286653
17 0.09680680880401475
18 0.08671340298153515
19 0.07775733111755283
20 0.06979354515048529
21 0.06269881684157198
0 1.0
1 0.8297866622293261
2 0.6955969099950955
3 0.5885019895777513
4 0.5020112295505503
5 0.4313668421553533
6 0.3730501726942447
7 0.32443445320136494
8 0.2835394040986939
9 0.2488568985807033
10 0.21922640734458557
11 0.19374546575460547
12 0.17170489574476516
13 0.15254161298958618
14 0.1358039936592778
15 0.12112626298685228
16 0.1082094039928667
17 0.09680680880401454
18 0.08671340298153492
19 0.07775733111755297
20 0.06979354515048534
21 0.06269881684157214
0 1.0
1 0.8297866622293291
2 0.6955969099950958
3 0.5885019895777502
4 0.5020112295505509
5 0.43136684215535337
6 0.37305017269424473
7 0.32443445320136516
8 0.28353940409869327
9 0.2488568985807031
10 0.2192264073445857
11 0.1937454657546048
12 0.171704895744765
13 0.15254161298958624
14 0.1358039936592778
15 0.12112626298685232
16 0.10820940399286647
17 0.09680680880401472
18 0.08671340298153503
19 0.07775733111755292
20 0.06979354515048522
21 0.06269881684157207
0 1.0
1 0.8297866622293293
2 0.6955969099950958
3 0.5885019895777522
4 0.5020112295505522
5 0.43136684215535315
6 0.3730501726942459
7 0.32443445320136544
8 0.28353940409869366
9 0.24885689858070353
10 0.21922640734458582
11 0.1937454657546053
12 0.17170489574476502
13 0.15254161298958643
14 0.13580399365927792
15 0.1211262629868526
16 0.10820940399286678
17 0.09680680880401488
18 0.08671340298153518
19 0.07775733111755277
20 0.0697935451504852
21 0.06269881684157222
0 1.0
1 0.829786662229329
2 0.6955969099950943
3 0.5885019895777522
4 0.5020112295505518
5 0.4313668421553532
6 0.37305017269424423
7 0.3244344532013652
8 0.28353940409869355
9 0.24885689858070356
10 0.21922640734458568
11 0.19374546575460513
12 0.17170489574476497
13 0.15254161298958618
14 0.1358039936592777
15 0.12112626298685239
16 0.10820940399286663
17 0.09680680880401474
18 0.08671340298153508
19 0.07775733111755295
20 0.0697935451504853
21 0.062698816841572
0 1.0
1 0.8297866622293284
2 0.6955969099950955
3 0.588501989577751
4 0.5020112295505511
5 0.4313668421553531
6 0.3730501726942445
7 0.3244344532013653
8 0.28353940409869344
9 0.2488568985807034
10 0.21922640734458543
11 0.19374546575460488
12 0.17170489574476544
13 0.15254161298958638
14 0.13580399365927803
15 0.12112626298685246
16 0.10820940399286674
17 0.09680680880401484
18 0.0867134029815349
19 0.0777573311175529
20 0.06979354515048532
21 0.06269881684157218
0 1.0
1 0.829786662229328
2 0.6955969099950944
3 0.5885019895777497
4 0.5020112295505512
5 0.43136684215535254
6 0.3730501726942444
7 0.32443445320136527
8 0.2835394040986928
9 0.2488568985807034
10 0.21922640734458576
11 0.19374546575460486
12 0.1717048957447651
13 0.15254161298958593
14 0.1358039936592779
15 0.12112626298685243
16 0.1082094039928665
17 0.09680680880401484
18 0.08671340298153489
19 0.07775733111755269
20 0.0697935451504854
21 0.062698816841572
0 1.0
1 0.8297866622293281
2 0.6955969099950969
3 0.5885019895777523
4 0.5020112295505516
5 0.43136684215535287
6 0.3730501726942452
7 0.3244344532013664
8 0.283539404098694
9 0.24885689858070395
10 0.219226407344586
11 0.1937454657546051
12 0.17170489574476575
13 0.15254161298958657
14 0.13580399365927776
15 0.12112626298685233
16 0.10820940399286687
17 0.0968068088040149
18 0.08671340298153503
19 0.07775733111755305
20 0.06979354515048539
21 0.06269881684157216
0 1.0
1 0.8297866622293268
2 0.6955969099950947
3 0.5885019895777505
4 0.5020112295505514
5 0.43136684215535176
6 0.3730501726942452
7 0.32443445320136516
8 0.28353940409869366
9 0.24885689858070328
10 0.21922640734458562
11 0.19374546575460508
12 0.17170489574476536
13 0.1525416129895862
14 0.13580399365927767
15 0.12112626298685246
16 0.10820940399286649
17 0.09680680880401472
18 0.08671340298153495
19 0.07775733111755279
20 0.06979354515048512
21 0.06269881684157211
0 1.0
1 0.8297866622293286
2 0.6955969099950959
3 0.5885019895777507
4 0.5020112295505511
5 0.4313668421553524
6 0.3730501726942445
7 0.3244344532013648
8 0.28353940409869405
9 0.24885689858070345
10 0.219226407344586
11 0.19374546575460486
12 0.17170489574476486
13 0.15254161298958607
14 0.1358039936592777
15 0.1211262629868523
16 0.10820940399286647
17 0.09680680880401464
18 0.086713402981535
19 0.07775733111755297
20 0.06979354515048518
21 0.06269881684157212
0 1.0
1 0.8297866622293277
2 0.6955969099950952
3 0.5885019895777512
4 0.5020112295505513
5 0.43136684215535176
6 0.3730501726942444
7 0.32443445320136544
8 0.2835394040986935
9 0.2488568985807034
10 0.21922640734458565
11 0.193745465754605
12 0.17170489574476552
13 0.15254161298958602
14 0.13580399365927787
15 0.1211262629868524
16 0.1082094039928665
17 0.09680680880401474
18 0.086713402981535
19 0.07775733111755283
20 0.06979354515048522
21 0.0626988168415721
0 1.0
1 0.8297866622293286
2 0.6955969099950954
3 0.5885019895777516
4 0.502011229550551
5 0.43136684215535304
6 0.3730501726942444
7 0.32443445320136594
8 0.2835394040986938
9 0.24885689858070353
10 0.21922640734458598
11 0.19374546575460522
12 0.1717048957447653
13 0.15254161298958616
14 0.13580399365927784
15 0.12112626298685271
16 0.10820940399286645
17 0.0968068088040148
18 0.08671340298153514
19 0.07775733111755291
20 0.06979354515048519
21 0.06269881684157215
0 1.0
1 0.8297866622293282
2 0.6955969099950975
3 0.5885019895777517
4 0.5020112295505512
5 0.43136684215535387
6 0.3730501726942452
7 0.3244344532013661
8 0.28353940409869444
9 0.24885689858070378
10 0.21922640734458593
11 0.19374546575460508
12 0.1717048957447654
13 0.15254161298958632
14 0.13580399365927806
15 0.12112626298685224
16 0.10820940399286648
17 0.09680680880401484
18 0.08671340298153514
19 0.07775733111755291
20 0.06979354515048548
21 0.06269881684157222
0 1.0
1 0.8297866622293281
2 0.695596909995096
3 0.5885019895777523
4 0.5020112295505514
5 0.431366842155353
6 0.37305017269424495
7 0.324434453201366
8 0.2835394040986938
9 0.24885689858070412
10 0.21922640734458565
11 0.19374546575460522
12 0.17170489574476538
13 0.15254161298958616
14 0.13580399365927784
15 0.12112626298685243
16 0.10820940399286662
17 0.096806808804015
18 0.08671340298153492
19 0.07775733111755291
20 0.06979354515048532
21 0.06269881684157215
0 1.0
1 0.8297866622293265
2 0.6955969099950945
3 0.5885019895777504
4 0.5020112295505511
5 0.4313668421553512
6 0.37305017269424373
7 0.3244344532013654
8 0.28353940409869294
9 0.24885689858070353
10 0.21922640734458548
11 0.1937454657546048
12 0.17170489574476486
13 0.15254161298958607
14 0.1358039936592776
15 0.12112626298685233
16 0.10820940399286635
17 0.09680680880401464
18 0.08671340298153483
19 0.07775733111755273
20 0.0697935451504851
21 0.06269881684157198
0 1.0
1 0.8297866622293306
2 0.6955969099950976
3 0.588501989577753
4 0.5020112295505529
5 0.4313668421553532
6 0.37305017269424484
7 0.32443445320136666
8 0.2835394040986937
9 0.24885689858070412
10 0.21922640734458598
11 0.19374546575460577
12 0.17170489574476552
13 0.15254161298958635
14 0.13580399365927825
15 0.12112626298685264
16 0.10820940399286685
17 0.09680680880401488
18 0.08671340298153528
19 0.0777573311175532
20 0.06979354515048539
21 0.06269881684157211
0 1.0
1 0.8297866622293287
2 0.6955969099950972
3 0.5885019895777505
4 0.5020112295505524
5 0.4313668421553525
6 0.37305017269424406
7 0.32443445320136555
8 0.28353940409869394
9 0.24885689858070373
10 0.21922640734458612
11 0.193745465754605
12 0.17170489574476522
13 0.1525416129895862
14 0.13580399365927784
15 0.12112626298685251
16 0.10820940399286666
17 0.0968068088040147
18 0.08671340298153499
19 0.07775733111755292
20 0.06979354515048539
21 0.06269881684157212
0 1.0
1 0.8297866622293271
2 0.6955969099950942
3 0.5885019895777509
4 0.5020112295505508
5 0.4313668421553512
6 0.37305017269424484
7 0.32443445320136516
8 0.2835394040986933
9 0.24885689858070362
10 0.2192264073445853
11 0.1937454657546049
12 0.17170489574476505
13 0.1525416129895859
14 0.13580399365927767
15 0.12112626298685227
16 0.1082094039928664
17 0.09680680880401472
18 0.08671340298153493
19 0.07775733111755272
20 0.06979354515048518
21 0.0626988168415719
0 1.0
1 0.8297866622293291
2 0.6955969099950969
3 0.588501989577752
4 0.5020112295505511
5 0.4313668421553526
6 0.3730501726942441
7 0.32443445320136527
8 0.28353940409869327
9 0.24885689858070378
10 0.2192264073445854
11 0.19374546575460522
12 0.17170489574476527
13 0.15254161298958646
14 0.13580399365927764
15 0.12112626298685245
16 0.10820940399286656
17 0.09680680880401478
18 0.08671340298153497
19 0.07775733111755292
20 0.06979354515048522
21 0.06269881684157205
0 1.0
1 0.8297866622293284
2 0.695596909995096
3 0.5885019895777515
4 0.5020112295505506
5 0.4313668421553524
6 0.37305017269424456
7 0.3244344532013652
8 0.28353940409869355
9 0.24885689858070392
10 0.21922640734458598
11 0.193745465754605
12 0.17170489574476538
13 0.1525416129895863
14 0.13580399365927784
15 0.12112626298685235
16 0.1082094039928665
17 0.09680680880401478
18 0.08671340298153515
19 0.07775733111755277
20 0.0697935451504853
21 0.06269881684157212
0 1.0
1 0.8297866622293286
2 0.6955969099950968
3 0.5885019895777515
4 0.5020112295505514
5 0.4313668421553537
6 0.3730501726942449
7 0.32443445320136594
8 0.28353940409869394
9 0.24885689858070345
10 0.21922640734458615
11 0.19374546575460533
12 0.17170489574476555
13 0.15254161298958607
14 0.13580399365927803
15 0.1211262629868528
16 0.10820940399286663
17 0.09680680880401489
18 0.08671340298153504
19 0.07775733111755288
20 0.0697935451504853
21 0.06269881684157225
0 1.0
1 0.8297866622293276
2 0.6955969099950952
3 0.5885019895777504
4 0.5020112295505501
5 0.43136684215535265
6 0.37305017269424406
7 0.3244344532013655
8 0.28353940409869316
9 0.2488568985807029
10 0.21922640734458557
11 0.193745465754605
12 0.17170489574476502
13 0.15254161298958643
14 0.13580399365927753
15 0.12112626298685235
16 0.10820940399286649
17 0.09680680880401478
18 0.08671340298153477
19 0.07775733111755286
20 0.06979354515048522
21 0.06269881684157208
0 1.0
1 0.8297866622293278
2 0.6955969099950962
3 0.5885019895777515
4 0.5020112295505503
5 0.43136684215535187
6 0.3730501726942442
7 0.3244344532013651
8 0.2835394040986935
9 0.2488568985807034
10 0.21922640734458587
11 0.19374546575460472
12 0.17170489574476455
13 0.15254161298958596
14 0.1358039936592777
15 0.12112626298685227
16 0.10820940399286653
17 0.09680680880401472
18 0.08671340298153495
19 0.07775733111755276
20 0.06979354515048522
21 0.06269881684157214
0 1.0
1 0.8297866622293285
2 0.6955969099950965
3 0.5885019895777523
4 0.5020112295505512
5 0.4313668421553538
6 0.373050172694245
7 0.3244344532013659
8 0.2835394040986936
9 0.24885689858070356
10 0.21922640734458554
11 0.1937454657546049
12 0.17170489574476538
13 0.15254161298958613
14 0.1358039936592778
15 0.12112626298685251
16 0.10820940399286665
17 0.09680680880401463
18 0.08671340298153515
19 0.07775733111755288
20 0.06979354515048525
21 0.06269881684157211
0 1.0
1 0.8297866622293297
2 0.6955969099950965
3 0.588501989577751
4 0.5020112295505519
5 0.43136684215535426
6 0.37305017269424484
7 0.3244344532013652
8 0.2835394040986936
9 0.2488568985807042
10 0.21922640734458584
11 0.1937454657546051
12 0.17170489574476533
13 0.15254161298958618
14 0.1358039936592779
15 0.12112626298685267
16 0.10820940399286649
17 0.09680680880401475
18 0.0867134029815351
19 0.07775733111755298
20 0.06979354515048518
21 0.06269881684157208
0 1.0
1 0.8297866622293271
2 0.6955969099950949
3 0.5885019895777518
4 0.5020112295505509
5 0.43136684215535315
6 0.3730501726942442
7 0.32443445320136577
8 0.2835394040986945
9 0.24885689858070387
10 0.21922640734458643
11 0.19374546575460502
12 0.17170489574476558
13 0.15254161298958635
14 0.13580399365927778
15 0.12112626298685264
16 0.10820940399286662
17 0.09680680880401488
18 0.08671340298153508
19 0.077757331117553
20 0.0697935451504853
21 0.0626988168415721
0 1.0
1 0.829786662229327
2 0.695596909995095
3 0.5885019895777509
4 0.5020112295505512
5 0.4313668421553515
6 0.37305017269424395
7 0.3244344532013649
8 0.28353940409869355
9 0.24885689858070312
10 0.21922640734458543
11 0.19374546575460497
12 0.17170489574476486
13 0.1525416129895863
14 0.13580399365927776
15 0.12112626298685247
16 0.10820940399286647
17 0.09680680880401456
18 0.08671340298153478
19 0.07775733111755265
20 0.06979354515048514
21 0.06269881684157198
0 1.0
1 0.8297866622293287
2 0.6955969099950944
3 0.5885019895777509
4 0.5020112295505507
5 0.43136684215535226
6 0.3730501726942445
7 0.3244344532013643
8 0.283539404098693
9 0.24885689858070337
10 0.21922640734458526
11 0.19374546575460472
12 0.171704895744765
13 0.15254161298958577
14 0.13580399365927748
15 0.12112626298685246
16 0.10820940399286635
17 0.09680680880401472
18 0.08671340298153483
19 0.07775733111755272
20 0.06979354515048497
21 0.06269881684157197
0 1.0
1 0.8297866622293284
2 0.6955969099950955
3 0.5885019895777511
4 0.5020112295505513
5 0.431366842155352
6 0.3730501726942445
7 0.3244344532013649
8 0.2835394040986934
9 0.24885689858070348
10 0.21922640734458515
11 0.19374546575460488
12 0.17170489574476494
13 0.15254161298958568
14 0.13580399365927787
15 0.12112626298685227
16 0.10820940399286634
17 0.09680680880401468
18 0.08671340298153507
19 0.0777573311175527
20 0.06979354515048525
21 0.06269881684157208
0 1.0
1 0.8297866622293282
2 0.6955969099950939
3 0.5885019895777508
4 0.5020112295505499
5 0.43136684215535204
6 0.3730501726942444
7 0.3244344532013655
8 0.2835394040986934
9 0.24885689858070348
10 0.21922640734458532
11 0.19374546575460502
12 0.17170489574476516
13 0.1525416129895858
14 0.13580399365927764
15 0.12112626298685211
16 0.10820940399286644
17 0.09680680880401464
18 0.08671340298153513
19 0.0777573311175528
20 0.06979354515048522
21 0.06269881684157201
0 1.0
1 0.8297866622293287
2 0.6955969099950956
3 0.5885019895777508
4 0.5020112295505511
5 0.4313668421553524
6 0.3730501726942448
7 0.32443445320136505
8 0.2835394040986937
9 0.24885689858070378
10 0.2192264073445855
11 0.19374546575460483
12 0.17170489574476516
13 0.15254161298958624
14 0.13580399365927784
15 0.12112626298685243
16 0.10820940399286655
17 0.09680680880401504
18 0.08671340298153497
19 0.07775733111755276
20 0.06979354515048514
21 0.062698816841572
0 1.0
1 0.8297866622293286
2 0.6955969099950946
3 0.588501989577751
4 0.5020112295505511
5 0.4313668421553531
6 0.3730501726942445
7 0.3244344532013654
8 0.2835394040986937
9 0.24885689858070362
10 0.21922640734458582
11 0.19374546575460486
12 0.17170489574476544
13 0.1525416129895863
14 0.13580399365927773
15 0.12112626298685239
16 0.1082094039928667
17 0.09680680880401457
18 0.08671340298153504
19 0.07775733111755277
20 0.06979354515048522
21 0.06269881684157214
0 1.0
1 0.8297866622293276
2 0.6955969099950943
3 0.588501989577751
4 0.5020112295505509
5 0.4313668421553523
6 0.3730501726942444
7 0.3244344532013653
8 0.28353940409869294
9 0.24885689858070356
10 0.2192264073445855
11 0.1937454657546047
12 0.17170489574476508
13 0.15254161298958596
14 0.13580399365927776
15 0.12112626298685215
16 0.1082094039928665
17 0.09680680880401465
18 0.08671340298153493
19 0.07775733111755256
20 0.06979354515048522
21 0.06269881684157198
0 1.0
1 0.8297866622293285
2 0.6955969099950972
3 0.588501989577751
4 0.5020112295505519
5 0.4313668421553531
6 0.373050172694246
7 0.3244344532013662
8 0.2835394040986944
9 0.24885689858070387
10 0.21922640734458665
11 0.19374546575460547
12 0.17170489574476558
13 0.15254161298958643
14 0.135803993659278
15 0.12112626298685264
16 0.10820940399286681
17 0.09680680880401488
18 0.08671340298153508
19 0.07775733111755301
20 0.06979354515048536
21 0.06269881684157226
0 1.0
1 0.8297866622293282
2 0.6955969099950965
3 0.5885019895777519
4 0.5020112295505521
5 0.4313668421553536
6 0.3730501726942449
7 0.32443445320136577
8 0.2835394040986937
9 0.24885689858070356
10 0.2192264073445854
11 0.19374546575460488
12 0.17170489574476513
13 0.15254161298958632
14 0.13580399365927784
15 0.12112626298685275
16 0.10820940399286685
17 0.0968068088040149
18 0.08671340298153513
19 0.077757331117553
20 0.06979354515048526
21 0.0626988168415721
0 1.0
1 0.8297866622293275
2 0.695596909995096
3 0.5885019895777507
4 0.5020112295505511
5 0.4313668421553529
6 0.3730501726942446
7 0.32443445320136566
8 0.2835394040986938
9 0.24885689858070353
10 0.21922640734458587
11 0.1937454657546052
12 0.1717048957447652
13 0.15254161298958624
14 0.135803993659278
15 0.1211262629868524
16 0.10820940399286666
17 0.09680680880401475
18 0.08671340298153518
19 0.07775733111755302
20 0.06979354515048528
21 0.06269881684157204
0 1.0
1 0.8297866622293277
2 0.6955969099950954
3 0.5885019895777522
4 0.502011229550552
5 0.4313668421553525
6 0.3730501726942448
7 0.324434453201366
8 0.28353940409869377
9 0.2488568985807031
10 0.2192264073445855
11 0.1937454657546049
12 0.17170489574476525
13 0.15254161298958632
14 0.13580399365927778
15 0.12112626298685254
16 0.10820940399286665
17 0.09680680880401482
18 0.08671340298153499
19 0.07775733111755295
20 0.06979354515048526
21 0.06269881684157201
0 1.0
1 0.8297866622293255
2 0.6955969099950954
3 0.5885019895777511
4 0.5020112295505506
5 0.43136684215535237
6 0.3730501726942447
7 0.3244344532013658
8 0.28353940409869344
9 0.24885689858070376
10 0.21922640734458515
11 0.19374546575460505
12 0.17170489574476513
13 0.15254161298958593
14 0.13580399365927753
15 0.12112626298685254
16 0.10820940399286626
17 0.09680680880401465
18 0.08671340298153508
19 0.07775733111755273
20 0.06979354515048522
21 0.06269881684157196
0 1.0
1 0.8297866622293278
2 0.6955969099950948
3 0.5885019895777501
4 0.5020112295505508
5 0.43136684215535187
6 0.37305017269424445
7 0.32443445320136527
8 0.28353940409869316
9 0.2488568985807034
10 0.21922640734458534
11 0.19374546575460497
12 0.17170489574476522
13 0.15254161298958613
14 0.1358039936592779
15 0.12112626298685238
16 0.1082094039928663
17 0.09680680880401478
18 0.0867134029815351
19 0.07775733111755295
20 0.06979354515048525
21 0.06269881684157208
0 1.0
1 0.8297866622293273
2 0.6955969099950952
3 0.5885019895777498
4 0.5020112295505504
5 0.4313668421553521
6 0.3730501726942443
7 0.32443445320136516
8 0.28353940409869316
9 0.24885689858070337
10 0.21922640734458562
11 0.1937454657546049
12 0.17170489574476502
13 0.1525416129895862
14 0.13580399365927748
15 0.12112626298685238
16 0.10820940399286638
17 0.09680680880401481
18 0.08671340298153507
19 0.07775733111755272
20 0.06979354515048518
21 0.06269881684157194
0 1.0
1 0.8297866622293272
2 0.6955969099950962
3 0.5885019895777513
4 0.5020112295505503
5 0.43136684215535204
6 0.3730501726942442
7 0.3244344532013649
8 0.28353940409869394
9 0.24885689858070337
10 0.2192264073445859
11 0.19374546575460497
12 0.17170489574476538
13 0.15254161298958588
14 0.13580399365927767
15 0.12112626298685247
16 0.10820940399286645
17 0.09680680880401453
18 0.08671340298153499
19 0.07775733111755272
20 0.06979354515048525
21 0.06269881684157202
0 1.0
1 0.8297866622293278
2 0.6955969099950962
3 0.5885019895777506
4 0.5020112295505508
5 0.4313668421553521
6 0.37305017269424423
7 0.32443445320136555
8 0.2835394040986935
9 0.24885689858070323
10 0.21922640734458532
11 0.19374546575460466
12 0.1717048957447651
13 0.1525416129895863
14 0.1358039936592777
15 0.12112626298685247
16 0.1082094039928665
17 0.09680680880401465
18 0.086713402981535
19 0.07775733111755284
20 0.06979354515048525
21 0.06269881684157216
0 1.0
1 0.8297866622293298
2 0.6955969099950958
3 0.5885019895777518
4 0.5020112295505517
5 0.4313668421553524
6 0.3730501726942451
7 0.3244344532013655
8 0.2835394040986936
9 0.24885689858070356
10 0.21922640734458604
11 0.1937454657546049
12 0.1717048957447654
13 0.15254161298958602
14 0.13580399365927776
15 0.12112626298685279
16 0.10820940399286662
17 0.09680680880401472
18 0.08671340298153515
19 0.07775733111755297
20 0.06979354515048536
21 0.06269881684157214
0 1.0
1 0.829786662229328
2 0.695596909995095
3 0.5885019895777504
4 0.5020112295505503
5 0.4313668421553521
6 0.37305017269424406
7 0.3244344532013654
8 0.28353940409869377
9 0.24885689858070292
10 0.21922640734458565
11 0.193745465754605
12 0.17170489574476505
13 0.15254161298958593
14 0.13580399365927762
15 0.12112626298685246
16 0.10820940399286653
17 0.09680680880401477
18 0.08671340298153465
19 0.07775733111755288
20 0.06979354515048518
21 0.06269881684157204
0 1.0
1 0.8297866622293275
2 0.6955969099950968
3 0.588501989577752
4 0.5020112295505522
5 0.4313668421553536
6 0.37305017269424495
7 0.3244344532013658
8 0.2835394040986946
9 0.24885689858070362
10 0.219226407344586
11 0.19374546575460513
12 0.1717048957447658
13 0.1525416129895863
14 0.13580399365927817
15 0.12112626298685249
16 0.10820940399286652
17 0.0968068088040148
18 0.08671340298153515
19 0.07775733111755286
20 0.06979354515048541
21 0.06269881684157226
0 1.0
1 0.829786662229328
2 0.6955969099950963
3 0.58850198957775
4 0.5020112295505503
5 0.43136684215535315
6 0.37305017269424434
7 0.3244344532013651
8 0.2835394040986935
9 0.2488568985807037
10 0.21922640734458526
11 0.19374546575460438
12 0.17170489574476502
13 0.15254161298958613
14 0.13580399365927773
15 0.1211262629868523
16 0.1082094039928664
17 0.0968068088040149
18 0.08671340298153506
19 0.07775733111755292
20 0.06979354515048526
21 0.06269881684157211
0 1.0
1 0.8297866622293271
2 0.6955969099950954
3 0.5885019895777512
4 0.5020112295505514
5 0.43136684215535226
6 0.3730501726942441
7 0.3244344532013653
8 0.28353940409869316
9 0.24885689858070392
10 0.2192264073445853
11 0.19374546575460455
12 0.1717048957447653
13 0.15254161298958613
14 0.13580399365927767
15 0.1211262629868522
16 0.10820940399286647
17 0.09680680880401464
18 0.08671340298153501
19 0.07775733111755298
20 0.0697935451504852
21 0.06269881684157202
0 1.0
1 0.8297866622293285
2 0.6955969099950943
3 0.5885019895777519
4 0.5020112295505512
5 0.43136684215535265
6 0.3730501726942443
7 0.3244344532013659
8 0.2835394040986943
9 0.24885689858070348
10 0.21922640734458537
11 0.19374546575460477
12 0.171704895744765
13 0.1525416129895863
14 0.13580399365927784
15 0.12112626298685272
16 0.10820940399286666
17 0.09680680880401475
18 0.08671340298153511
19 0.0777573311175529
20 0.06979354515048522
21 0.06269881684157215
0 1.0
1 0.8297866622293277
2 0.6955969099950969
3 0.5885019895777509
4 0.5020112295505509
5 0.431366842155354
6 0.3730501726942441
7 0.3244344532013657
8 0.28353940409869344
9 0.24885689858070337
10 0.21922640734458565
11 0.19374546575460533
12 0.1717048957447651
13 0.1525416129895864
14 0.13580399365927764
15 0.12112626298685227
16 0.10820940399286644
17 0.09680680880401484
18 0.08671340298153499
19 0.07775733111755284
20 0.06979354515048522
21 0.06269881684157201
0 1.0
1 0.8297866622293301
2 0.6955969099950965
3 0.588501989577752
4 0.5020112295505522
5 0.4313668421553536
6 0.37305017269424523
7 0.32443445320136627
8 0.28353940409869427
9 0.24885689858070403
10 0.21922640734458576
11 0.193745465754605
12 0.17170489574476538
13 0.1525416129895865
14 0.13580399365927798
15 0.12112626298685264
16 0.10820940399286677
17 0.09680680880401488
18 0.0867134029815351
19 0.077757331117553
20 0.06979354515048536
21 0.06269881684157212
0 1.0
1 0.8297866622293273
2 0.6955969099950963
3 0.5885019895777499
4 0.5020112295505503
5 0.4313668421553519
6 0.37305017269424384
7 0.3244344532013648
8 0.2835394040986932
9 0.2488568985807033
10 0.21922640734458537
11 0.19374546575460475
12 0.17170489574476477
13 0.15254161298958605
14 0.13580399365927778
15 0.12112626298685203
16 0.10820940399286635
17 0.09680680880401468
18 0.08671340298153485
19 0.07775733111755281
20 0.06979354515048508
21 0.06269881684157208
0 1.0
1 0.8297866622293274
2 0.6955969099950942
3 0.5885019895777516
4 0.5020112295505513
5 0.4313668421553524
6 0.3730501726942445
7 0.32443445320136544
8 0.2835394040986933
9 0.24885689858070362
10 0.21922640734458573
11 0.19374546575460494
12 0.1717048957447651
13 0.15254161298958627
14 0.1358039936592778
15 0.1211262629868526
16 0.1082094039928667
17 0.09680680880401488
18 0.08671340298153499
19 0.07775733111755292
20 0.06979354515048516
21 0.06269881684157218
0 1.0
1 0.8297866622293264
2 0.6955969099950955
3 0.5885019895777499
4 0.5020112295505503
5 0.4313668421553523
6 0.37305017269424395
7 0.3244344532013655
8 0.28353940409869277
9 0.2488568985807034
10 0.21922640734458568
11 0.19374546575460477
12 0.1717048957447649
13 0.1525416129895859
14 0.1358039936592777
15 0.12112626298685227
16 0.1082094039928665
17 0.09680680880401454
18 0.08671340298153483
19 0.07775733111755273
20 0.06979354515048514
21 0.0626988168415721
0 1.0
1 0.8297866622293296
2 0.6955969099950974
3 0.5885019895777522
4 0.5020112295505524
5 0.43136684215535315
6 0.37305017269424495
7 0.3244344532013659
8 0.2835394040986942
9 0.24885689858070378
10 0.21922640734458637
11 0.19374546575460533
12 0.17170489574476527
13 0.15254161298958616
14 0.1358039936592782
15 0.1211262629868526
16 0.10820940399286683
17 0.0968068088040148
18 0.08671340298153525
19 0.07775733111755304
20 0.06979354515048532
21 0.06269881684157212
0 1.0
1 0.82978666222933
2 0.6955969099950959
3 0.5885019895777507
4 0.5020112295505517
5 0.43136684215535276
6 0.373050172694245
7 0.32443445320136644
8 0.2835394040986937
9 0.24885689858070428
10 0.2192264073445863
11 0.19374546575460522
12 0.1717048957447651
13 0.15254161298958666
14 0.13580399365927806
15 0.12112626298685257
16 0.10820940399286662
17 0.09680680880401482
18 0.08671340298153507
19 0.07775733111755292
20 0.06979354515048532
21 0.06269881684157229
0 1.0
1 0.8297866622293266
2 0.6955969099950947
3 0.5885019895777496
4 0.5020112295505504
5 0.4313668421553527
6 0.3730501726942446
7 0.3244344532013659
8 0.2835394040986932
9 0.248856898580704
10 0.21922640734458573
11 0.19374546575460463
12 0.17170489574476502
13 0.15254161298958635
14 0.1358039936592778
15 0.12112626298685222
16 0.10820940399286653
17 0.09680680880401486
18 0.08671340298153489
19 0.07775733111755297
20 0.06979354515048525
21 0.06269881684157205
0 1.0
1 0.8297866622293254
2 0.695596909995096
3 0.5885019895777504
4 0.5020112295505508
5 0.4313668421553524
6 0.3730501726942444
7 0.3244344532013654
8 0.2835394040986933
9 0.2488568985807037
10 0.21922640734458512
11 0.1937454657546048
12 0.17170489574476525
13 0.1525416129895858
14 0.13580399365927756
15 0.12112626298685224
16 0.10820940399286659
17 0.09680680880401467
18 0.08671340298153495
19 0.07775733111755286
20 0.06979354515048523
21 0.06269881684157205
0 1.0
1 0.8297866622293312
2 0.6955969099950963
3 0.588501989577752
4 0.502011229550551
5 0.4313668421553536
6 0.3730501726942455
7 0.32443445320136577
8 0.28353940409869377
9 0.2488568985807042
10 0.21922640734458604
11 0.19374546575460525
12 0.17170489574476594
13 0.15254161298958646
14 0.135803993659278
15 0.12112626298685285
16 0.10820940399286696
17 0.09680680880401495
18 0.08671340298153517
19 0.07775733111755294
20 0.06979354515048537
21 0.06269881684157225
0 1.0
1 0.8297866622293284
2 0.6955969099950953
3 0.5885019895777522
4 0.5020112295505521
5 0.43136684215535265
6 0.3730501726942447
7 0.32443445320136555
8 0.2835394040986937
9 0.2488568985807034
10 0.21922640734458546
11 0.19374546575460516
12 0.1717048957447654
13 0.15254161298958638
14 0.13580399365927767
15 0.12112626298685235
16 0.10820940399286649
17 0.09680680880401477
18 0.08671340298153517
19 0.07775733111755295
20 0.06979354515048526
21 0.0626988168415721
0 1.0
1 0.8297866622293286
2 0.6955969099950959
3 0.5885019895777502
4 0.5020112295505521
5 0.4313668421553535
6 0.37305017269424484
7 0.3244344532013663
8 0.2835394040986939
9 0.24885689858070364
10 0.2192264073445859
11 0.1937454657546053
12 0.17170489574476544
13 0.1525416129895863
14 0.1358039936592779
15 0.12112626298685264
16 0.10820940399286683
17 0.09680680880401472
18 0.08671340298153514
19 0.07775733111755298
20 0.0697935451504852
21 0.06269881684157219
0 1.0
1 0.8297866622293278
2 0.6955969099950949
3 0.58850198957775
4 0.5020112295505513
5 0.4313668421553522
6 0.3730501726942445
7 0.32443445320136577
8 0.2835394040986939
9 0.24885689858070362
10 0.21922640734458484
11 0.19374546575460488
12 0.17170489574476536
13 0.15254161298958582
14 0.13580399365927778
15 0.12112626298685233
16 0.10820940399286653
17 0.09680680880401456
18 0.08671340298153478
19 0.07775733111755284
20 0.06979354515048507
21 0.06269881684157202
0 1.0
1 0.8297866622293274
2 0.6955969099950947
3 0.5885019895777506
4 0.5020112295505501
5 0.43136684215535176
6 0.373050172694244
7 0.32443445320136505
8 0.2835394040986934
9 0.24885689858070306
10 0.21922640734458537
11 0.19374546575460513
12 0.17170489574476488
13 0.152541612989586
14 0.13580399365927764
15 0.1211262629868522
16 0.10820940399286635
17 0.09680680880401454
18 0.08671340298153497
19 0.07775733111755267
20 0.06979354515048519
21 0.06269881684157186
0 1.0
1 0.8297866622293266
2 0.6955969099950949
3 0.5885019895777499
4 0.5020112295505501
5 0.43136684215535237
6 0.37305017269424384
7 0.3244344532013656
8 0.2835394040986928
9 0.24885689858070284
10 0.21922640734458532
11 0.19374546575460516
12 0.17170489574476513
13 0.1525416129895859
14 0.13580399365927756
15 0.1211262629868523
16 0.10820940399286641
17 0.09680680880401463
18 0.08671340298153486
19 0.07775733111755276
20 0.06979354515048507
21 0.062698816841572
0 1.0
1 0.8297866622293283
2 0.6955969099950948
3 0.5885019895777513
4 0.5020112295505519
5 0.4313668421553529
6 0.3730501726942446
7 0.3244344532013654
8 0.2835394040986948
9 0.24885689858070348
10 0.2192264073445856
11 0.1937454657546052
12 0.17170489574476516
13 0.15254161298958632
14 0.135803993659278
15 0.12112626298685256
16 0.10820940399286652
17 0.09680680880401478
18 0.08671340298153506
19 0.07775733111755281
20 0.06979354515048537
21 0.06269881684157202
0 1.0
1 0.8297866622293281
2 0.6955969099950973
3 0.5885019895777511
4 0.5020112295505519
5 0.4313668421553524
6 0.37305017269424473
7 0.324434453201365
8 0.2835394040986942
9 0.2488568985807033
10 0.219226407344586
11 0.19374546575460466
12 0.17170489574476533
13 0.15254161298958602
14 0.13580399365927795
15 0.12112626298685264
16 0.10820940399286647
17 0.09680680880401474
18 0.08671340298153503
19 0.07775733111755286
20 0.06979354515048515
21 0.06269881684157202
0 1.0
1 0.8297866622293282
2 0.6955969099950968
3 0.5885019895777525
4 0.5020112295505528
5 0.4313668421553532
6 0.3730501726942451
7 0.3244344532013659
8 0.2835394040986941
9 0.2488568985807037
10 0.21922640734458593
11 0.19374546575460522
12 0.17170489574476536
13 0.15254161298958657
14 0.13580399365927806
15 0.12112626298685253
16 0.1082094039928667
17 0.09680680880401486
18 0.08671340298153517
19 0.07775733111755298
20 0.0697935451504853
21 0.06269881684157215
0 1.0
1 0.8297866622293244
2 0.6955969099950933
3 0.58850198957775
4 0.5020112295505502
5 0.4313668421553515
6 0.37305017269424406
7 0.32443445320136427
8 0.28353940409869266
9 0.24885689858070337
10 0.21922640734458482
11 0.19374546575460458
12 0.17170489574476466
13 0.15254161298958588
14 0.1358039936592776
15 0.12112626298685233
16 0.10820940399286633
17 0.09680680880401452
18 0.08671340298153488
19 0.07775733111755265
20 0.06979354515048507
21 0.06269881684157202
0 1.0
1 0.8297866622293265
2 0.6955969099950947
3 0.5885019895777512
4 0.5020112295505497
5 0.4313668421553503
6 0.37305017269424445
7 0.3244344532013648
8 0.2835394040986933
9 0.2488568985807033
10 0.21922640734458543
11 0.19374546575460505
12 0.17170489574476486
13 0.152541612989586
14 0.13580399365927776
15 0.12112626298685233
16 0.10820940399286631
17 0.09680680880401468
18 0.08671340298153471
19 0.07775733111755265
20 0.06979354515048522
21 0.06269881684157198
0 1.0
1 0.8297866622293291
2 0.6955969099950964
3 0.5885019895777512
4 0.5020112295505518
5 0.4313668421553531
6 0.3730501726942449
7 0.32443445320136605
8 0.2835394040986939
9 0.24885689858070384
10 0.21922640734458607
11 0.19374546575460547
12 0.1717048957447652
13 0.15254161298958632
14 0.1358039936592779
15 0.12112626298685271
16 0.10820940399286683
17 0.09680680880401499
18 0.08671340298153513
19 0.07775733111755306
20 0.06979354515048526
21 0.06269881684157208
0 1.0
1 0.8297866622293272
2 0.6955969099950946
3 0.5885019895777506
4 0.5020112295505494
5 0.4313668421553525
6 0.37305017269424434
7 0.32443445320136494
8 0.28353940409869316
9 0.2488568985807032
10 0.21922640734458554
11 0.1937454657546051
12 0.171704895744765
13 0.1525416129895859
14 0.13580399365927773
15 0.12112626298685222
16 0.10820940399286653
17 0.0968068088040146
18 0.08671340298153486
19 0.0777573311175528
20 0.06979354515048522
21 0.06269881684157198
0 1.0
1 0.8297866622293257
2 0.6955969099950954
3 0.5885019895777502
4 0.5020112295505507
5 0.43136684215535204
6 0.3730501726942434
7 0.32443445320136444
8 0.2835394040986929
9 0.24885689858070284
10 0.21922640734458526
11 0.1937454657546045
12 0.17170489574476458
13 0.15254161298958607
14 0.13580399365927764
15 0.12112626298685206
16 0.10820940399286641
17 0.09680680880401454
18 0.08671340298153477
19 0.07775733111755279
20 0.06979354515048505
21 0.06269881684157207
0 1.0
1 0.82978666222933
2 0.6955969099950966
3 0.5885019895777519
4 0.5020112295505518
5 0.43136684215535387
6 0.373050172694245
7 0.32443445320136594
8 0.2835394040986939
9 0.24885689858070403
10 0.2192264073445859
11 0.19374546575460533
12 0.17170489574476536
13 0.15254161298958607
14 0.13580399365927778
15 0.1211262629868526
16 0.10820940399286663
17 0.09680680880401471
18 0.08671340298153495
19 0.07775733111755292
20 0.06979354515048539
21 0.06269881684157208
0 1.0
1 0.8297866622293296
2 0.6955969099950964
3 0.5885019895777527
4 0.502011229550552
5 0.4313668421553532
6 0.373050172694245
7 0.32443445320136594
8 0.28353940409869377
9 0.24885689858070373
10 0.21922640734458598
11 0.1937454657546053
12 0.17170489574476536
13 0.15254161298958618
14 0.13580399365927795
15 0.12112626298685257
16 0.10820940399286666
17 0.0968068088040149
18 0.08671340298153508
19 0.07775733111755301
20 0.0697935451504853
21 0.06269881684157218
0 1.0
1 0.8297866622293292
2 0.6955969099950968
3 0.5885019895777513
4 0.502011229550551
5 0.43136684215535276
6 0.3730501726942447
7 0.3244344532013656
8 0.2835394040986939
9 0.24885689858070364
10 0.21922640734458534
11 0.19374546575460508
12 0.17170489574476527
13 0.15254161298958602
14 0.13580399365927764
15 0.12112626298685274
16 0.10820940399286644
17 0.09680680880401464
18 0.08671340298153506
19 0.07775733111755287
20 0.06979354515048514
21 0.06269881684157212
0 1.0
1 0.8297866622293274
2 0.6955969099950962
3 0.5885019895777519
4 0.5020112295505512
5 0.43136684215535326
6 0.3730501726942449
7 0.3244344532013663
8 0.28353940409869394
9 0.2488568985807037
10 0.21922640734458534
11 0.1937454657546052
12 0.17170489574476525
13 0.1525416129895865
14 0.1358039936592776
15 0.12112626298685245
16 0.10820940399286641
17 0.09680680880401488
18 0.08671340298153513
19 0.07775733111755301
20 0.06979354515048523
21 0.06269881684157204
0 1.0
1 0.829786662229328
2 0.6955969099950955
3 0.58850198957775
4 0.5020112295505509
5 0.43136684215535276
6 0.3730501726942443
7 0.3244344532013655
8 0.2835394040986941
9 0.24885689858070306
10 0.21922640734458557
11 0.19374546575460455
12 0.1717048957447651
13 0.15254161298958602
14 0.13580399365927806
15 0.12112626298685243
16 0.10820940399286667
17 0.09680680880401471
18 0.08671340298153497
19 0.07775733111755276
20 0.06979354515048522
21 0.062698816841572
0 1.0
1 0.8297866622293272
2 0.6955969099950948
3 0.58850198957775
4 0.5020112295505497
5 0.43136684215535126
6 0.37305017269424445
7 0.3244344532013641
8 0.2835394040986935
9 0.2488568985807032
10 0.21922640734458518
11 0.19374546575460455
12 0.17170489574476505
13 0.15254161298958588
14 0.13580399365927764
15 0.12112626298685214
16 0.10820940399286659
17 0.09680680880401442
18 0.08671340298153482
19 0.07775733111755279
20 0.0697935451504852
21 0.06269881684157204
0 1.0
1 0.8297866622293282
2 0.6955969099950964
3 0.5885019895777506
4 0.5020112295505504
5 0.4313668421553526
6 0.373050172694245
7 0.32443445320136566
8 0.28353940409869355
9 0.24885689858070315
10 0.2192264073445852
11 0.19374546575460494
12 0.1717048957447649
13 0.1525416129895859
14 0.13580399365927798
15 0.1211262629868524
16 0.10820940399286658
17 0.09680680880401482
18 0.08671340298153497
19 0.0777573311175529
20 0.06979354515048528
21 0.06269881684157214
